<ti:work xml:lang="lat" xmlns:ti="http://chs.harvard.edu/xmlns/cts" urn="urn:cts:latinLit:phi0474.phi044" groupUrn="urn:cts:latinLit:phi0474">
            <ti:title xml:lang="lat">De Legibus</ti:title>
            <ti:edition urn="urn:cts:latinLit:phi0474.phi044.perseus-lat1" workUrn="urn:cts:latinLit:phi0474.phi044">
              <ti:label xml:lang="eng">De Legibus, De legibus</ti:label>
              <ti:description xml:lang="eng">Cicero, Marcus Tullius, creator; Plinval, Georges de, editor</ti:description>
            </ti:edition>
          </ti:work>
        