<?xml version="1.0" encoding="UTF-8"?>
<ti:work xmlns:ti="http://chs.harvard.edu/xmlns/cts" groupUrn="urn:cts:greekLit:tlg0006" projid="greekLit:tlg019" urn="urn:cts:greekLit:tlg0006.tlg019" xml:lang="grc">
      
   <ti:title xml:lang="eng">Rhesus</ti:title>
      
    <ti:edition urn="urn:cts:greekLit:tlg0006.tlg019.perseus-grc2" xml:lang="grc" workUrn="urn:cts:greekLit:tlg0006.tlg019">
        <ti:label xml:lang="grc">Ῥῆσος</ti:label>
        <ti:description xml:lang="mul">Euripides. Euripidis Fabulae, Vol. III. Murray, Gilbert, editor. Oxford: Clarendon Press, 1913. (Reprinted 1920-1978)</ti:description>
    </ti:edition>
    
    <ti:translation urn="urn:cts:greekLit:tlg0006.tlg019.perseus-eng3" xml:lang="eng" workUrn="urn:cts:greekLit:tlg0006.tlg019">
        <ti:label xml:lang="eng">Rhesus</ti:label>
        <ti:description xml:lang="eng">Euripides. The Plays of Euripides, Translated into English Prose from the Text of Paley. Vol. I. Coleridge, Edward P., translator. London: George Bell and Sons, 1906.</ti:description>
    </ti:translation>
    
    <ti:translation urn="urn:cts:greekLit:tlg0006.tlg019.perseus-eng4" xml:lang="eng" workUrn="urn:cts:greekLit:tlg0006.tlg019">
        <ti:label xml:lang="eng">Rhesus</ti:label>
        <ti:description xml:lang="eng">Euripides. The Rhesus of Euripides. Translated into English rhyming verse with explanatory notes by Gilbert Murray. Murray, Gilbert, translator. London: George Allen and Company, Ltd., 1913.</ti:description>
    </ti:translation>
    
</ti:work>