<ti:work xml:lang="lat" xmlns:ti="http://chs.harvard.edu/xmlns/cts" urn="urn:cts:latinLit:phi0474.phi072" groupUrn="urn:cts:latinLit:phi0474">
            <ti:title xml:lang="lat">Timaeus</ti:title>
            <ti:edition urn="urn:cts:latinLit:phi0474.phi072.perseus-lat1" workUrn="urn:cts:latinLit:phi0474.phi072">
              <ti:label xml:lang="eng">Timaeus, Scripta quae manserunt omnia Partis IV, Vol III</ti:label>
              <ti:description xml:lang="eng">Cicero, Marcus Tullius, creator; Mueller, C. F. W. (Carl Friedrich Wilhelm), 1830-1903, editor</ti:description>
            </ti:edition>
          </ti:work>
        