<ti:work xmlns:ti="http://chs.harvard.edu/xmlns/cts" urn="urn:cts:latinLit:phi0893.phi006" xml:lang="lat" groupUrn="urn:cts:latinLit:phi0893">
            <ti:title xml:lang="lat">Ars Poetica</ti:title>
            <ti:edition urn="urn:cts:latinLit:phi0893.phi006.perseus-lat2" workUrn="urn:cts:latinLit:phi0893.phi006">
              <ti:label xml:lang="eng">Ars Poetica, The works of Horace translated literally into English prose Volume 2</ti:label>
              <ti:description xml:lang="eng">Horace, creator; Smart, Christopher, 1722-1771, editor</ti:description>
            </ti:edition>
          <ti:translation xml:lang="eng" urn="urn:cts:latinLit:phi0893.phi006.perseus-eng2" workUrn="urn:cts:latinLit:phi0893.phi006">
              <ti:label xml:lang="eng">Ars Poetica, The works of Horace</ti:label>
              <ti:description xml:lang="eng">Horace, creator; Smart, Christopher, 1722-1771, translator; Buckley, Theodore Alois, 1825-1856, editor</ti:description>
            </ti:translation>
          </ti:work>