<?xml version="1.0" encoding="UTF-8"?>
<?xml-model href="http://www.stoa.org/epidoc/schema/8.22/tei-epidoc.rng"
  schematypens="http://relaxng.org/ns/structure/1.0"?>
<?xml-model href="http://www.stoa.org/epidoc/schema/8.22/tei-epidoc.rng"
  schematypens="http://purl.oclc.org/dsdl/schematron"?>
<TEI xmlns="http://www.tei-c.org/ns/1.0">
   <teiHeader>
      <fileDesc>
         <titleStmt>
            <title type="work">De Arte Poetica liber</title>
            <title type="sub">Machine readable text</title>
            <author n="Hor.">Q. Horatius Flaccus (Horace)</author>
            <sponsor>Perseus Project, Tufts University</sponsor>
		          <principal>Gregory Crane</principal>
		          <respStmt>
		             <resp>Prepared under the supervision of</resp>
		             <name>Bridget Almas</name>
		             <name>Lisa Cerrato</name>
		             <name>David Smith</name>
		          </respStmt>
            <funder n="org:NEH">The National Endowment for the Humanities</funder>
         </titleStmt>
         <extent>about 112Kb</extent>
         <publicationStmt>
		          <publisher>Trustees of Tufts University</publisher>
		          <pubPlace>Medford, MA</pubPlace>
		          <authority>Perseus Project</authority>
            <date type="release">2000-08-01</date>
		       </publicationStmt>
         <sourceDesc>
            <biblStruct>
               <monogr>
                  <author>Horace</author>
                  <title>The Works of Horace</title>
                  <editor role="editor">C. Smart</editor>
                  <imprint>
                     <pubPlace>Philadelphia</pubPlace>
                     <publisher>Joseph Whetham</publisher>
                     <date>1836</date>
                  </imprint>
               </monogr>
            </biblStruct>
         </sourceDesc>
      </fileDesc>

      <encodingDesc>
         <refsDecl n="CTS">
            <cRefPattern n="line" matchPattern="(\w+)" replacementPattern="#xpath(/tei:TEI/tei:text/tei:body/tei:div//tei:l[@n='$1'])">
               <p>This pointer pattern extracts line</p>
            </cRefPattern>
         </refsDecl>
         <refsDecl n="TEI.2">
            <refState unit="line"/>
         </refsDecl>
         <refsDecl n="TEI.2">
            <refState n="chunk" unit="card"/>
         </refsDecl>


      </encodingDesc>

      <profileDesc>
         <langUsage>
            <language ident="lat">Latin</language>
            <language ident="eng">English</language>
            <language ident="grc">Greek</language>
            <language ident="ger">German</language>
            <language ident="fre">French</language>
         </langUsage>
      </profileDesc>

      <revisionDesc>
        <change who="Thibault Clérice" when="2016-11-16">CapiTainS, Epidoc and Bump</change>
        <change who="gcrane" when="2011-01-15">base file for sdl</change> 
        <change who="rsingh04" when="2009-11-24">moved more xml files around based on copyright status</change> 
        <change who="lcerrato" when="2008-11-14">fixed author name for consistent sorting</change> 
        <change who="packel" when="2005-08-01">removed stray item tags</change> 
        <change who="packel" when="2005-07-25">Converted to XML</change> 
        <change who="packel" when="2005-07-21">added a milestone at the beginning of the text</change> 
        <change who="yorkc" when="2003-07-01">Updated texts to TEI P4 and Perseus P4 extensions; minor cleanup (esp. character encodings and typos.)</change> 
        <change who="amahoney" when="2000-06-09">new texts (they parse but haven't been proofread yet)</change> 
      </revisionDesc>
   </teiHeader>

   <text xml:lang="lat">
      <body>
         <div xml:lang="lat" type="edition" n="urn:cts:latinLit:phi0893.phi006.perseus-lat2">
            
            <l n="1">Humano capiti cervicem pictor equinam </l>
            <l n="2">iungere si velit, et varias inducere plumas, </l>
            <l n="3">undique conlatis membris, ut turpiter atrum </l>
            <l n="4">desinat in piscem mulier formosa superne, </l>
            <l n="5">spectatum admissi risum teneatis, amici? </l>
            <l n="6">credite, Pisones, isti tabulae fore librum </l>
            <l n="7">persimilem, cuius, velut aegri somnia, vanae </l>
            <l n="8">fingentur species, ut nec pes nec caput uni </l>
            <l n="9">reddatur formae. 'pictoribus atque poetis </l>
            <l n="10">quidlibet audendi semper fuit aequa potestas.' </l>
            <l n="11">scimus, et hanc veniam petimusque damusque vicissim; </l>
            <l n="12">sed non ut placidis coeant inmitia, non ut  </l>
            <l n="13">serpentes avibus geminentur, tigribus agni. </l>
            <l n="14">inceptis gravibus plerumque et magna professis </l>
            <l n="15">purpureus, late qui splendeat, unus et alter </l>
            <l n="16">adsuitur pannus, cum lucus et ara Dianae </l>
            <l n="17">et properantis aquae per amoenos ambitus agros </l>
            <l n="18">aut flumen Rhenum aut pluvius describitur arcus; </l>
            <l n="19">sed nunc non erat his locus. et fortasse cupressum </l>
            <l n="20">scis simulare: quid hoc, si fractis enatat exspes </l>
            <l n="21">navibus, aere dato qui pingitur? amphora coepit </l>
            <l n="22">institui: currente rota cur urceus exit? </l>
            <l n="23">denique sit quodvis, simplex dumtaxat et unum. </l>
            <l n="24">maxima pars vatum, pater et iuvenes patre digni, </l>
            <l n="25">decipimur specie recti: brevis esse laboro, </l>
            <l n="26">obscurus fio; sectantem levia nervi </l>
            <l n="27">deficiunt animique; professus grandia turget; </l>
            <l n="28">serpit humi tutus nimium timidusque procellae: </l>
            <l n="29">qui variare cupit rem prodigialiter unam, </l>
            <l n="30">delphinum silvis adpingit, fluctibus aprum: </l>
            <l n="31">in vitium ducit culpae fuga, si caret arte. </l>
            <l n="32">Aemilium circa ludum faber imus et unguis </l>
            <l n="33">exprimet et mollis imitabitur aere capillos, </l>
            <l n="34">infelix operis summa, quia ponere totum </l>
            <l n="35">nesciet: hunc ego me, si quid componere curem, </l>
            <l n="36">non magis esse velim quam naso vivere pravo, </l>
            <l n="37">spectandum nigris oculis nigroque capillo. </l>
            <l n="38">sumite materiam vestris, qui scribitis, aequam </l>
            <l n="39">viribus et versate diu, quid ferre recusent,  </l>
            <l n="40">quid valeant umeri. cui lecta potenter erit res, </l>
            <l n="41">nec facundia deseret hunc nec lucidus ordo. </l>
            <l n="42">ordinis haec virtus erit et venus, aut ego fallor, </l>
            <l n="43">ut iam nunc dicat iam nunc debentia dici, </l>
            <l n="44">pleraque differat et praesens in tempus omittat. </l>


       
            <l n="46"><note resp="perseus">Lines 46 and 45 reordered. Print preserves natural order.</note>in verbis etiam tenuis cautusque serendis </l>
            <l n="45">hoc amet, hoc spernat promissi carminis auctor. </l>
            <l n="47">dixeris egregie, notum si callida verbum </l>
            <l n="48">reddiderit iunctura novum. si forte necesse est </l>
            <l n="49">indiciis monstrare recentibus abdita rerum et </l>
            <l n="50">fingere cinctutis non exaudita Cethegis, </l>
            <l n="51">continget dabiturque licentia sumpta pudenter, </l>
            <l n="52">et nova fictaque nuper habebunt verba fidem, si </l>
            <l n="53">Graeco fonte cadent parce detorta. quid autem </l>
            <l n="54">Caecilio Plautoque dabit Romanus ademptum </l>
            <l n="55">Vergilio Varioque? ego cur, adquirere pauca </l>
            <l n="56">si possum, invideor, cum lingua Catonis et Enni </l>
            <l n="57">sermonem patrium ditaverit et nova rerum </l>
            <l n="58">nomina protulerit? licuit semperque licebit </l>
            <l n="59">signatum praesente nota producere nomen. </l>
            <l n="60">ut silvae foliis pronos mutantur in annos, </l>
            <l n="61">prima cadunt: ita verborum vetus interit aetas,  </l>
            <l n="62">et iuvenum ritu florent modo nata vigentque. </l>
            <l n="63">debemur morti nos nostraque: sive receptus </l>
            <l n="64">terra Neptunus classes Aquilonibus arcet, </l>
            <l n="65">regis opus, sterilisve diu palus aptaque remis </l>
            <l n="66">vicinas urbes alit et grave sentit aratrum, </l>
            <l n="67">seu cursum mutavit iniquum frugibus amnis </l>
            <l n="68">doctus iter melius: mortalia facta peribunt, </l>
            <l n="69">nedum sermonum stet honos et gratia vivax. </l>
            <l n="70">multa renascentur quae iam cecidere cadentque </l>
            <l n="71">quae nunc sunt in honore vocabula, si volet usus, </l>
            <l n="72">quem penes arbitrium est et ius et norma loquendi. 


            </l>
            <l n="73">res gestae regumque ducumque et tristia bella </l>
            <l n="74">quo scribi possent numero, monstravit Homerus; </l>
            <l n="75">versibus inpariter iunctis querimonia primum, </l>
            <l n="76">post etiam inclusa est voti sententia compos; </l>
            <l n="77">quis tamen exiguos elegos emiserit auctor, </l>
            <l n="78">grammatici certant et adhuc sub iudice lis est; </l>
            <l n="79">Archilochum proprio rabies armavit iambo; </l>
            <l n="80">hunc socci cepere pedem grandesque cothurni, </l>
            <l n="81">alternis aptum sermonibus et popularis </l>
            <l n="82">vincentem strepitus et natum rebus agendis; </l>
            <l n="83">musa dedit fidibus Divos puerosque Deorum </l>
            <l n="84">et pugilem victorem et equum certamine primum </l>
            <l n="85">et iuvenum curas et libera vina referre: </l>
            <l n="86">descriptas servare vices operumque colores </l>
            <l n="87">cur ego si nequeo ignoroque poeta salutor?  </l>
            <l n="88">cur nescire pudens prave quam discere malo? </l>
            <l n="89">versibus exponi tragicis res comica non volt; </l>
            <l n="90">indignatur item privatis ac prope socco </l>
            <l n="91">dignis carminibus narrari cena Thyestae: </l>
            <l n="92">singula quaeque locum teneant sortita decentem. </l>
            <l n="93">interdum tamen et vocem comoedia tollit </l>
            <l n="94">iratusque Chremes tumido delitigat ore; </l>
            <l n="95">et tragicus plerumque dolet sermone pedestri, </l>
            <l n="96">Telephus et Peleus cum pauper et exsul uterque </l>
            <l n="97">proiicit ampullas et sesquipedalia verba, </l>
            <l n="98">si curat cor spectantis tetigisse querella. 


            </l>
            <l n="99">non satis est pulchra esse poemata: dulcia sunto </l>
            <l n="100">et quocumque volent animum auditoris agunto. </l>
            <l n="101">ut ridentibus adrident, ita flentibus adflent </l>
            <l n="102">humani voltus. si vis me flere, dolendum est </l>
            <l n="103">primum ipsi tibi: tum tua me infortunia laedent, </l>
            <l n="104">Telephe vel Peleu; male si mandata loqueris, </l>
            <l n="105">aut dormitabo aut ridebo. tristia maestum </l>
            <l n="106">voltum verba decent, iratum plena minarum, </l>
            <l n="107">ludentem lasciva, severum seria dictu. </l>
            <l n="108">format enim natura prius nos intus ad omnem </l>
            <l n="109">fortunarum habitum: iuvat aut inpellit ad iram </l>
            <l n="110">aut ad humum maerore gravi deducit et angit: </l>
            <l n="111">post effert animi motus interprete lingua. </l>
            <l n="112">si dicentis erunt fortunis absona dicta, </l>
            <l n="113">Romani tollent equites peditesque cachinnum.  </l>
            <l n="114">intererit multum, Davusne loquatur an heros, </l>
            <l n="115">maturusne senex an adhuc florente iuventa </l>
            <l n="116">fervidus, et matrona potens an sedula nutrix, </l>
            <l n="117">mercatorne vagus cultorne virentis agelli, </l>
            <l n="118">Colchus an Assyrius, Thebis nutritus, an Argis. </l>
            <l n="119">aut famam sequere aut sibi convenientia finge </l>
            <l n="120">scriptor. honoratum si forte reponis Achillem, </l>
            <l n="121">inpiger, iracundus, inexorabilis, acer </l>
            <l n="122">iura neget sibi nata, nihil non adroget armis. </l>
            <l n="123">sit Medea ferox invictaque, flebilis Ino, </l>
            <l n="124">perfidus Ixion, Io vaga, tristis Orestes. 


            </l>
            <l n="125">si quid inexpertum scaenae conmittis et audes </l>
            <l n="126">personam formare novam, servetur ad imum, </l>
            <l n="127">qualis ab incepto processerit, et sibi constet. </l>
            <l n="128">difficile est proprie communia dicere, tuque </l>
            <l n="129">rectius Iliacum carmen deducis in actus </l>
            <l n="130">quam si proferres ignota indictaque primus: </l>
            <l n="131">publica materies privati iuris erit, si </l>
            <l n="132">non circa vilem patulumque moraberis orbem </l>
            <l n="133">nec verbo verbum curabis reddere fidus </l>
            <l n="134">interpres nec desilies imitator in artum, </l>
            <l n="135">unde pedem proferre pudor vetet aut operis lex, </l>
            <l n="136">nec sic incipies, ut scriptor cyclicus olim: </l>
            <l n="137">'fortunam Priami cantabo et nobile bellum.' </l>
            <l n="138">quid dignum tanto feret hic promissor hiatu? </l>
            <l n="139">parturient montes, nascetur ridiculus mus.  </l>
            <l n="140">quanto rectius hic, qui nil molitur inepte: </l>
            <l n="141">'dic mihi, Musa, virum, captae post tempora Troiae </l>
            <l n="142">qui mores hominum multorum vidit et urbes.' </l>
            <l n="143">non fumum ex fulgore, sed ex fumo dare lucem </l>
            <l n="144">cogitat, ut speciosa dehinc miracula promat, </l>
            <l n="145">Antiphaten, Scyllamque, et cum Cyclope Charybdim; </l>
            <l n="146">nec reditum Diomedis ab interitu Meleagri </l>
            <l n="147">nec gemino bellum Troianum orditur ab ovo: </l>
            <l n="148">semper ad eventum festinat et in medias res </l>
            <l n="149">non secus ac notas auditorem rapit et quae </l>
            <l n="150">desperat tractata nitescere posse relinquit </l>
            <l n="151">atque ita mentitur, sic veris falsa remiscet, </l>
            <l n="152">primo ne medium, medio ne discrepet imum. 


            </l>
            <l n="153">tu, quid ego et populus mecum desideret, audi, </l>
            <l n="154">si plausoris eges aulaea manentis et usque </l>
            <l n="155">sessuri, donec cantor 'vos plaudite' dicat. </l>
            <l n="156">aetatis cuiusque notandi sunt tibi mores, </l>
            <l n="157">mobilibusque decor naturis dandus et annis. </l>
            <l n="158">reddere qui voces iam scit puer et pede certo </l>
            <l n="159">signat humum, gestit paribus conludere et iram </l>
            <l n="160">colligit ac ponit temere et mutatur in horas. </l>
            <l n="161">inberbis iuvenis, tandem custode remoto, </l>
            <l n="162">gaudet equis canibusque et aprici gramine campi, </l>
            <l n="163">cereus in vitium flecti, monitoribus asper, </l>
            <l n="164">utilium tardus provisor, prodigus aeris, </l>
            <l n="165">sublimis cupidusque et amata relinquere pernix. </l>
            <l n="166">conversis studiis aetas animusque virilis  </l>
            <l n="167">quaerit opes et amicitias, inservit honori, </l>
            <l n="168">conmisisse cavet quod mox mutare laboret. </l>
            <l n="169">multa senem circumveniunt incommoda, vel quod </l>
            <l n="170">quaerit et inventis miser abstinet ac timet uti, </l>
            <l n="171">vel quod res omnis timide gelideque ministrat, </l>
            <l n="172">dilator, spe longus, iners avidusque futuri, </l>
            <l n="173">difficilis, querulus, laudator temporis acti </l>
            <l n="174">se puero, castigator censorque minorum. </l>
            <l n="175">multa ferunt anni venientes commoda secum, </l>
            <l n="176">multa recedentes adimunt: ne forte seniles </l>
            <l n="177">mandentur iuveni partes pueroque viriles: </l>
            <l n="178">semper in adiunctis aevoque morabitur aptis. </l>
            <l n="179">aut agitur res in scaenis aut acta refertur. </l>
            <l n="180">segnius inritant animos demissa per aurem </l>
            <l n="181">quam quae sunt oculis subiecta fidelibus et quae </l>
            <l n="182">ipse sibi tradit spectator: non tamen intus </l>
            <l n="183">digna geri promes in scaenam multaque tolles </l>
            <l n="184">ex oculis, quae mox narret facundia praesens: </l>
            <l n="185">ne pueros coram populo Medea trucidet </l>
            <l n="186">aut humana palam coquat exta nefarius atreus </l>
            <l n="187">aut in avem Procne vertatur, Cadmus in anguem. </l>
            <l n="188">quodcumque ostendis mihi sic, incredulus odi. 


            </l>
            <l n="189">neve minor neu sit quinto productior actu </l>
            <l n="190">fabula quae posci volt et spectanda reponi. </l>
            <l n="191">nec Deus intersit, nisi dignus vindice nodus </l>
            <l n="192">inciderit, nec quarta loqui persona laboret. </l>
            <l n="193">actoris partis chorus officiumque virile </l>
            <l n="194">defendat, neu quid medios intercinat actus </l>
            <l n="195">quod non proposito conducat et haereat apte. </l>
            <l n="196">ille bonis faveatque et consilietur amice  </l>
            <l n="197">et regat iratos et amet pacare tumentis, </l>
            <l n="198">ille dapes laudet mensae brevis, ille salubrem </l>
            <l n="199">iustitiam legesque et apertis otia portis, </l>
            <l n="200">ille tegat conmissa Deosque precetur et oret, </l>
            <l n="201">ut redeat miseris, abeat fortuna superbis. </l>
            <l n="202">tibia non, ut nunc orichalco, vincta tubaeque </l>
            <l n="203">aemula, sed tenuis simplexque foramine pauco </l>
            <l n="204">adspirare et adesse choris erat utilis atque </l>
            <l n="205">nondum spissa nimis complere sedilia flatu; </l>
            <l n="206">quo sane populus numerabilis, utpote parvos, </l>
            <l n="207">et frugi castusque verecundusque coibat. </l>
            <l n="208">postquam coepit agros extendere victor et urbis </l>
            <l n="209">latior amplecti murus vinoque diurno </l>
            <l n="210">placari Genius festis inpune diebus, </l>
            <l n="211">accessit numerisque modisque licentia maior. </l>
            <l n="212">indoctus quid enim saperet liberque laborum </l>
            <l n="213">rusticus urbano confusus, turpis honesto? </l>
            <l n="214">sic priscae motumque et luxuriem addidit arti </l>
            <l n="215">tibicen traxitque vagus per pulpita vestem; </l>
            <l n="216">sic etiam fidibus voces crevere severis, </l>
            <l n="217">et tulit eloquium insolitum facundia praeceps </l>
            <l n="218">utiliumque sagax rerum et divina futuri </l>
            <l n="219">sortilegis non discrepuit sententia Delphis. 


            </l>
            <l n="220">carmine qui tragico vilem certavit ob hircum, </l>
            <l n="221">mox etiam agrestis Satyros nudavit et asper </l>
            <l n="222">incolumi gravitate iocum temptavit eo quod </l>
            <l n="223">inlecebris erat et grata novitate morandus  </l>
            <l n="224">spectator functusque sacris et potus et exlex. </l>
            <l n="225">verum ita risores, ita commendare dicacis </l>
            <l n="226">conveniet Satyros, ita vertere seria ludo, </l>
            <l n="227">ne, quicumque Deus, quicumque adhibebitur heros, </l>
            <l n="228">regali conspectus in auro nuper et ostro, </l>
            <l n="229">migret in obscuras humili sermone tabernas </l>
            <l n="230">aut, dum vitat humum, nubis et inania captet. </l>
            <l n="231">effutire levis indigna tragoedia versus, </l>
            <l n="232">ut festis matrona moveri iussa diebus, </l>
            <l n="233">intererit Satyris paulum pudibunda protervis. </l>
            <l n="234">non ego inornata et dominantia nomina solum </l>
            <l n="235">verbaque, Pisones, Satyrorum scriptor amabo </l>
            <l n="236">nec sic enitar tragico differre colori, </l>
            <l n="237">ut nihil intersit, Davusne loquatur et audax </l>
            <l n="238">Pythias, emuncto lucrata Simone talentum, </l>
            <l n="239">an custos famulusque Dei Silenus alumni. </l>
            <l n="240">ex noto fictum carmen sequar, ut sibi quivis </l>
            <l n="241">speret idem, sudet multum frustraque laboret </l>
            <l n="242">ausus idem: tantum series iuncturaque pollet, </l>
            <l n="243">tantum de medio sumptis accedit honoris. </l>
            <l n="244">silvis deducti caveant, me iudice, Fauni, </l>
            <l n="245">ne velut innati triviis ac paene forenses.</l>
            <l n="246">aut nimium teneris iuvenentur versibus umquam </l>
            <l n="247">aut inmunda crepent ignominiosaque dicta. </l>
            <l n="248">offenduntur enim, quibus est equus et pater et res, </l>
            <l n="249">nec, siquid fricti ciceris probat et nucis emptor, </l>
            <l n="250">aequis accipiunt animis donantve corona. </l>
            <l n="251">syllaba longa brevi subiecta vocatur Iambus, </l>
            <l n="252">pes citus: unde etiam trimetris adcrescere iussit </l>
            <l n="253">nomen iambeis, cum senos redderet ictus, </l>
            <l n="254">primus ad extremum similis sibi: non ita pridem,  </l>
            <l n="255">tardior ut paulo graviorque veniret ad auris, </l>
            <l n="256">spondeos stabilis in iura paterna recepit </l>
            <l n="257">commodus et patiens, non ut de sede secunda </l>
            <l n="258">cederet aut quarta socialiter. hic et in Acci </l>
            <l n="259">nobilibus trimetris adparet rarus et Enni </l>
            <l n="260">in scaenam missos cum magno pondere versus </l>
            <l n="261">aut operae celeris nimium curaque carentis </l>
            <l n="262">aut ignoratae premit artis crimine turpi. </l>
            <l n="263">non quivis videt inmodulata poemata iudex </l>
            <l n="264">et data Romanis venia est indigna poetis. </l>
            <l n="265">idcircone vager scribamque licenter? an omnis </l>
            <l n="266">visuros peccata putem mea, tutus et intra </l>
            <l n="267">spem veniae cautus? vitavi denique culpam, </l>
            <l n="268">non laudem merui. vos exemplaria Graeca </l>
            <l n="269">nocturna versate manu, versate diurna. </l>
            <l n="270">at nostri proavi Plautinos et numeros et </l>
            <l n="271">laudavere sales, nimium patienter utrumque, </l>
            <l n="272">ne dicam stulte, mirati, si modo ego et vos </l>
            <l n="273">scimus inurbanum lepido seponere dicto </l>
            <l n="274">legitimumque sonum digitis callemus et aure. 


            </l>
            <l n="275">ignotum tragicae genus invenisse Camenae </l>
            <l n="276">dicitur et plaustris vexisse poemata Thespis, </l>
            <l n="277">quae canerent agerentque peruncti faecibus ora. </l>
            <l n="278">post hunc personae pallaeque repertor honestae </l>
            <l n="279">Aeschylus et modicis instravit pulpita tignis </l>
            <l n="280">et docuit magnumque loqui nitique cothurno. </l>
            <l n="281">successit vetus his comoedia, non sine multa </l>
            <l n="282">laude; sed in vitium libertas excidit et vim </l>
            <l n="283">dignam lege regi: lex est accepta chorusque  </l>
            <l n="284">turpiter obticuit sublato iure nocendi. </l>
            <l n="285">nil intemptatum nostri liquere poetae </l>
            <l n="286">nec minimum meruere decus vestigia Graeca </l>
            <l n="287">ausi deserere et celebrare domestica facta </l>
            <l n="288">vel qui praetextas vel qui docuere togatas. </l>
            <l n="289">nec virtute foret clarisve potentius armis </l>
            <l n="290">quam lingua Latium, si non offenderet unum </l>
            <l n="291">quemque poetarum limae labor et mora. vos, o </l>
            <l n="292">Pompilius sanguis, carmen reprehendite, quod non </l>
            <l n="293">multa dies et multa litura coercuit atque </l>
            <l n="294">praesectum deciens non castigavit ad unguem. </l>
            <l n="295">ingenium misera quia fortunatius arte </l>
            <l n="296">credit et excludit sanos Helicone poetas </l>
            <l n="297">Democritus, bona pars non unguis ponere curat, </l>
            <l n="298">non barbam, secreta petit loca, balnea vitat. </l>
            <l n="299">nanciscetur enim pretium nomenque poetae, </l>
            <l n="300">si tribus Anticyris caput insanabile numquam </l>
            <l n="301">tonsori Licino conmiserit. o ego laevus, </l>
            <l n="302">qui purgor bilem sub verni temporis horam. </l>
            <l n="303">non alius faceret meliora poemata; verum </l>
            <l n="304">nil tanti est. ergo fungar vice cotis, acutum </l>
            <l n="305">reddere quae ferrum valet exsors ipsa secandi; </l>
            <l n="306">munus et officium, nil scribens ipse, docebo, </l>
            <l n="307">unde parentur opes, quid alat formetque poetam, </l>
            <l n="308">quid deceat, quid non, quo virtus, quo ferat error. 


            </l>
            <l n="309">scribendi recte sapere est et principium et fons. </l>
            <l n="310">rem tibi Socraticae poterunt ostendere chartae </l>
            <l n="311">verbaque provisam rem non invita sequentur.  </l>
            <l n="312">qui didicit, patriae quid debeat et quid amicis, </l>
            <l n="313">quo sit amore parens, quo frater amandus et hospes, </l>
            <l n="314">quod sit conscripti, quod iudicis officium, quae </l>
            <l n="315">partes in bellum missi ducis, ille profecto </l>
            <l n="316">reddere personae scit convenientia cuique. </l>
            <l n="317">respicere exemplar vitae morumque iubebo </l>
            <l n="318">doctum imitatorem et vivas hinc ducere voces. </l>
            <l n="319">interdum speciosa locis morataque recte </l>
            <l n="320">fabula nullius veneris, sine pondere et arte, </l>
            <l n="321">valdius oblectat populum meliusque moratur </l>
            <l n="322">quam versus inopes rerum nugaeque canorae. </l>
            <l n="323">Graiis ingenium, Graiis dedit ore rotundo </l>
            <l n="324">Musa loqui, praeter laudem nullius avaris. </l>
            <l n="325">Romani pueri longis rationibus assem </l>
            <l n="326">discunt in partis centum diducere. 'dicat </l>
            <l n="327">filius Albini: si de quincunce remota est </l>
            <l n="328">uncia, quid superat? poteras dixisse.' 'triens.' 'eu, </l>
            <l n="329">rem poteris servare tuam. redit uncia, quid fit?' </l>
            <l n="330">'semis.' an, haec animos aerugo et cura peculi </l>
            <l n="331">cum semel imbuerit, speremus carmina fingi </l>
            <l n="332">posse linenda cedro et levi servanda cupresso? </l>
            <l n="333">aut prodesse volunt aut delectare poetae </l>
            <l n="334">aut simul et iucunda et idonea dicere vitae. </l>
            <l n="335">quidquid praecipies, esto brevis, ut cito dicta </l>
            <l n="336">percipiant animi dociles teneantque fideles: </l>
            <l n="337">omne supervacuum pleno de pectore manat. </l>
            <l n="338">ficta voluptatis causa sint proxima veris: </l>
            <l n="339">ne quodcumque volet poscat sibi fabula credi </l>
            <l n="340">neu pransae Lamiae vivum puerum extrahat alvo.  </l>
            <l n="341">centuriae seniorum agitant expertia frugis, </l>
            <l n="342">celsi praetereunt austera poemata Rhamnes: </l>
            <l n="343">omne tulit punctum, qui miscuit utile dulci </l>
            <l n="344">lectorem delectando pariterque monendo. </l>
            <l n="345">hic meret aera liber Sosiis, hic et mare transit </l>
            <l n="346">et longum noto scriptori prorogat aevum. 


            </l>
            <l n="347">sunt delicta tamen, quibus ignovisse velimus: </l>
            <l n="348">nam neque chorda sonum reddit quem volt manus et mens, </l>
            <l n="349">poscentique gravem persaepe remittit acutum, </l>
            <l n="350">nec semper feriet quodcumque minabitur arcus. </l>
            <l n="351">verum ubi plura nitent in carmine, non ego paucis </l>
            <l n="352">offendar maculis, quas aut incuria fudit </l>
            <l n="353">aut humana parum cavit natura. quid ergo est? </l>
            <l n="354">ut scriptor si peccat idem librarius usque, </l>
            <l n="355">quamvis est monitus, venia caret, et citharoedus </l>
            <l n="356">ridetur, chorda qui semper oberrat eadem, </l>
            <l n="357">sic mihi, qui multum cessat, fit Choerilus ille, </l>
            <l n="358">quem bis terve bonum cum risu miror; et idem </l>
            <l n="359">indignor, quandoque bonus dormitat Homerus; </l>
            <l n="360">verum operi longo fas est obrepere somnum. </l>
            <l n="361">ut pictura poesis: erit quae, si propius stes, </l>
            <l n="362">te capiat magis, et quaedam, si longius abstes; </l>
            <l n="363">haec amat obscurum, volet haec sub luce videri, </l>
            <l n="364">iudicis argutum quae non formidat acumen; </l>
            <l n="365">haec placuit semel, haec deciens repetita placebit. </l>
            <l n="366">o maior iuvenum, quamvis et voce paterna </l>
            <l n="367">fingeris ad rectum et per te sapis, hoc tibi dictum </l>
            <l n="368">tolle memor, certis medium et tolerabile rebus </l>
            <l n="369">recte concedi: consultus iuris et actor </l>
            <l n="370">causarum mediocris abest virtute diserti  </l>
            <l n="371">Messallae nec scit quantum Cascellius Aulus, </l>
            <l n="372">sed tamen in pretio est: mediocribus esse poetis </l>
            <l n="373">non homines, non Di, non concessere columnae. </l>
            <l n="374">ut gratas inter mensas symphonia discors </l>
            <l n="375">et crassum unguentum et Sardo cum melle papaver </l>
            <l n="376">offendunt, poterat duci quia cena sine istis: </l>
            <l n="377">sic animis natum inventumque poema iuvandis, </l>
            <l n="378">si paulum summo decessit, vergit ad imum. </l>
            <l n="379">ludere qui nescit, campestribus abstinet armis </l>
            <l n="380">indoctusque pilae discive trochive quiescit, </l>
            <l n="381">ne spissae risum tollant inpune coronae: </l>
            <l n="382">qui nescit versus, tamen audet fingere. quidni? </l>
            <l n="383">liber et ingenuus, praesertim census equestrem </l>
            <l n="384">summam nummorum vitioque remotus ab omni. </l>
            <l n="385">tu nihil invita dices faciesve Minerva: </l>
            <l n="386">id tibi iudicium est, ea mens. siquid tamen olim </l>
            <l n="387">scripseris, in Meti descendat iudicis auris </l>
            <l n="388">et patris et nostras nonumque prematur in annum </l>
            <l n="389">membranis intus positis: delere licebit, </l>
            <l n="390">quod non edideris, nescit vox missa reverti. 


            </l>
            <l n="391">silvestris homines sacer interpresque Deorum </l>
            <l n="392">caedibus et victu foedo deterruit Orpheus, </l>
            <l n="393">dictus ob hoc lenire tigres rabidosque leones; </l>
            <l n="394">dictus et Amphion, Thebanae conditor urbis, </l>
            <l n="395">saxa movere sono testudinis et prece blanda </l>
            <l n="396">ducere quo vellet. fuit haec sapientia quondam, </l>
            <l n="397">publica privatis secernere, sacra profanis, </l>
            <l n="398">concubitu prohibere vago, dare iura maritis, </l>
            <l n="399">oppida moliri, leges incidere ligno. </l>
            <l n="400">sic honor et nomen divinis vatibus atque  </l>
            <l n="401">carminibus venit. post hos insignis Homerus </l>
            <l n="402">Tyrtaeusque mares animos in Martia bella </l>
            <l n="403">versibus exacuit; dictae per carmina sortes </l>
            <l n="404">et vitae monstrata via est et gratia regum </l>
            <l n="405">Pieriis temptata modis ludusque repertus </l>
            <l n="406">et longorum operum finis: ne forte pudori </l>
            <l n="407">sit tibi Musa lyrae sollers et cantor Apollo. </l>
            <l n="408">natura fieret laudabile carmen an arte, </l>
            <l n="409">quaesitum est: ego nec studium sine divite vena </l>
            <l n="410">nec rude quid prosit video ingenium: alterius sic </l>
            <l n="411">altera poscit opem res et coniurat amice. </l>
            <l n="412">qui studet optatam cursu contingere metam, </l>
            <l n="413">multa tulit fecitque puer, sudavit et alsit, </l>
            <l n="414">abstinuit venere et vino; qui Pythia cantat </l>
            <l n="415">tibicen, didicit prius extimuitque magistrum. </l>
            <l n="416">nunc satis est dixisse 'ego mira poemata pango; </l>
            <l n="417">occupet extremum scabies; mihi turpe relinqui est </l>
            <l n="418">et quod non didici sane nescire fateri'. 


            </l>
            <l n="419">ut praeco, ad merces turbam qui cogit emendas, </l>
            <l n="420">adsentatores iubet ad lucrum ire poeta </l>
            <l n="421">dives agris, dives positis in fenore nummis. </l>
            <l n="422">si vero est, unctum qui recte ponere possit </l>
            <l n="423">et spondere levi pro paupere et eripere artis </l>
            <l n="424">litibus inplicitum, mirabor, si sciet inter-</l>
            <l n="425">noscere mendacem verumque beatus amicum. </l>
            <l n="426">tu seu donaris seu quid donare voles cui, </l>
            <l n="427">nolito ad versus tibi factos ducere plenum </l>
            <l n="428">laetitiae; clamabit enim 'pulchre! bene! recte!'  </l>
            <l n="429">pallescet, super his etiam stillabit amicis </l>
            <l n="430">ex oculis rorem, saliet, tundet pede terram. </l>
            <l n="431">ut, qui conducti plorant in funere, dicunt </l>
            <l n="432">et faciunt prope plura dolentibus ex animo, sic </l>
            <l n="433">derisor vero plus laudatore movetur. </l>
            <l n="434">reges dicuntur multis urgere culillis </l>
            <l n="435">et torquere mero, quem perspexisse laborent </l>
            <l n="436">an sit amicitia dignus; si carmina condes, </l>
            <l n="437">numquam te fallent animi sub vulpe latentes. </l>
            <l n="438">Quintilio siquid recitares, 'corrige sodes </l>
            <l n="439">hoc' aiebat 'et hoc'. mulius te posse negares </l>
            <l n="440">bis terque expertum frustra: delere iubebat </l>
            <l n="441">et male tornatos incudi reddere versus. </l>
            <l n="442">si defendere delictum quam vertere malles, </l>
            <l n="443">nullum ultra verbum aut operam insumebat inanem, </l>
            <l n="444">quin sine rivali teque et tua solus amares. </l>
            <l n="445">vir bonus et prudens versus reprehendet inertis, </l>
            <l n="446">culpabit duros, incomptis adlinet atrum </l>
            <l n="447">transverso calamo signum, ambitiosa recidet </l>
            <l n="448">ornamenta, parum claris lucem dare coget, </l>
            <l n="449">arguet ambigue dictum, mutanda notabit: </l>
            <l n="450">fiet Aristarchus; non dicet 'cur ego amicum </l>
            <l n="451">offendam in nugis?' hae nugae seria ducent </l>
            <l n="452">in mala derisum semel exceptumque sinistre. 


            </l>
            <l n="453">ut mala quem scabies aut morbus regius urget </l>
            <l n="454">aut fanaticus error et iracunda Diana, </l>
            <l n="455">vesanum tetigisse timent fugiuntque poetam  </l>
            <l n="456">qui sapiunt, agitant pueri incautique sequuntur. </l>
            <l n="457">hic, dum sublimis versus ructatur et errat, </l>
            <l n="458">si veluti merulis intentus decidit auceps </l>
            <l n="459">in puteum foveamve, licet 'succurrite' longum </l>
            <l n="460">clamet, 'io cives', non sit qui tollere curet. </l>
            <l n="461">si curet quis opem ferre et demittere funem, </l>
            <l n="462">'qui scis, an prudens huc se deiecerit atque </l>
            <l n="463">servari nolit?' dicam siculique poetae </l>
            <l n="464">narrabo interitum. 'Deus inmortalis haberi </l>
            <l n="465">dum cupit Empedocles, ardentem frigidus Aetnam </l>
            <l n="466">insiluit. sit ius liceatque perire poetis: </l>
            <l n="467">invitum qui servat, idem facit occidenti. </l>
            <l n="468">nec semel hoc fecit nec, si retractus erit, iam </l>
            <l n="469">fiet homo et ponet famosae mortis amorem. </l>
            <l n="470">nec satis adparet, cur versus factitet, utrum </l>
            <l n="471">minxerit in patrios cineres an triste bidental </l>
            <l n="472">moverit incestus: certe furit ac velut ursus, </l>
            <l n="473">obiectos caveae valuit si frangere clatros, </l>
            <l n="474">indoctum doctumque fugat recitator acerbus; </l>
            <l n="475">quem vero arripuit, tenet occiditque legendo, </l>
            <l n="476">non missura cutem, nisi plena cruoris, hirudo.'  </l>
         </div>
      </body>
   </text>
</TEI>