<ti:work xml:lang="lat" xmlns:ti="http://chs.harvard.edu/xmlns/cts" groupUrn="urn:cts:latinLit:phi0474" projid="latinLit:phi018" urn="urn:cts:latinLit:phi0474.phi018">
    
    <ti:title xml:lang="eng">To the Citizens after his Return</ti:title>
    <ti:title xml:lang="lat">Post reditum ad quirites</ti:title>
    <ti:title xml:lang="lat">Cum populo gratias egit</ti:title>
    <ti:title xml:lang="lat">Post reditum ad populum</ti:title>
    
             
    <ti:edition urn="urn:cts:latinLit:phi0474.phi018.perseus-lat2" workUrn="urn:cts:latinLit:phi0474.phi018" xml:lang="lat">
        <ti:label xml:lang="eng">To the Citizens after his Return</ti:label>
        <ti:description xml:lang="eng">Orationes Volume V; Cicero, Marcus Tullius, creator; Peterson, William, 1856-1921, editor</ti:description>
    </ti:edition>
  
    <ti:translation urn="urn:cts:latinLit:phi0474.phi018.perseus-eng2" workUrn="urn:cts:latinLit:phi0474.phi018" xml:lang="eng">
        <ti:label xml:lang="eng">To the Citizens after his Return</ti:label>
        <ti:description xml:lang="eng">The orations of Marcus Tullius Cicero Vol 2 Three orations on the Agrarian law, the four against Catiline, the orations for Rabirius, Murena, Sulla, Archias, Flaccus, Scaurus, etc; Cicero, Marcus Tullius, creator; Yonge, Charles Duke, 1812-1891, translator</ti:description>
    </ti:translation>
    

</ti:work>
    