<?xml version="1.0" encoding="UTF-8"?>
<TEI xmlns="http://www.tei-c.org/ns/1.0">
    <teiHeader>
        <fileDesc>
            <titleStmt>
                <title n="Ab urbe condita" type="work">Ab Urbe Condita, books 8-10 - 18s</title>
                <title type="sub">Machine readable text</title>
                <author n="Liv.">Titus Livius (Livy)</author>
                <editor n="Foster" role="editor">Benjamin Oliver Foster, Ph.D.</editor>
                <sponsor>Perseus Project, Tufts University</sponsor>
                <principal>Gregory Crane</principal>
                <respStmt>
                    <resp>Prepared under the supervision of</resp>
                    <name>Bridget Almas</name>
                    <name>Lisa Cerrato</name>
                    <name>David Mimno</name>
                    <name>Rashmi Singhal</name>
                </respStmt>
                <funder n="org:NEH">The National Endowment for the Humanities</funder>
            </titleStmt>
            <extent/>
            <publicationStmt>
                <publisher>Trustees of Tufts University</publisher>
                <pubPlace>Medford, MA</pubPlace>
                <authority>Perseus Project</authority>
                <date type="release" notBefore="2006"/>
            </publicationStmt>
            <sourceDesc default="false">
                <biblStruct default="false">
                    <monogr>
                        <author>Livy</author>
                        <title>Books VIII-X With An English Translation</title>
                        <imprint>
                            <pubPlace>Cambridge</pubPlace>
                            <publisher>Cambridge, Mass., Harvard University Press; London, William
                                Heinemann, Ltd.</publisher>
                            <date>1926: no copyright notice</date>
                        </imprint>
                    </monogr>
                </biblStruct>
            </sourceDesc>
        </fileDesc>
        <encodingDesc>
            <refsDecl>
                <refState unit="book"/>
                <refState unit="chapter" n="chunk"/>
            </refsDecl>
        </encodingDesc>
        <profileDesc>
            <langUsage default="false">
                <language ident="la">Latin</language>
                <language ident="en">English</language>
                <language ident="greek">Greek</language>
            </langUsage>
        </profileDesc>
        <revisionDesc>
            <!--
            <change>
                <date>2006</date>
                <respStmt>
                    <name>GRC</name>
                    <resp>tagging</resp>
                </respStmt>
                <item/>
            </change>
        -->
            <change when="2014-10-09" who="Stella Dee">edited markup</change>
        </revisionDesc>
    </teiHeader>
    <text xml:lang="la">
        <body>
            <div part="N" sample="complete" org="uniform" n="18s" type="book">
                <head>Libri XVIII Periocha</head>
                <p> ATILIUS REGULUS in Africa serpentem portentosae magnitudinis cum magna clade
                    militum occidit, et cum aliquot proeliis bene adversus Carthaginienses
                    pugnasset, successorque ei a senatu prospere bellum gerenti non mitteretur, id
                    ipsum per litteras ad senatum scriptas questus est, in quibus inter causas
                    petendi successoris erat <note anchored="true" place="unspecified">successoris
                        erat vulg.: successoris MSS.</note> quod agellus eius a mercennariis
                    desertus esset. <reg>quaerente</reg> deinde Fortuna ut magnum utriusque casus
                    exemplum in Regulo <pb n="p.556"/> proderetur, arcessito a Carthaginiensibus
                    Xanthippo, Lacedaemoniorum duce, victus proelio et captus est. <reg>res</reg>
                    deinde a ducibus Romanis omnibus terra marique prospere gestas deformaverunt
                    naufragia classium. <reg>tib</reg> . Coruncanius primus ex plebe pontifex
                    maximus creatus est. M'. Valerius Maximus P. Sempronius Sophus <note
                        anchored="true" place="unspecified">
                        <hi rend="italics">
                            <name>The</name> c </hi> en <hi rend="italics">sors' names, variously
                            corrupted in the MSS., are</hi>
                        <hi rend="italics">corrected from the Fasti Capitolini, C.I.L.</hi> i2, <hi
                            rend="italics">p.</hi> 24. </note> censores cum senatum legerent, xvi
                    senatu moverunt. <reg>lustrum</reg> condiderunt, quo censa sunt civium capita
                        <hi rend="overline">CCXCVII</hi> nccxcvii. <name>Regulus</name> missus a
                    Carthaginiensibus ad senatum ut de pace, et si eam non posset impetrare, de
                    commutandis captivis ageret, et iureiurando adstrictus rediturum se Carthaginem,
                    si commutari captivos non placuisset, utrumque negandi auctor senatui <note
                        anchored="true" place="unspecified"> senatui <hi rend="italics">vulg.:</hi>
                        senatus <hi rend="italics">MSS.</hi>
                    </note> fuit, et cum fide custodita reversus esset, supplicio a
                    Carthaginiensibus de eo sumpto perit. </p>
            </div>
        </body>
    </text>
</TEI>
