<ti:work xml:lang="lat" xmlns:ti="http://chs.harvard.edu/xmlns/cts" urn="urn:cts:latinLit:phi0474.phi043" groupUrn="urn:cts:latinLit:phi0474">
            <ti:title xml:lang="lat">De Republica</ti:title>
            <ti:edition urn="urn:cts:latinLit:phi0474.phi043.perseus-lat1" workUrn="urn:cts:latinLit:phi0474.phi043">
              <ti:label xml:lang="eng">De Republica, De Republica</ti:label>
              <ti:description xml:lang="eng">Cicero, Marcus Tullius, creator; Mueller, C. F. W. (Carl Friedrich Wilhelm), 1830-1903, editor</ti:description>
            </ti:edition>
          </ti:work>
        