<!DOCTYPE TEI.2 PUBLIC "-//TEI P4//DTD Main DTD Driver File//EN" "http://www.tei-c.org/Guidelines/DTD/tei2.dtd" [
<!ENTITY % TEI.XML "INCLUDE">
<!ENTITY % PersProse PUBLIC "-//Perseus P4//DTD Perseus Prose//EN" "http://www.perseus.tufts.edu/DTD/1.0/PersProse.dtd" >
%PersProse;
]>
<TEI.2>
  <teiHeader>
    <fileDesc>
      <titleStmt>
        <title>Moretum, Appendix Vergiliana</title>
    <editor>Robinson Ellis</editor>
        <sponsor>Perseus Project, Tufts University</sponsor>
        <principal>Gregory Crane</principal>
        <respStmt>
          <resp>Prepared under the supervision of</resp>
          <name>Bridget Almas</name>
          <name>Lisa Cerrato</name>
          <name>Rashmi Singhal</name>
        </respStmt>
        <funder n="org:Tufts">Tufts University</funder>
      </titleStmt>
      <publicationStmt>
        <publisher>Trustees of Tufts University</publisher>
        <pubPlace>Medford, MA</pubPlace>
        <authority>Perseus Project</authority>
        <date type="release"/>
      </publicationStmt>
      <sourceDesc>
        <biblStruct>
          <monogr>
            <title>Appendix Vergiliana, sive carmina minora Vergilio adtributa</title>
            <editor>Robinson Ellis</editor>
            <imprint>
              <publisher>e Typographeo Clarendoniano</publisher>
              <pubPlace>Oxonii</pubPlace>
              <date>1907</date>
            </imprint>
          </monogr>
        </biblStruct>
        
        <p>Keyboarding</p></sourceDesc>
    </fileDesc>

    <encodingDesc>
      <editorialDesc>
        <p>Keyboarding</p>
      </editorialDesc>
<refsDecl n="text=1"  doctype="TEI.2">
<state unit="text"/>
<state unit="book"/>
<state unit="chapter" n="chunk"/>
<state unit="section"/>
</refsDecl>

    </encodingDesc>

    <profileDesc>
      <langUsage>
	<language id="la">Latin</language>
	<language id="greek">Greek</language>
      </langUsage>
    </profileDesc>
    <change>Added to repository November, 2011. Unreleased.</change>
  </teiHeader>


  <text n="moretum" id="phi0692.phi011.perseus.lat1"><body>
    <head>Moretum</head><p>
<lb n="1"/>Iam nox hibernas bis quinque peregerat horas
<lb n="2"/>excubitorque diem cantu praedixerat ales,
<lb n="3"/>Simylus exigui cultor cum rusticus agri,
<lb n="4"/>tristia uenturae metuens ieiunia lucis,
<lb n="5"/>membra leuat uili sensim demissa grabato 
<lb n="6"/>sollicitaque manu tenebras explorat inertis
<lb n="7"/>uestigatque focum, laesus quem denique sensit.
<lb n="8"/>paruulus exusto remanebat stipite fumus
<lb n="9"/>et cinis obductae celabat lumina prunae.
<lb n="10"/>admouet his pronam summissa fronte lucernam 
<lb n="11"/>et producit acu stuppas umore carentis,
<lb n="12"/>excitat et crebris languentem flatibus ignem.
<lb n="13"/>tandem concepto, sed uix, fulgore recedit,
<lb n="14"/>oppositaque manu lumen defendit ab aura,



<lb n="15"/>et reserat plausa quae pervidet ostia claui. 
<lb n="16"/>fusus erat terra frumenti pauper aceruus:
<lb n="17"/>hinc sibi depromit, quantum mensura patebat,
<lb n="18"/>quae bis in octonas excurrit pondere libras.
<lb n="19"/>Inde abit adsistitque molae parvaque tabella,
<lb n="20"/>quam fixam paries illos seruabat in usus, 
<lb n="21"/>lumina fida locat. geminos tum ueste lacertos
<lb n="22"/>liberat et cinctus uillosae tegmine caprae
<lb n="23"/>peruerrit cauda silices gremiumque molarum.
<lb n="24"/>aduocat inde manus operi, partitus utrimque:
<lb n="25"/>laeua ministerio, dextra est intenta labori. 
<lb n="26"/>haec rotat assiduum gyris et concitat orbem,
<lb n="27"/>tunsa Ceres silicum rapido decurrit ab ictu.
<lb n="28"/>interdum fessae succedit laeua sorori
<lb n="29"/>alternatque vices. modo rustica carmina cantat
<lb n="30"/>agrestique suum solatur uoce laborem, 
<lb n="31"/>interdum clamat Scybalen. erat unica custos,
<lb n="32"/>Afra genus, tota patriam testante figura,
<lb n="33"/>torta comam labroque tumens et fusca colore,



<lb n="34"/>pectore lata, iacens mammis, compressior aluo,
<lb n="35"/>cruribus exilis, spatiosa prodiga planta. 
<lb n="36"/><del>continuis rimis calcanea scissa rigebant.</del>
<lb n="37"/>hanc vocat atque arsura focis imponere ligna
<lb n="38"/>imperat et flamma gelidos adolere liquores.
<lb n="39"/>Postquam impleuit opus iustum uersatile finem,
<lb n="40"/>transfert inde manu fusas in cribra farinas 
<lb n="41"/>et quatit, ac remanent summo purgamina dorso.
<lb n="42"/>subsidit sincera foraminibusque liquatur
<lb n="43"/>emundata Ceres. leui tum protinus illam
<lb n="44"/>componit tabula, tepidas super ingerit undas,
<lb n="45"/>contrahit admixtas nunc frondes atque farinas: 
<lb n="46"/>transuersat durata manu, liquidoque coacto
<lb n="47"/>interdum grumos spargit sale, iamque subactum



<lb n="48"/>leuat opus, palmisque suum dilatat in orbem,
<lb n="49"/>et notat impressis aequo discrimine quadris.
<lb n="50"/>infert inde foco (Scybale mundauerat aptum 
<lb n="51"/>ante locum) testisque tegit, super aggerat ignis.
<lb n="52"/>dumque suas peragit Vulcanus Vestaque partes,
<lb n="53"/>Simylus interea uacua non cessat in hora,
<lb n="54"/>uerum aliam sibi quaerit opem, neu sola palato
<lb n="55"/>sit non grata Ceres, quas iungat comparat escas. 
<lb n="56"/>non illi suspensa focum carnaria iuxta,
<lb n="57"/>durati sale terga suis truncique, vacabant,
<lb n="58"/>traiectus medium sparto sed caseus orbem
<lb n="59"/>et uetus astricti fascis pendebat anethi.
<lb n="60"/>ergo aliam molitur opem sibi prouidus heros. 
<lb n="61"/>Hortus erat iunctus casulae, quem uimina pauca
<lb n="62"/>et calamo rediuiua leui munibat harundo,
<lb n="63"/>exiguus spatio, uariis sed fertilis herbis.
<lb n="64"/>nil illi derat quod pauperis exigit usus;
<lb n="65"/>interdum locuples a paupere plura petebat. 
<lb n="66"/>nec sumptus erat illud opus, sed recula curae:



<lb n="67"/>si quando uacuum casula pluuiaeue tenebant
<lb n="68"/>festaue lux, si forte labor cessabat aratri,
<lb n="69"/>horti opus illud erat. uarias disponere plantas
<lb n="70"/>norat et occultae committere semina terrae 
<lb n="71"/>uicinosque apte circa summittere riuos.
<lb n="72"/>hic holus, hic late fundentes bracchia betae
<lb n="73"/>fecundusque rumex maluaeque inulaeque uirebant,
<lb n="74"/>hic siser et nomen capiti debentia porra,
<lb n="75"/><del>hic etiam nocuum capiti gelidumque papauer,</del> 
<lb n="76"/>grataque nobilium requies lactuca ciborum,
<lb n="77"/> <gap/> crescitque in acumina radix,
<lb n="78"/>et grauis in latum demissa cucurbita uentrem.
<lb n="79"/>uerum hic non domini (quis enim contractior illo?)
<lb n="80"/>sed populi prouentus erat, nonisque diebus 



<lb n="81"/>uenalis umero fascis portabat in urbem:
<lb n="82"/>inde domum cervice leuis, grauis aere redibat,
<lb n="83"/>uix umquam urbani comitatus merce macelli.
<lb n="84"/>caepa rubens sectique famem domat area porri,
<lb n="85"/>quaeque trahunt acri uultus nasturtia morsu, 
<lb n="86"/>intibaque et Venerem reuocans eruca morantem.
<lb n="87"/>Tunc quoque tale aliquid meditans intrauerat hortum.
<lb n="88"/>ac primum leuiter digitis tellure refossa
<lb n="89"/>quattuor educit cum spissis alia fibris;
<lb n="90"/>inde comas apii gracilis rutamque rigentem 
<lb n="91"/>uellit et exiguo coriandra trementia filo.
<lb n="92"/>haec ubi collegit, &dagger;laetum&dagger; consedit ad ignem
<lb n="93"/>et clara famulam poscit mortaria uoce.
<lb n="94"/>singula tum capitum nodoso &dagger;corpore&dagger; nudat



<lb n="95"/>et summis spoliat coriis contemptaque passim 
<lb n="96"/>spargit humi atque abicit. servatum gramine bulbum
<lb n="97"/>tingit aqua lapidisque cauum dimittit in orbem.
<lb n="98"/>his salis inspargit micas, sale durus adesso
<lb n="99"/>caseus adicitur, dictas super interit herbas,
<lb n="100"/>et laeua uestem saetosa sub inguina fulcit. 
<lb n="101"/>dextera pistillo primum fraglantia mollit
<lb n="102"/>alia, tum pariter mixto terit omnia suco.
<lb n="103"/>it manus in gyrum: paulatim singula uiris
<lb n="104"/>deperdunt proprias, color est e pluribus unus,
<lb n="105"/>nec totus uiridis, quia lactea frusta repugnant, 
<lb n="106"/>nec de lacte nitens, quia tot uariatur ab herbis.
<lb n="107"/>saepe uiri naris acer iaculatur apertas
<lb n="108"/>spiritus et simo damnat sua prandia uultu,
<lb n="109"/>saepe manu summa lacrimantia lumina terget
<lb n="110"/>immeritoque furens dicit conuicia fumo. 
<lb n="111"/>procedebat opus: non iam salebrosus, ut ante,
<lb n="112"/>sed grauior lentos ibat pistillus in orbis.
<lb n="113"/>ergo Palladii guttas instillat oliui
<lb n="114"/>exiguique super uiris infundit aceti,
<lb n="115"/>atque iterum commiscet opus mixtumque retractat. 



<lb n="116"/>tum demum digitis mortaria tota duobus
<lb n="117"/>circuit inque globum distantia contrahit unum,
<lb n="118"/>constet ut effecti species nomenque moreti.
<lb n="119"/>eruit interea Scybale quoque sedula panem:
<lb n="120"/>quem tertis recipit manibus, pulsoque timore 
<lb n="121"/>iam famis, inque diem securus Simylus illam,
<lb n="122"/>ambit crura ocreis paribus, tectusque galero
<lb n="123"/>sub iuga parentis cogit lorata iuvencos,
<lb n="124"/>atque agit in segetes et terrae condit aratrum.



</p></body></text>

 </TEI.2>
