<?xml version="1.0" encoding="UTF-8"?>
<?xml-model href="http://www.stoa.org/epidoc/schema/latest/tei-epidoc.rng" schematypens="http://relaxng.org/ns/structure/1.0"?>
<TEI xmlns="http://www.tei-c.org/ns/1.0">
    <teiHeader>
<fileDesc>
<titleStmt>
<title type="sub">Machine readable text</title>
<title type="work">Comparison of Lucullus and Cimon</title>
<author>Plutarch</author>
<editor>Bernadotte Perrin</editor>
<sponsor>Perseus Project, Tufts University</sponsor>
<principal>Gregory Crane</principal>
<respStmt>
<resp>Prepared under the supervision of</resp>
<name>Lisa Cerrato</name>
<name>William Merrill</name>
<name>Elli Mylonas</name>
<name>David Smith</name>
</respStmt>
<funder n="org:NEH">The National Endowment for the Humanities</funder>
</titleStmt>
<extent/>
<publicationStmt>
<publisher>Trustees of Tufts University</publisher>
<pubPlace>Medford, MA</pubPlace>
<authority>Perseus Project</authority>
</publicationStmt>
<sourceDesc>
<biblStruct>

<monogr>
<author>Plutarch</author>
<title>Plutarch's Lives</title>
    <idno type="ISBN">0674990536</idno>
<respStmt>
<resp>with an English Translation by</resp>
<name>Bernadotte Perrin</name>
</respStmt>
<imprint>
<pubPlace>Cambridge, MA</pubPlace>
<publisher>Harvard University Press</publisher>
<pubPlace>London</pubPlace>
<publisher>William Heinemann Ltd.</publisher>
<date>1914</date>
</imprint>
<biblScope unit="volume">2</biblScope>
</monogr>

</biblStruct>
</sourceDesc>
</fileDesc>
<encodingDesc>
<editorialDecl>
<correction method="silent">
<p>optical character recognition</p>
</correction>
</editorialDecl>
    <refsDecl n="CTS">
        <cRefPattern n="section"
            matchPattern="(\w+).(\w+)"
            replacementPattern="#xpath(/tei:TEI/tei:text/tei:body/tei:div/tei:div[@n='$1']/tei:div[@n='$2'])">
            <p>This pointer pattern extracts chapter and section</p>
        </cRefPattern>
        <cRefPattern n="chapter"
            matchPattern="(\w+)"
            replacementPattern="#xpath(/tei:TEI/tei:text/tei:body/tei:div/tei:div[@n='$1'])">
            <p>This pointer pattern extracts chapter</p>
        </cRefPattern>
    </refsDecl>
    <refsDecl>
        <refState unit="chapter" delim="."/>
        <refState unit="section"/>
    </refsDecl>
</encodingDesc>
<profileDesc>
<langUsage>
<language ident="grc">Greek</language>
    <language ident="eng">English</language>
</langUsage>
</profileDesc>
<revisionDesc>
    <change when="2018-02-05" who="Lisa Cerrato">EpiDoc and CTS conversion</change>
    <change when="2018-02-01" who="Lisa Cerrato">bumped URN</change>
    <change when="2010-03-01" who="RS">tagged and parsed</change>
</revisionDesc>
</teiHeader>
<text xml:lang="grc">
<body> 
    <div type="edition" n="urn:cts:greekLit:tlg0007.tlg037.perseus-grc2" xml:lang="grc"> 
        <head>Κίμωνος καὶ Λουκούλλος σύγκρισις</head> <pb n="p.610"/> 
        <div type="textpart" subtype="chapter" n="1">
<div type="textpart" subtype="section" n="1"><p>μάλιστα δʼ ἄν τις εὐδαιμονίσειε τοῦ τέλους <pb n="paris.1624.521"/> Λεύκουλλον, ὅτι πρὸ τῆς μεταβολῆς, ἣν ἤδη κατὰ τῆς πολιτείας ἐτεκταίνετο τοῖς ἐμφυλίοις πολέμοις τὸ πεπρωμένον, ἔφθη προαποθανὼν καὶ καταλύσας ἐν νοσούσῃ μέν, ἔτι δʼ ἐλευθέρᾳ τῇ πατρίδι τὸν βίον. καὶ τοῦτό γε πάντων αὐτῷ πρὸς Κίμωνα κοινότατόν ἐστι.</p></div>
<div type="textpart" subtype="section" n="2"><p> καὶ γὰρ ἐκεῖνος οὔπω συντεταραγμένων τῶν Ἑλληνικῶν, ἀλλʼ ἀκμὴν ἐχόντων ἐτελεύτησεν, ἐπὶ στρατοπέδου μέντοι καὶ στρατηγῶν, οὐκ ἀπειρηκὼς οὐδʼ ἀλύων, οὐδέ τῶν ὅπλων καὶ τῶν στρατηγιῶν καὶ τῶν <pb n="p.612"/> τροπαίων ἔπαθλον ποιούμενος εὐωχίας καὶ πότους, ὥσπερ Πλάτων ἐπισκώπτει τοὺς περὶ τὸν Ὀρφέα, τοῖς εὖ βεβιωκόσι φάσκοντας ἀποκεῖσθαι γέρας ἐν ?δου μέθην αἰώνιον.</p></div>
<div type="textpart" subtype="section" n="3"><p> σχολὴ μὲν οὖν καὶ ἡσυχία καὶ διατριβὴ περὶ λόγους ἡδονήν τινα καὶ θεωρίαν ἔχοντας εὐπρεπέστατον ἀνδρὶ πρεσβύτῃ καὶ πεπαυμένῳ πολέμων καὶ πολιτείας παραμύθιον τὸ δʼ ἐφʼ ἡδονὴν, ὡς τέλος, καταστρέψαντα τὰς καλὰς πράξεις ἤδη λοιπὸν Ἀφροδίσια τῶν πολέμων καὶ στρατηγιῶν ἄγοντα παίζειν καὶ τρυφᾶν οὐκ ἄξια τῆς καλῆς Ἀκαδημείας, οὐδέ τὸν Ξενοκράτη ζηλοῦντος, ἀλλʼ ἐγκεκλικότος πρὸς τὸν Ἐπίκουρον.</p></div>
<div type="textpart" subtype="section" n="4"><p> ὃ καὶ θαυμαστόν ἐστιν ὑπεναντίως γὰρ ἡ νεότης τοῦ μὲν ἐπίψογος καὶ ἀκόλαστος γεγονέναι δοκεῖ, τοῦ δὲ πεπαιδευμένη καὶ σώφρων, βελτίων οὖν ᾧ πρὸς τὸ βέλτιον ἡ μεταβολή· χρηστοτέρα γὰρ ἡ φύσις, ἐν ᾗ γηρᾷ μὲν τὸ χεῖρον, ἐπακμάζει δὲ τὸ ἄμεινον. 
<milestone unit="para" resp="editor"/>καὶ μὴν ὁμοίως γε πλουτήσαντες οὐχ ὁμοίως διέθεντο τὸν πλοῦτον.</p></div>
<div type="textpart" subtype="section" n="5"><p> οὐ γὰρ ἄξιον ὁμοιῶσαι τῷ νοτίῳ τείχει τῆς ἀκροπόλεως, ὃ τοῖς ὑπὸ Κίμωνος κομισθεῖσιν ἐτελέσθη χρήμασι, τοὺς ἐν Νέᾳ πόλει θαλάμους καὶ τὰς περικλύστους ἀπόψεις, ἃς Λούκουλλος ἀπὸ τῶν βαρβαρικῶν ἐξῳκοδόμει λαφύρων οὐδέ γε τῇ Κίμωνος τραπέζῃ τὴν Λουκούλλου παραβαλεῖν, τῇ δημοκρατικῇ καὶ φιλανθρώπῳ τὴν πολυτελῆ καὶ σατραπικήν.</p></div>
<div type="textpart" subtype="section" n="6"><p> ἡ μὲν γὰρ ἀπὸ μικρᾶς δαπάνης πολλοὺς καθʼ ἡμέραν διέτρεφεν, ἡ δʼ εἰς ὀλίγους τρυφῶντας ἀπὸ πολλῶν <pb n="p.614"/> παρεσκευάζετο χρημάτων, εἰ μὴ νὴ Δία τῶν πραγμάτων ἐποίει διαφορὰν ὁ χρόνος· ἄδηλον γὰρ, εἰ καὶ Κίμων ἀπὸ τῶν πράξεων καὶ στρατηγιῶν εἰς ἀπόλεμον καὶ ἀπολίτευτον γῆρας ἀφεὶς αὑτόν ἔτι μᾶλλον ἂν ἐχρήσατο σοβαρᾷ καὶ πρὸς ἡδονὴν ἀνειμένῃ διαίτῃ· καὶ γὰρ φιλοπότης καὶ πανηγυρικὸς καὶ τὰ πρὸς γυναῖκας, ὡς προείρηται, διαβεβλημένος.</p></div>
<div type="textpart" subtype="section" n="7"><p> αἱ δὲ περὶ τὰς πράξεις καὶ τοὺς ἀγῶνας κατορθώσεις ἡδονὰς ἑτέρας ἔχουσαι τῶν χειρόνων ἐπιθυμιῶν ἀσχολίαν ποιοῦσι καὶ λήθην ταῖς πολιτικαῖς καὶ φιλοτίμοις φύσεσιν. εἰ γοῦν καὶ Λούκουλλος ἐτελεύτησεν ἀγωνιζόμενος καὶ στρατηγῶν, οὐδʼ ἂν ὁ ψογερώτατος καὶ φιλομεμφότατος εὑρεῖν μοι δοκεῖ διαβολὴν ἐπʼ αὐτόν, καὶ ταῦτα μὲν περὶ τῆς διαίτης.</p></div></div>
 <div type="textpart" subtype="chapter" n="2">
<div type="textpart" subtype="section" n="1"><p> ἐν δὲ τοῖς πολεμικοῖς ὅτι μὲν ἀμφότεροι καὶ κατὰ γῆν καὶ κατὰ θάλασσαν ἀγαθοὶ γεγόνασιν ἀγωνισταί δῆλον ὥσπερ δὲ τῶν ἀθλητῶν τοὺς ἡμέρᾳ μιᾷ πάλῃ καὶ παγκρατίῳ στεφανουμένους ἔθει τινὶ παραδοξονίκας καλοῦσιν, οὕτω Κίμων ἐν ἡμέρᾳ μιᾷ πεζομαχίας καὶ ναυμαχίας ἅμα τροπαίῳ στεφανώσας τὴν Ἑλλάδα δίκαιός ἐστιν ἔχειν τινὰ προεδρίαν ἐν τοῖς στρατηγοῖς.</p></div>
<div type="textpart" subtype="section" n="2"><p> καὶ μὴν Λουκούλλῳ μὲν ἡ πατρίς, Κίμων δὲ τῇ πατρίδι τὴν ἡγεμονίαν περιέθηκε. καὶ ὁ μὲν ἀρχούσῃ τῶν συμμάχων προσεκτήσατο τὰ τῶν πολεμίων, ὁ δʼ ἄλλοις ἑπομένην παραλαβών ἅμα καὶ τῶν συμμάχων ἄρχειν καὶ τῶν πολεμίων κρατεῖν ἐποίησε, Πέρσας μὲν ἀναγκάσας ἡττηθέντας <pb n="paris.1624.522"/> ἐκβῆναι τῆς θαλάσσης, Λακεδαιμονίους δὲ <pb n="p.616"/> πείσας ἑκόντας ἐκστῆναι.</p></div>
<div type="textpart" subtype="section" n="3"><p> εἰ τοίνυν μέγιστον ἔργον ἡγεμόνος εὐπείθειαν ἐργάσασθαι διʼ εὐνοίας,<note anchored="true" place="unspecified" resp="editor" xml:lang="eng"><foreign xml:lang="grc">εὐνοίας</foreign> with S: <foreign xml:lang="grc">εὔνοιαν.</foreign> </note> Λούκουλλος μὲν ὑπὸ τῶν στρατιωτῶν κατεφρονήθη, Κίμων δʼ ὑπὸ τῶν συμμάχων ἐθαυμάσθη· παρʼ οὗ μὲν γὰρ ἀπέστησαν, πρὸς ὃν δὲ μετέστησαν. καὶ ὁ μὲν ὧν ἄρχων ἐξῆλθεν, ὑπὸ τούτων ἀπολειφθεὶς ἐπανῆλθεν, ὁ δὲ μεθʼ ὧν ἑτέροις ποιήσων τὸ προσταττόμενον ἐξεπέμφθη, τούτοις αὐτὸς διδοὺς τὸ παράγγελμα κατέπλευσε, τρία τὰ πάντων δυσκολώτατα διαπεπραγμένος ὁμοῦ τῇ πόλει, πρὸς μὲν τοὺς πολεμίους εἰρήνην, παρὰ δὲ τῶν συμμάχων ἡγεμονίαν, πρὸς δὲ Λακεδαιμονίους ὁμόνοιαν.</p></div>
<div type="textpart" subtype="section" n="4"><p>μεγάλας τοίνυν ἐπιχειρήσαντες ἀμφότεροι καταλύειν ἡγεμονίας καὶ καταστρέφεσθαι τὴν Ἀσίαν πᾶσαν ἀτελεῖς ἐγένοντο τῶν πράξεων, ὁ μὲν καθάπαξ διὰ τὴν τύχην ἐτελεύτησε γὰρ στρατηγῶν καὶ εὐημερῶν τὸν δʼ οὐ παντελῶς ἄν τις ἐξέλοιτο τῆς παρʼ αὐτὸν αἰτίας, εἴτʼ ἠγνόησεν εἴτʼ οὐκ ἐθεράπευσε τὰς ἐν τῷ στρατιωτικῷ διαφορὰς καὶ μέμψεις, ἀφʼ ὧν εἰς τηλικαύτας ἀπεχθείας προῆλθεν.</p></div>
<div type="textpart" subtype="section" n="5"><p>ἢ τοῦτό γε καὶ πρὸς Κίμωνα κοινόν ἐστι· καὶ γὰρ ἐκεῖνον ὑπήγαγόν τε εἰς δίκας οἱ πολῖται καὶ τελευτῶντες ἐξωστράκισαν, ἵνʼ αὐτοῦ δέκα ἐτῶν, ὥς φησιν ὁ Πλάτων, τῆς φωνῆς μὴ ἀκούσωσιν. αἱ γὰρ ἀριστοκρατικαὶ φύσεις ὀλίγα τοῖς πολλοῖς συνᾴδουσι καὶ πρὸς ἡδονὴν ἔχουσι, τὰ δὲ πολλὰ προσβιαζόμεναι τῷ κατευθύνειν διαστρεφομένους ἀνιῶσιν, ὥσπερ οἱ τῶν ἰατρῶν δεσμοί, καίπερ εἰς τὰ κατὰ φύσιν <pb n="p.618"/> ἄγοντες τὰς παραρθρήσεις. ταύτης μὲν οὖν ἴσως ἀπαλλακτέον τῆς αἰτίας ἑκάτερον.</p></div></div>
<div type="textpart" subtype="chapter" n="3">
<div type="textpart" subtype="section" n="1"><p> πολὺ δʼ ὁ Λούκουλλος προῆλθε τῷ πολέμῳ τόν τε Ταῦρον ὑπερβαλὼν στρατοπέδῳ Ῥωμαίων πρῶτος, καὶ τόν Τίγριν διαβάς καὶ τὰ βασίλεια τῆς Ἀσίας ἐν ὄψει τῶν βασιλέων, Τιγρανόκερτα καὶ Κάβειρα καὶ Σινώπην καὶ Νίσιβιν, ἑλὼν καὶ καταφλέξας, </p></div>
<div type="textpart" subtype="section" n="2"><p> καὶ τὰ μὲν βόρεια μέχρι Φάσιδος, τὰ δʼ ἑῷα μέχρι Μηδίας, τὰ δὲ πρὸς νότον καὶ τήν ἐρυθρὰν θάλασσαν οἰκειωσάμενος διὰ τῶν Ἀραβικῶν βασιλέων, συντρίψας δὲ τὰς δυνάμεις τῶν βασιλέων, ἀπολειφθεὶς δὲ μόνου τοῦ τὰ σώματα λαβεῖν, ὥσπερ θηρίων εἰς ἐρημίας καὶ ὕλας ἀστιβεῖς καὶ ἀβάτους ἀποδιδρασκόντων.</p></div>
<div type="textpart" subtype="section" n="3"><p> τεκμήριον δὲ μέγα· Πέρσαι μὲν γὰρ ὡς οὐδὲν μέγα πεπονθότες ὑπὸ Κίμωνος εὐθὺς ἀντετάττοντο τοῖς Ἕλλησι, καὶ τήν γε πολλὴν δύναμιν αὐτῶν ἐν Αἰγύπτῳ κρατήσαντες διέφθειραν, Τιγράνου δὲ καὶ Μιθριδάτου μετὰ Λούκουλλον οὐδὲν ἄλλο ἔργον ἐγένετο, ἀλλʼ ὁ μὲν ἀσθενὴς ἤδη καὶ συγκεκομμένος ὑπὸ τῶν πρώτων ἀγώνων οὐδʼ ἅπαξ ἐτόλμησε δεῖξαι Πομπηΐῳ τήν δύναμιν ἔξω τοῦ χάρακος, ἀλλὰ φυγὼν εἰς Βόσπορον κατέβη κἀκεῖ κατέστρεψε, </p></div>
<div type="textpart" subtype="section" n="4"><p>Τιγράνης δʼ αὐτὸς ἑαυτὸν γυμνὸν καὶ ἄνοπλον φέρων ὑπέρριψε Πομπηΐῳ, καὶ τὸ διάδημα τῆς κεφαλῆς ἀφελόμενος ἔθηκε πρὸ τῶν ποδῶν, οὐ τοῖς ἑαυτοῦ κολακεύων Πομπήϊον, ἀλλὰ τοῖς ὑπὸ Λουκούλλου τεθριαμβευμένοις. ἠγάπησε γοῦν ἀπολαμβάνων τὰ σύμβολα τῆς βασιλείας ὡς ἀφῃρημένος πρότερον. <pb n="p.620"/> μείζων οὖν στρατηγὸς, ὥσπερ ἀθλητὴς, ὁ τῷ μεθʼ ἑαυτὸν ἀσθενέστερον παραδοὺς τόν ἀντίπαλον.</p></div>
<div type="textpart" subtype="section" n="5"><p> ἔτι τοίνυν Κίμων μὲν συντετριμμένην τήν βασιλέως δύναμιν καὶ τὸ Περσῶν φρόνημα συνεσταλμένον ἥτταις μεγάλαις καὶ ἀπαύστοις φυγαῖς ὑπὸ Θεμιστοκλέους καὶ Παυσανίου καὶ Λεωτυχίδου καταλαβὼν ἐπενέβη καὶ ὑποπεπτωκότων καὶ προηττημένων ταῖς ψυχαῖς τὰ σώματα ῥᾳδίως ἐνίκησε, Λουκούλλῳ δὲ Τιγράνης ἀήττητος <pb n="paris.1624.523"/> ἐκ πολλῶν ἀγώνων καὶ μέγα φρονῶν συνέπεσε.</p></div>
<div type="textpart" subtype="section" n="6"><p> πλήθει δʼ οὐδʼ ἄξιον παραβαλεῖν τοῖς ἐπὶ Λούκουλλον συνελθοῦσι τοὺς ὑπὸ Κίμωνος κρατηθέντας. ὥστε πάντῃ μεταλαμβάνοντι δυσδιαίτητον εἶναι τήν κρίσιν, ἐπεὶ καὶ τὸ δαιμόνιον ἀμφοτέροις ἔοικεν εὐμενὲς γενέσθαι, τῷ μὲν ἃ χρὴ κατορθοῦν, τῷ δʼ ἃ φυλάττεσθαι χρὴ προμηνῦον, ὥστε καὶ τὴν παρὰ τῶν θεῶν ψῆφον αὐτοῖς ὑπάρχειν ὡς ἀγαθοῖς καὶ θείοις τήν φύσιν ἀμφοτέροις.</p></div></div>
</div> </body>
</text>
</TEI>
