<ti:work xml:lang="lat" xmlns:ti="http://chs.harvard.edu/xmlns/cts" urn="urn:cts:latinLit:phi0474.phi042" groupUrn="urn:cts:latinLit:phi0474">
            <ti:title xml:lang="lat">Topica</ti:title>
            <ti:edition urn="urn:cts:latinLit:phi0474.phi042.perseus-lat1" workUrn="urn:cts:latinLit:phi0474.phi042">
              <ti:label xml:lang="eng">Topica, Rhetorica Tomus II</ti:label>
              <ti:description xml:lang="eng">Cicero, Marcus Tullius, creator; Wilkins, Augustus S. (Augustus Samuel), d. 1905, editor</ti:description>
            </ti:edition>
          </ti:work>
        