<?xml version="1.0" encoding="UTF-8"?>
<TEI xmlns="http://www.tei-c.org/ns/1.0">
    <teiHeader>
        <fileDesc>
            <titleStmt>
                <title n="Ab urbe condita" type="work">Ab Urbe Condita, books 8-10 - 12s</title>
                <title type="sub">Machine readable text</title>
                <author n="Liv.">Titus Livius (Livy)</author>
                <editor n="Foster" role="editor">Benjamin Oliver Foster, Ph.D.</editor>
                <sponsor>Perseus Project, Tufts University</sponsor>
                <principal>Gregory Crane</principal>
                <respStmt>
                    <resp>Prepared under the supervision of</resp>
                    <name>Bridget Almas</name>
                    <name>Lisa Cerrato</name>
                    <name>David Mimno</name>
                    <name>Rashmi Singhal</name>
                </respStmt>
                <funder n="org:NEH">The National Endowment for the Humanities</funder>
            </titleStmt>
            <extent/>
            <publicationStmt>
                <publisher>Trustees of Tufts University</publisher>
                <pubPlace>Medford, MA</pubPlace>
                <authority>Perseus Project</authority>
                <date type="release" notBefore="2006"/>
            </publicationStmt>
            <sourceDesc default="false">
                <biblStruct default="false">
                    <monogr>
                        <author>Livy</author>
                        <title>Books VIII-X With An English Translation</title>
                        <imprint>
                            <pubPlace>Cambridge</pubPlace>
                            <publisher>Cambridge, Mass., Harvard University Press; London, William
                                Heinemann, Ltd.</publisher>
                            <date>1926: no copyright notice</date>
                        </imprint>
                    </monogr>
                </biblStruct>
            </sourceDesc>
        </fileDesc>
        <encodingDesc>
            <refsDecl>
                <refState unit="book"/>
                <refState unit="chapter" n="chunk"/>
            </refsDecl>
        </encodingDesc>
        <profileDesc>
            <langUsage default="false">
                <language ident="en">English</language>
                <language ident="la">Latin</language>
                <language ident="greek">Greek</language>
            </langUsage>
        </profileDesc>
        <revisionDesc>
            <!--
            <change>
                <date>2006</date>
                <respStmt>
                    <name>GRC</name>
                    <resp>tagging</resp>
                </respStmt>
                <item/>
            </change>
        -->
            <change when="2014-10-09" who="Stella Dee">edited markup</change>
        </revisionDesc>
    </teiHeader>
    <text xml:lang="en">
        <body>
            <div part="N" sample="complete" org="uniform" n="12s" type="book">
                <head>Summary of Book XII</head>
                <p> ROMAN envoys having been put to death by the Senonian Gauls, war was for that
                    reason declared against the Gauls, and Lucius Caecilius the praetor and his
                    legions were cut to pieces by them. <name>The</name> Tarentines plundered a
                    Roman fleet, slew the duumvir who commanded it, and maltreated the envoys whom
                    the senate had dispatched to them to complain of these wrongs. <reg>on</reg>
                    this account war was declared against them. <name>The</name> Samnites revolted.
                        <reg>several</reg> successful battles were fought with them and with the
                    Lucanians and the Brittii <note anchored="true" place="unspecified">
                        <hi rend="italics">SC.</hi> Bruttii. </note> and the Etruscans, under a
                    number of generals. <name>Pyrrhus</name> , king of the Epirots, came to Italy to
                    help the Tarentines. <reg>a</reg> Campanian legion, commanded by Decius
                    Vibellius, being sent to protect the people of Regium, <note anchored="true"
                        place="unspecified">
                        <hi rend="italics">SC.</hi> Rhegium. </note> put the inhabitants to death
                    and seized the city. </p>
            </div>
        </body>
    </text>
</TEI>
