<?xml version="1.0" encoding="UTF-8"?>
<TEI xmlns="http://www.tei-c.org/ns/1.0">
	<teiHeader xml:lang="eng" type="text">
		<fileDesc>
			<titleStmt>
				<title>In Defense of Quintus Ligarius </title>
				<title>Pro Milone, Pro Marcello, Pro Ligario, Pro rege Deiotaro, Philippicae
					I-XIV</title>
				<title type="sub">Machine readable text</title>
				<author n="Cic.">M. Tullius Cicero</author>
				<editor role="editor" n="OCT">Albert Clark</editor>
				<sponsor>Perseus Project, Tufts University</sponsor>
				<principal>Gregory Crane</principal>
				<respStmt>
					<resp>Prepared under the supervision of</resp>
					<name>Bridget Almas</name>
					<name>Lisa Cerrato</name>
					<name>William Merrill</name>
					<name>David Mimno</name>
					<name>Rashmi Singhal</name>
					<name>David Smith</name>
				</respStmt>
				<funder n="org:NEH">National Endowment For The Humanities (NEH)</funder> 
			</titleStmt>
			<publicationStmt>
				<publisher>Trustees of Tufts University</publisher>
				<pubPlace>Medford, MA</pubPlace>
				<authority>Perseus Project</authority>
				<date type="release">1997-10-28</date>
			</publicationStmt> 

			<sourceDesc>
				<biblStruct>
					<monogr>
						<author>M. Tullius Cicero</author>
						<title>M. Tulli Ciceronis Orationes: Recognovit breviqve adnotatione critica
							instrvxit Albertus Curtis Clark Collegii Reginae Socius</title>
						<editor role="editor">Albert Curtis Clark</editor>
						<imprint>
							<pubPlace>Oxford</pubPlace>
							<publisher>e Typographeo Clarendoniano</publisher>
							<date>1918</date>
						</imprint>
					</monogr>
					<series>
						<title>Scriptorum Classicorum Bibliotheca Oxoniensis</title>
					</series>
				</biblStruct>
			</sourceDesc>
		</fileDesc>

		<encodingDesc>
			<refsDecl>
				<refState delim=" " unit="text"/>
				<refState unit="section"/>
			</refsDecl>
			<refsDecl>
				<refState delim=" " unit="text"/>
				<refState delim="." n="chunk" unit="chapter"/>
				<refState unit="section"/>
			</refsDecl>
			<refsDecl n="text=Phil.">
				<refState delim=" " unit="text"/>
				<refState delim="." unit="speech"/>
				<refState unit="section"/>
			</refsDecl>
			<refsDecl n="text=Phil.">
				<refState delim=" " unit="text"/>
				<refState delim="." unit="speech"/>
				<refState delim="." n="chunk" unit="chapter"/>
				<refState unit="section"/>
			</refsDecl>
		</encodingDesc>

		<profileDesc>
			<langUsage>
				<language ident="la">Latin </language>
				<language ident="greek">Greek </language>
			</langUsage>
		</profileDesc>

		<revisionDesc>
			<!--
      <change><date>5/9/97</date>
	<respStmt><name>CJSU</name><resp>ed.</resp></respStmt>
	<item>
$Log: cic.oct2_lat.xml,v $
Revision 1.4  2013-09-13 11:21:40  balmas01
reverting texts back to pre_cts_reorg tagged version

Revision 1.2  2011-07-19 22:30:38  gcrane
removed the earlier persName/placeName tags

Revision 1.1  2011-01-15 23:14:25  gcrane
base SDL file

Revision 1.1  2009/10/09 19:49:13  rsingh04
more reorganizing of texts module by collection

Revision 1.5  2006/04/02 18:12:19  gcrane
mainly fixes to the words lower cased at the start of sentences:
found that we had always had <name>Cum</name> rather than <reg>cum</reg>.

This has been fixed in oct.cic[123]

oct.cic[456] are having the app crits added and will need to be updated when
those files come back

Revision 1.4  2006/03/31 17:49:52  gcrane
missing charaters from imaging problems have been checked

Revision 1.3  2006/03/29 01:03:14  gaweaver
this includes the notes from the app crit.

there is one known problem: the lower right hand corner of one page got
clipped and the characters in the app crit need to be added with reference
to a clean copy

Revision 1.2  2005/08/01 15:59:19  packel
removed stray item tags

	Revision 1.1  2005/07/25 14:31:11  packel
	Converted to XML
	
Revision 1.13  2005/04/08 17:56:07  mimno
added default chunks

Revision 1.12  2003/07/01 22:14:57  yorkc
Updated texts to TEI P4 and Perseus P4 extensions; minor cleanup (esp. character encodings and typos.)

Revision 1.11  2003/05/20 21:16:12  amahoney
do not mark Heus as a proper name

Revision 1.10  2002/12/02 18:41:45  amahoney
correct spelling of Quirites, improperly 'regularized'

Revision 1.9  2000/03/06 22:21:48  amahoney
add headers for groups of speeches, so they show up in the toc:  Catilines,
Verrines, Philippics, and Agrarian Law

Revision 1.8  2000/03/04 20:34:10  dasmith
Added separate funder entity to TEI header.

Revision 1.7  1999/10/14 21:36:02  dasmith
Added explanatory subtitles to titleStmt

Revision 1.6  1999/08/12 17:17:11  dasmith
Fixed refsDecl

Revision 1.5  1999/08/04 18:11:59  textgod
Random changes over a period of months.

Revision 1.4  1997/08/18 14:54:26  textgod
???

Revision 1.3  1997/05/12 19:55:57  cjsu
Fixed type attribute.

Revision 1.2  1997/05/09 21:04:08  cjsu
Fixed header info. Added abbreviations.

Revision 1.1  1997/05/09 20:57:17  cjsu
Added to repository. Passes SGML validation.


</item></change>
    <change><date>July 2014</date>
    <respStmt><name>Stella Dee</name><resp>ed.</resp></respStmt>
    <item>split composite text and converted to unicode</item>
      </change>-->
			<change when="2014-08-01" who="Stella Dee">edited markup</change>
		</revisionDesc>
	</teiHeader>
	<text xml:lang="la">
		<body>
			<head>PRO Q. LIGARIO ORATIO</head>

			<milestone n="1" unit="chapter"/>
			<milestone n="1" unit="section"/>
			<p><reg>novum</reg> crimen, C. Caesar, et ante hunc<note>hanc <hi rend="italics"
						>Quintil.</hi> xi. 3. 108, 110</note> diem non auditum<note>non auditum <hi
						rend="italics"><foreign xml:lang="grc">a</foreign>BDL et Quintil.</hi>: in
					auditum <hi rend="italics">E<foreign xml:lang="grc">g</foreign> et Aquila Rom.
						Rhet. L. p.</hi> 24</note> propinquus meus ad te Q. Tubero detulit, Q.
				Ligarium in Africa fuisse, idque C. Pansa, praestanti vir ingenio, fretus fortasse
				familiaritate ea quae est ei tecum ausus est confiteri. <reg>itaque</reg> quo me
				vertam nescio. <reg>paratus</reg> enim veneram, cum tu id neque per te
					scires<note>scires <hi rend="italics"><foreign xml:lang="grc">b</foreign>a</hi>:
					scire <hi rend="italics"><foreign xml:lang="grc">a</foreign>hm</hi></note> neque
				audire aliunde potuisses, ut ignoratione tua ad hominis miseri salutem
						abuterer<note><lemma>abuterer</lemma>
					<hi rend="italics">mallem</hi> uterer (<hi rend="italics">numeri gratia</hi>)
						<hi rend="italics">sed vulg tuetur Quintil.</hi></note>. <reg>sed</reg>
				quoniam diligentia inimici investigatum est quod latebat, confitendum est,
					opinor<note>opinor <foreign xml:lang="grc">a</foreign>: ut opinor <foreign
						xml:lang="grc">bg</foreign></note>, praesertim cum meus necessarius Pansa
				fecerit ut id integrum iam non esset, omissaque controversia omnis oratio ad
				misericordiam tuam conferenda est, qua plurimi sunt conservati, cum a te non
				liberationem culpae, sed errati veniam impetravissent. <milestone n="2"
					unit="section"/><reg>habes</reg> igitur, Tubero, quod est accusatori maxime
				optandum, confitentem reum, sed tamen hoc<note>hoc ita <foreign xml:lang="grc"
						>g</foreign></note> confitentem, se in ea parte fuisse qua te<note>te,
					Tubero <foreign xml:lang="grc">g</foreign></note>, qua virum omni laude dignum,
				patrem tuum. <reg>itaque</reg><note><lemma>itaque</lemma> quare <hi rend="italics"
						>Quintil.</hi> viii. 5. 13</note> prius de vestro delicto
					confiteamini<note>vestro facto fateamini <hi rend="italics">Quintil.</hi></note>
				necesse est quam Ligari ullam culpam reprehendatis. </p>
			<p>Q.<note>Q. igitur <foreign xml:lang="grc">g</foreign></note> enim Ligarius, cum
					esset<note>esset adhuc <foreign xml:lang="grc">g</foreign></note> nulla belli
				suspicio, legatus in Africam C. Considio<note>C. <hi rend="italics"><foreign
							xml:lang="grc">a</foreign>, Quintil.</hi> iv. 2. 109 <hi rend="italics"
						>cod. A</hi>: cum C. <foreign xml:lang="grc">b</foreign>: cum consule
						<foreign xml:lang="grc">g</foreign></note> profectus est, qua in legatione
				et civibus et sociis ita se probavit ut decedens Considius provincia satis facere
				hominibus non posset, si quemquam alium provinciae praefecisset. <reg>itaque</reg>
				Ligarius, cum diu recusans nihil profecisset, provinciam accepit invitus; cui sic
				praefuit in pace ut et civibus et sociis gratissima esset eius integritas et
					fides<note>ac fides <foreign xml:lang="grc">b</foreign></note>. <milestone n="3"
					unit="section"/><reg>bellum</reg> subito exarsit, quod qui erant in Africa ante
				audierunt geri quam parari. <reg>quo</reg> audito partim cupiditate inconsiderata,
				partim caeco quodam timore primo salutis, post etiam<note>post etiam <hi
						rend="italics">AV<foreign xml:lang="grc">b</foreign>am</hi>: postea <hi
						rend="italics">H</hi>: post <hi rend="italics">h</hi></note> studi sui
				quaerebant aliquem ducem, cum Ligarius domum spectans, ad<note>et ad <foreign
						xml:lang="grc">g</foreign></note> suos redire cupiens, nullo se implicari
				negotio passus est. <reg>interim</reg> P. Attius Varus, qui tum<note>tum <foreign
						xml:lang="grc">a</foreign>: <hi rend="italics">om.</hi>
					<foreign xml:lang="grc">bg</foreign></note> praetor Africam obtinuerat, Vticam
				venit. <reg>ad</reg> eum statim concursum est. <reg>atque</reg> ille non mediocri
				cupiditate adripuit imperium, si illud imperium esse potuit quod ad privatum<note>ad
					privatum <foreign xml:lang="grc">ag</foreign>: a privato <hi rend="italics"
						>DEL</hi>: in privato <hi rend="italics">B</hi>: privato <hi rend="italics"
						>unus det.</hi></note> clamore multitudinis imperitae, nullo publico
				consilio deferebatur. <milestone n="4" unit="section"/><reg>itaque</reg> Ligarius,
				qui omne tale negotium fugeret<note>fugeret <foreign xml:lang="grc">a</foreign>:
					cuperet effugere <foreign xml:lang="grc">bg</foreign></note>, paulum adventu
				Vari conquievit. <milestone n="2" unit="chapter"/><reg>adhuc</reg>, C. Caesar, Q.
				Ligarius omni culpa vacat<note><lemma>vacat</lemma> caret <hi rend="italics"
						>Quintil.</hi> iv. 2. 51</note>. <reg>domo</reg> est egressus non modo
				nullum ad bellum sed ne ad minimam quidem suspicionem<note>belli suspicionem <hi
						rend="italics">Quintil.</hi></note> belli; legatus in pace
					profectus<note>profectus est <hi rend="italics">B</hi></note> in provincia
				pacatissima ita se gessit ut ei pacem esse expediret. <reg>profectio</reg> certe
				animum tuum non debet offendere: num igitur remansio? <reg>multo</reg> minus.
					<reg>nam</reg> profectio voluntatem habuit non turpem, remansio necessitatem
				etiam honestam. <reg>ergo</reg> haec duo tempora carent crimine: unum cum est
				legatus profectus, alterum cum efflagitatus a provincia praepositus Africae est.
				Tertium tempus quod post adventum Vari in Africa restitit, <milestone n="5"
					unit="section"/> si<note>tempus quod ... si <hi rend="italics">H, ut voluit
						Baiter</hi>: t. est quod ... si <hi rend="italics">AV</hi>: t. est quod ...
					quod si (<hi rend="italics">om.</hi> est <hi rend="italics">DL</hi>) <foreign
						xml:lang="grc">b</foreign>: est t. quo ... quod si <foreign xml:lang="grc"
						>g</foreign></note> est criminosum, necessitatis crimen est, non voluntatis.
					<reg>an</reg> ille, si potuisset illinc<note>illinc <hi rend="italics">om.</hi>
					<foreign xml:lang="grc">b</foreign></note> ullo modo evadere, Vticae
					quam<note>potius quam <foreign xml:lang="grc">g</foreign></note> Romae, cum P.
				Attio quam cum concordissimis fratribus, cum alienis esse quam cum suis maluisset?
					<reg>cum</reg> ipsa legatio plena desideri ac sollicitudinis fuisset propter
				incredibilem quendam fratrum amorem, hic aequo animo esse potuit belli discidio
				distractus a fratribus? <milestone n="6" unit="section"/></p>
			<p><reg>nullum</reg> igitur habes, Caesar, adhuc in Q. Ligario signum alienae a te
				voluntatis; cuius ego causam animadverte, quaeso, qua fide defendam: prodo meam. O
				clementiam admirabilem atque omnium laude, praedicatione, litteris monumentisque
				decorandam! M. Cicero<note>cum M. <foreign xml:lang="grc">b</foreign></note> apud te
				defendit alium in ea voluntate non fuisse in qua se ipsum confitetur fuisse, nec
				tuas tacitas<note>tacitas <hi rend="italics">om. <foreign xml:lang="grc"
						>g</foreign></hi></note> cogitationes extimescit nec quid tibi de alio
				audienti de se<note>de se ipso <foreign xml:lang="grc">b</foreign></note> occurrat
				reformidat. <milestone n="3" unit="chapter"/><reg>vide</reg> quam non reformidem;
				vide quanta lux liberalitatis et sapientiae tuae mihi apud te dicenti oboriatur:
				quantum potero voce contendam ut hoc<note>hoc <hi rend="italics">hab. <foreign
							xml:lang="grc">ab</foreign> hoc loco, ante</hi> Rom. <hi rend="italics"
						>a et Quintil.</hi> xi. 3. 166, <hi rend="italics">om. h</hi> (hoc Rom. hoc
						<hi rend="italics">m</hi>)</note> populus Romanus exaudiat. <milestone n="7"
					unit="section"/><reg>suscepto</reg> bello, Caesar, gesto etiam<note>iam etiam
						<hi rend="italics">Quintil.</hi> ix. 2. 28, xi. 3. 166</note> ex parte
				magna, nulla vi coactus, iudicio ac voluntate<note>consilio ac voluntate mea <hi
						rend="italics">Quintil.</hi> ix. 2. 28</note> ad ea arma profectus sum quae
				erant sumpta contra te. <reg>apud</reg> quem igitur hoc dico? <reg>nempe</reg> apud
				eum qui, cum hoc sciret, tamen me, ante quam vidit, rei publicae reddidit; qui ad me
				ex Aegypto litteras misit ut essem idem qui fuissem; qui me<note>me <hi
						rend="italics">hoc loco hab <foreign xml:lang="grc">ag</foreign></hi>: <hi
						rend="italics">post</hi> esse <foreign xml:lang="grc">b</foreign></note>,
				cum ipse imperator in toto imperio populi Romani<note>orbe populi R. <foreign
						xml:lang="grc">g</foreign></note> unus esset, esse alterum passus est; a quo
				hoc ipso C. Pansa mihi hunc<note>hunc <foreign xml:lang="grc">a</foreign>: <hi
						rend="italics">om.</hi>
					<foreign xml:lang="grc">bg</foreign></note> nuntium perferente concessos fascis
				laureatos tenui quoad tenendos putavi; qui mihi tum denique salutem se putavit
					dare<note>sal. se putavit dare <hi rend="italics"><foreign xml:lang="grc"
							>a</foreign>am</hi>: se sal. put. reddere <hi rend="italics"><foreign
							xml:lang="grc">b</foreign>h</hi></note>, si eam nullis spoliatam
				ornamentis dedisset. <milestone n="8" unit="section"/><reg>vide</reg>, quaeso,
				Tubero, ut, qui de meo facto non dubitem, de Ligari audeam dicere<note>dubitem
					dicere <foreign xml:lang="grc">g</foreign></note><note>audeam dicere <foreign
						xml:lang="grc">a</foreign>
					<hi rend="italics">et Quintil.</hi> v. 10. 93: audeam confiteri <foreign
						xml:lang="grc">g</foreign>: non aud. confiteri <foreign xml:lang="grc"
						>b</foreign></note>. <reg>atque</reg> haec propterea de me dixi ut mihi
				Tubero, cum de se eadem dicerem, ignosceret; cuius ego industriae gloriaeque faveo
				vel propter propinquam cognationem, vel quod eius ingenio studiisque delector, vel
				quod laudem adulescentis propinqui existimo etiam ad meum aliquem fructum redundare.
					<milestone n="9" unit="section"/><reg>sed</reg> hoc quaero: <reg>quis</reg>
					putat<note>putet <foreign xml:lang="grc">g</foreign></note> esse crimen fuisse
				in Africa<note>Afr. Ligarium <foreign xml:lang="grc">g</foreign></note>?
					<reg>nempe</reg> is qui et ipse in eadem provincia<note>provincia <foreign
						xml:lang="grc">a</foreign>: Africa <foreign xml:lang="grc"
					>bg</foreign></note> esse voluit et prohibitum se a Ligario queritur, et certe
				contra ipsum Caesarem est congressus armatus. <reg>quid</reg> enim, Tubero, tuus
					ille<note>tuus ille, Tub. <hi rend="italics">Quintil. quinque locis</hi></note>
				destrictus in acie Pharsalica gladius agebat? cuius latus ille mucro petebat? qui
				sensus erat armorum tuorum? quae tua mens, oculi, manus, ardor animi? quid cupiebas,
				quid optabas? <reg>nimis</reg> urgeo; commoveri videtur adulescens. <milestone n="4"
					unit="chapter"/><milestone n="10" unit="section"/><reg>ad</reg> me revertar.
					<reg>isdem</reg> in armis fui. <reg>quid</reg> autem aliud egimus, Tubero, nisi
				ut quod hic potest nos possemus? <reg>quorum</reg> igitur impunitas, Caesar, tuae
				clementiae laus est, eorum ipsorum ad crudelitatem te<note>te <hi rend="italics"
						>ante</hi> ipsorum <hi rend="italics">hab. Quintil.</hi> viii. 5. 10 <hi
						rend="italics">et Diomedes K.</hi> i. 471</note> acuet<note>acuit <hi
						rend="italics"><foreign xml:lang="grc">b</foreign>, Diomedes</hi> (<hi
						rend="italics">contra Quintil.</hi>)</note> oratio? <reg>atque</reg> in hac
				causa non nihil equidem, Tubero, etiam tuam, sed multo magis patris tui prudentiam
				desidero, quod homo cum ingenio tum etiam doctrina excellens genus hoc causae quod
				esset non viderit. <reg>nam</reg> si vidisset, quovis profecto quam isto modo a te
				agi maluisset. <reg>arguis</reg> fatentem. <reg>non</reg> est satis: accusas eum qui
				causam habet aut, ut ego dico, meliorem quam tu aut, ut tu vis, parem. <milestone
					n="11" unit="section"/><reg>haec</reg> admirabilia<note>haec admirabilia
						<foreign xml:lang="grc">a</foreign>: haec non modo mirabilia (<hi
						rend="italics">add.</hi> sunt <foreign xml:lang="grc">g</foreign>) <foreign
						xml:lang="grc">bg</foreign></note>, sed prodigi simile<note>similia quae
						<foreign xml:lang="grc">g</foreign></note> est quod dicam. <reg>non</reg>
				habet eam vim ista accusatio ut Q. Ligarius condemnetur, sed ut necetur<note>sed
					necetur <foreign xml:lang="grc">g</foreign></note>. <reg>hoc</reg> egit civis
				Romanus ante te nemo: externi sunt isti<note>sunt isti <hi rend="italics">AH</hi>:
					isti sunt <hi rend="italics">Va</hi>: isti <hi rend="italics"><foreign
							xml:lang="grc">b</foreign>hm</hi></note> mores<note><lemma>mores</lemma>
					<hi rend="italics">Schol.</hi>: qui usque ad sanguinem incitari solent odio <hi
						rend="italics">add. <foreign xml:lang="grc">a</foreign>a</hi>: usque ad
					sang. incitari solent odio <hi rend="italics">add.</hi>
					<foreign xml:lang="grc">b</foreign>: usque ad sang. incitare solent odium <hi
						rend="italics">add. hm</hi></note> aut levium Graecorum aut immanium
				barbarorum. <reg>nam</reg> quid agis aliud? ut Romae ne sit, ut domo<note>ut domo
						<foreign xml:lang="grc">a</foreign>: domo <foreign xml:lang="grc"
						>bg</foreign>, <hi rend="italics">Prisc. k</hi> iii. 64</note> careat, ne
				cum optimis fratribus, ne cum hoc T. Broccho avunculo, ne cum eius filio consobrino
					suo<note>avunc. suo <foreign xml:lang="grc">b</foreign></note>, ne nobiscum
				vivat, ne sit in patria? <reg>num</reg> est, num potest magis carere his omnibus
				quam caret? Italia prohibetur, exsulat. <reg>non</reg> tu hunc<note>hunc <hi
						rend="italics">hoc loco hab. <foreign xml:lang="grc">a</foreign>, post</hi>
					ergo <hi rend="italics">DE<foreign xml:lang="grc">g</foreign>, om. B</hi>: eum
						(<hi rend="italics">sine</hi> ergo) <hi rend="italics">Mart. Cap. Rhet. L.
						p.</hi> 476</note> ergo patria privare, qua caret, sed vita vis. <milestone
					n="12" unit="section"/><reg>at</reg> istud ne apud eum quidem dictatorem qui
				omnis quos oderat morte multabat quisquam egit isto modo. <reg>ipse</reg> iubebat
				occidi nullo postulante, praemiis<note>praemiis <hi rend="italics"><foreign
							xml:lang="grc">a</foreign>BD</hi>: praem. etiam <hi rend="italics"
							>E<foreign xml:lang="grc">g</foreign></hi></note> invitabat; quae tamen
				crudelitas ab hoc eodem<note><lemma>eodem</lemma> etiam <foreign xml:lang="grc"
						>g</foreign></note> aliquot annis post quem tu nunc crudelem esse vis
				vindicata est. <milestone n="5" unit="chapter"/>'<reg>ego</reg> vero istud non
				postulo' inquies. <reg>ita</reg> me hercule existimo, Tubero. Novi enim te, novi
				patrem, novi domum nomenque vestrum; studia<note>studia denique <foreign
						xml:lang="grc">g</foreign></note> generis ac familiae vestrae virtutis,
				humanitatis, doctrinae, plurimarum artium atque optimarum nota mihi sunt<note>sunt
					omnia <foreign xml:lang="grc">b</foreign></note>. <milestone n="13"
					unit="section"/><reg>itaque</reg> certo scio vos non petere sanguinem, sed parum
				attenditis. <reg>res</reg> enim eo<note>eo mortem <hi rend="italics">hm</hi></note>
				spectat ut ea poena in qua adhuc Q. Ligarius sit non videamini esse contenti.
					<reg>quae</reg> est<note>est <hi rend="italics">Wesenberg</hi></note> igitur
				alia praeter mortem? <reg>si</reg> enim est in exsilio, sicuti est, quid amplius
				postulatis? an, ne ignoscatur<note>ignoscatur <hi rend="italics">ed. R</hi>:
					ignoscat <hi rend="italics">codd.</hi> (<hi rend="italics">etiam E e coll.
						mea</hi>)</note>? <reg>hoc</reg> vero multo acerbius multoque<note>multoque
						<hi rend="italics"><foreign xml:lang="grc">a</foreign>Ea</hi>: multo <hi
						rend="italics">hm</hi>: est <hi rend="italics">post</hi> -que <hi
						rend="italics">add. B</hi> (<hi rend="italics">in ras.</hi>) <hi
						rend="italics">D, Zielinski, p.</hi> 212</note> durius.
					<reg>quodne</reg><note>quodne <hi rend="italics"><foreign xml:lang="grc"
							>a</foreign>m</hi>: quod <hi rend="italics"><foreign xml:lang="grc"
							>b</foreign>a</hi>: si quod <hi rend="italics">h</hi></note> nos
					petimus<note>petimus <hi rend="italics">cod. Gruteri</hi>: domi petimus <hi
						rend="italics">cett.</hi> (domi <hi rend="italics">ex l.</hi> 24 <hi
						rend="italics">irrepsit</hi>)</note> precibus ac<note>ac <foreign
						xml:lang="grc">a</foreign>: et <foreign xml:lang="grc">g</foreign>: <hi
						rend="italics">om.</hi>
					<foreign xml:lang="grc">b</foreign></note> lacrimis, strati ad pedes, non tam
				nostrae causae fidentes quam huius humanitati, id ne impetremus
					pugnabis<note>oppugnabis <foreign xml:lang="grc">b</foreign></note>, et in
				nostrum fletum inrumpes, et nos iacentis ad pedes supplicum voce prohibebis?
					<reg>si</reg>, <milestone n="14" unit="section"/>cum hoc domi faceremus, quod et
				fecimus et, ut spero, non frustra fecimus, tu repente inruisses et clamare coepisses
				'C. Caesar, cave credas<note>cave credas <foreign xml:lang="grc">g</foreign>: <hi
						rend="italics">om.</hi>
					<foreign xml:lang="grc">ab</foreign></note>, cave ignoscas, cave te fratrum pro
				fratris salute obsecrantium misereat<note>misereatur <hi rend="italics">Priscian
						K.</hi> ii. 392</note>,' nonne omnem humanitatem exuisses? <reg>quanto</reg>
				hoc durius, quod nos domi petimus, id a te in foro oppugnari<note>id te... oppugnare
						<hi rend="italics">cod. Lambini</hi></note> et in tali miseria multorum
				perfugium misericordiae tolli<note>tolli <hi rend="italics">scripsi</hi>: tollere
						<hi rend="italics">codd.</hi></note>? <reg>dicam</reg> plane, Caesar, quod
				sentio. <milestone n="15" unit="section"/><reg>si</reg> in tanta<note>in hac tanta
						<hi rend="italics"><foreign xml:lang="grc">b</foreign>a</hi></note> tua
				fortuna lenitas<note><lemma>tua fortuna lenitas</lemma> fortuna bonitas <hi
						rend="italics">Quintil.</hi> viii. 3. 85</note> tanta non esset, quam tu per
				te, per te<note>per te, per te <foreign xml:lang="grc">g</foreign>: per te <foreign
						xml:lang="grc">ab</foreign> (<hi rend="italics">variant codd.
					Quintil.</hi>)</note>, inquam, obtines—intellego quid loquar—, acerbissimo luctu
				redundaret ista victoria. <reg>quam</reg> multi enim essent de victoribus qui te
				crudelem esse vellent, cum etiam de victis reperiantur! quam multi qui<note>qui <hi
						rend="italics">om.</hi>
					<foreign xml:lang="grc">b</foreign></note> cum a te ignosci nemini vellent,
				impedirent clementiam tuam, cum<note>cum etiam <foreign xml:lang="grc"
					>b</foreign></note> hi quibus ipsis<note>ipsis <hi rend="italics">AV</hi>: ipse
						<hi rend="italics">cett.</hi></note> ignovisti nolint te esse in alios
				misericordem! <milestone n="16" unit="section"/><reg>quod</reg> si probare Caesari
				possemus in Africa Ligarium omnino non fuisse, si honesto et misericordi mendacio
				saluti civi calamitoso esse vellemus, tamen hominis non esset in tanto discrimine et
				periculo civis refellere et coarguere<note>redarguere <foreign xml:lang="grc"
						>b</foreign></note> nostrum mendacium, et, si esset alicuius, eius certe non
				esset qui in eadem causa et fortuna fuisset. <reg>sed</reg> tamen aliud est errare
				Caesarem nolle, aliud est nolle<note>est nolle <foreign xml:lang="grc">ab</foreign>:
					nolle <hi rend="italics">a</hi>: non <hi rend="italics">hm</hi></note> misereri.
					<reg>tum</reg> diceres<note>tunc <foreign xml:lang="grc">b</foreign></note>:
				'Caesar, cave credas: fuit in Africa<note>Afr. Ligarius <foreign xml:lang="grc"
						>g</foreign></note>, tulit arma contra te.' <reg>nunc</reg> quid dicis?
					'<reg>cave</reg> ignoscas.' <reg>haec</reg> nec hominis nec ad hominem vox est.
					<reg>qua</reg> qui apud te, C. Caesar, utetur<note>utetur <hi rend="italics"
							><foreign xml:lang="grc">a</foreign>BDa</hi>: utitur <hi rend="italics"
						>Ehm</hi></note>, suam citius abiciet humanitatem quam extorquebit tuam.
					<milestone n="6" unit="chapter"/><milestone n="17" unit="section"/></p>
			<p><reg>ac</reg> primus aditus et postulatio Tuberonis haec, ut opinor, fuit, velle se
				de Q. Ligari scelere dicere. <reg>non</reg> dubito quin admiratus sis, vel quod
				nullo de alio<note>nullo de alio <hi rend="italics"><foreign xml:lang="grc"
							>a</foreign>a</hi>: de nullo alio <hi rend="italics"><foreign
							xml:lang="grc">b</foreign>hm</hi></note> quisquam<note>quisquam <hi
						rend="italics"><foreign xml:lang="grc">ab</foreign>m</hi>: quicquam <hi
						rend="italics">ah, ut voluit Haupt</hi>: <hi rend="italics">del.
						Mommsen</hi></note>, vel quod is qui in eadem causa fuisset, vel quidnam
				novi sceleris<note>sceleris <hi rend="italics">del. Patricius</hi></note> adferret.
					'<reg>scelus</reg>' tu illud vocas, Tubero? cur? isto enim nomine illa adhuc
				causa caruit. Alii errorem appellant, alii timorem; qui durius, spem, cupiditatem,
				odium, pertinaciam; qui gravissime, temeritatem: scelus praeter te adhuc nemo.
					<reg>ac</reg> mihi quidem, si proprium et verum nomen nostri mali
					quaeritur<note>quaeratur <foreign xml:lang="grc">b</foreign></note>, fatalis
				quaedam calamitas incidisse videtur et improvidas hominum mentis occupavisse, ut
				nemo mirari debeat humana consilia divina necessitate esse superata. <milestone
					n="18" unit="section"/><reg>liceat</reg> esse miseros—quamquam hoc victore esse
				non possumus; sed non loquor de nobis, de illis loquor qui occiderunt—fuerint
				cupidi, fuerint irati, fuerint pertinaces: sceleris vero crimine, furoris, parricidi
				liceat Cn. Pompeio mortuo, liceat multis aliis carere. <reg>quando</reg> hoc ex te
					quisquam<note>quisquam ex te <foreign xml:lang="grc">b</foreign></note>, Caesar,
				audivit, aut tua quid aliud arma voluerunt nisi a te contumeliam
					propulsare<note>propulsare <hi rend="italics">C<foreign xml:lang="grc"
							>ab</foreign>a</hi>: -sari <hi rend="italics">hm</hi></note>?
					<reg>quid</reg> egit tuus invictus exercitus nisi uti<note>uti <hi
						rend="italics">C<foreign xml:lang="grc">a</foreign></hi>: ut <foreign
						xml:lang="grc">bg</foreign></note> suum ius tueretur et dignitatem tuam?
					<reg>quid</reg>? tu, cum pacem esse cupiebas, idne agebas ut tibi cum sceleratis
				an ut cum bonis civibus<note>civibus <hi rend="italics">om. C<foreign xml:lang="grc"
							>a</foreign></hi></note> conveniret? <milestone n="19" unit="section"
					/><reg>mihi</reg> vero, Caesar<note>Caesar <foreign xml:lang="grc">b</foreign>:
						<hi rend="italics">om.</hi>
					<foreign xml:lang="grc">ag</foreign></note>, tua in me maxima merita tanta certe
				non viderentur, si me ut sceleratum a te conservatum putarem. <reg>quo</reg> modo
				autem tu de re publica bene meritus esses<note>esses si <foreign xml:lang="grc"
						>g</foreign></note>, cum tot sceleratos incolumi dignitate esse voluisses?
					<reg>secessionem</reg> tu illam existimavisti, Caesar, initio, non bellum, nec
				hostile odium, sed civile discidium, utrisque<note>neque <foreign xml:lang="grc"
						>b</foreign></note> cupientibus rem publicam salvam<note>salvam esse
						<foreign xml:lang="grc">g</foreign></note>, sed partim consiliis, partim
				studiis a communi utilitate aberrantibus. <reg>principum</reg> dignitas erat paene
				par, non par fortasse eorum qui sequebantur; causa tum dubia, quod erat aliquid in
				utraque parte quod probari posset; nunc melior<note>melior certe <foreign
						xml:lang="grc">g</foreign></note> ea iudicanda est quam etiam di adiuverunt.
					<reg>cognita</reg> vero clementia tua quis non eam victoriam probet in qua
				occiderit nemo nisi armatus? <milestone n="7" unit="chapter"/><milestone n="20"
					unit="section"/></p>
			<p><reg>sed</reg>, ut omittam communem causam, veniamus ad nostram. Vtrum tandem
				existimas facilius fuisse, Tubero, Ligario<note>Ligario <hi rend="italics">C<foreign
							xml:lang="grc">a</foreign></hi>: Ligarium <foreign xml:lang="grc"
						>bg</foreign></note> ex Africa exire an vobis<note>vobis <hi rend="italics"
						>D1</hi>: nobis <hi rend="italics">C<foreign xml:lang="grc">a</foreign></hi>
						(<hi rend="italics">etiam A e coll. mea</hi>): vos <hi rend="italics"
						>D2BE</hi> (exire... Africam <hi rend="italics">om.</hi>
					<foreign xml:lang="grc">g</foreign>)</note> in Africam non venire?
					'<reg>poteramusne</reg>,' inquies, 'cum senatus censuisset?' <reg>si</reg> me
				consulis, nullo modo; sed tamen Ligarium senatus idem legaverat. <reg>atque</reg>
				ille eo tempore paruit cum parere senatui necesse erat; vos tum paruistis cum paruit
				nemo qui<note>tunc <foreign xml:lang="grc">b</foreign></note> noluit.
					<reg>reprehendo</reg> igitur? <reg>minime</reg> vero. <reg>neque</reg> enim
				licuit aliter vestro generi, nomini, familiae, disciplinae. <reg>sed</reg> hoc non
				concedo ut, quibus rebus gloriemini in vobis, easdem in aliis reprehendatis.
					<milestone n="21" unit="section"/>Tuberonis<note>Tuberoni <foreign
						xml:lang="grc">b</foreign></note> sors coniecta est ex senatus consulto, cum
				ipse non adesset, morbo etiam impediretur: statuerat excusari<note>excusari <hi
						rend="italics">C2H</hi> (<hi rend="italics">cf. Phil.</hi> v. 14): excusare
						<hi rend="italics">cett.</hi></note>. <reg>haec</reg> ego novi propter omnis
				necessitudines quae mihi sunt cum L. Tuberone: domi<note>domo <hi rend="italics"
							>C<foreign xml:lang="grc">a</foreign></hi></note> una eruditi, militiae
				contubernales, post adfines, in omni<note>omni <hi rend="italics">C<foreign
							xml:lang="grc">a</foreign></hi>: omni denique <foreign xml:lang="grc"
						>bg</foreign></note> vita familiares; magnum etiam vinculum quod isdem
				studiis semper usi sumus. <reg>scio</reg><note>scio igitur <foreign xml:lang="grc"
						>b</foreign></note> Tuberonem domi manere voluisse: sed ita quidam agebant,
				ita rei publicae sanctissimum nomen opponebant<note>agebat... opponebat <hi
						rend="italics">BE</hi></note> ut, etiam si aliter sentiret,
					virorum<note>virorum <hi rend="italics">C<foreign xml:lang="grc"
						>a</foreign>a</hi>: verborum <hi rend="italics"><foreign xml:lang="grc"
							>b</foreign>hm</hi></note> tamen ipsorum pondus sustinere non posset.
					<milestone n="22" unit="section"/><reg>cessit</reg> auctoritati amplissimi
					viri<note>ampl. viri auct. <hi rend="italics">Isidorus</hi> v. 25. 32</note> vel
				potius paruit: una est profectus cum eis quorum erat una causa. <reg>tardius</reg>
				iter fecit; itaque in Africam venit iam occupatam. <reg>hinc</reg> in Ligarium
				crimen oritur vel ira potius. <reg>nam</reg> si crimen est voluisse<note>voluisse
						<hi rend="italics">Baiter</hi>: prohibere illa voluisse <hi rend="italics"
							>C<foreign xml:lang="grc">a</foreign>a</hi>: illum voluisse <hi
						rend="italics"><foreign xml:lang="grc">b</foreign>hm</hi>: illa voluisse <hi
						rend="italics">Zielinski</hi></note>, non minus magnum est vos Africam,
				arcem omnium provinciarum, natam ad bellum contra hanc urbem gerendum, obtinere
				voluisse quam aliquem se maluisse. <reg>atque</reg> is tamen aliquis Ligarius non
				fuit: Varus imperium se habere dicebat; fascis certe habebat. <milestone n="23"
					unit="section"/><reg>sed</reg> quoquo modo se illud habet<note>habeat <foreign
						xml:lang="grc">b</foreign></note>, haec querela, Tubero, vestra quid valet?
					'<reg>recepti</reg> in provinciam non sumus.' <reg>quid</reg>, si essetis?
				Caesarine eam tradituri fuistis<note>fuistis <foreign xml:lang="grc">a</foreign>:
					fuissetis <foreign xml:lang="grc">bg</foreign></note> an contra Caesarem
				retenturi? <milestone n="8" unit="chapter"/><reg>vide</reg> quid licentiae, Caesar,
					nobis<note>nobis Caesar <hi rend="italics">C<foreign xml:lang="grc"
						>a</foreign></hi>: Caesar nobis <foreign xml:lang="grc">bg</foreign></note>
				tua liberalitas det vel potius audaciae. <reg>si</reg> responderit Tubero, Africam,
				quo senatus eum sorsque miserat, tibi patrem suum traditurum fuisse, non dubitabo
				apud ipsum te cuius id eum facere interfuit gravissimis verbis eius consilium
				reprehendere. <reg>non</reg> enim, si tibi ea res grata fuisset, esset etiam
					approbata<note>adprobata <hi rend="italics">CAVa</hi>: eadem probata <hi
						rend="italics">H</hi>: probata <hi rend="italics"><foreign xml:lang="grc"
							>b</foreign>hm</hi></note>. <milestone n="24" unit="section"
					/><reg>sed</reg> iam hoc totum omitto, non ultra<note>non ultra (nontra <hi
						rend="italics">C1A1</hi>) <hi rend="italics">C<foreign xml:lang="grc"
							>a</foreign></hi>: non tam ne <hi rend="italics">Dm</hi>: non tam ut non
						<hi rend="italics">ah</hi>: non tam propter id ne <hi rend="italics"
					>BE</hi></note> offendam tuas patientissimas auris quam ne Tubero quod numquam
				cogitavit facturus fuisse videatur. <reg>veniebatis</reg> igitur in
						provinciam<note><lemma>in provinciam</lemma> in (<hi rend="italics">om.
						C2</hi>) Africam <hi rend="italics">add. post</hi> in prov. <hi
						rend="italics">H, ante</hi> in prov. <hi rend="italics">CAV, ante</hi> prov.
						(<hi rend="italics">sine</hi> in) <foreign xml:lang="grc">bg</foreign>, <hi
						rend="italics">ego delevi</hi></note>, unam ex omnibus huic victoriae maxime
					infensam<note>infensam <hi rend="italics">C<foreign xml:lang="grc"
						>a</foreign></hi>: infestam <foreign xml:lang="grc">bg</foreign></note>, in
				qua rex<note>rex <hi rend="italics">C<foreign xml:lang="grc">a</foreign>am</hi>:
					erat rex <foreign xml:lang="grc">b</foreign>: rex erat <hi rend="italics"
					>h</hi></note> potentissimus inimicus huic causae, aliena voluntas conventus
				firmi atque magni. <reg>quaero</reg>: <reg>quid</reg> facturi fuistis<note>fuissetis
						<foreign xml:lang="grc">g</foreign></note>? quamquam quid facturi fueritis
					dubitem<note>dubitem <hi rend="italics">C<foreign xml:lang="grc"
						>a</foreign>D</hi>: non dubitem <hi rend="italics">BE<foreign xml:lang="grc"
							>g</foreign></hi></note>, cum videam quid feceritis?
					<reg>prohibiti</reg> estis in provincia vestra pedem ponere et prohibiti<note>et
					prohibiti <hi rend="italics">C<foreign xml:lang="grc">ab</foreign></hi>: ut
					prohibitis <hi rend="italics">m</hi>: ut perhibetis <hi rend="italics"
					>ah</hi></note> summa cum iniuria. <milestone n="25" unit="section"
					/><reg>quo</reg> modo id tulistis? acceptae iniuriae<note>acceptae iniuriae <hi
						rend="italics">C<foreign xml:lang="grc">ab</foreign>a</hi>: accepta iniuria
						<hi rend="italics">hm</hi></note> querelam ad quem detulistis?
					<reg>nempe</reg> ad eum cuius auctoritatem secuti in societatem belli veneratis.
					<reg>quod</reg> si Caesaris causa in provinciam veniebatis, ad eum profecto
				exclusi provincia venissetis. <reg>venistis</reg> ad Pompeium. <reg>quae</reg> est
				ergo apud Caesarem querela, cum eum accusetis a quo queramini prohibitos
					vos<note>proh. vos <hi rend="italics">C<foreign xml:lang="grc">a</foreign></hi>:
					vos proh. <foreign xml:lang="grc">g</foreign>: proh. esse vos <foreign
						xml:lang="grc">b</foreign></note> contra Caesarem gerere bellum?
					<reg>atque</reg> in hoc quidem vel cum mendacio, si voltis<note>vultis <hi
						rend="italics">C<foreign xml:lang="grc">a</foreign>Ba</hi>: velitis <hi
						rend="italics">DE</hi>: vis <hi rend="italics">hm et Prisc. K.</hi> iii. <hi
						rend="italics">p.</hi> 367</note>, gloriemini<note>gloriemini <hi
						rend="italics">C<foreign xml:lang="grc">a</foreign>B1a</hi>: -iari <hi
						rend="italics">B2DEhm</hi></note> per me licet, vos provinciam fuisse
				Caesari tradituros. <reg>etiam</reg> si a Varo et a<note><lemma>et a</lemma> et <hi
						rend="italics">C<foreign xml:lang="grc">a</foreign></hi></note> quibusdam
				aliis prohibiti estis<note>estis <hi rend="italics">C1, Garatoni</hi>: essetis <hi
						rend="italics">cett.</hi></note>, ego tamen confitebor culpam esse Ligari
				qui vos tantae laudis occasione privarit<note>privarit <hi rend="italics">C<foreign
							xml:lang="grc">a</foreign></hi>: privaverit <foreign xml:lang="grc"
						>bg</foreign></note>. <milestone n="9" unit="chapter"/><milestone n="26"
					unit="section"/><reg>sed</reg> vide, quaeso, Caesar, constantiam ornatissimi
				viri L. Tuberonis<note>L. <hi rend="italics">om.</hi>
					<foreign xml:lang="grc">b</foreign> (<hi rend="italics">etiam</hi> viri <hi
						rend="italics">E</hi>): L. Tub. <hi rend="italics">del. Baiter</hi></note>,
				quam ego, quamvis ipse probarem, ut probo, tamen non commemorarem, nisi a te
				cognovissem in primis eam virtutem solere laudari. <reg>quae</reg> fuit igitur
				umquam in ullo homine tanta constantia? Constantiam dico; nescio an melius
				patientiam possim dicere. <reg>quotus</reg> enim istud<note>istuc <hi rend="italics"
							>C<foreign xml:lang="grc">a</foreign></hi></note> quisque fecisset ut, a
				quibus partibus in dissensione civili non esset<note>esset etiam <foreign
						xml:lang="grc">b</foreign></note> receptus, essetque etiam cum<note>cum <hi
						rend="italics">om. C<foreign xml:lang="grc">a</foreign></hi></note>
				crudelitate reiectus, ad eas ipsas partis<note>eas ipsas partis <hi rend="italics"
							>C<foreign xml:lang="grc">a</foreign>a</hi>: eas ipsas <hi
						rend="italics">hm</hi>: eos ipsos <foreign xml:lang="grc">b</foreign></note>
				rediret? Magni cuiusdam animi atque eius viri quem de suscepta<note>est <hi
						rend="italics">post</hi> viri <hi rend="italics">add. Paris.</hi> 7779 (<hi
						rend="italics">k</hi>), <hi rend="italics">ed. V</hi></note> causa
				propositaque sententia nulla contumelia, nulla vis, nullum periculum
					posset<note>posset <hi rend="italics">C<foreign xml:lang="grc">a</foreign></hi>:
					possit <foreign xml:lang="grc">bg</foreign></note> depellere. <milestone n="27"
					unit="section"/>Vt enim cetera paria Tuberoni cum Varo fuissent,
					honos<note>honos <hi rend="italics">om. <foreign xml:lang="grc"
						>a</foreign>hm</hi></note>, nobilitas, splendor, ingenium, quae nequaquam
				fuerunt, hoc certe praecipuum Tuberonis quod iusto cum imperio ex senatus consulto
				in provinciam suam venerat. <reg>hinc</reg> prohibitus non ad Caesarem ne iratus,
				non domum ne iners, non aliquam in<note>in aliquam <foreign xml:lang="grc"
						>b</foreign> (<hi rend="italics">contra Rufinianum Rhet. L. p.</hi>
					46)</note> regionem ne condemnare causam illam quam secutus esset<note>erat
						<foreign xml:lang="grc">b</foreign></note> videretur: in Macedoniam
						ad<note><lemma>ad</lemma> in <hi rend="italics">C<foreign xml:lang="grc"
							>a</foreign></hi></note> Cn. Pompei castra venit, in eam ipsam causam a
				qua erat reiectus iniuria. <milestone n="28" unit="section"/><reg>quid</reg>?
					cum<note>cum iniuria <foreign xml:lang="grc">g</foreign></note> ista res nihil
				commovisset eius animum ad quem veneratis, languidiore, credo, studio in causa
				fuistis; tantum modo in praesidiis eratis, animi vero a causa abhorrebant: an, ut
				fit in civilibus bellis<note><hi rend="italics">post</hi> bellis <hi rend="italics"
						>lacunam statuit Madvig</hi>: <hi rend="italics">`anacoluthian ex parenthesi
						ortam' defendit Rau</hi></note>—nec in vobis magis<note>neque <hi
						rend="italics">C<foreign xml:lang="grc">a</foreign></hi></note> quam in
				reliquis; omnes enim vincendi studio tenebamur. <reg>pacis</reg> equidem semper
				auctor fui, sed tum sero; erat enim amentis, cum aciem videres, pacem cogitare.
					<reg>omnes</reg>, inquam, vincere volebamus; tu certe praecipue<note>praecipue
						<hi rend="italics">om.</hi>
					<foreign xml:lang="grc">a</foreign></note>, qui in eum locum
					venisses<note>veneras <foreign xml:lang="grc">b</foreign></note> ubi
					tibi<note>tibi <hi rend="italics">om.</hi>
					<foreign xml:lang="grc">a</foreign></note> esset pereundum, nisi vicisses.
					<reg>quamquam</reg>, ut nunc se res habet, non dubito quin hanc salutem
				anteponas illi victoriae. <milestone n="10" unit="chapter"/><milestone n="29"
					unit="section"/><reg>haec</reg> ego non dicerem, Tubero, si aut vos constantiae
				vestrae aut Caesarem benefici sui paeniteret. <reg>nunc</reg> quaero utrum vestras
				iniurias an rei publicae persequamini. <reg>si</reg> rei publicae, quid de vestra in
				illa causa perseverantia respondebitis? si vestras, videte ne erretis qui Caesarem
				vestris inimicis iratum fore putetis, cum ignoverit suis. </p>
			<p><reg>itaque</reg> num tibi videor in causa Ligari esse occupatus, num de eius facto
				dicere? <reg>quicquid</reg> dixi, ad unam summam referri volo vel humanitatis vel
				clementiae vel misericordiae<note>misericordiae <foreign xml:lang="grc">b</foreign>,
						<hi rend="italics">Zielinski</hi>: misericordiae tuae <foreign
						xml:lang="grc">ag</foreign></note>. <milestone n="30" unit="section"
					/><reg>causas</reg>, Caesar, egi multas equidem<note>equidem <hi rend="italics"
						>Aah</hi>: et quidem <hi rend="italics">HVD<foreign xml:lang="grc"
							>b</foreign>m</hi></note> tecum, dum te in foro tenuit ratio honorum
				tuorum, certe numquam hoc modo: '<reg>ignoscite</reg>, iudices; erravit, lapsus est,
				non putavit; si umquam posthac.' <reg>ad</reg> parentem sic agi solet, ad iudices:
					'<reg>non</reg> fecit, non cogitavit; falsi testes, fictum crimen.'
					<reg>dic</reg> te, Caesar, de facto Ligari iudicem esse; quibus in praesidiis
				fuerit quaere<note>quaere <hi rend="italics"><foreign xml:lang="grc"
						>b</foreign>h</hi>: quaerere <hi rend="italics"><foreign xml:lang="grc"
							>a</foreign>am</hi></note>: taceo, ne haec quidem conligo, quae fortasse
				valerent etiam apud iudicem: '<reg>legatus</reg> ante bellum profectus, relictus in
				pace, bello oppressus, in eo ipso non acerbus<note>acerbus fuit <foreign
						xml:lang="grc">g</foreign></note>, totus animo<note>totus animo <hi
						rend="italics"><foreign xml:lang="grc">a</foreign>a</hi>: tametsi totus <hi
						rend="italics">hm</hi>: tametsi totus animo <foreign xml:lang="grc"
						>b</foreign>: iam est totus animo <hi rend="italics">Madvig</hi></note> et
					studio<note>ac studio <foreign xml:lang="grc">b</foreign></note> tuus.'
					<reg>ad</reg> iudicem sic<note>sic <hi rend="italics"><foreign xml:lang="grc"
							>a</foreign>h</hi>: sic agi solet <hi rend="italics"><foreign
							xml:lang="grc">b</foreign>a</hi></note>, sed ego apud<note>apud <foreign
						xml:lang="grc">b</foreign>: ad <foreign xml:lang="grc">ag</foreign></note>
				parentem loquor: '<reg>erravi</reg>, temere feci<note>erravit... fecit <foreign
						xml:lang="grc">g</foreign></note>, paenitet; ad clementiam tuam confugio,
				delicti veniam peto, ut ignoscatur<note>ignoscas <foreign xml:lang="grc"
					>g</foreign></note> oro.' <reg>si</reg> nemo impetravit, adroganter: si plurimi,
				tu idem fer opem qui spem dedisti. <milestone n="31" unit="section"/><reg>an</reg>
				sperandi de Ligario causa non erit<note>de Lig. causa non erit <foreign
						xml:lang="grc">a</foreign>: Lig. causa non sit <foreign xml:lang="grc"
						>bg</foreign></note>, cum mihi apud te locus sit etiam pro altero
				deprecandi? <reg>quamquam</reg> nec in hac oratione spes est posita causae nec in
				eorum studiis qui a te pro Ligario petunt tui necessarii. <milestone n="11"
					unit="chapter"/><reg>vidi</reg> enim et cognovi quid maxime spectares, cum pro
				alicuius salute multi laborarent: causas apud te rogantium gratiosiores esse quam
					voltus<note>vultus <foreign xml:lang="grc">ag</foreign>: preces <foreign
						xml:lang="grc">b</foreign></note>, neque te spectare quam tuus esset
				necessarius is qui te oraret, sed quam illius<note>quam illius <hi rend="italics"
							><foreign xml:lang="grc">ab</foreign>a</hi>: quae (quam <hi
						rend="italics">m</hi>) illius causa <hi rend="italics">hm</hi></note> pro
				quo laboraret. <reg>itaque</reg> tribuis tu<note>tribuis tu <foreign xml:lang="grc"
						>a</foreign>: tribuisti <foreign xml:lang="grc">g</foreign>: tribuis
						<foreign xml:lang="grc">b</foreign></note> quidem tuis ita multa ut mihi
				beatiores illi<note>esse <hi rend="italics">ante</hi> illi <hi rend="italics">add.
						E, post</hi> illi <hi rend="italics">BD, ante</hi> beat. <foreign
						xml:lang="grc">g</foreign></note> videantur interdum qui tua liberalitate
					fruantur<note>fruantur <hi rend="italics"><foreign xml:lang="grc"
						>a</foreign>a</hi>: fruuntur <hi rend="italics"><foreign xml:lang="grc"
							>b</foreign>hm</hi></note> quam tu ipse qui illis tam multa concedas;
				sed video tamen apud te, ut dixi, causas<note>ut dixi causas <foreign xml:lang="grc"
						>a</foreign>: causas ut dixi <foreign xml:lang="grc">b</foreign>: ut dixi
					caus. rogantium <foreign xml:lang="grc">g</foreign></note> valere plus quam
				preces, ab eisque te moveri maxime quorum iustissimum videas dolorem in petendo.
					<milestone n="32" unit="section"/></p>
			<p><reg>in</reg> Q. Ligario conservando multis tu quidem gratum facies necessariis tuis,
				sed hoc, quaeso, considera, quod soles. <reg>possum</reg> fortissimos viros,
				Sabinos, tibi probatissimos, totumque agrum Sabinum, florem Italiae ac robur rei
				publicae, proponere<note>proponere.</note>. Nosti<note>Nosti <hi rend="italics">AH,
						ed. R</hi> (cf. <hi rend="italics">Phil.</hi> xiii. 30): proponere, nosti
						<hi rend="italics">vulg.</hi> optime <foreign xml:lang="grc">ag</foreign>:
					optimos <foreign xml:lang="grc">b</foreign></note> optime homines.
					<reg>animadverte</reg> horum omnium maestitiam et dolorem; huius T. Brocchi de
				quo non dubito quid existimes lacrimas squaloremque ipsius et fili vides. <milestone
					n="33" unit="section"/><reg>quid</reg> de fratribus dicam? <reg>noli</reg>,
				Caesar, putare de unius capite nos agere: aut tres Ligarii retinendi in
					civitate<note>tibi <hi rend="italics">ante</hi> in <hi rend="italics">add.</hi>
					<foreign xml:lang="grc">a</foreign>, <hi rend="italics">ante</hi> Lig. <foreign
						xml:lang="grc">b</foreign>, <hi rend="italics">post</hi> Lig. <foreign
						xml:lang="grc">g</foreign></note> sunt aut tres ex<note>e <hi rend="italics"
						>HDE</hi></note> civitate exterminandi. <reg>quodvis</reg><note>nam quodvis
						<foreign xml:lang="grc">b</foreign></note> exsilium his est optatius quam
				patria, quam domus, quam di penates, illo uno<note>illo uno <foreign xml:lang="grc"
						>a</foreign>: uno illo <foreign xml:lang="grc">bg</foreign></note>
				exsulante. <reg>si</reg> fraterne, si pie, si cum dolore faciunt, moveant te horum
				lacrimae, moveat pietas, moveat germanitas; valeat tua vox illa quae vicit.
					<reg>te</reg> enim dicere audiebamus nos omnis adversarios putare, nisi qui
				nobiscum essent; te omnis qui contra te non essent tuos. <reg>videsne</reg> igitur
				hunc splendorem omnem<note>omnium <foreign xml:lang="grc">b</foreign></note>, hanc
				Brocchorum domum, hunc L. Marcium, C. Caesetium, L. Corfidium, hos omnis equites
				Romanos qui adsunt veste mutata, non solum notos tibi verum etiam probatos
						viros<note><lemma>viros</lemma> tecum fuisse <hi rend="italics">add.</hi>
					<foreign xml:lang="grc">ag</foreign>: qui tecum fuerunt <hi rend="italics"
						>add.</hi>
					<foreign xml:lang="grc">b</foreign>: <hi rend="italics">del. Nohl e cod.
						Barberino, ego e coni.</hi> (<hi rend="italics">Anecd. p.</hi> xxxv)</note>.
					<reg>atque</reg> his irascebamur, hos requirebamus, his non nulli etiam
					minabantur<note>minabamur <foreign xml:lang="grc">b</foreign></note>.
					<reg>conserva</reg> igitur tuis suos ut, quem ad modum cetera quae dicta sunt a
				te, sic hoc verissimum reperiatur. <milestone n="12" unit="chapter"/><reg>quod</reg>
				si penitus perspicere posses concordiam Ligariorum, <milestone n="34" unit="section"
				/> omnis fratres tecum iudicares fuisse. <reg>an</reg> potest quisquam dubitare
				quin, si Q. Ligarius in Italia esse potuisset, in eadem sententia
					futurus<note>fuisset futurus <foreign xml:lang="grc">b</foreign></note> fuerit
				in qua fratres fuerunt? <reg>quis</reg> est qui horum consensum conspirantem et
				paene conflatum in hac prope aequalitate fraterna noverit<note>noverit <hi
						rend="italics">Hansing</hi>: non noverit <hi rend="italics"
					>codd.</hi></note> qui hoc non sentiat, quidvis prius futurum fuisse quam ut hi
				fratres diversas sententias fortunasque sequerentur? <reg>voluntate</reg> igitur
				omnes tecum fuerunt: tempestate abreptus est unus qui, si consilio id fecisset,
				esset eorum similis quos tu tamen salvos esse voluisti. <milestone n="35"
					unit="section"/><reg>sed</reg> ierit ad bellum, dissenserit non a te solum verum
				etiam a fratribus: hi te orant tui. <reg>equidem</reg>, cum tuis omnibus negotiis
				interessem, memoria teneo qualis T. Ligarius quaestor urbanus fuerit erga te et
				dignitatem tuam. <reg>sed</reg> parum est me hoc meminisse: spero etiam te qui
				oblivisci nihil soles nisi iniurias—cum hoc est animi, tum<note>cum... tum <hi
						rend="italics">scripsi</hi>: quam... tam <hi rend="italics"><foreign
							xml:lang="grc">a</foreign>a</hi>: quam... quam <hi rend="italics"
							><foreign xml:lang="grc">b</foreign>h<foreign xml:lang="grc"
						>s</foreign></hi>: quoniam... quoniam <hi rend="italics">edV.</hi></note>
				etiam ingeni tui—te aliquid de huius illo quaestorio officio, etiam de aliis
				quibusdam quaestoribus reminiscentem recordari. <milestone n="36" unit="section"
					/><reg>hic</reg> igitur T. Ligarius, qui tum nihil egit aliud—neque enim haec
				divinabat—nisi ut tui se<note>tui se <hi rend="italics">scripsi</hi>: eum tuis <hi
						rend="italics">H</hi>: eum tui <hi rend="italics">AV</hi>: tu eum <foreign
						xml:lang="grc">bg</foreign>: tui eum <hi rend="italics"
					>Patricius</hi></note> studiosum et bonum virum iudicares, nunc a te supplex
				fratris salutem petit. <reg>quam</reg> huius admonitus officio cum utrisque his
				dederis, tris fratres optimos et integerrimos non solum sibi ipsos<note>ipsos <hi
						rend="italics"><foreign xml:lang="grc">ab</foreign>a</hi>: ipsis <hi
						rend="italics">h<foreign xml:lang="grc">s</foreign></hi> tot <hi
						rend="italics"><foreign xml:lang="grc">a</foreign>BD</hi>: tot ac <hi
						rend="italics">E<foreign xml:lang="grc">g</foreign></hi></note> neque his
				tot talibus viris neque nobis necessariis tuis<note>tuis <foreign xml:lang="grc"
						>b</foreign>: <hi rend="italics">om.</hi>
					<foreign xml:lang="grc">ag</foreign></note> sed etiam rei publicae condonaveris.
					<milestone n="37" unit="section"/><reg>fac</reg> igitur, quod de homine
				nobilissimo et clarissimo fecisti<note>clar. M. Marcello restituto <foreign
						xml:lang="grc">g</foreign></note> nuper in curia, nunc idem in foro de
				optimis et huic omni frequentiae probatissimis fratribus. Vt concessisti illum
				senatui, sic da hunc populo, cuius voluntatem carissimam semper habuisti, et, si
				ille dies tibi gloriosissimus, populo Romano gratissimus fuit, noli, obsecro,
				dubitare, C. Caesar, similem illi gloriae laudem quam saepissime quaerere.
					<reg>nihil</reg> est tam populare quam bonitas, nulla de virtutibus tuis
				plurimis nec admirabilior nec gratior misericordia est. <reg>homines</reg> enim ad
				deos nulla re propius accedunt quam salutem hominibus dando<note>salute hom. danda
						<hi rend="italics">h<foreign xml:lang="grc">s</foreign>, ut voluit
						Müller</hi></note>. <reg>nihil</reg> habet nec fortuna tua maius quam ut
				possis, nec natura melius quam ut velis servare quam plurimos. <reg>longiorem</reg>
				orationem causa forsitan postulet<note>postulet <hi rend="italics">H</hi>: postulat
						<hi rend="italics">cett.</hi></note>, tua certe natura breviorem.
					<reg>qua</reg> re cum utilius esse arbitrer te ipsum quam aut me<note>quam me
						<foreign xml:lang="grc">b</foreign></note> aut quemquam loqui tecum, finem
				iam faciam: tantum te admonebo, si illi absenti salutem dederis, praesentibus te his
					daturum<note>te his daturum <foreign xml:lang="grc">a</foreign>: his te dat.
						<foreign xml:lang="grc">g</foreign>: his omnibus dat. <foreign
						xml:lang="grc">b</foreign></note>. </p>
		</body>
	</text>
</TEI>
