<?xml version="1.0" encoding="UTF-8"?>
<ti:work xmlns:ti="http://chs.harvard.edu/xmlns/cts" groupUrn="urn:cts:greekLit:tlg0007" projid="greekLit:tlg069" urn="urn:cts:greekLit:tlg0007.tlg069" xml:lang="grc">
<ti:title xml:lang="lat">De recta ratione audiendi</ti:title>

<ti:translation urn="urn:cts:greekLit:tlg0007.tlg069.perseus-eng3" workUrn="urn:cts:greekLit:tlg0007.tlg069" xml:lang="eng">
    <ti:label xml:lang="eng">On Listening to Lectures</ti:label>
    <ti:description xml:lang="mul">Plutarch. Moralia, Vol. I. Babbitt, Frank Cole, translator. Cambridge, MA: Harvard University Press. London: William Heinemann Ltd. 1927 (printing).</ti:description>
</ti:translation>

<ti:translation urn="urn:cts:greekLit:tlg0007.tlg069.perseus-eng4" workUrn="urn:cts:greekLit:tlg0007.tlg069" xml:lang="eng">
    <ti:label xml:lang="eng">Of Hearing</ti:label>
    <ti:description xml:lang="eng">Plutarch. Plutarch's Morals, Vol. I. Goodwin, William W., editor; Hoy, Thomas, translator. Boston: Little, Brown, and Company. Cambridge. 1874.</ti:description>
</ti:translation>

<ti:edition urn="urn:cts:greekLit:tlg0007.tlg069.perseus-grc2" workUrn="urn:cts:greekLit:tlg0007.tlg069" xml:lang="grc">
    <ti:label xml:lang="grc">Περὶ τοῦ ἀκούειν.</ti:label>
    <ti:description xml:lang="mul">Plutarch. Plutarchi Chaeronensis Moralia, Vol I. Vernardakēs, Grēgorios N., editor.  Leipzig: Teubner. 1888.</ti:description>
</ti:edition>
</ti:work>

