<?xml version="1.0" encoding="UTF-8"?>
<ti:work xmlns:ti="http://chs.harvard.edu/xmlns/cts" groupUrn="urn:cts:greekLit:tlg0007" projid="greekLit:tlg032" urn="urn:cts:greekLit:tlg0007.tlg032" xml:lang="grc">
   
      <ti:title xml:lang="eng">Lysander</ti:title>
      
   <ti:translation urn="urn:cts:greekLit:tlg0007.tlg032.perseus-eng2" workUrn="urn:cts:greekLit:tlg0007.tlg032" xml:lang="eng">
      <ti:label xml:lang="eng">Lysander</ti:label>
      <ti:description xml:lang="eng">Plutarch, creator; Plutarch's Lives Volume IV; Perrin, Bernadotte, translator; Cambridge, MA. Harvard University Press. London. William Heinemann Ltd. 1916.</ti:description>
      </ti:translation>
   
    
   <ti:edition urn="urn:cts:greekLit:tlg0007.tlg032.perseus-grc2" workUrn="urn:cts:greekLit:tlg0007.tlg032" xml:lang="grc">
      <ti:label xml:lang="eng">Lysander</ti:label>
      <ti:description xml:lang="eng">Plutarch, creator; Perrin, Bernadotte, translator; Perrin, Bernadotte, editor; Plutarch's Lives Volume IV; Cambridge, MA. Harvard University Press. London. William Heinemann Ltd. 1916.</ti:description>
   </ti:edition>

</ti:work>
