<?xml version="1.0" encoding="UTF-8"?>
<?xml-model href="http://www.stoa.org/epidoc/schema/latest/tei-epidoc.rng" schematypens="http://relaxng.org/ns/structure/1.0"?>
<TEI xmlns="http://www.tei-c.org/ns/1.0">
	<teiHeader>
      <fileDesc>
         <titleStmt>
            <title type="sub">Machine readable text</title>
            <title n="Lys." type="work">Lysander</title>
            <author n="Plut.">Plutarch</author>
         	<editor>Bernadotte Perrin</editor>
         	<sponsor>Perseus Project, Tufts University</sponsor>
         	<principal>Gregory Crane</principal>
         	<respStmt>
         		<resp>Prepared under the supervision of</resp>
         		<name>Lisa Cerrato</name>
         		<name>William Merrill</name>
         		<name>Elli Mylonas</name>
         		<name>David Smith</name>
         	</respStmt>
         	<funder n="org:AnnCPB">The Annenberg CPB/Project</funder>
         </titleStmt>
         <extent>about 84Kb</extent>
      	<publicationStmt>
      		<publisher>Trustees of Tufts University</publisher>
      		<pubPlace>Medford, MA</pubPlace>
      		<authority>Perseus Project</authority>
      	</publicationStmt>
      	
      	<sourceDesc>
            <biblStruct>
               
               <monogr>
                  <author>Plutarch</author>
                  <title>Plutarch's Lives</title>
               	<idno type="ISBN">0674990897</idno>
                  <respStmt>
                     <resp>with an English Translation by</resp>
                     <name>Bernadotte Perrin</name>
                  </respStmt>
                  <imprint>
                     <pubPlace>Cambridge, MA</pubPlace>
                     <publisher>Harvard University Press</publisher>
                     <pubPlace>London</pubPlace>
                     <publisher>William Heinemann Ltd.</publisher>
                     <date>1916</date>
                  </imprint>
                  <biblScope unit="volume">4</biblScope>
               </monogr>
               
            </biblStruct>
         </sourceDesc>
      </fileDesc>
      <encodingDesc>
         <editorialDecl>
            <correction status="high" method="silent">
               <p>optical character recognition</p>
            </correction>
         </editorialDecl>
      	<refsDecl n="CTS">
      		<cRefPattern n="section"
      			matchPattern="(\w+).(\w+)"
      			replacementPattern="#xpath(/tei:TEI/tei:text/tei:body/tei:div/tei:div[@n='$1']/tei:div[@n='$2'])">
      			<p>This pointer pattern extracts chapter and section</p>
      		</cRefPattern>
      		<cRefPattern n="chapter"
      			matchPattern="(\w+)"
      			replacementPattern="#xpath(/tei:TEI/tei:text/tei:body/tei:div/tei:div[@n='$1'])">
      			<p>This pointer pattern extracts chapter</p>
      		</cRefPattern>
      	</refsDecl>
      	<refsDecl>
      		<refState unit="chapter" delim="."/>
      		<refState unit="section"/>
      	</refsDecl>
      </encodingDesc>
      <profileDesc>
         <langUsage>
            <language ident="eng">English</language>
            <language ident="grc">Greek</language>
         </langUsage>
      </profileDesc>
      <revisionDesc> 
      	<change when="2018-02-16" who="Lisa Cerrato">EpiDoc and CTS file conversion</change>
<change when="2013-09-13" who="balmas01">moving Greg's work-in-progress on CTS-izing greco-roman collection texts to a Work directory</change> <change when="2013-06-29" who="gcrane">chapters are now divs</change> 
      	<change when="2010-11-30" who="balmas01">getting rid of angle brackets in commit comments</change> 
      	<change when="2010-11-19" who="balmas01">Normalizing quote q and lb</change> 
      	<change when="2009-12-15" who="rsingh04">converted demetrius, antony and comparison from sgml to xml and added to hopper. also replaced xml snippets in other plutarch files with their respective entities.</change> 
      	<change when="2009-12-07" who="rsingh04">moved more xml files around based on copyright status. split up Plutarch/plut_gk.xml into separate files and gave them their own doc ids.</change> 
      	<change when="2009-06-24" who="lcerrato">fixed bad bibls</change> 
      	<change when="2009-06-11" who="student">fixing citations - ad</change> 
      	<change when="2009-05-06" who="lcerrato">fixed bad bibls</change> 
      	<change when="2009-01-23" who="rsingh04">small fixes</change> 
      	<change when="2009-01-22" who="rsingh04">now validates and entities fixed</change> 
      	<change when="2001-09-28" who="lcerrato">cleaned up quotes, bibls and notes</change> 
      	<change when="2001-09-27" who="lcerrato">adding new tags for DE, ISBN, etc.</change>
      	<change when="2001-09-01" who="LMC">removed from group file, retagged and parsed</change>
      	<change when="2000-03-04" who="dasmith">Added separate funder entity to TEI header.</change> 
      	<change when="1999-07-28" who="dasmith">Added text to REFSDECL.</change> 
      	<change when="1999-07-09" who="textgod">Converted to TEI-conformant SGML.</change> 
      	<change when="1997-09-12"  who="David Smith">Made conformant with TEI P3.</change> 
		<change when="1992-10-22"  who="EM">Glued all Plutarch files together, put in HEAD tags to title them.</change> 
		<change when="1992-08-01"  who="DAS">Removed highlighted text, cleaned up notes and citations, and changed chapters to DIV2's.</change> 
		<change when="1991-08-01" who="EM">Revise DTDs and recheck texts.</change> 
      	<change when="1990-08-01" who="EM">Proofread by Ted Armstrong.</change>
	</revisionDesc> 	
      	
   </teiHeader>
   <text xml:lang="eng">
      <body>
      	<div type="translation" n="urn:cts:greekLit:tlg0007.tlg032.perseus-eng2" xml:lang="eng"> 
      		<head>LYSANDER</head> 
<div type="textpart" subtype="chapter" n="1">
<div type="textpart" subtype="section" n="1"><p>The treasury of the Acanthians at Delphi bears this inscription: <q type="written">Brasidas and the Acanthians, with spoil from the Athenians.</q> <note resp="editor" place="unspecified" anchored="true">In B.C. 424, Brasidas won Acanthus, a town on the Chalcidic peninsula, away from its alliance with Athens (<bibl n="Thuc. 4.84">Thuc. 4.84-88</bibl>).</note> For this reason many think that the marble figure standing within the edifice, by the door, is a statue of Brasidas. But it really represents Lysander, with his hair very long, after the ancient custom, and growing a generous beard. </p></div>
<div type="textpart" subtype="section" n="2"><p>For it is not true, as some state, that because the Argives, after their great defeat, shaved their heads for sorrow, the Spartans, in contrary fashion, let their hair grow long in exultation over their victory;<note resp="editor" place="unspecified" anchored="true"> <bibl n="Hdt. 1.82">Hdt. 1.82</bibl> </note> nor was it because the Bacchiadae,<note resp="editor" place="unspecified" anchored="true">An oligarchical family, deposed from rule in Corinth by Cypselus, about 650 B.C. (<bibl n="Hdt. 5.92">Hdt. 5.92</bibl>).</note> when they fled from Corinth to Lacedaemon, looked mean and unsightly from having shaved their heads, that the Spartans, on their part, became eager to wear their hair long; but this custom also goes back to Lycurgus. And he is reported to have said that a fine head of hair makes the handsome more comely to look upon, and the ugly more terrible.<note resp="editor" place="unspecified" anchored="true">Cf. <bibl n="Plut. Lyc. 22.1">Plut. Lyc. 22.1</bibl>.</note>  </p></div></div> 
<div type="textpart" subtype="chapter" n="2">
<div type="textpart" subtype="section" n="1"><p>The father of Lysander, Aristocleitus, is said to have been of the lineage of the Heracleidae, though not of the royal family. But Lysander was reared in poverty, and showed himself as much as any man conformable to the customs of his people; of a manly spirit, too, and superior to every pleasure, excepting only that which their good deeds bring to those who are successful and honored. To this pleasure it is no disgrace for the youth in Sparta to succumb. </p></div>
<div type="textpart" subtype="section" n="2"><p>Indeed, from the very first they wish their boys to be sensitive toward public opinion, distressed by censure, and exalted by praise; and he who is insensible and stolid in these matters, is looked down upon as without ambition for excellence, and a cumberer of the ground. Ambition, then, and the spirit of emulation, were firmly implanted in him by his Laconian training and and no great fault should be found with his natural disposition on this account. </p></div>
<div type="textpart" subtype="section" n="3"><p>But he seems to have been naturally subservient to men of power and influence, beyond what was usual in a Spartan, and content to endure an arrogant authority for the sake of gaining his ends, a trait which some hold to be no small part of political ability. And Aristotle, when he sets forth that great natures, like those of Socrates and Plato and Heracles, have a tendency to melancholy, writes also<note resp="editor" place="unspecified" anchored="true"> <bibl n="Aristot. Pr. 30.1">Aristot. Prob. 30.1</bibl> </note> that Lysander, not immediately, but when well on in years, was a prey to melancholy.</p></div>
<div type="textpart" subtype="section" n="4"><p>But what is most peculiar in him is that, though he bore poverty well, and though he was never mastered nor even corrupted by money, yet he filled his country full of wealth and the love of wealth, and made her cease to be admired for not admiring wealth, importing as he did an abundance of gold and silver after the war with Athens, although he kept not a single drachma for himself. </p></div>
<div type="textpart" subtype="section" n="5"><p>And when Dionysius the tyrant sent his daughters some costly tunics of Sicilian make, he would not receive them, saying he was afraid they would make his daughters look more ugly. But a little later, when he was sent as ambassador to the same tyrant from the same city, and was presented by him with two robes, and ordered to choose which of them he would, and carry it to his daughter, he said that she could choose better herself, and went off with both of them.  </p></div></div> 
<div type="textpart" subtype="chapter" n="3">
<div type="textpart" subtype="section" n="1"><p>The Peloponnesian war had now been carried on for a long time, and after their disaster in Sicily<note resp="editor" place="unspecified" anchored="true">413 B.C. Cf. <bibl n="Thuc. 8.2">Thuc. 8.2</bibl>.</note> it was expected that the Athenians would straightway lose their control of the sea, and presently give up the struggle altogether. But Alcibiades, returning from exile and taking the command, wrought a great change, and made his countrymen again a match for their enemies by sea.<note resp="editor" place="unspecified" anchored="true">Cf. <bibl n="Plut. Alc. 32.4">Plut. Alc. 32.4</bibl> </note> </p></div>
<div type="textpart" subtype="section" n="2"><p>The Lacedaemonians, accordingly, were frightened again, and summoning up fresh zeal for the war, which required, as they thought, an able leader and a more powerful armament, sent out Lysander to take command upon the sea.<note resp="editor" place="unspecified" anchored="true">In the autumn of 408 B.C.</note> When he came to Ephesus, he found the city well disposed to him and very zealous in the Spartan cause, although it was then in a low state of prosperity and in danger of becoming utterly barbarized by the admixture of Persian customs, since it was enveloped by Lydia, and the King’s generals made it their headquarters. </p></div>
<div type="textpart" subtype="section" n="3"><p>He therefore pitched his camp there, and ordered the merchant vessels from every quarter to land their cargoes there, and made preparations for the building of triremes. Thus he revived the traffic of their harbors, and the business of their market, and filled their houses and workshops with profits, so that from that time on, and through his efforts, the city had hopes of achieving the stateliness and grandeur which it now enjoys.  </p></div></div> 
<div type="textpart" subtype="chapter" n="4">
<div type="textpart" subtype="section" n="1"><p>When he learned that Cyrus, the King’s son, was come to Sardis,<note resp="editor" place="unspecified" anchored="true">He succeeded Tissaphernes as satrap of Lydia.</note> he went up to confer with him and to accuse Tissaphernes, who, though he was commissioned to aid the Lacedaemonians and drive the Athenians from the sea, was thought to be remiss in his duty, through the efforts of Alcibiades,<note resp="editor" place="unspecified" anchored="true">Cf. <bibl n="Plut. Alc. 25.1">Plut. Alc. 25.1-2</bibl>.</note> showing lack of zeal, and destroying the efficiency of the fleet by the meagre subsidies which he gave. </p></div>
<div type="textpart" subtype="section" n="2"><p>Now Cyrus was well pleased that Tissaphernes, who was a base man and privately at feud with him, should be accused and maligned. By this means, then, as well as by his behavior in general, Lysander made himself agreeable, and by the submissive deference of his conversation, above all else, he won the heart of the young prince, and roused him to prosecute the war with vigor. </p></div>
<div type="textpart" subtype="section" n="3"><p>At a banquet which Cyrus gave him as he was about to depart, the prince begged him not to reject the tokens of his friendliness, but to ask plainly for whatever he desired, since nothing whatsoever would be refused him. <q type="spoken">Since, then,</q> said Lysander in reply, <q type="spoken">thou art so very kind, I beg and entreat thee, Cyrus, to add an obol to the pay of my sailors, that they may get four obols instead of three.</q> <note resp="editor" place="unspecified" anchored="true">Cf. <bibl n="Xen. Hell. 1.5.6">Xen. Hell. 1.5.6</bibl> f.</note> </p></div>
<div type="textpart" subtype="section" n="4"><p>Cyrus, accordingly, delighted with his public spirit, gave him ten thousand darics, out of which he added the obol to the pay of his seamen, and, by the renown thus won, soon emptied the ships of his enemies. For most of their seamen came over to those who offered higher pay, and those who remained were listless and mutinous, and gave daily trouble to their officers. </p></div>
<div type="textpart" subtype="section" n="5"><p>However, although he had thus injured and weakened his enemies, Lysander shrank from a naval battle, through fear of Alcibiades, who was energetic, had a greater number of ships, and in all his battles by land and sea up to that time had come off victorious.  </p></div></div> 
<div type="textpart" subtype="chapter" n="5">
<div type="textpart" subtype="section" n="1"><p>But after this, Alcibiades sailed away from Samos to Phocaea, leaving Antiochus, his pilot, in command of the fleet; and Antiochus, as if in bold mockery of Lysander, put in to the harbor of Ephesus with two triremes, and rowed ostentatiously past his ships, as they lay drawn up on shore, with noise and laughter. Lysander was incensed, and launching at first only a few of his triremes, pursued him; then seeing that the Athenians were coming to the rescue, he manned others, and at last the action became general. </p></div>
<div type="textpart" subtype="section" n="2"><p>Lysander was victorious, too, captured fifteen triremes, and set up a trophy. Thereupon the people of Athens, flying into a passion, deposed Alcibiades from his command, and finding himself slighted and abused by the soldiers at Samos, he left the camp and sailed off to the Chersonese. This battle, then, although actually not a great one, was made memorable by its bearing on the fortunes of Alcibiades.<note resp="editor" place="unspecified" anchored="true">Cf. <bibl n="Plut. Alc. 25">Plut. Alc. 25-26</bibl>.</note></p></div>
<div type="textpart" subtype="section" n="3"><p>Lysander now summoned from their various cities to Ephesus men whom he saw to be most eminent for confidence and daring, and sowed in their minds the seeds of the revolutionary decadarchies<note resp="editor" place="unspecified" anchored="true">Governing bodies of ten men.</note> afterwards instituted by him, urging and inciting them to form political clubs in their several cities, and apply themselves to public affairs, assuring them that as soon as the Athenian empire was destroyed, they could rid themselves of their democracies and become themselves supreme in power. </p></div>
<div type="textpart" subtype="section" n="4"><p>Moreover, by actual benefits he gave them all a confidence in this future, promoting those who were already his friends and allies to large enterprises and honors and commands, and taking a share himself in their injustice and wickedness in order to gratify their rapacity. Therefore all attached themselves to him, courted his favour, and fixed their hearts upon him, expecting to attain all their highest ambitions if only he remained in power. </p></div>
<div type="textpart" subtype="section" n="5"><p>Therefore, too, they neither looked kindly upon Callicratidas at the first, when he came to succeed Lysander in the admirality,<note resp="editor" place="unspecified" anchored="true">Late in the year 407 B.C. It was Spartan policy to change their admiral yearly.</note> nor afterwards, when he had shown by manifest proofs that he was the justest and noblest of men, were they pleased with the manner of his leadership, which had a certain Doric simplicity and sincerity. They did, indeed, admire his virtue, as they would the beauty of a hero’s statue; but they yearned for the zealous support of Lysander, and missed the interest which he took in the welfare of his partisans, so that when he sailed away they were dejected and shed tears.  </p></div></div> 
<div type="textpart" subtype="chapter" n="6">
<div type="textpart" subtype="section" n="1"><p>Lysander made these men yet more disaffected towards Callicratidas. He also sent back to Sardis what remained of the money which Cyrus had given him for the navy, bidding Callicratidas ask for it himself, if he wished, and see to the maintenance of his soldiers. </p></div>
<div type="textpart" subtype="section" n="2"><p>And finally, as he sailed away, he called Callicratidas to witness that the fleet which he handed over to him was in command of the sea. But he, wishing to prove the emptiness and vanity of this ambitious boast, said <q type="spoken">In that case, keep Samos on the left, sail to Miletus, and there hand the triremes over to me; surely we need not fear to sail past the enemy at Samos if we are masters of the sea.</q> </p></div>
<div type="textpart" subtype="section" n="3"><p>To this Lysander answered that Callicratidas, and not he, was in command of the ships, and sailed off to Peloponnesus, leaving Callicratidas in great perplexity.<note resp="editor" place="unspecified" anchored="true">Cf. <bibl n="Xen. Hell. 1.6.2">Xen. Hell. 1.6.2</bibl> f.</note> For neither had he brought money from home with him, nor could he bear to lay the cities under forced contribution when they were already in an evil plight. </p></div>
<div type="textpart" subtype="section" n="4"><p>The only course left, therefore, was to go to the doors of the King’s generals, as Lysander had done, and ask for money. For this he was of all men least fitted by nature, being of a free and lofty spirit, and one who thought any and every defeat of Greeks at the hands of Greeks more becoming to them than visits of flattery to the houses of Barbarians, who had much gold, but nothing else worth while.</p></div>
<div type="textpart" subtype="section" n="5"><p>Constrained, however, by his necessities, he went up into Lydia, proceeded at once to the house of Cyrus, and ordered word to be sent in that Callicratidas the admiral was come and wished to confer with him. And when one of the door-keepers said to him: <q type="spoken">But Cyrus is not at leisure now, Stranger, for he is at his wine</q>; Callicratidas replied with the utmost simplicity: <q type="spoken">No matter, I will stand here and wait till he has had his wine.</q> </p></div>
<div type="textpart" subtype="section" n="6"><p>This time, then, he merely withdrew, after being taken for a rustic fellow and laughed at by the Barbarians. But when he was come a second time to the door and was refused admittance, he was indignant, and set off for Ephesus, invoking many evils upon those who first submitted to the mockery of the Barbarians and taught them to be insolent because of their wealth, </p></div>
<div type="textpart" subtype="section" n="7"><p>and swearing roundly to the bystanders that as soon as he got back to Sparta, he would do all he could to reconcile the Greeks with one another, in order that they might themselves strike fear into the Barbarians, and cease soliciting their power against each other.  </p></div></div> 
<div type="textpart" subtype="chapter" n="7">
<div type="textpart" subtype="section" n="1"><p>But Callicratidas, after cherishing purposes worthy of Lacedaemon, and showing himself worthy to compete with the most eminent of the Greeks by reason of his righteousness, magnanimity, and valor, not long afterwards lost the sea-fight at Arginusae and vanished from among men.<note resp="editor" place="unspecified" anchored="true">In the late summer of 406 B.C. (<bibl n="Xen. Hell. 1.6.33">Xen. Hell. 1.6.33</bibl>).</note> Then, their cause declining, the allies sent an embassy to Sparta and asked that Lysander be made admiral, declaring that they would grapple much more vigorously with the situation if he were their commander. </p></div>
<div type="textpart" subtype="section" n="2"><p>Cyrus also sent to make the same request. Now the Lacedaemonians had a law forbidding that the same man should be admiral twice, and yet they wished to gratify their allies; they therefore invested a certain Aracus with the title of admiral, and sent out Lysander as vice-admiral,<note resp="editor" place="unspecified" anchored="true">In the spring of 405 B.C. (<bibl n="Xen. Hell. 2.1.7">Xen. Hell. 2.1.7</bibl>).</note> nominally, but really with supreme power. So he came out, as most of those who had political power and influence in the cities had long desired, for they expected to become still stronger by his aid when the popular governments had been utterly overthrown; </p></div>
<div type="textpart" subtype="section" n="3"><p>but to those who loved simplicity and nobility in the character of their leaders, Lysander, compared with Callicratidas, seemed to be unscrupulous and subtle, a man who tricked out most of what he did in war with the varied hues of deceit, extolling justice if it was at the same time profitable, but if not, adopting the advantageous as the honorable course, and not considering truth as inherently better than falsehood, but bounding his estimate of either by the needs of the hour. </p></div>
<div type="textpart" subtype="section" n="4"><p>Those who demanded that the descendants of Heracles should not wage war by deceit he held up to ridicule, saying that <q type="spoken">where the lion’s skin will not reach, it must be patched out with the fox’s.</q>  </p></div></div> 
<div type="textpart" subtype="chapter" n="8">
<div type="textpart" subtype="section" n="1"><p>Of such a sort were his dealings with Miletus, according to the record. For when his friends and allies, whom he had promised to aid in overthrowing the democracy and expelling their opponents, changed their minds and became reconciled to their foes, openly he pretended to be pleased and to join in the reconciliation; but in secret he reviled and abused them, and incited them to fresh attacks upon the multitude. </p></div>
<div type="textpart" subtype="section" n="2"><p>And when he perceived that the uprising was begun, he quickly came up and entered the city, where he angrily rebuked the first conspirators whom he met, and set upon them roughly, as though he were going to punish them, but ordered the rest of the people to be of good cheer and to fear no further evil now that he was with them. </p></div>
<div type="textpart" subtype="section" n="3"><p>But in this he was playing a shifty part, wishing the leading men of the popular party not to fly, but to remain in the city and be slain. And this was what actually happened; for all who put their trust in him were slaughtered.  Furthermore, there is a saying of Lysander’s, recorded by Androcleides, which makes him guilty of the greatest recklessness in the matter of oaths. </p></div>
<div type="textpart" subtype="section" n="4"><p>It was his policy, according to this authority, <quote>to cheat boys with knuckle-bones, but men with oaths,</quote> thus imitating Polycrates of Samos; not a proper attitude in a general towards a tyrant, nor yet a Laconian trait to treat the gods as one’s enemies are treated, nay, more outrageously still; since he who overreaches his enemy by means of an oath, confesses that he fears that enemy, but despises God.  </p></div></div> 
<div type="textpart" subtype="chapter" n="9">
<div type="textpart" subtype="section" n="1"><p>Well, then, Cyrus summoned Lysander to Sardis, and gave him this, and promised him that, ardently protesting, to gratify him, that he would actually squander his own fortune, if his father gave him nothing for the Spartans; and if all else failed, he said he would cut up the throne on which he sat when giving audience, a throne covered with gold and silver. </p></div>
<div type="textpart" subtype="section" n="2"><p>And finally, as he was going up into Media to wait upon his father, he assigned to Lysander the tribute of the cities, and entrusted his own government to him; and embracing him in farewell, and begging him not to fight the Athenians at sea until he was come back, and promising to come back with many ships from Phoenicia and Cilicia, he set out to go up to the King.<note resp="editor" place="unspecified" anchored="true">Cf. <bibl n="Xen. Hell. 2.1.13">Xen. Hell. 2.1.13</bibl> f.</note>  Then Lysander, who could neither fight a naval battle on equal terms, nor remain idle with the large fleet at his disposal, put out to sea and reduced some of the islands, and touching at Aegina and Salamis, overran them. </p></div>
<div type="textpart" subtype="section" n="3"><p>Then he landed in Attica and saluted Agis, who came down in person from Deceleia<note resp="editor" place="unspecified" anchored="true">In the spring of 413 B.C. the Spartans had fortified Deceleia, a few miles N.W. of Athens, and stationed there a permanent garrison under Agis the king. Lysander’s ravaging of Aegina and Salamis was just before his siege of Athens, according to Xenophon (<bibl n="Xen. Hell. 2.2.9">Xen. Hell. 2.2.9</bibl>)</note> to meet him, and displayed to the land forces there the strength of his fleet, with the mien of one who sailed where he pleased and was master of the sea. But on learning that the Athenians were pursuing him, he fled by another route through the islands to Asia.</p></div>
<div type="textpart" subtype="section" n="4"><p>Finding the Hellespont unguarded, he himself attacked Lampsacus from the sea with his ships, while Thorax, cooperating with the land forces, assaulted the walls. He took the city by storm, and gave it up to his soldiers to plunder.<note resp="editor" place="unspecified" anchored="true">Cf. <bibl n="Xen. Hell. 2.1.18">Xen. Hell. 2.1.18</bibl> f.</note> Meanwhile the Athenian fleet of a hundred and eighty triremes had just arrived at Elaeus in the Chersonese, and learning that Lampsacus had fallen, they straightway put in at Sestos. </p></div>
<div type="textpart" subtype="section" n="5"><p>There they took in provisions, and then sailed along to Aegospotami, over against their enemies, who were still in station at Lampsacus. The Athenians were under the command of several generals, among whom was Philocles, the man who had recently persuaded the people to pass a decree that their prisoners of war should have the right thumb cut off that they might not be able to wield a spear, though they might ply an oar.<note resp="editor" place="unspecified" anchored="true">See the note on <bibl n="Plut. Lys. 13.1">Plut. Lys. 13.1</bibl>.</note>  </p></div></div> 
<div type="textpart" subtype="chapter" n="10">
<div type="textpart" subtype="section" n="1"><p>For the time being, then, all rested, expecting that on the morrow the fleets would engage. But Lysander was planning otherwise, and ordered his seamen and pilots, as though there would be a struggle at daybreak, to go on board their triremes in the early morning, and take their seats in order and in silence, awaiting the word of command, and that the land forces also, in the same manner, remain quietly in their ranks by the sea. </p></div>
<div type="textpart" subtype="section" n="2"><p>When the sun rose, however, and the Athenians sailed up with all their ships in line and challenged to battle, although he had his ships drawn up in line to meet them and fully manned before it was light, he did not put out from his position, but sending despatch-boats to the foremost of his ships, ordered them to keep quiet and remain in line, not getting into confusion nor sailing out to meet the enemy. </p></div>
<div type="textpart" subtype="section" n="3"><p>And so about midday when the Athenians sailed back, he did not allow men to leave their ships until two or three triremes, which he sent to reconnoiter, came hack, after seeing that the enemy had disembarked. On the following day this was done again, and on the third, and at last on the fourth, so that the Athenians became very bold and contemptuous, believing that their enemies were huddling together in fear.</p></div>
<div type="textpart" subtype="section" n="4"><p>At this juncture, Alcibiades, who was living in his own fortress on the Chersonese, rode up to the Athenian army and censured the generals, first, for having pitched their camp in a bad and even dangerous place on an open beach where there was no roadstead; and second, for the mistake of getting their provisions from distant Sestos, </p></div>
<div type="textpart" subtype="section" n="5"><p>when they ought to sail round the coast a little way to the harbor and city of Sestos, where they would be at a longer remove from their enemies, who lay watching them with an army commanded by a single man, the fear of whom led it to obey his every order promptly. These were the lessons he gave them, but they would not receive them, and Tydeus actually gave him an insolent answer, saying that he was not general now, but others.<note resp="editor" place="unspecified" anchored="true">Cf. <bibl n="Xen. Hell. 2.1.20">Xen. Hell. 2.1.20-26</bibl>; <bibl n="Plut. Alc. 36.4">Plut. Alc. 36.4-37.1</bibl>.</note>  </p></div></div> 
<div type="textpart" subtype="chapter" n="11">
<div type="textpart" subtype="section" n="1"><p>Alcibiades, accordingly, suspecting that some treachery was afoot among them, went away. But on the fifth day, when the Athenians had sailed over to the enemy and back again, as was now their wont, very carelessly and contemptuously, Lysander, as he sent out his reconnoitering ships, ordered their commanders, as soon as they saw that the Athenians had disembarked, to put about and row back with all speed, and when they were half way across, to hoist a brazen shield at the prow, as a signal for the onset. </p></div>
<div type="textpart" subtype="section" n="2"><p>And he himself sailed round and earnestly exhorted the pilots and trierarchs to keep all their crews at their post, sailors and soldiers alike, and as soon as the signal was given, to row with ardor and vigor against the enemy. When, therefore, the shield was hoisted on the lookout ships, and the trumpet on the admiral’s ship signalled the attack, the ships sailed forth, and the land forces ran their fastest along the shore to seize the promontory. </p></div>
<div type="textpart" subtype="section" n="3"><p>The distance between the two continents at this point is fifteen furlongs, and such was the zealous ardor of the rowers that it was quickly consumed. Canon, the Athenian general, who was the first to see from the land the onset of the fleet, suddenly shouted orders to embark, and deeply stirred by the threatening disaster, called upon some, besought others, and forced others still to man the triremes. </p></div>
<div type="textpart" subtype="section" n="4"><p>But his eager efforts ware of no avail, since the men were scattered. For just as soon as they had disembarked, since they expected no trouble, some went to market, some walked about the country, some lay down to sleep in their tents, and some began to get their suppers ready, being as far as possible removed from any thought of what was to happen, through the inexperience of their commanders. </p></div>
<div type="textpart" subtype="section" n="5"><p>The shouts and splashing oars of the oncoming enemy were already heard, when Canon, with eight ships, sailed stealthily away, and making his escape, proceeded to Cyprus, to Evagoras; but the Peloponnesians fell upon the rest of the ships, some of which they took entirely empty, and others they disabled while their crews were still getting aboard. And the men, coming up unarmed and in straggling fashion, perished at their ships, or if they fled by land, their enemies, who had disembarked, slew them. </p></div>
<div type="textpart" subtype="section" n="6"><p>Lysander took three thousand men prisoners, together with their generals, and captured the whole fleet, excepting the Paralus<note resp="editor" place="unspecified" anchored="true">One of the sacred state-galleys. It now carried the news of the disaster to Athens (<bibl n="Xen. Hell. 2.1.28">Xen. Hell. 2.1.28</bibl>).</note> and the ships that had made their escape with Conon. So after plundering his enemy’s camp and taking their ships in tow, he sailed back to Lampsacus, to the sound of pipes and hymns of victory. He had wrought a work of the greatest magnitude with the least toil and effort, and had brought to a close in a single hour a war which, in length, and the incredible variety of its incidents and fortunes, surpassed all its predecessors. </p></div>
<div type="textpart" subtype="section" n="7"><p>Its struggles and issues had assumed ten thousand changing shapes, and it had cost Hellas more generals than all her previous wars together, and yet it was brought to a close by the prudence and ability of one man. Therefore some actually thought the result due to divine intervention.  </p></div></div> 
<div type="textpart" subtype="chapter" n="12">
<div type="textpart" subtype="section" n="1"><p>There were some who declared that the Dioscuri<note resp="editor" place="unspecified" anchored="true">Castor and Pollux.</note> appeared as twin stars on either side of Lysander’s ship just as he was sailing out of the harbor against the enemy, and shone out over the rudder-sweeps. And some say also that the falling of the stone was a portent of this disaster; for according to the common belief, a stone of vast size had fallen from heaven at Aegospotami,<note resp="editor" place="unspecified" anchored="true">In 468-7 B.C., according to the Parian marble (ep. 57) and <bibl>Pliny NH 2.149</bibl> f.</note> </p></div>
<div type="textpart" subtype="section" n="2"><p>and it is shown to this day by the dwellers in the Chersonese, who hold it in reverence. Anaxagoras is said to have predicted that if the heavenly bodies should be loosened by some slip or shake, one of them might be torn away, and might plunge and fall down to earth; and he said that none of the stars was in its original position; for being of stone, and heavy, their shining light is caused by friction with the revolving aether, and they are forced along in fixed orbits by the whirling impulse which gave them their circular motion, and this was what prevented them from falling to our earth in the first place, when cold and heavy bodies were separated from universal matter.</p></div>
<div type="textpart" subtype="section" n="3"><p>But there is a more plausible opinion than this, and its advocates hold that shooting stars are not a flow or emanation of aetherial fire, which the lower air quenches at the very moment of its kindling, nor are they an ignition and blazing up of a quantity of lower air which has made its escape into the upper regions; but they are plunging and falling heavenly bodies, carried out of their course by some relaxation in the tension of their circular motion, and falling, not upon the inhabited region of the earth, but for the most part outside of it and into the great sea; and this is the reason why they are not noticed.</p></div>
<div type="textpart" subtype="section" n="4"><p>But Daimachus, in his treatise <q type="title">On Religion,</q> supports the view of Anaxagoras. He says that before the stone fell, for seventy-five days continually, there was seen in the heavens a fiery body of vast size, as if it had been a flaming cloud, not resting in one place, but moving along with intricate and irregular motions, so that fiery fragments, broken from it by its plunging and erratic course, were carried in all directions and flashed fire, just as shooting stars do. </p></div>
<div type="textpart" subtype="section" n="5"><p>But when it had fallen in that part of the earth, and the inhabitants, after recovering from their fear and amazement, were assembled about it, no action of fire was seen, nor even so much as a trace thereof, but a stone lying there, of large size, it is true, but one which bore almost no proportion at all to the fiery mass seen in the heavens. Well, then, that Daimachus must needs have indulgent readers, is clear; </p></div>
<div type="textpart" subtype="section" n="6"><p>but if his story is true, he refutes utterly those who affirm that a rock, which winds and tempests had torn from some mountain top, was caught up and borne along like a spinning top, and that at the point where the whirling impetus given to it first relaxed and ceased, there it plunged, and fell. </p></div>
<div type="textpart" subtype="section" n="7"><p>Unless, indeed, what was seen in the heavens for many days was really fire, the quenching and extinction of which produced a change in the air resulting in unusually violent winds and agitations, and these brought about the plunge of the stone. However, the minute discussion of this subject belongs to another kind of writing.  </p></div></div> 
<div type="textpart" subtype="chapter" n="13">
<div type="textpart" subtype="section" n="1"><p>Lysander, after the three thousand Athenians whom he had taken prisoners had been condemned to death by the special council of allies, calling Philocles, their general, asked him what punishment he thought should be visited upon him for having given his fellow-citizens such counsel regarding Greeks.<note resp="editor" place="unspecified" anchored="true">See <bibl n="Plut. Lys. 9.5">Plut. Lys. 9.5</bibl>. According to Xenophon (<bibl n="Xen. Hell. 2.1.31">Xen. Hell. 2.1.31</bibl> f.), however, the Athenians had passed a decree that, if victorious in the sea-fight, they would cut off the right hand of every prisoner; and the crime of Philocles was that he had ordered the crews of two captured triremes to be thrown over a precipice.</note> </p></div>
<div type="textpart" subtype="section" n="2"><p>But he, not one whit softened by his misfortunes, bade him not play the prosecutor in a case where there was no judge, but to inflict, as victor, the punishment he would have suffered if vanquished. Then, after bathing and putting on a rich robe, he went first to the slaughter and showed his countrymen the way, as Theophrastus writes. After this, Lysander sailed to the various cities, and ordered all the Athenians whom he met to go back to Athens, for he would spare none, he said, but would slaughter any whom he caught outside the city. </p></div>
<div type="textpart" subtype="section" n="3"><p>He took this course, and drove them all into the city together, because he wished that scarcity of food and a mighty famine should speedily afflict the city, in order that they might not hinder him by holding out against his siege with plenty of provisions. He also suppressed the democratic, and the other forms of government, and left one Lacedaemonian harmost<note resp="editor" place="unspecified" anchored="true">The specific name for the governor whom the Lacedaemonians sent out to the islands and cities of Greece during their supremacy.</note> in each city, and ten rulers chosen from the political clubs which he had organized throughout the cities. </p></div>
<div type="textpart" subtype="section" n="4"><p>This he did alike in the cities which had been hostile, and in those which had become his allies, and sailed along in leisurely fashion, in a manner establishing for himself the supremacy over Hellas. For in his appointments of the rulers he had regard neither to birth nor wealth, but put control of affairs into the hands of his comrades and partisans, and made them masters of rewards and punishments. He also took part himself in many massacres, and assisted in driving out the enemies of his friends. Thus he gave the Greeks no worthy specimen of Lacedaemonian rule, </p></div>
<div type="textpart" subtype="section" n="5"><p>nay, even the comic poet Theopompus was thought absurd in likening the Lacedaemonians to tavern-women, because they gave the Greeks a very pleasant sip of freedom, and then dashed the wine with vinegar; for from the very first the taste was harsh and bitter, since Lysander not only would not suffer the people to be masters of their affairs, but actually put the cities into the hands of the boldest and most contentious of the oligarchs.  </p></div></div> 
<div type="textpart" subtype="chapter" n="14">
<div type="textpart" subtype="section" n="1"><p>After he had spent some little time in this business, and had sent messengers to Lacedaemon to report that he was sailing up with two hundred ships, he made a junction in Attica with the forces of Agis and Pausanias, the kings, believing that he would speedily capture the city.<note resp="editor" place="unspecified" anchored="true">Cf. <bibl n="Xen. Hell. 2.2.5">Xen. Hell. 2.2.5-9</bibl>.</note> But since the Athenians held out against them, he took his ships and crossed again to Asia. Here he suppressed the governments of all the remaining cities in like manner, and set up decadarchies, many citizens being slain in each city, and many banished; he also drove out all the Samians, and handed their cities over to the men whom they had banished.<note resp="editor" place="unspecified" anchored="true">This was after the fall of Athens (<bibl n="Xen. Hell. 2.3.6">Xen. Hell. 2.3.6</bibl> f.).</note> </p></div>
<div type="textpart" subtype="section" n="2"><p>Moreover, when he had taken Sestos out of the hands of the Athenians, he would not permit the Sestians to dwell there, but gave the city and its territory to be divided among men who had been pilots and boatswains under him. And this was the first step of his which was resisted by the Lacedaemonians, who restored the Sestians again to their country. </p></div>
<div type="textpart" subtype="section" n="3"><p>But there were other measures of Lysander upon which all the Greeks looked with pleasure, when, for instance, the Aeginetans, after a long time,<note resp="editor" place="unspecified" anchored="true">They had been expelled by the Athenians in 431 B.C.</note> received back their own city, and when the Melians<note resp="editor" place="unspecified" anchored="true">The island and city of Melos were captured and depopulated by the Athenians in the winter of 416-415 B.C.</note> and Scionaeans<note resp="editor" place="unspecified" anchored="true">The city of Scione, on the Chalcidic peninsula, was captured and depopulated by the Athenians in 421 B.C.</note> were restored to their homes by him, after the Athenians had been driven out and had delivered back the cities.  And now, when he learned that the people of Athens were in a wretched plight from famine, he sailed into the Piraeus, and reduced the city, which was compelled to make terms on the basis of his commands. </p></div>
<div type="textpart" subtype="section" n="4"><p>It is true one hears it said by Lacedaemonians that Lysander wrote to the ephors thus: <q type="written">Athens is taken</q>; and that the ephors wrote back to Lysander: <q type="written"><q type="emph">Taken</q> were enough</q>; but this story was invented for its neatness’ sake.<note resp="editor" place="unspecified" anchored="true">To illustrate the Spartan passion for brevity of speech.</note> The actual decree of the ephors ran thus: <q type="written">This is what the Lacedaemonian authorities have decided: tear down the Piraeus and the long walls; quit all the cities and keep to your own land; if you do these things, and restore your exiles, you shall have peace, if you want it.</q> </p></div>
<div type="textpart" subtype="section" n="5"><p><q type="written" rend="merge">As regards the number of your ships, whatsoever shall be decided there, this do.</q> <note resp="editor" place="unspecified" anchored="true">Cf. <bibl n="Xen. Hell. 2.2.20">Xen. Hell. 2.2.20</bibl>.</note> This edict was accepted by the Athenians, on the advice of Theramenes the son of Hagnon, who, they say, being asked at this time by Cleomenes, one of the young orators, if he dared to act and speak the contrary to Themistocles, by surrendering those walls to the Lacedaemonians which that statesman had erected in defiance of the Lacedaemonians, replied: </p></div>
<div type="textpart" subtype="section" n="6"><p><q type="spoken">But I am doing nothing, young man, that is contrary to Themistocles; for the same walls which he erected for the safety of the citizens, we shall tear down for their safety. And if walls made cities prosperous, then Sparta must be in the worst plight of all, since she has none.</q>  </p></div></div> 
<div type="textpart" subtype="chapter" n="15">
<div type="textpart" subtype="section" n="1"><p>Lysander, accordingly, when he had taken possession of all the ships of the Athenians except twelve, and of their walls, on the sixteenth day of the month Munychion, the same on which they conquered the Barbarian in the sea-fight at Salamis, took measures at once to change their form of government. </p></div>
<div type="textpart" subtype="section" n="2"><p>And when the Athenians opposed him bitterly in this, he sent word to the people that he had caught the city violating the terms of its surrender; for its walls were still standing, although the days were past within which they should have been pulled down; he should therefore present their case anew for the decision of the authorities, since they had broken their agreements. And some say that in very truth a proposition to sell the Athenians into slavery was actually made in the assembly of the allies, and that at this time Erianthus the Theban also made a motion that the city be razed to the ground, and the country about it left for sheep to graze. </p></div>
<div type="textpart" subtype="section" n="3"><p>Afterwards, however, when the leaders were gathered at a banquet, and a certain Phocian sang the first chorus in the <q type="title">Electra</q> of Euripides<note resp="editor" place="unspecified" anchored="true"> <bibl n="Eur. El. 167">Verses 167 f.</bibl> <bibl> (Kirchhoff).</bibl> </note>, which begins with: <quote rend="blockquote"> <l>0 thou daughter of Agamemnon,</l> <l>I am come, Electra, to thy rustic court,</l> </quote> all were moved to compassion, and felt it to be a cruel deed to abolish and destroy a city which was so famous, and produced such poets.</p></div>
<div type="textpart" subtype="section" n="4"><p>So then, after the Athenians had yielded in all points, Lysander sent for many flute-girls from the city, and assembled all those who were already in the camp, and then tore down the walls, and burned up the triremes, to the sound of the flute, while the allies crowned themselves with garlands and made merry together, counting that day as the beginning of their freedom.<note resp="editor" place="unspecified" anchored="true">Cf. <bibl n="Xen. Hell. 2.2.23">Xen. Hell. 2.2.23</bibl>.</note> </p></div>
<div type="textpart" subtype="section" n="5"><p>Then, without delay, he also made changes in the form of government, establishing thirty rulers in the city and ten in Piraeus. Further, he put a garrison into the acropolis, and made Callibius, a Spartan, its harmost. He it was who once lifted his staff to smite Autolycus, the athlete, whom Xenophon makes the chief character in his <q type="title">Symposium</q> ;<note resp="editor" place="unspecified" anchored="true">The scene of the <q type="title">Symposium</q> is laid at the house of Callias, to which Autolycus and his father have been invited, together with Socrates and some of his friends.</note> and when Autolycus seized him by the legs and threw him down, Lysander did not side with Callibius in his vexation, but actually joined in censuring him, saying that he did not understand how to govern freemen. But the Thirty, to gratify Callibius, soon afterwards put Autolycus to death.  </p></div></div> 
<div type="textpart" subtype="chapter" n="16">
<div type="textpart" subtype="section" n="1"><p>Lysander, after settling these matters, sailed for Thrace himself, but what remained of the public moneys, together with all the gifts and crowns which he had himself received,—many people, as was natural, offering presents to a man who had the greatest power, and who was, in a manner, master of Hellas,—he sent off to Lacedaemon by Gylippus, who had held command in Sicily.<note resp="editor" place="unspecified" anchored="true">As Spartan general sent out to aid the Syracusans, he had turned the success of the besieging Athenians into disaster. See <bibl n="Plut. Nic. 18">Plut. Nic. 18</bibl> ff.</note> But Gylippus, as it is said, ripped open the sacks at the bottom, and after taking a large amount of silver from each, sewed them up again, not knowing that there was a writing in each indicating the sum it held. </p></div>
<div type="textpart" subtype="section" n="2"><p>And when he came to Sparta, he hid what he had stolen under the tiles of his house, but delivered the sacks to the ephors, and showed the seals upon them. When, however, the ephors opened the sacks and counted the money, its amount did not agree with the written lists, and the thing perplexed them, until a servant of Gylippus made the truth known to them by his riddle of many owls sleeping under the tiling. For most of the coinage of the time, as it seems, bore the effigy of an owl, owing to the supremacy of Athens.  </p></div></div> 
<div type="textpart" subtype="chapter" n="17">
<div type="textpart" subtype="section" n="1"><p>Gylippus, then, after adding a deed so disgraceful and ignoble as this to his previous great and brilliant achievements, removed himself from Lacedaemon. And the wisest of the Spartans, being led by this instance in particular to fear the power of money, which they said was corrupting influential as well as ordinary citizens, reproached Lysander, and fervently besought the ephors to purify the city of all the silver and the gold, as imported curses. The ephors deliberated on the matter. </p></div>
<div type="textpart" subtype="section" n="2"><p>And it was Sciraphidas, according to Theopompus, or Phlogidas, according to Ephorus, who declared that they ought not to receive gold and silver coinage into the city, but to use that of the country. Now this was of iron, and was dipped in vinegar as soon as it came from the fire, that it might not be worked over, but be made brittle and intractable by the dipping.<note resp="editor" place="unspecified" anchored="true">Cf. <bibl n="Plut. Lyc. 9.2">Plut. Lyc. 9.2</bibl> </note> Besides, it was very heavy and troublesome to carry, and a great quantity and weight of it had but little value. </p></div>
	<div type="textpart" subtype="section" n="3"><p>Probably, too, all the ancient money was of this sort, some peoples using iron spits for coins, and some bronze; whence it comes that even to this day many small pieces of money retain the name of <q type="foreign">oboli,</q> or <q type="gloss">spits</q>, and six <q type="foreign">oboli</q> make a <q type="foreign">drachma,</q> or <q type="gloss">handful</q>, since that was as many as the hand could grasp.</p></div>
<div type="textpart" subtype="section" n="4"><p>But since Lysander’s friends opposed this measure, and insisted that the money remain in the city, it was resolved that money of this sort could be introduced for public use, but that if any private person should be found in possession of it, he should be punished with death; just as though Lycurgus had feared the coin, and not the covetousness which the coin produced. And this vice was not removed by allowing no private person to possess money, so much as it was encouraged by allowing the city to possess money, its use thereby acquiring dignity and honor. </p></div>
<div type="textpart" subtype="section" n="5"><p>Surely it was not possible for those who saw money publicly honored, to despise it privately as of no service; or to consider as worthless for the individual’s private use that which was publicly held in such repute and esteem. Moreover, it takes far less time for public practices to affect the customs of private life, than it does for individual lapses and failings to corrupt entire cities. </p></div>
<div type="textpart" subtype="section" n="6"><p>For it is natural that the parts should rather be perverted along with the whole, when that deteriorates; but the diseases which flow from a part into the whole find many correctives and aids in the parts which remain sound. And so these magistrates merely set the fear of the law to guard the houses of the citizens, that money might have no entrance there, but did not keep their spirits undaunted by the power of money and insensible to it; they rather inspired them all with an emulous desire for wealth as a great and noble object of pursuit. On this point, however, we have censured the Lacedaemonians in another treatise.<note resp="editor" place="unspecified" anchored="true">Inst. Lacon. 42 (<bibl>Plut. Morals 239</bibl> f.).</note>  </p></div></div> 
<div type="textpart" subtype="chapter" n="18">
<div type="textpart" subtype="section" n="1"><p>Out of the spoils, Lysander set up at Delphi bronze statues of himself and each of his admirals, as well as golden stars of the Dioscuri, which disappeared before the battle of Leuctra.<note resp="editor" place="unspecified" anchored="true">An omen of the defeat of the Spartans in that battle (371 B.C.).</note> And in the treasury of Brasidas and the Acanthians<note resp="editor" place="unspecified" anchored="true">Cf. <bibl n="Plut. Lys. 1.1">Plut. Lys. 1.1</bibl>.</note> there was stored a trireme two cubits long, made of gold and ivory, which Cyrus sent Lysander as a prize for his victory. </p></div>
<div type="textpart" subtype="section" n="2"><p>Moreover, Anaxandrides the Delphian writes that a deposit of Lysander’s was also stored there, consisting of a talent of silver, and fifty-two minas, and eleven staters besides; a statement that is inconsistent with the generally accepted accounts of his poverty. At any rate, Lysander was at this time more powerful than any Greek before him had been, and was thought to cherish a pretentious pride that was greater even than his power. </p></div>
<div type="textpart" subtype="section" n="3"><p>For he was the first Greek, as Duris writes, to whom the cities erected altars and made sacrifices as to a god, the first also to whom songs of triumph were sung. One of these is handed down, and begins as follows:— <quote rend="blockquote"> <l>The general of sacred Hellas</l> <l>who came from wide-spaced Sparta</l> <l>will we sing, O! Io! Paean.</l> </quote> </p></div>
<div type="textpart" subtype="section" n="4"><p>The Samians, too, voted that their festival of Hera should be called Lysandreia. And the poet Choerilus was always kept in his retinue, to adorn his achievements with verse; while with Antilochus, who composed some verses in his honor, he was so pleased that he filled his cap with silver and gave it to him. And when Antimachus of Colophon and a certain Niceratus of Heracleia competed with one another at the Lysandreia in poems celebrating his achievements, he awarded the crown to Niceratus, and Antimachus, in vexation, suppressed his poem. </p></div>
<div type="textpart" subtype="section" n="5"><p>But Plato, who was then a young man, and admired Antimachus for his poetry, tried to cheer and console him in his chagrin at this defeat, telling him that it is the ignorant who suffer from their ignorance, just as the blind do from their blindness. However, when Aristonous the harper, who had been six times victor at the Pythian games, told Lysander in a patronizing way that if he should be victorious again, he would have himself proclaimed under Lysander’s name, <q type="spoken">That is,</q> Lysander replied, <q type="spoken">as my slave?</q>  </p></div></div> 
<div type="textpart" subtype="chapter" n="19">
<div type="textpart" subtype="section" n="1"><p>Now to the leading men, and to his equals, the ambition of Lysander was annoying merely. But since, owing to the court that was paid to him, great haughtiness and severity crept into his character along with his ambition, there was no such moderation as would become a popular leader either in his rewards or punishments, but the prizes he awarded to his friends and allies were irresponsible lordships over cities, and absolute sovereignties, while the sole punishment that could satisfy his wrath was the death of his enemy; not even exile was allowed. </p></div>
<div type="textpart" subtype="section" n="2"><p>Nay, at a later time, fearing lest the active popular leaders of Miletus should go into exile, and desiring to bring from their retreats those also who were in hiding, he made oath that he would do them no harm; but when the first put faith in him and the second came forth, he delivered them all over to the oligarchs for slaughter, being no less than eight hundred of both classes. </p></div>
<div type="textpart" subtype="section" n="3"><p>In the other cities also untold numbers of the popular party were slain, since he killed not only for his own private reasons, but also gratified by his murders the hatred and cupidity of his many friends everywhere, and shared the bloody work with them. Wherefore Eteocles the Lacedaemonian won great approval when he said that Hellas could not have borne two Lysanders. Now this same utterance was made by Archestratus concerning Alcibiades also,<note resp="editor" place="unspecified" anchored="true">Cf. <bibl n="Plut. Alc. 16.5">Plut. Alc. 16.5</bibl> </note> as Theophrastus tells us. </p></div>
<div type="textpart" subtype="section" n="4"><p>But in his case it was insolence, and wanton self-will, that gave most offence; whereas Lysander’s power was made dreadful and oppressive by the cruelty of his disposition.  The Lacedaemonians paid little heed to the rest of his accusers, but when Pharnabazus, who was outraged by Lysander’s pillaging and wasting his territory, sent men to Sparta to denounce him, the ephors were incensed, and when they found Thorax, one of Lysander’s friends and fellow-generals, with money in his private possession, they put him to death, and sent a dispatch-scroll to Lysander, ordering him home.</p></div>
<div type="textpart" subtype="section" n="5"><p>The dispatch-scroll is of the following character. When the ephors send out an admiral or a general, they make two round pieces of wood exactly alike in length and thickness, so that each corresponds to the other in its dimensions, and keep one themselves, while they give the other to their envoy. These pieces of wood they call <q type="foreign">scytalae.</q> </p></div>
<div type="textpart" subtype="section" n="6"><p>Whenever, then, they wish to send some secret and important message, they make a scroll of parchment long and narrow, like a leathern strap, and wind it round their <q type="foreign">scytale,</q> leaving no vacant space thereon, but covering its surface all round with the parchment. After doing this, they write what they wish on the parchment, just as it lies wrapped about the <q type="foreign">scytale</q>; and when they have written their message, they take the parchment off and send it, without the piece of wood, to the commander. </p></div>
<div type="textpart" subtype="section" n="7"><p>He, when he has received it, cannot otherwise get any meaning out of it,—since the letters have no connection, but are disarranged,—unless he takes his own <q type="foreign">scytale</q> and winds the strip of parchment about it, so that, when its spiral course is restored perfectly, and that which follows is joined to that which precedes, he reads around the staff, and so discovers the continuity of the message. And the parchment, like the staff, is called <q type="foreign">scytale,</q> as the thing measured bears the name of the measure.  </p></div></div> 
<div type="textpart" subtype="chapter" n="20">
<div type="textpart" subtype="section" n="1"><p>But Lysander, when the dispatch-scroll reached him at the Hellespont, was much disturbed, and since he feared the denunciations of Pharnabazus above all others, he hastened to hold a conference with him, hoping to compose their quarrel. At this conference he begged Pharnabazus to write another letter about him to the magistrates, stating that he had not been wronged at all, and had no complaints to make. </p></div>
<div type="textpart" subtype="section" n="2"><p>But in thus <q type="spoken">playing the Cretan against a Cretan,</q> as the saying is, he misjudged his opponent. For Pharnabazus, after promising to do all that he desired, openly wrote such a letter as Lysander demanded, but secretly kept another by him ready written. And when it came to putting on the seals, he exchanged the documents, which looked exactly alike, and gave him the letter which had been secretly written. </p></div>
<div type="textpart" subtype="section" n="3"><p>Accordingly, when Lysander arrived at Sparta and went, as the custom is, into the senate-house, he gave the ephors the letter of Pharnabazus, convinced that the greatest of the complaints against him was thus removed; for Pharnabazus was in high favour with the Lacedaemonians, because he had been, of all the King’s generals, most ready to help them in the war. </p></div>
<div type="textpart" subtype="section" n="4"><p>But when the ephors, after reading the letter, showed it to him, and he understood that <quote rend="blockquote"> <l>Odysseus, then, is not the only man of guile,</l> </quote> <note resp="editor" place="unspecified" anchored="true">An iambic trimeter of some unknown poet.</note> for the time being he was mightily confounded and went away. But a few days afterwards, on meeting the magistrates, he said that he was obliged to go up to the temple of Ammon<note resp="editor" place="unspecified" anchored="true">In an oasis of the great desert of Libya. Cf. <bibl n="Plut. Cim. 18.6">Plut. Cim. 18.6</bibl> f.</note> and sacrifice to the god the sacrifices which he had vowed before his battles. </p></div>
<div type="textpart" subtype="section" n="5"><p>Now some say that when he was besieging the city of Aphytae in Thrace, Ammon really stood by him in his sleep; wherefore he raised the siege, declaring that the god had commanded it, and ordered the Aphytaeans to sacrifice to Ammon, and was eager to make a journey into Libya and propitiate the god. </p></div>
<div type="textpart" subtype="section" n="6"><p>But the majority believed that he made the god a pretext, and really feared the ephors, and was impatient of the yoke at home, and unable to endure being under authority, and therefore longed to wander and travel about somewhat, like a horse which comes back from unrestricted pasturage in the meadows to his stall, and is put once more to his accustomed work. Ephorus, it is true, assigns another reason for this absence abroad, which I shall mention by and by.<note resp="editor" place="unspecified" anchored="true"> <bibl n="Plut. Lys. 25.3">Plut. Lys. 25.3</bibl> </note>  </p></div></div> 
<div type="textpart" subtype="chapter" n="21">
<div type="textpart" subtype="section" n="1"><p>After he had with great difficulty procured his release by the ephors, he set sail. But the kings, when he had gone abroad, became aware that by means of the societies which he had formed, he had the cities entirely in his power and was master of Hellas; they therefore took measures for deposing his friends everywhere and restoring the management of affairs to the people. </p></div>
<div type="textpart" subtype="section" n="2"><p>However, fresh disturbances broke out in connection with these changes, and first of all the Athenians from Phyle attacked the Thirty and overpowered them. Lysander therefore came home in haste, and persuaded the Lacedaemonians to aid the oligarchies and chastise the democracies. Accordingly, they sent to the Thirty, first of all, a hundred talents for the war, and Lysander himself as general. </p></div>
<div type="textpart" subtype="section" n="3"><p>But the kings were jealous of him, and feared to let him capture Athens a second time; they therefore determined that one of them should go out with the army. And Pausanias did go out ostensibly in behalf of the tyrants<note resp="editor" place="unspecified" anchored="true">That is, the Thirty in Athens.</note> against the people, but really to put a stop to the war, in order that Lysander might not again become master of Athens through the efforts of his friends. This object, then, he easily accomplished, and by reconciling the Athenians and putting a stop to their discord, he robbed Lysander of his ambitious hopes. </p></div>
<div type="textpart" subtype="section" n="4"><p>A short time afterwards, however, when the Athenians revolted again, he himself was censured for taking the curb of the oligarchy out of the mouth of the people, and letting them grow bold and insolent again; while Lysander won fresh repute as a man who exercised his command in downright fashion, not for the gratification of others, nor yet to win applause, but for the good of Sparta.  </p></div></div> 
<div type="textpart" subtype="chapter" n="22">
<div type="textpart" subtype="section" n="1"><p>He was harsh of speech also, and terrifying to his opponents. For instance, when the Argives were disputing about boundaries, and thought they made a juster plea than the Lacedaemonians, he pointed to his sword, and said to them: <q type="spoken">He who is master of this discourses best about boundaries.</q> And when a Megarian, in some conference with him, grew bold in speech, he said: <q type="spoken">Thy words, Stranger, lack a city.</q> </p></div>
<div type="textpart" subtype="section" n="2"><p>And when the Boeotians tried to play a double game with him, he asked them whether he should march through their territory with spears upright, or levelled. And once when the Corinthians had revolted, and, on coming to their walls, he saw that the Lacedaemonians hesitated to make an assault, a hare was seen leaping across the moat whereupon he said <q type="spoken">Are ye not ashamed to fear enemies who are so lazy that hares sleep on their walls?</q></p></div>
<div type="textpart" subtype="section" n="3"><p>When Agis the king died,<note resp="editor" place="unspecified" anchored="true">In 398 B.C., after returning home from a victorious campaign (<bibl n="Xen. Hell. 3.3.1">Xen. Hell. 3.3.1</bibl>).</note> leaving a brother, Agesilaus, and a reputed son, Leotychides, Lysander, who had been a lover of Agesilaus, persuaded him to lay claim to the kingdom, on the ground that he was a genuine descendant of Heracles. For Leotychides was accused of being a son of Alcibiades, who had secret commerce with Timaea, the wife of Agis, while he was living in exile at Sparta. </p></div>
<div type="textpart" subtype="section" n="4"><p>Now Agis, as they tell us, being convinced by a computation of time that his wife had not conceived by him, ignored Leotychides, and manifestly repudiated him up to the last. But when he was carried sick to Heraea and was about to die, he yielded to the entreaties of the young man himself and of his friends, and declared in the hearing of many that Leotychides was his own son, and after begging those who were present to bear witness of this to the Lacedaemonians, died. </p></div>
<div type="textpart" subtype="section" n="5"><p>Accordingly, they did so bear witness in favour of Leotychides. Moreover, Agesilaus, who was otherwise illustrious, and had Lysander as a champion, was injured in his claim by Diopeithes, a man in high repute for his interpretation of oracles, who published the following prophecy with reference to the lameness of Agesilaus<note resp="editor" place="unspecified" anchored="true">Cf. <bibl>Plut. Ages. 2.2</bibl> </note>:— <quote rend="blockquote" type="oracle"> <l>Bethink thee now, O Sparta, although thou art very proud,</l> <l>Lest from thee, sound of foot, there spring a maimed royalty;</l> <l>For long will unexpected toils oppress thee,</l> <l>And onward rolling billows of man-destroying war.</l> </quote> </p></div>
<div type="textpart" subtype="section" n="6"><p>Many, therefore, out of deference to the oracle, inclined to Leotychides, but Lysander declared that Diopeithes did not interpret the prophecy correctly; for it did not mean that the god would be displeased if one who was lame should rule the Lacedaemonians, but the kingdom would be maimed if bastards and ill-born men should be kings in a line with the posterity of Heracles. By such arguments, and because he had very great influence, he prevailed, and Agesilaus became king.<note resp="editor" place="unspecified" anchored="true">Cf. <bibl>Plut. Ages. 3.3-5</bibl>; <bibl n="Xen. Hell. 3.3.2">Xen. Hell. 3.3.2</bibl> f.</note>  </p></div></div> 
<div type="textpart" subtype="chapter" n="23">
<div type="textpart" subtype="section" n="1"><p>At once, then, Lysander tried to rouse and incite him to make an expedition into Asia, suggesting hopes that he would put down the Persians and become a very great man. He also wrote letters to his friends in Asia, bidding them ask Agesilaus of the Lacedaemonians as general for their war against the Barbarians.<note resp="editor" place="unspecified" anchored="true">Cf. <bibl n="Plut. Ages. 6.1">Plut. Ages. 6.1</bibl> f.</note> </p></div>
<div type="textpart" subtype="section" n="2"><p>They obeyed, and sent ambassadors to Lacedaemon with the request, and thus an honor not inferior to that of being made king was obtained for Agesilaus through the efforts of Lysander. But with ambitious natures, which are otherwise not ill qualified for command, jealousy of their equals in reputation is no slight obstacle to the performance of noble deeds; for they make those their rivals in the path of virtue, whom they might have as helpers. </p></div>
<div type="textpart" subtype="section" n="3"><p>Agesilaus did indeed take Lysander with him among his thirty counsellors, intending to treat him with special favour as his chief friend; but when they were come into Asia, the people there, who were not acquainted with him, conferred with him but rarely and briefly, whereas Lysander, in consequence of their large intercourse with him in former times, had them always at his door and in his train, those who were his friends coming out of deference, and those whom he suspected, out of fear. </p></div>
<div type="textpart" subtype="section" n="4"><p>And just as in tragedies it naturally happens that an actor who takes the part of some messenger or servant is in high repute and plays leading roles, while the one who bears the crown and scepter is not even listened to when he speaks, so in this case the whole honor of the government was associated with the counsellor, and there was left for the king only the empty name of power. </p></div>
<div type="textpart" subtype="section" n="5"><p>It is true, perhaps, that there should have been some gentle handling of this excessive ambition, and that Lysander should have been reduced to the second place; but entirely to cast off and insult, for fame’s sake, a benefactor and a friend, was not worthy of the character of Agesilaus.  In the first place, then, he did not give him opportunities for achievement, nor even assign him to a command; and secondly, those in whose behalf he perceived that Lysander was earnestly exerting himself, these he always sent away with less reward than an ordinary suitor, or wholly unsuccessful, thus quietly undoing and chilling his influence. </p></div>
<div type="textpart" subtype="section" n="6"><p>So when Lysander missed all his aims, and saw that his interested efforts for his friends were an obstacle to their success,he not only ceased to give them his own aid, but begged them not to wait upon him nor pay him their court, but to confer with the king, and with such as had more power to benefit those who showed them honor than was his at present. </p></div>
<div type="textpart" subtype="section" n="7"><p>Most of those who heard this refrained from troubling him about their affairs, but did not cease paying him their court, nay rather, by waiting upon him in the public walks and places of exercise, they gave Agesilaus even more annoyance than before, because he envied him the honor. Therefore, though he offered most of the Spartans<note resp="editor" place="unspecified" anchored="true">Agis took thirty Spartans with him as counsellors and captains (<bibl n="Plut. Ages. 6.3">Plut. Ages. 6.3</bibl>; <bibl n="Xen. Ages. 1.7">Xen. Ages. 1.7</bibl>).</note> commands in the field and governments of cities, he appointed Lysander his carver of meats. And presently, as if by way of insult to the Ionians, he said <q type="spoken">Let them be off, and pay their court now to my carver of meats.</q> </p></div>
<div type="textpart" subtype="section" n="8"><p>Accordingly, Lysander determined to have a conference with him, at which a brief and laconic dialogue passed between them. <q type="spoken">Verily, thou knowest well, Agesilaus, how to abase friends.</q> To which Agesilaus: <q type="spoken">Yes, if they would be greater than I but those who increase my power should also share in it.</q> </p></div>
<div type="textpart" subtype="section" n="9"><p><q type="spoken">Well, perhaps thy words, Agesilaus, are fairer than my deeds; but I beg thee, even because of the strangers who have their eyes upon us, to give me a post under thy command where thou believest that I shall be least annoying to thyself, and more serviceable than now.</q> <note resp="editor" place="unspecified" anchored="true">Cf. <bibl n="Plut. Ages. 7.8.1">Plut. Ages. 7.-8.1-2</bibl>; <bibl n="Xen. Hell. 3.4.7">Xen. Hell. 3.4.7-9</bibl>.</note>  </p></div></div> 
<div type="textpart" subtype="chapter" n="24">
<div type="textpart" subtype="section" n="1"><p>Upon this, he was sent as ambassador to the Hellespont; and though he was angry with Agesilaus, he did not neglect to do his duty, but induced Spithridates the Persian, a high-minded man with forces at his command, to revolt from Pharnabazus, with whom he was at odds, and brought him to Agesilaus.<note resp="editor" place="unspecified" anchored="true">Cf. <bibl n="Plut. Ages. 8.3">Plut. Ages. 8.3</bibl>; <bibl n="Xen. Hell. 3.4.10">Xen. Hell. 3.4.10</bibl>.</note> </p></div>
<div type="textpart" subtype="section" n="2"><p>The king made no further use of Lysander, however, in the war, and when his time had expired, he sailed back to Sparta without honor, not only enraged at Agesilaus, but hating the whole form of government more than ever, and resolved to put into execution at once, and without delay, the plans for a revolutionary change which he is thought to have devised and concocted some time before.</p></div>
<div type="textpart" subtype="section" n="3"><p>They were as follows. Of the Heracleidae who united with the Dorians and came down into Peloponnesus, there was a numerous and glorious stock flourishing in Sparta; however, not every family belonging to it participated in the royal succession, but the kings were chosen from two houses only, and were called Eurypontidae and Agiadae. The rest had no special privileges in the government because of their high birth, but the honors which result from superior excellence lay open to all who had power and ability. </p></div>
<div type="textpart" subtype="section" n="4"><p>Now Lysander belonged to one of these families, and when he had risen to great fame for his deeds, and had acquired many friends and great power, he was vexed to see the city increased in power by his efforts, but ruled by others who were of no better birth than himself. He therefore planned to take the government away from the two houses, and restore it to all the Heracleidae in common, </p></div>
<div type="textpart" subtype="section" n="5"><p>or, as some say, not to the Heracleidae, but to the Spartans in general,<note resp="editor" place="unspecified" anchored="true">Cf. <bibl n="Plut. Ages. 8.3">Plut. Ages. 8.3</bibl> </note> in order that its high prerogatives might not belong to those only who were descended from Heracles, but to those who, like Heracles, were selected for superior excellence, since it was this which raised him to divine honors. And he hoped that when the kingdom was awarded on this principle, no Spartan would be chosen before himself.  </p></div></div> 
<div type="textpart" subtype="chapter" n="25">
<div type="textpart" subtype="section" n="1"><p>In the first place, then, he undertook and made preparations to persuade the citizens by his own efforts, and committed to memory a speech written by Cleon, the Halicarnassian, for the purpose. In the second place, seeing that the novelty and magnitude of his innovation demanded a more audacious support, he brought stage machinery to bear upon the citizens,<note resp="editor" place="unspecified" anchored="true">In the Greek theater, gods were swung into view, above the plane of the action, by means of a huge crane. Cf. <bibl n="Plut. Them. 10.1">Plut. Them. 10.1</bibl>.</note> as it were, </p></div>
<div type="textpart" subtype="section" n="2"><p>by collecting and arranging responses and oracles of Apollo; convinced that Cleon’s clever rhetoric would not help him at all unless he should first terrify and subdue his countrymen by vague religious fear and superstitious terror, and then bring them under the influence of his argument. </p></div>
<div type="textpart" subtype="section" n="3"><p>Well, then, Ephorus tells us that after an attempt to corrupt the Pythian priestess, and after a second failure to persuade the priestesses of Dodona by means of Pherecles, he went up to the temple of Ammon and had a conference with that god’s interpreters there, at which he offered them much money, but that they took this ill, and sent certain messengers to Sparta to denounce him; and further, that when Lysander was acquitted of their charges, the Libyans said, as they went away, <q type="spoken">But we will pass better judgments than yours, O Spartans, when ye come to dwell with us in Libya;</q> for they knew that there was a certain ancient oracle bidding the Lacedaemonians to settle in Libya. </p></div>
<div type="textpart" subtype="section" n="4"><p>But since the whole plot and concoction was no insignificant one, nor yet carelessly undertaken, but made many important assumptions, like a mathematical demonstration, and proceeded to its conclusion through premises which were difficult and hard to obtain, we shall follow, in our description of it, the account of one who was both a historian and a philosopher.<note resp="editor" place="unspecified" anchored="true">Probably Ephorus.</note>  </p></div></div> 
<div type="textpart" subtype="chapter" n="26">
<div type="textpart" subtype="section" n="1"><p>There was a woman in Pontus who declared that she was with child by Apollo. Many disbelieved her, as was natural, but many also lent an ear to her, so that when she gave birth to a male child, many notable persons took an interest in its care and rearing. For some reason or other, the name given to the boy was Silenus. Lysander took these circumstances for his foundation, and supplied the rest of his cunning fabric himself, making use of not a few, nor yet insignificant, champions of the tale, </p></div>
<div type="textpart" subtype="section" n="2"><p>who brought the story of the boy’s birth into credit without exciting suspicion. They also brought back another response from Delphi, and caused it to be circulated in Sparta, which declared that sundry very ancient oracles were kept in secret writings by the priests there, and that it was not possible to get these, nor even lawful to read them, unless someone born of Apollo should come after a long lapse of time, give the keepers an intelligible token of his birth, and obtain the tablets containing the oracles. </p></div>
<div type="textpart" subtype="section" n="3"><p>The way being thus prepared, Silenus was to come and demand the oracles as Apollo’s son, and the priests who were in the secret were to insist on precise answers to all their questions about his birth, and finally, persuaded, forsooth, that he was the son of Apollo, were to show him the writing. Then Silenus, in the presence of many witnesses, was to read aloud the prophecies, especially the one relating to the kingdom, for the sake of which the whole scheme had been invented, and which declared that it was more for the honor and interest of the Spartans to choose their kings from the best citizens.</p></div>
<div type="textpart" subtype="section" n="4"><p>But when at last Silenus was grown to be a youth, and was ready for the business, Lysander’s play was ruined for him by the cowardice of one of his actors, or co-workers, who, just as he came to the point, lost his courage and drew back. However, all this was actually found out, not while Lysander was alive, but after his death.  </p></div></div> 
<div type="textpart" subtype="chapter" n="27">
<div type="textpart" subtype="section" n="1"><p>And he died before Agesilaus returned from Asia, after he had plunged, or rather had plunged Hellas, into the Boeotian war.<note resp="editor" place="unspecified" anchored="true">In 395 B.C., the aggressions of Sparta led to an alliance between Thebes and Athens against her. In the following year Corinth and Argos joined the alliance, and the whole war, which dragged along until 387 B.C., is usually known as the <q type="soCalled">Corinthian war.</q> </note> For it is stated in both ways; and some hold him responsible for the war, others the Thebans, and others both together. It is charged against the Thebans that they cast away the sacrifices at Aulis,<note resp="editor" place="unspecified" anchored="true">In the spring of 396, when Agesilaus vainly tried to sacrifice there, in imitation of Agamemnon (<bibl n="Plut. Ages. 6.4">Plut. Ages. 6.4-6</bibl>; <bibl n="Xen. Hell. 3.4.3">Xen. Hell. 3.4.3</bibl> f., and <bibl n="Xen. Hell. 3.5.5">Xen. Hell. 3.5.5</bibl>).</note> and that, because Androcleides and Amphitheus<note resp="editor" place="unspecified" anchored="true">Cf. <bibl n="Xen. Hell. 3.5.1">Xen. Hell. 3.5.1</bibl> and 4.</note> had been bribed with the King’s money to stir up a war in Greece against the Lacedaemonians, they set upon the Phocians and ravaged their country. </p></div>
<div type="textpart" subtype="section" n="2"><p>It is said, on the other hand, that Lysander was angry with the Thebans because they alone laid claim to a tenth part of the spoils of the war, while the rest of the allies held their peace; and because they were indignant about the money which he sent to Sparta; but above all, because they first put the Athenians in the way of freeing themselves from the thirty tyrants whom he had set up, whose terrorizing power the Lacedaemonians had increased by decreeing that fugitives from Athens might be brought back from every place of refuge, and that all who impeded their return should be declared enemies of Sparta. </p></div>
<div type="textpart" subtype="section" n="3"><p>In reply to this the Thebans issued counter decrees, akin in spirit to the beneficent deeds of Heracles and Dionysus, to the effect that every house and city in Boeotia should be open to such Athenians as needed succour; and that whosoever did not help a fugitive under arrest, should be fined a talent; and that if any one should carry arms through Boeotia against the tyrants in Athens, no Theban would either see him or hear about it. </p></div>
<div type="textpart" subtype="section" n="4"><p>And they did not merely vote such Hellenic and humane decrees, without at the same time making their deeds correspond to their edicts; but Thrasybulus and those who with him occupied Phyle, set out from Thebes to do so,<note resp="editor" place="unspecified" anchored="true">Cf. <bibl n="Xen. Hell. 2.4.1">Xen. Hell. 2.4.1</bibl> f.</note> and the Thebans not only provided them with arms and money, but also with secrecy and a base of operations. Such, then, were the grounds of complaint which Lysander had against the Thebans.  </p></div></div> 
<div type="textpart" subtype="chapter" n="28">
<div type="textpart" subtype="section" n="1"><p>And since he was now of an altogether harsh disposition, owing to the melancholy which persisted into his old age, he stirred up the ephors, and persuaded them to fit out an expedition against the Thebans; and assuming the command, he set out on the campaign.<note resp="editor" place="unspecified" anchored="true">Lysander was commissioned to raise a force of allies in Phocis and the neighboring country, with which Pausanias was to unite his troops (<bibl n="Xen. Hell. 3.5.6">Xen. Hell. 3.5.6</bibl>). Plutarch’s language is obscure.</note> Afterwards the ephors sent out Pausanias the king also with an army. </p></div>
<div type="textpart" subtype="section" n="2"><p>Now it was the plan that Pausanias should make a circuit by the way of Mount Cithaeron, and then invade Boeotia, while Lysander marched through Phocis to meet him, with a large force. He took the city of Orchomenus, which came over to him of its own accord, and assaulted and plundered Lebadeia. Then he sent a letter to Pausanias, bidding him move from Plataea and join forces with him at Haliartus, and promising that he himself would be before the walls of Haliartus at break of day. This letter was brought to Thebes by some scouts, into whose hands its bearer fell. </p></div>
<div type="textpart" subtype="section" n="3"><p>The Thebans therefore entrusted their city to a force of Athenians which had come to their aid, while they themselves set out early in the night, and succeeded in reaching Haliartus a little before Lysander, and a considerable part of them entered the city. Lysander at first decided to post his army on a hill and wait for Pausanias; then, as the day advanced, being unable to remain inactive, he took his arms, encouraged his allies, and led them along the road in column towards the wall of the city. </p></div>
<div type="textpart" subtype="section" n="4"><p>But those of the Thebans who had remained outside, taking the city on their left, advanced upon the rear of their enemy, at the spring called Cissusa. Here, as the story goes, his nurses bathed the infant Dionysus after his birth for the water has the color and sparkle of wine, is clear, and very pleasant to the taste. And not far away the Cretan storax-shrub grows in profusion, which the Haliartians regard as a proof that Rhadamanthus once dwelt there; and they show his tomb, which they call AIea. </p></div>
<div type="textpart" subtype="section" n="5"><p>And near by is also the memorial of Alcmene; for she was buried there, as they say, having lived with Rhadamanthus after the death of Amphitryon.  But the Thebans inside the city, drawn up in battle array with the Haliartians, kept quiet for some time; when, however, they saw Lysander with his foremost troops approaching the wall, they suddenly threw open the gate and fell upon them, and killed Lysander himself with his soothsayer, and a few of the rest; for the greater part of them fled swiftly hack to the main body. </p></div>
<div type="textpart" subtype="section" n="6"><p>And when the Thebans made no halt, but pressed hard upon them, the whole force turned to the hills in flight, and a thousand of them were slain. Three hundred of the Thebans also lost their lives by pursuing their enemies into rough and dangerous places. These had been accused of favouring the Spartan cause, and in their eagerness to clear themselves of this charge in the eyes of their fellow-citizens, they exposed themselves needlessly in the pursuit, and so threw away their lives.<note resp="editor" place="unspecified" anchored="true">Cf. <bibl n="Xen. Hell. 3.5.17">Xen. Hell. 3.5.17-20</bibl>.</note>  </p></div></div> 
<div type="textpart" subtype="chapter" n="29">
<div type="textpart" subtype="section" n="1"><p>Tidings of the disaster were brought to Pausanias while he was on the march from Plataea to Thespiae, and putting his army in battle array, he came to Haliartus. Thrasybulus also came from Thebes, leading his Athenians. But when Pausanias was minded to ask for the bodies of the dead under a truce, the elders of the Spartans could not brook it, and were angry among themselves, and coming to the king, they protested that the body of Lysander must not be taken up under cover of a truce, but by force of arms, in open battle for it; and that if they conquered, then they would give him burial, but if they were vanquished, it would be a glorious thing to he dead with their genera. </p></div>
<div type="textpart" subtype="section" n="2"><p>Such were the words of the elders; but Pausanias saw that it would be a difficult matter to conquer the Thebans, flushed as they were with victory, and that the body of Lysander lay near the walls, so that its recovery would be difficult without a truce, even if they were victorious; he therefore sent a herald, and after making a truce, led his forces back. </p></div>
<div type="textpart" subtype="section" n="3"><p>And as soon as they had come beyond the boundary of Boeotia with Lysander’s body, they buried it in the friendly soil of their allies, the Panopeans, where his monument now stands, by the road leading from Delphi to Chaeroneia.  Here the army bivouacked and it is said that a certain Phocian, recounting the action to another who was not in it, said that the enemy fell upon them just after Lysander had crossed the Hoplites. </p></div>
<div type="textpart" subtype="section" n="4"><p>Then a Spartan, who was a friend of Lysander, asked in amazement what he meant by Hoplites, for he did not know the name. <q type="spoken">Indeed it was there,</q> said the Phocian, <q type="spoken">that the enemy slew the foremost of us; for the stream that flows past the city is called Hoplites.</q> On hearing this, the Spartan burst into tears, and said that man could not escape his destiny. </p></div>
<div type="textpart" subtype="section" n="5"><p>For Lysander, as it appears, had received an oracle running thus:— <quote rend="blockquote" type="oracle"> <l>Be on thy guard, I bid thee, against a sounding Hoplites,</l> <l>And an earth-born dragon craftily coming behind thee.</l> </quote>Some, however say that the Hoplites does not flow before Haliartus, but is a winter torrent near Coroneia, which joins the Philarus and then flows past that city; in former times it was called Hoplaas, but now Isomantus. </p></div>
<div type="textpart" subtype="section" n="6"><p>Moreover, the man of Haliartus who killed Lysander, Neochorus by Dame, had a dragon as emblem on his shield, and to this, it was supposed, the oracle referred. And it is said that the Thebans also, during the Peloponnesian war, received an oracle at the sanctuary of Ismenus which indicated beforehand not only the battle at Delium,<note resp="editor" place="unspecified" anchored="true">424 B.C.</note> but also this battle at Haliartus, thirty years later. </p></div>
<div type="textpart" subtype="section" n="7"><p>It ran as follows:— <quote rend="blockquote" type="oracle"> <l>When thou huntest the wolf with the spear, watch closely the border,</l> <l>Orchalides, too, the hill which foxes never abandon.</l></quote> Now by <q type="mentioned">border,</q> the god meant the region about Delium, where Boeotia is conterminous with Attica; and by Orchalides, the hill which is now called Alopecus, or <q type="gloss">Fox-hill</q>, in the parts of Haliartus which stretch towards Mount Helicon.  </p></div></div> 
<div type="textpart" subtype="chapter" n="30">
<div type="textpart" subtype="section" n="1"><p>Now that Lysander had met with such an end, at the outset the Spartans were so indignant about it that they summoned the king to trial for his life; but he evaded it, and fled to Tegea, where he spent the rest of his days as a suppliant in the sanctuary of Athena. </p></div>
<div type="textpart" subtype="section" n="2"><p>For the poverty of Lysander, which was discovered at his death, made his excellence more apparent to all, since from the vast wealth and power in his hands, and from the great homage paid him by cities and the Great King, he had not, even in the slightest degree, sought to amass money for the aggrandizement of his family. This is the testimony of Theopompus, who is more to be trusted when he praises than when he blames; for he takes more pleasure in blaming than in praising. </p></div>
<div type="textpart" subtype="section" n="3"><p>But after some time had passed, according to Ephorus, some dispute arose at Sparta with her allies, and it became necessary to inspect the writings which Lysander had kept by him; for which purpose Agesilaus went to his house. And when he found the book containing the speech on the constitution,<note resp="editor" place="unspecified" anchored="true">Cf. <bibl n="Plut. Lys. 25.1">Plut. Lys. 25.1</bibl>.</note> which argued that the kingship ought to be taken from the Eurypontidae and Agiadae and made accessible to all Spartans alike, and that the choice should be made from the best of these, </p></div>
<div type="textpart" subtype="section" n="4"><p>he was eager to produce the speech before his countrymen, and show them what the real character of Lysander’s citizenship had been. But Lacratidas, a prudent man, and at that time the principal ephor, held Agesilaus back, saying that they ought not to dig Lysander up again, but rather to bury the speech along with him, since it was composed with such a subtle persuasiveness.</p></div>
<div type="textpart" subtype="section" n="5"><p>However, they paid him many honors at his death. In particular, they imposed a fine upon the men who had engaged to marry his daughters, and then, after Lysander’s death, when he was discovered to be poor, had renounced the engagement. The reason given for the fine was that the men had paid court to Lysander while they thought him rich, but when his poverty showed them that he was a just and good man, they forsook him. For there was, as it appears, a penalty at Sparta not only for not marrying at all, and for a late marriage, but also for a bad marriage and to this last they subjected those especially who sought alliance with the rich, instead of with the good and with their own associates. Such, then, are the accounts we have found given of Lysander.</p></div>  </div> </div>
</body>
   </text>
</TEI>