<ti:work xmlns:ti="http://chs.harvard.edu/xmlns/cts" urn="urn:cts:latinLit:phi0631.phi003" xml:lang="lat" groupUrn="urn:cts:latinLit:phi0631">
	<ti:title xml:lang="lat">Historiae</ti:title>
	<ti:edition urn="urn:cts:latinLit:phi0631.phi003.perseus-lat2" workUrn="urn:cts:latinLit:phi0631.phi003">
	  <ti:label xml:lang="eng">Historiae, C. Sallusti Crispi Catilina, Iugurtha, orationes et epistulae excerptae de historiis</ti:label>
	  <ti:description xml:lang="eng">Sallust, 86-34 B.C, creator; Ahlberg, Axel Wilhelm, 1874-1951, editor</ti:description>
	</ti:edition>
</ti:work>
