<?xml version="1.0" encoding="UTF-8"?>
<ti:work xml:lang="lat" xmlns:ti="http://chs.harvard.edu/xmlns/cts" groupUrn="urn:cts:latinLit:phi0474" urn="urn:cts:latinLit:phi0474.phi005" projid="latinLit:phi005">
    <ti:title xml:lang="eng">Against Verres</ti:title>
    <ti:title xml:lang="eng">Orations against Verres</ti:title>
    <ti:title xml:lang="lat">In C. Verrem</ti:title>
    <ti:title xml:lang="lat">In Verrem</ti:title>
    
    
    <ti:edition workUrn="urn:cts:latinLit:phi0474.phi005" urn="urn:cts:latinLit:phi0474.phi005.perseus-lat2" xml:lang="lat">
        <ti:label xml:lang="eng">Against Verres, Orationes Volume III</ti:label>
        <ti:description xml:lang="eng">Cicero, Marcus Tullius, creator; Peterson, William, 1856-1921, editor</ti:description>
    </ti:edition>
    
    <ti:translation workUrn="urn:cts:latinLit:phi0474.phi005" urn="urn:cts:latinLit:phi0474.phi005.perseus-eng2" xml:lang="eng">
        <ti:label xml:lang="eng">Against Verres, The orations of Marcus Tullius Cicero Vol 1 Orations for Quintius, Sextus Roscius, Quintus Roscius, against Quintus Cæcilius, and against Verres</ti:label>
        <ti:description xml:lang="eng">Cicero, Marcus Tullius, creator; Yonge, Charles Duke, 1812-1891, translator</ti:description>
    </ti:translation>
    
</ti:work>


