<?xml version="1.0" encoding="UTF-8"?><TEI.2>
<teiHeader>
<fileDesc>
<titleStmt>
<title>De cupiditate divitiarum</title>
<title type="sub">Machine readable text</title>
<author n="Plut.">Plutarch</author>
<editor>Gregorius N. Bernardakis</editor>
<sponsor>Perseus Project, Tufts University</sponsor>
<principal>Gregory Crane</principal>
<respStmt>
<resp>Prepared under the supervision of</resp>
<name>Lisa Cerrato</name>
<name>William Merrill</name>
<name>Elli Mylonas</name>
<name>David Smith</name>
</respStmt>
<funder n="org:NEH">The National Endosment for the Humanities</funder>
</titleStmt>
<extent/>
<publicationStmt>
<publisher>Trustees of Tufts University</publisher>
<pubPlace>Medford, MA</pubPlace>
<authority>Perseus Project</authority>
</publicationStmt>
<sourceDesc>
<biblStruct>
<analytic/>
<monogr>
<author>Plutarch</author>
<title>Moralia</title>
<editor>Gregorius N. Bernardakis</editor>
<imprint>
<pubPlace>Leipzig</pubPlace>
<publisher>Teubner</publisher>
<date>1891</date>
</imprint>
<biblScope type="volume">3</biblScope>
</monogr>
</biblStruct>
</sourceDesc>
</fileDesc>
<encodingDesc>
<editorialDecl>
<correction method="silent">
<p>optical character recognition</p>
</correction>
</editorialDecl>
<refsDecl doctype="TEI.2">
<state unit="section"/>
</refsDecl>
<refsDecl doctype="TEI.2">
<state unit="stephpage" n="chunk"/>
</refsDecl>
</encodingDesc>
<profileDesc>
<langUsage>
<language id="greek">Greek</language>
<language id="eng">English</language>
</langUsage>
</profileDesc>
<revisionDesc>
<change>
<date>5/10</date>
<respStmt>
<name>RS</name>
<resp/>
</respStmt>
<item>tagged and parsed</item>
</change>
</revisionDesc>
</teiHeader>
<text>
<body>
<pb id="v.3.p.355"/>
<div1 type="section" n="1">
<milestone unit="stephpage" id="stephpage-523c" n="523c"/>
<p>Ἱππόμαχος ὁ ἀλείπτης , ἐπαινούντων τινῶν
<milestone unit="stephpage" id="stephpage-523d" n="523d"/> ἄνθρωπον εὐμήκη καὶ μακρὰς ἔχοντα χεῖρας
               ὡς πυκτικόν, “εἴπερ” ἔφη “καθελεῖν ἔδει τὸν στέφανον
                  κρεμάμενον” τοῦτʼ ἔστιν εἰπεῖν πρὸς τοὺς τὰ καλὰ
<milestone unit="tlnum" n="5"/> χωρία καὶ τὰς μεγάλας οἰκίας καὶ τὸ πολὺ ἀργύριον
               ὑπερεκπεπληγμένους καὶ μακαρίζοντας, “εἴ γʼ ἔδει πωλουμένην πρίασθαι τὴν
                  εὐδαιμονίαν” καίτοι πολλοὺς ἂν εἴποι τις, ὅτι μᾶλλον ἐθέλουσι
               πλουτεῖν καὶ κακοδαιμονοῦντες μακάριοι γενέσθαι δόντες
<milestone unit="tlnum" n="10"/> ἀργύριον, ἀλλʼ οὐκ ἔστι γε χρημάτων ὤνιον ἀλυπία,
               μεγαλοφροσύνη, εὐστάθεια, θαρραλεότης, αὐτάρκεια· τῷ πλουτεῖν οὐκ ἔνεστι
               τὸ πλούτου καταφρονεῖν οὐδὲ τῷ τὰ περιττὰ κεκτῆσθαι τὸ μὴ δεῖσθαι τῶν
<milestone unit="stephpage" id="stephpage-523e" n="523e"/> περιττῶν.
<milestone unit="tlnum" n="15"/>
</p>
</div1>
<div1 type="section" n="2">
<p> τίνος οὖν ἀπαλλάττει τῶν ἄλλων κακῶν ὁ πλοῦτος, εἰ μηδὲ φιλοπλουτίας;
               ἀλλὰ ποτῷ μὲν ἔσβεσαν τὴν τοῦ ποτοῦ ὄρεξιν καὶ τροφὴ τὴν τῆς τροφῆς
               ἐπιθυμίαν ἠκέσαντο· κἀκεῖνος ὁ λέγων <quote rend="blockquote"> δὸς χλαῖναν
                  Ἱππώνακτι, κάρτα γὰρ ῥιγῶ ,ʼ </quote>
<note resp="ed" place="unspecified" anchored="yes">cf. Bergk. 2 p. 469</note>
<milestone unit="tlnum" n="20"/> πλειόνων ἐπιφερομένων δυσανασχετεῖ καὶ
               διωθεῖται· φιλαργυρίαν δʼ οὐ σβέννυσιν ἀργύριον οὐδὲ χρυσίον <pb id="v.3.p.356"/> οὐδὲ πλεονεξία παύεται κτωμένη τὸ πλέον. ἀλλʼ ἔστιν
               εἰπεῖν πρὸς τὸν πλοῦτον ὥσπερ <note resp="ed" place="unspecified" anchored="yes">
<foreign lang="greek">ὥσπερ</foreign>] i. e. <foreign lang="greek">ὥσπερ πρὸς</foreign>
</note> ἰατρὸν ἀλαζόνα <quote rend="blockquote"> τὸ
                  φάρμακόν σου τὴν νόσον μείζω ποιεῖ· <note resp="ed" place="unspecified" anchored="yes">Kock 3 p. 494</note>
<milestone unit="tlnum" n="5"/>
</quote>
<milestone unit="stephpage" id="stephpage-523f" n="523f"/> ἄρτου δεομένους καὶ
               οἴκου καὶ σκέπης μετρίας καὶ τοῦ τυχόντος ὄψου παραλαβὼν ἐμπέπληκεν
               ἐπιθυμίας χρυσοῦ καὶ ἀργύρου καὶ ἐλέφαντος καὶ σμαράγδων καὶ κυνῶν καὶ
               ἵππων, εἰς χαλεπὰ καὶ σπάνια καὶ δυσπόριστα καὶ ἄχρηστα μεταθεὶς ἐκ τῶν
               ἀναγκαίων
<milestone unit="tlnum" n="10"/> τὴν ὄρεξιν. ἐπεὶ τῶν γʼ
               ἀρκούντων οὐδεὶς πένης ἐστίν· οὐδὲ δεδάνεισται πώποτʼ ἄνθρωπος
               ἀργύριον, ἵνʼ ἄλφιτα πρίηται ἢ τυρὸν ἢ ἄρτον ἢ ἐλαίας· ἀλλὰ τὸν
               μὲν οἰκία πολυτελὴς χρεωφειλέτην
<milestone unit="stephpage" id="stephpage-524a" n="524a"/> πεποίηκε, τὸν δʼ ὁμοροῦν ἐλαιόφυτον, τὸν δὲ σιτῶνες
<milestone unit="tlnum" n="15"/> ἀμπελῶνες, ἄλλον ἡμίονοι Γαλατικαὶ , ἄλλον ἵπποι
               ζυγοφόροι <quote rend="blockquote"> κείνʼ ὄχεα κροτέοντες</quote>
<note resp="ed" place="unspecified" anchored="yes">Hom. O 453</note> ἐνσεσείκασιν
               εἰς βάραθρον συμβολαίων καὶ τόκων καὶ ὑποθηκῶν. εἶθʼ ὥσπερ οἱ πίνοντες
               μετὰ τὸ μὴ
<milestone unit="tlnum" n="20"/> διψῆν ἢ ἐσθίοντες μετὰ τὸ μὴ
               πεινῆν καὶ ὅσα διψῶντες ἢ πεινῶντες ἔλαβον προσεξεμοῦσιν, οὕτως οἱ τῶν
               ἀχρήστων ἐφιέμενοι καὶ περιττῶν οὐδὲ τῶν ἀναγκαίων κρατοῦσιν. οὗτοι
               μὲν οὖν τοιοῦτοι. </p>
</div1>
<div1 type="section" n="3">
<p> τοὺς δὲ μηδὲν ἀποβάλλοντας ἔχοντας δὲ πολλὰ
<milestone unit="tlnum" n="25"/> πλειόνων δʼ ἀεὶ δεομένους ἔτι μᾶλλον θαυμάσειεν ἄν τις τοῦ
               Ἀριστίππου μεμνημένος ἐκεῖνος γὰρ <pb id="v.3.p.357"/>
<milestone unit="stephpage" id="stephpage-524b" n="524b"/> εἰώθει λέγειν, ὅτι
               πολλὰ μέν τις ἐσθίων πολλὰ δὲ πίνων πληρούμενος δὲ μηδέποτε, πρὸς τοὺς
               ἰατροὺς βαδίζει καὶ πυνθάνεται τί τὸ πάθος καί τίς ἡ διάθεσις καὶ πῶς
               ἂν ἀπαλλαγείη· εἰ δέ τις ἔχων πέντε
<milestone unit="tlnum" n="5"/> κλίνας
               δέκα ζητεῖ, καὶ κεκτημένος δέκα τραπέζας ἑτέρας συνωνεῖται τοσαύτας, καὶ
               χωρίων πολλῶν παρόντων καὶ ἀργυρίου, οὐ γίγνεται μεστὸς ἀλλʼ ἐπʼ ἄλλα
               συντέταται καὶ ἀγρυπνεῖ καὶ ἀπλήρωτός ἐστι. πάντων, οὗτος οὐκ οἴεται
               δεῖσθαι τοῦ θεραπεύσοντος
<milestone unit="tlnum" n="10"/> καὶ δείξοντος ἀφʼ
               ἧς αἰτίας τοῦτο πέπονθε. καίτοι τῶν διψώντων τὸν μὲν οὐ πεπωκότα
               προσδοκήσειεν ἄν τις ἀπαλλαγήσεσθαι πιόντα τοῦ
<milestone unit="stephpage" id="stephpage-524c" n="524c"/> διψῆν, τὸν δὲ πίνοντα συνεχῶς καὶ μὴ
               παυόμενον οὐ πληρώσεως ἀλλὰ καθάρσεως οἰόμεθα δεῖσθαι·
<milestone unit="tlnum" n="15"/> καὶ κελεύομεν ἐμεῖν, ὡς οὐχ ὑπʼ ἐνδείας
               ὀχλούμενον ἀλλά τινος δριμύτητος ἢ θερμότητος αὐτῷ παρὰ φύσιν ἐνούσης·
               οὐκοῦν καὶ τῶν ποριζόντων <note resp="ed" place="unspecified" anchored="yes">
<foreign lang="greek">ποριζόντων</foreign>] <foreign lang="greek">ποριζομένων</foreign> R. paulo post p. 358 lin. 7 recte dicitur <foreign lang="greek">τω-ι πορισμῷ προστετηκότα</foreign>
</note>  ὁ μὲν ἐνδεὴς· καὶ ἄπορος παύσεται ἴσως
               ἑστίαν κτησάμενος <note resp="ed" place="unspecified" anchored="yes">
<foreign lang="greek">ἴσως παύς. κτης. ἑστίαν</foreign>?</note> ἢ θησαυρὸν εὑρὼν, ἢ φίλου βοηθήσαντος ἐκτίσας
<milestone unit="tlnum" n="20"/> καὶ ἀπαλλαγεὶς τοῦ δανειστοῦ· τὸν δὲ
               πλείω τῶν ἱκανῶν ἔχοντα καὶ πλειόνων ὀρεγόμενον οὐ χρυσίον ἐστὶν οὐδʼ
               ἀργύριον τὸ θεραπεῦον οὐδʼ ἵπποι καὶ
<milestone unit="stephpage" id="stephpage-524d" n="524d"/> πρόβατα καὶ βόες, ἀλλʼ ἐκβολῆς δεῖται καὶ
               καθαρμοῦ. πενία γὰρ οὐκ ἔστιν ἀλλʼ ἀπληστία τὸ πάθος <note resp="ed" place="unspecified" anchored="yes">cf, Kock. 3 p. 494</note>
<milestone unit="tlnum" n="25"/> αὐτοῦ καὶ φιλοπλουτία, διὰ κρίσιν φαύλην καὶ
               ἀλόγιστον ἐνοῦσα· ἣν ἂν μή τις ἐξέληται τῆς ψυχῆς <pb id="v.3.p.358"/>
               ὥσπερ ἕλμιγγα πλατεῖαν, <note resp="ed" place="unspecified" anchored="yes">
<foreign lang="greek">ἕλμιγγα πλατεῖαν</foreign> (<foreign lang="greek">ἕλμινθα πλατεῖαν</foreign> Hauptius) scripsi: <foreign lang="greek">ἕλιγμα πλάγιον</foreign>
</note> οὐ παύσονται δεόμενοι τῶν περιττῶν, τουτέστιν
               ἐπιθυμοῦντες ὧν οὐ δέονται. </p>
</div1>
<div1 type="section" n="4">
<p>ὅταν ἰατρὸς πρὸς ἄνθρωπον εἰσελθὼν ἐρριμμένον ἐν τῷ κλινιδίῳ καὶ
               στένοντα καὶ μὴ βουλόμενον
<milestone unit="tlnum" n="5"/> τροφὴν λαβεῖν,
               ἅψηται καὶ ἀνακρίνῃ καὶ εὕρῃ μὴ πυρέττοντα, “ψυχικὴ νόσοσ” ἔφη
               καὶ ἀπῆλθεν οὐκοῦν καὶ ἡμεῖς ὅταν ἴδωμεν ἄνδρα τῷ πορισμῷ
<milestone unit="stephpage" id="stephpage-524e" n="524e"/> προστετηκότα καὶ
               τοῖς ἀναλώμασιν ἐπιστένοντα καὶ μηδενὸς εἰς χρηματισμὸν συντελοῦντος
               αἰσχροῦ μηδʼ
<milestone unit="tlnum" n="10"/> ἀνιαροῦ φειδόμενον, οἰκίας δʼ
               ἔχοντα καὶ χώρας καὶ ἀγέλας καὶ ἀνδράποδα σὺν ἱματίοις, τί φήσομεν τὸ
               πάθος εἶναι τἀνθρώπου ἢ πενίαν ψυχικήν; ἐπεὶ τήν γε χρηματικήν, ὥς
               φησιν ὁ Μένανδρος, <note resp="ed" place="unspecified" anchored="yes">
<foreign lang="greek">Μένανδρος</foreign>] Kock. 3 p. 208</note> εἷς ἂν φίλος ἀπαλλάξειεν εὐεργετήσας· τὴν δὲ
               ψυχικὴν
<milestone unit="tlnum" n="15"/> ἐκείνην οὐκ ἂν ἐμπλήσειαν ἅπαντες
               οὔτε ζῶντες οὔτε ἀποθανόντες. ὅθεν εὖ πρὸς τούτους λέλεκται ὑπὸ τοῦ
               Σόλωνος <quote rend="blockquote"> πλούτου δʼ οὐδὲν τέρμα πεφασμένον
                  ἀνθρώποισιν.
<milestone unit="stephpage" id="stephpage-524f" n="524f"/>
</quote>
<note resp="ed" place="unspecified" anchored="yes">Bergk. 2 p. 46</note> ἐπεὶ τοῖς γε νοῦν ἔχουσιν ὁ τῆς φύσεως πλοῦτος
<milestone unit="tlnum" n="20"/> ὥρισται καὶ τὸ τέρμα πάρεστι τῆς χρείας καθάπερ
               κέντρῳ καὶ διαστήματι περιγραφόμενον. ἀλλὰ καὶ τοῦτο τῆς φιλαργυρίας
               ἴδιον· ἐπιθυμία γάρ ἐστι μαχομένη πρὸς τὴν αὑτῆς πλήρωσιν· αἱ δʼ ἄλλαι
               καὶ συνεργοῦσιν οὐδεὶς γοῦν ἀπέχεται χρήσεως <note resp="ed" place="unspecified" anchored="yes">
<foreign lang="greek">χρήσεως</foreign> M: <foreign lang="greek">χρηστὸς</foreign>
</note> ὄψου
<milestone unit="tlnum" n="25"/> διὰ φιλοψίαν οὐδʼ οἴνου διʼ οἰνοφλυγίαν, ὡς χρημάτων ἀπέχονται
               διὰ φιλοχρηματίαν. καίτοι πῶς <pb id="v.3.p.359"/> οὐ μανικὸν οὐδʼ οἰκτρὸν
               τὸ πάθος, εἴ τις ἱματίῳ μὴ χρῆται διὰ τὸ ῥιγοῦν μηδʼ ἄρτῳ διὰ τὸ
               πεινῆν μηδὲ πλούτῳ διὰ τὸ φιλοπλουτεῖν; ἀλλʼ ἐν τοῖς Θρασωνίδου κακοῖς
               ἐστιν·
<milestone unit="tlnum" n="5"/>
<milestone unit="stephpage" id="stephpage-525a" n="525a"/>
<quote rend="blockquote">
<l> παρʼ ἐμοὶ γάρ ἐστιν ἔνδον, ἔξεστιν <note resp="ed" place="unspecified" anchored="yes">
<foreign lang="greek">ἔξεστιν δέ</foreign> W: <foreign lang="greek">ἔξεστι</foreign>
</note> δέ μοι </l>
<note resp="ed" place="unspecified" anchored="yes">Kock. 3 p. 98</note>
<l> καὶ βούλομαι τοῦθʼ ὡς ἂν ἐμμανέστατα </l>
<l> ἐρῶν τις, οὐ ποιῶ δέ· </l>
</quote> κατακλείσας δὲ πάντα καὶ κατασφραγισάμενος, καὶ παραριθμήσας
               τοκισταῖς καὶ πραγματευταῖς, ἄλλα
<milestone unit="tlnum" n="10"/> συνάγω καὶ
               διώκω· καὶ ζυγομαχῶ πρὸς τοὺς οἰκέτας πρὸς τοὺς γεωργοὺς πρὸς τοὺς
               χρεώστας· <quote rend="blockquote">
<l>Ἄπολλον, ἀνθρώπων τινʼ <note resp="ed" place="unspecified" anchored="yes">
<foreign lang="greek">ἄνθρωπόν τινʼ</foreign> Naberus</note> ἀθλιώτερον </l>
<note resp="ed" place="unspecified" anchored="yes">Kock. 3 p. 98</note>
<l> ἑόρακας ἢ ἐρῶντα δυσποτμώτερον; </l>
</quote>
</p>
</div1>
<div1 type="section" n="5">
<p>ὁ Σοφοκλῆς ἐρωτηθείς, εἰ <note resp="ed" place="unspecified" anchored="yes">
<foreign lang="greek">εἰ</foreign>] <foreign lang="greek">εἰ ἔτι</foreign> Herwerdenus, coll. Plat. Rep. p. 329 b</note> δύναται γυναικὶ
<milestone unit="tlnum" n="15"/>
               πλησιάζειν, “εὐφήμει, ἄνθρωπε” εἶπεν “ἐλεύθερος γέγονα, λυττῶντας
                  καὶ ἀγρίους δεσπότας διὰ τὸ γῆρας ἀποφυγών.” χάριεν γὰρ ἅμα ταῖς
               ἡδοναῖς συνεκλιπεῖν
<milestone unit="stephpage" id="stephpage-525b" n="525b"/>
               τὰς ἐπιθυμίας, ἃς μήτε ἄνδρα φησὶν Ἀλκαῖος; <note resp="ed" place="unspecified" anchored="yes">
<foreign lang="greek">Ἀλκαῖος</foreign>] Bergk. 3 p. 183</note> διαφυγεῖν μήτε γυναῖκα.
               τοῦτο δʼ οὐκ ἔστιν ἐπὶ <note resp="ed" place="unspecified" anchored="yes">malim <foreign lang="greek">ἔστιν εἰπεῖν</foreign>
</note>
<milestone unit="tlnum" n="20"/> τῆς φιλοπλουτίας·
               ἀλλʼ ὥσπερ βαρεῖα καὶ πικρὰ δέσποινα κτάσθαι μὲν ἀναγκάζει χρῆσθαι δὲ
               κωλύει, καὶ τὴν μὲν ἐπιθυμίαν ἐγείρει τὴν δʼ ἡδονὴν ἀφαιρεῖται. τοὺς
               μὲν οὖν Ῥοδίους ὁ Στρατόνικος ἐπέσκωπτεν εἰς πολυτέλειαν, οἰκοδομεῖν
               μὲν ὡς ἀθανάτους
<milestone unit="tlnum" n="25"/> λέγων ὀψωνεῖν δʼ ὡς
               ὀλιγοχρονίους οἱ δὲ <pb id="v.3.p.360"/> φιλάργυροι κτῶνται μὲν ὡς
               πολυτελεῖς χρῶνται δʼ ὡς ἀνελεύθεροι, καὶ τοὺς μὲν πόνους ὑπομένουσι τὰς
               δʼ ἡδονὰς οὐκ ἔχουσιν. ὁ γοῦν Δημάδης ἐπιστὰς
<milestone unit="stephpage" id="stephpage-525c" n="525c"/> ἀριστῶντί ποτε Φωκίωνι καὶ θεασάμενος
               αὐτοῦ
<milestone unit="tlnum" n="5"/> τὴν τράπεζαν αὐστηρὰν καὶ λιτήν, “θαυμάζω σʼ ὦ Φωκίων” εἶπεν “ὅτι οὕτως ἀριστᾶν δυνάμενος
                  πολιτεύῃ” αὐτὸς γὰρ εἰς τὴν γαστέρα ἐδημαγώγει, καὶ τὰς Ἀθήνας
               μικρὸν ἡγούμενος τῆς ἀσωτίας ἐφόδιον ἐκ τῆς Μακεδονίας ἐπεσιτίζετο·
               καὶ διὰ τοῦτʼ Ἀντίπατρος
<milestone unit="tlnum" n="10"/> εἶπε θεασάμενος
               αὐτὸν γέροντα· “καθάπερ ἱερείου διαπεπραγμένου μηδὲν ἔτι λοιπὸν ἢ τὴν
                  γλῶσσαν εἶναι καὶ τὴν κοιλίαν” σὲ δʼ οὐκ ἄν τις, ὦ κακόδαιμον,
               θαυμάσειεν, εἰ δυνάμενος οὕτω ζῆν ἀνελευθέρως καὶ ἀπανθρώπως καὶ
               ἀμεταδότως καὶ
<milestone unit="tlnum" n="15"/>
<milestone unit="stephpage" id="stephpage-525d" n="525d"/> πρὸς φίλους ἀπηνῶς
               καὶ πρὸς πολίτας ἀφιλοτίμως, κακοπαθεῖς καὶ ἀγρυπνεῖς καὶ ἐργολαβεῖς καὶ
               κληρονομεῖς καὶ ὑποπίπτεις τηλικοῦτον ἔχων τῆς ἀπραγμοσύνης ἐφόδιον, τὴν
               ἀνελευθερίαν; Βυζάντιόν τινα λέγουσιν ἐπὶ δυσμόρφῳ γυναικὶ μοιχὸν
               εὑρόντʼ εἰπεῖν,
<milestone unit="tlnum" n="20"/> “ὦ ταλαίπωρε, τίς ἀνάγκη; σαπραγόρα προῖξ.” ἄγε σὺ κυκᾷς
               ὑφάπτεις, <note resp="ed" place="unspecified" anchored="yes">
<foreign lang="greek">τίς ἀνάγκη - - ὑπάπτεις</foreign>] in Symbolis conieceram: <foreign lang="greek">τίς ἀνάγκα σά; παραγόρα προῖξ ἐμά γε. ἃ δὲ σὺ κλείσας φυλάττεις</foreign>
</note> ὦ πόνηρε , τοὺς βασιλεῖς πορίζεσθαι δεῖ τοὺς ἐπιτρόπους τῶν
               βασιλέων τοὺς ἐν ταῖς πόλεσι πρωτεύειν καὶ ἄρχειν ἐθέλοντας· ἐκείνοις
               ἀνάγκη διὰ τὴν φιλοτιμίαν καὶ ἀλαζονείαν
<milestone unit="tlnum" n="25"/>
               καὶ τὴν κενὴν δόξαν ἑστιῶσιν χαριζομένοις δορυφοροῦσι <note resp="ed" place="unspecified" anchored="yes">
<foreign lang="greek">δορυφοροῦσι</foreign>] <foreign lang="greek">δορυφόρους ἔχουσι</foreign> Madvigius</note>
<milestone unit="stephpage" id="stephpage-525e" n="525e"/> δῶρα πέμπουσι, στρατεύματα
               τρέφουσι <pb id="v.3.p.361"/> μονομάχους ὠνουμένοις· σὺ δὲ τοσαῦτα πράγματα
               συγχεῖς καὶ ταράττεις καὶ <quote rend="blockquote"> στροβεῖς σεαυτόν, κοχλίου
                  βίον ζῶν</quote>
<note resp="ed" place="unspecified" anchored="yes"> Kock. 3 p. 450. <foreign lang="greek">ζῶν κοχ. βίον</foreign> (<foreign lang="greek">τινός</foreign>) idem</note> διὰ τὴν μικρολογίαν, καὶ τὰ δυσχερῆ πάνθʼ ὑπομένεις
<milestone unit="tlnum" n="5"/> οὐδὲν εὖ πάσχων, ὥσπερ ὄνος βαλανέως
               ξύλα καὶ φρύγανα κατακομίζων, ἀεὶ καπνοῦ τε καί τέφρας ἀναπιμπλάμενος
               λουτροῦ δὲ μὴ μετέχων μηδʼ ἀλέας μηδὲ καθαρειότητος. </p>
</div1>
<div1 type="section" n="6">
<p>καὶ ταῦτα πρὸς τὴν ὀνώδη καὶ μυρμηκώδη
<milestone unit="tlnum" n="10"/> λέγω
               ταύτην φιλοπλουτίαν. ἑτέρα δʼ ἐστὶν ἡ θηριώδης, συκοφαντοῦσα καὶ
               κληρονομοῦσα καὶ παραλογιζομένη
<milestone unit="stephpage" id="stephpage-525f" n="525f"/> καὶ πολυπραγμονοῦσα καὶ φροντίζουσα καὶ ἀριθμοῦσα τῶν φίλων
               ἔτι πόσοι ζῶσιν, εἶτα πρὸς <note resp="ed" place="unspecified" anchored="yes">
<foreign lang="greek">πρὸς</foreign>] del. Herwerdenus</note> μηδὲν ἀπολαύουσα τῶν πανταχόθεν
               προσποριζομένων.
<milestone unit="tlnum" n="15"/> ὥσπερ οὖν ἐχίδνας καὶ
               κανθαρίδας καὶ φαλάγγια μᾶλλον προβαλλόμεθα καὶ δυσχεραίνομεν ἄρκτων καὶ
               λεόντων, ὅτι κτείνει καὶ ἀπόλλυσιν ἀνθρώπους μηδὲν χρώμενα τοῖς
               ἀπολλυμένοις ὑπʼ αὐτῶν· οὕτω δεῖ μᾶλλον δυσχεραίνειν τῶν διʼ ἀσωτίαν
               τοὺς
<milestone unit="tlnum" n="20"/> διὰ μικρολογίαν καὶ ἀνελευθερίαν
               πονηρούς· ἀφαιροῦνται γὰρ ἄλλων, οἷς αὐτοὶ χρῆσθαι μὴ δύνανται
<milestone unit="stephpage" id="stephpage-526a" n="526a"/> μηδὲ πεφύκασιν.
               ὅθεν ἐκεῖνοι μὲν ἐκεχειρίαν ἄγουσιν, ἐν ἀφθόνοις γενόμενοι καὶ
               χορηγίαν ἔχοντες· ὥσπερ ὁ Δημοσθένης; ἔλεγε πρὸς τοὺς νομίζοντας
<milestone unit="tlnum" n="25"/> τῆς πονηρίας τὸν Δημάδην πεπαῦσθαι, “νῦν
                  γὰρ” ἔφη “μεστὸν ὁρᾶτε, καθάπερ τοὺς λέοντας·” τοῖς δʼ εἰς
               μηδὲν ἡδὺ μηδὲ χρήσιμον πολιτευομένοις οὐκ <pb id="v.3.p.362"/> ἔστιν
               ἀνακωχὴ τοῦ πλεονεκτεῖν οὐδʼ ἀσχολία κενοῖς οὖσιν ἀεὶ καὶ προσδεομένοις
               ἁπάντων. </p>
</div1>
<div1 type="section" n="7">
<p>ἀλλὰ νὴ Δία, φήσει τις, ὅτι <note resp="ed" place="unspecified" anchored="yes">
<foreign lang="greek">ὅτι</foreign>] del. Stegmannus</note> παισὶν οὗτοι καὶ κληρονόμοις φυλάττουσι
               καὶ θησαυρίζουσι. πῶς;
<milestone unit="tlnum" n="5"/>
<milestone unit="stephpage" id="stephpage-526b" n="526b"/> οἷς <note resp="ed" place="unspecified" anchored="yes">
<foreign lang="greek">πῶς; οἷς</foreign> *: <foreign lang="greek">πῶς οἷς</foreign>
</note> ζῶντες οὐδὲν
               μεταδιδόασιν, ἀλλʼ ὥσπερ τῶν μυῶν τῶν ἐν τοῖς μετάλλοις τὴν χρυσῖτιν
               ἐσθιόντων οὐκ ἔσται <note resp="ed" place="unspecified" anchored="yes">
<foreign lang="greek">οὐκ ἔστι</foreign> R</note> τοῦ χρυσίου μεταλαβεῖν, εἰ μὴ νεκρῶν γενομένων καὶ
               ἀνατμηθέντων. παισὶ δὲ καὶ κληρονόμοις διὰ τί βούλονται πολλὰ χρήματα καὶ
               μεγάλην
<milestone unit="tlnum" n="10"/> οὐσίαν ἀπολιπεῖν; ἵνα δηλονότι καὶ
               οὗτοι φυλάττωσιν ἑτέροις, κἀκεῖνοι πάλιν <note resp="ed" place="unspecified" anchored="yes">
<foreign lang="greek">πάλιν</foreign> *</note> παισίν· ὥσπερ οἱ κεραμεοῖ
               σωλῆνες οὐδὲν ἀναλαμβάνοντες εἰς ἑαυτοὺς ἀλλʼ ἕκαστος εἰς ἕτερον ἐξ
               ἑαυτοῦ μεθιείς, ἄχρι ἄν τις ἔξωθεν ἢ συκοφάντης ἢ τύραννος ἐκκόψας
               τὸν
<milestone unit="tlnum" n="15"/> φυλάττοντα καὶ κατεάξας ἀλλαχόσε
               παρατρέψῃ καὶ
<milestone unit="stephpage" id="stephpage-526c" n="526c"/>
               παροχετεύσῃ τὸν πλοῦτον· ἤ, καθάπερ λέγουσιν, εἷς ὁ πονηρότατος ἐν τῷ
               γένει γενόμενος, καταφάγῃ τὰ πάντων· οὐ γὰρ μόνον γίγνεται δούλων τέκνα
               <quote rend="blockquote"> ἀκόλασθʼ ὁμιλεῖν <note resp="ed" place="unspecified" anchored="yes">
<foreign lang="greek">ἀκόλασθʼ ὁμιλεῖν</foreign> Diogenes Laertius 4, 35: <foreign lang="greek">ἀκόλαστα μὲν</foreign>
</note> γίνεται δούλων τέκνα </quote>
<note resp="ed" place="unspecified" anchored="yes">Nauck. p. 675</note>
<milestone unit="tlnum" n="20"/> ἀλλὰ <note resp="ed" place="unspecified" anchored="yes">
<foreign lang="greek">ἀλλὰ</foreign>] om. codd. mei</note> καὶ μικρολόγων ὥς που καὶ Διογένης
               ἐπέσκωψεν εἰπὼν “Μεγαρέως ἀνδρὸς <note resp="ed" place="unspecified" anchored="yes">
<foreign lang="greek">ἀνδρὸς</foreign> R: <foreign lang="greek">ἂν ἀνδρὸς</foreign>
</note> βέλτιον εἶναι κριὸν ἢ υἱὸν
                  γενέσθαι.” καὶ γὰρ οὓς <note resp="ed" place="unspecified" anchored="yes">
<foreign lang="greek">οὓς</foreign> R: <foreign lang="greek">οἶς</foreign>
</note> δοκοῦσι παιδεύειν ἀπολλύουσι καὶ
               προσδιαστρέφουσιν ἐμφυτεύοντες τὴν αὑτῶν φιλαργυρίαν καὶ τὴν μικρολογίαν,
               ὥσπερ
<milestone unit="tlnum" n="25"/> φρούριον τῆς κληρονομίας
               ἐνοικοδομοῦντες τοῖς <pb id="v.3.p.363"/> κληρονόμοις. ταῦτα γάρ ἐστιν ἃ
               παραινοῦσι καὶ διδάσκουσι “κέρδαινε καὶ φείδου, καὶ τοσούτου νόμιζε <note resp="ed" place="unspecified" anchored="yes">
<foreign lang="greek">τοσούτου νόμιζε</foreign>] cf. Nauck. p. 929 (fr. 461, 4)</note>
                  σαυτὸν ἄξιον ὅσον ἂν ἔχῃς.” τοῦτο δʼ οὐκ ἔστι
<milestone unit="stephpage" id="stephpage-526d" n="526d"/> παιδεύειν, ἀλλὰ συστέλλειν
               καὶ ἀπορράπτειν ὥσπερ
<milestone unit="tlnum" n="5"/> βαλλάντιον, ἵνα
               στέγειν καὶ φυλάττειν τὸ εἰσβληθὲν δύνηται. καίτοι τὸ μὲν βαλλάντιον
               ἐμβληθέντος τοῦ ἀργυρίου γίγνεται ῥυπαρὸν καὶ δυσῶδες; οἱ δὲ τῶν
               φιλαργύρων παῖδες πρὶν ἢ παραλαμβάνειν τὸν πλοῦτον ἀναπίμπλανται τῆς
               φιλοπλουτίας ἀπʼ αὐτῶν τῶν
<milestone unit="tlnum" n="10"/> πατέρων. καὶ
               μέντοι τῆς διδασκαλίας καὶ μισθοὺς ἀξίους ἀποτίνουσιν αὐτοῖς, οὐ
               φιλοῦντες ὅτι πολλὰ λήψονται, ἀλλὰ μισοῦντες ὅτι μήπω λαμβάνουσι· μηδὲν
               γὰρ ἄλλο θαυμάζειν ἢ τὸν πλοῦτον μαθόντες μηδʼ ἐπʼ ἄλλῳ τινὶ ζῆν ἢ
               τῷ πολλὰ κεκτῆσθαι, κώλυσιν
<milestone unit="tlnum" n="15"/> τοῦ ἰδίου βίου
               τὸν ἐκείνων ποιοῦνται, καὶ νομίζουσιν αὑτῶν ἀφαιρεῖσθαι τὸν χρόνον,
               ὅσον ἐκείνοις προστίθησι. διὸ καὶ ζώντων μὲν ἔτι τῶν
<milestone unit="stephpage" id="stephpage-526e" n="526e"/> πατέρων λανθάνοντες ἁμωσγέπως
               παρακλέπτουσι τῆς ἡδονῆς καὶ ἀπολαύουσιν ὥσπερ ἀλλοτρίων μεταδιδόντες
<milestone unit="tlnum" n="20"/> φίλοις, ἀναλίσκοντες εἰς ἐπιθυμίας ἔτι <note resp="ed" place="unspecified" anchored="yes">
<foreign lang="greek">ἔτι</foreign> Madvigius: <foreign lang="greek">ὅτι</foreign>
</note>
               ἀκούοντες ἔτι <note resp="ed" place="unspecified" anchored="yes">
<foreign lang="greek">ἔτι</foreign> idem: <foreign lang="greek">τι</foreign>
</note> μανθάνοντες. ὅταν δʼ ἀποθανόντων τὰς κλεῖς παραλάβωσι καὶ
               τὰς σφραγῖδας, ἕτερον βίου σχῆμα αὐτοῖς ἐστι καὶ πρόσωπον ἀγέλαστον
               αὐστηρὸν ἀνέντευκτον οὐ κολοφὼν οὐ σφαῖρα οὐ τραχηλισμὸς
<milestone unit="tlnum" n="25"/>
<milestone unit="stephpage" id="stephpage-526f" n="526f"/> οὐκ Ἀκαδήμεια <note resp="ed" place="unspecified" anchored="yes">
<foreign lang="greek">Ἀκαδήμεια</foreign> *: <foreign lang="greek">ἀκαδημία</foreign>
</note> οὐ
               Λύκειον, ἀλλʼ οἰκετῶν ἀνάκρισις καὶ γραμματείων ἐπίσκεψις καὶ πρὸς
               οἰκονόμους ἢ χρεώστας διαλογισμὸς καὶ ἀσχολία καὶ <pb id="v.3.p.364"/>
               φροντὶς ἀφαιρουμένη τὸ ἄριστον καὶ συνελαύνουσα νυκτὸς εἰς τὸ βαλανεῖον
                  <quote rend="blockquote"> γυμνάσια δʼ οἷσιν ἐνετράφη Δίρκης θʼ ὕδωρ
                  παρώδευται· </quote>
<milestone unit="tlnum" n="5"/> κἂν εἴπῃ τις “οὐκ ἀκούσῃ τοῦ
                  φιλοσόφου;ʼ” “πόθεν ἐμοί;ʼ” φησίν· “οὐ σχολάζω τοῦ πατρὸς τεθνηκότος.” <note resp="ed" place="unspecified" anchored="yes">cf. Kock. 3 p. 447</note> ὦ
               ταλαίπωρε, τί σοι τοιοῦτο καταλέλοιπεν οἷον ἀφῄρηται, τὴν σχολὴν καὶ τὴν
               ἐλευθερίαν; μᾶλλον δʼ οὐκ ἐκεῖνος ἀλλʼ ὁ πλοῦτος περιχυθεὶς καὶ κρατήσας,
<milestone unit="tlnum" n="10"/> ὥσπερ ἡ παρʼ Ἡσιόδῳ <note resp="ed" place="unspecified" anchored="yes">
<foreign lang="greek">Ἡσιόδῳ</foreign>] OD 705</note> γυνὴ
<milestone unit="stephpage" id="stephpage-527a" n="527a"/>
<quote rend="blockquote"> εὔει ἄτερ δαλοῦ καὶ ἐν ὠμῷ <note resp="ed" place="unspecified" anchored="yes">
<foreign lang="greek">δαλοῦ καὶ ἐν ὠμῷ</foreign>] <foreign lang="greek">δαλοῖο καὶ ὠμῷ</foreign> Hesiodus</note> γήραϊ θῆκεν;
               </quote> ὥσπερ ῥυτίδας ἀώρους ἢ πολιὰς ἐπαγαγὼν τῇ ψυχῇ τὰς
               φροντίδας ἐκ τῆς φιλαργυρίας καὶ τῆς ἀσχολίας, ὑφʼ ὧν μαραίνεται τὸ
               γαῦρον καὶ τὸ φιλότιμον καὶ
<milestone unit="tlnum" n="15"/> τὸ φιλάνθρωπον.
            </p>
</div1>
<div1 type="section" n="8">
<p>τί οὖν; φήσει <note resp="ed" place="unspecified" anchored="yes">
<foreign lang="greek">φήσει</foreign> R: <foreign lang="greek">φησί</foreign>
</note> τις, οὐχ ὁρᾷς καὶ χρωμένους ἐνίους δαψιλῶς τοῖς χρήμασι;
               σὺ δʼ οὐκ ἀκούεις, φήσομεν, Ἀριστοτέλους λέγοντος, ὅτι· οἱ μὲν οὐ
               χρῶνται οἱ δὲ παραχρῶνται, καθάπερ οὔδʼ ἑτέρου
<milestone unit="tlnum" n="20"/> προσήκοντος; ἀλλʼ ἐκείνους μὲν οὐκ ὠφελεῖ τὸ οἰκεῖον οὐδὲ
               κοσμεῖ, τούτους δὲ καὶ βλάπτει καὶ καταισχύνει.
<milestone unit="stephpage" id="stephpage-527b" n="527b"/> φέρε δὴ σκεψώμεθα τὸ πρῶτον. τίνων τίς ἡ <note resp="ed" place="unspecified" anchored="yes">
<foreign lang="greek">ἡ</foreign> *</note>
               χρῆσις αὕτη, διʼ ἣν θαυμάζεται ὁ πλοῦτος; πότερον τῶν ἀρκούντων ἢ τῶν
               περιττῶν; εἰ γὰρ τῶν
<milestone unit="tlnum" n="25"/> ἀρκούντων, <note resp="ed" place="unspecified" anchored="yes">
<foreign lang="greek">ἢ τῶν περιττῶν; εἰ γὰρ ἀρκούντων</foreign> Stegmannus</note> οὐδὲν πλέον
               ἔχουσιν οἱ πλούσιοι τῶν <pb id="v.3.p.365"/> μέτρια κεκτημένων· ἀλλὰ “τυφλὸς καὶ ἄπλουτος <note resp="ed" place="unspecified" anchored="yes">
<foreign lang="greek">τυφλὸς καὶ ἄπλουτος</foreign> *: <foreign lang="greek">τυφλὸς</foreign> aut <foreign lang="greek">ἄπλουτος</foreign>
</note> ὁ πλοῦτός ἐστιν” ὥς φησι Θεόφραστος, καὶ
               ἄζηλος ἀληθῶς, εἰ Καλλίας ὁ <note resp="ed" place="unspecified" anchored="yes">
<foreign lang="greek">ὁ</foreign> Stegmannus</note> πλουσιώτατος Ἀθηναίων καὶ Ἰσμηνίας ὁ
               Θηβαίων εὐπορώτατος ἐχρῶντο τούτοις, οἷς
<milestone unit="tlnum" n="5"/>Σωκράτης καὶ Ἐπαμεινώνδας. ὡς γὰρ Ἀγάθων τὸν αὐλὸν ἀπέπεμψεν ἐκ
               τοῦ συμποσίου πρὸς τὰς γυναῖκας, οἰόμενος ἀρκεῖν τοὺς λόγους τῶν
               παρόντων· οὕτως ἀποπέμψειας ἂν καὶ στρωμνὰς ἁλουργεῖς καὶ τραπέζας
               πολυτελεῖς <note resp="ed" place="unspecified" anchored="yes">
<foreign lang="greek">πολυτελεῖς</foreign>] cf. Kock. 3 p. 494</note> καὶ τὰ περιττὰ πάντα , τοὺς,·
<milestone unit="tlnum" n="10"/>
               πλουσίους ὁρῶν χρωμένους οἷς οἱ πένητες· οὐκ
<milestone unit="stephpage" id="stephpage-527c" n="527c"/>
<quote rend="blockquote">
<l> αἶψά κε πηδάλιον μὲν ὑπὲρ καπνοῦ καταθεῖο, </l>
<note resp="ed" place="unspecified" anchored="yes">Hes. OD 45</note>
<l> ἔργα βοῶν δʼ ἀπόλοιτο καὶ ἡμιόνων ταλαεργῶν. </l>
</quote> ἀλλὰ χρυσοχόων καὶ τορευτῶν καὶ μυρεψῶν καὶ μαγείρων, καλῆς καὶ
               σώφρονος γενομένης ξενηλασίας,
<milestone unit="tlnum" n="15"/> τῶν ἀχρήστων.
               εἰ δὲ τὰ μὲν ἀρκοῦντα κοινὰ καὶ τῶν μὴ πλουσίων <note resp="ed" place="unspecified" anchored="yes">
<foreign lang="greek">τῶν μὴ πλουσίων καὶ τῶν πλουσίων</foreign> *: <foreign lang="greek">τῶν μὴ πλουσίων</foreign> aut <foreign lang="greek">τῶν πλουσίων</foreign>
</note> καὶ τῶν πλουσίων
               ἐστί, σεμνύνεται δʼ ὁ πλοῦτος ἐπὶ τοῖς περισσοῖς· καὶ τὸν Σκόπαν τὸν
               Θεσσαλὸν ἐπαινεῖς, ὃς αἰτηθείς τι τῶν κατὰ τὴν οἰκίαν ὡς περιττὸν
               αὐτῷ <note resp="ed" place="unspecified" anchored="yes">
<foreign lang="greek">αὐτῷ</foreign> Bryanus: <foreign lang="greek">οὕτω</foreign>
</note> καὶ ἄχρηστον “ἀλλὰ
<milestone unit="tlnum" n="20"/> μήν” ἔφη “τούτοις ἐσμὲν ἡμεῖς εὐδαίμονες καὶ μακάριοι
<milestone unit="stephpage" id="stephpage-527d" n="527d"/> τοῖς περιττοῖς, ἀλλʼ οὐκ
                  ἐκείνοις τοῖς ἀναγκαίοις·” ὅρα μὴ πομπὴν ἐπαινοῦντι καὶ πανήγυριν
               μᾶλλον ἢ βίον ἔοικας. ἡ πάτριος τῶν Διονυσίων ἑορτὴ τὸ παλαιὸν
               ἐπέμπετο δημοτικῶς καὶ ἱλαρῶς,
<milestone unit="tlnum" n="25"/> ἀμφορεὺς
               οἴνου καὶ κληματίς, <note resp="ed" place="unspecified" anchored="yes">
<foreign lang="greek">κληματίς</foreign>] add. <foreign lang="greek">ἤγετο τὸ πρῶτον</foreign> Stegmannus</note> εἶτα τράγον τις <pb id="v.3.p.366"/> εἷλκεν, ἄλλος
               ἰσχάδων ἄρριχον ἠκολούθει κομίζων, ἐπὶ πᾶσι δʼ ὁ φαλλός ἀλλὰ νῦν
               ταῦτα παρεώραται καὶ ἠφάνισται , χρυσωμάτων περιφερομένων καὶ ἱματίων
               πολυτελῶν καὶ ζευγῶν ἐλαυνομένων καὶ προσωπείων.
<milestone unit="tlnum" n="5"/> οὕτω τἀναγκαῖα <note resp="ed" place="unspecified" anchored="yes">
<foreign lang="greek">τἀναγκαῖα</foreign> *: <foreign lang="greek">τὰ ἀναγκαῖα</foreign>
</note> τοῦ πλούτου καὶ χρήσιμα τοῖς ἀχρήστοις κατακέχωσται
               καὶ τοῖς περιττοῖς. </p>
</div1>
<div1 type="section" n="9">
<p>οἱ δὲ πολλοὶ τὸ τοῦ Τηλεμάχου πάσχομεν
<milestone unit="stephpage" id="stephpage-527e" n="527e"/> καὶ γὰρ ἐκεῖνος ὑπʼ ἀπειρίας μᾶλλον δʼ
               ἀπειροκαλίας τὴν μὲν Νέστορος ἰδὼν οἰκίαν κλίνας ἔχουσαν
<milestone unit="tlnum" n="10"/> τραπέζας ἱμάτια στρώματα οἶνον ἡδύν, οὐκ
               ἐμακάριζε τὸν εὐποροῦντα τῶν ἀναγκαίων ἢ <note resp="ed" place="unspecified" anchored="yes">
<foreign lang="greek">ἢ</foreign>] deleverim</note> καὶ τῶν χρησίμων· παρὰ δὲ
               τῷ Μενελάῳ θεασάμενος ἐλέφαντα καὶ χρυσὸν καὶ ἤλεκτρον ἐξεπλάγη καὶ
               εἶπε <quote rend="blockquote">
<l>Ζηνὸς που τοιήδε γʼ Ὀλυμπίου ἔνδοθεν αὐλή· <note resp="ed" place="unspecified" anchored="yes">Hom. <foreign lang="greek">δ</foreign> 74</note>
<milestone unit="tlnum" n="15"/>
</l>
<l> ὅσσα τάδʼ ἄσπετα πολλά· σέβας μʼ ἔχει εἰσορόωντα </l>
</quote> Σωκράτης δʼ ἂν εἶπεν ἢ καὶ Διογένης <quote rend="blockquote">
                  ὅσσα τάδʼ ἄθλια πολλὰ</quote> καὶ ἄχρηστα καὶ μάταια·
<milestone unit="stephpage" id="stephpage-527f" n="527f"/>
<quote rend="blockquote"> γέλως μʼ ἔχει εἰσορόωντα.</quote>
<milestone unit="tlnum" n="20"/> τί λέγεις, ἀβέλτερʼ, ὃς <note resp="ed" place="unspecified" anchored="yes">
<foreign lang="greek">ἀβέλτερʼ ὃς</foreign> *: <foreign lang="greek">ἀβέλτερος</foreign>
</note> τῆς γυναικὸς
               ὀφείλων παρελεῖν τὴν πορφύραν καὶ τὸν κόσμον, ἵνα παύσηται τρυφῶσα καὶ
               ξενομανοῦσα, τὴν οἰκίαν πάλιν καλλωπίζεις ὡς θέατρον ἢ θυμέλην τοῖς
               εἰσιοῦσι; </p>
</div1>
<div1 type="section" n="10">
<p>τοιαύτην ὁ πλοῦτος εὐδαιμονίαν ἔχει θεατῶν
<milestone unit="tlnum" n="25"/>
               δεομένην καὶ μαρτύρων, οἷς δεῖ πᾶσιν ἐμπομπεύειν αὐτόν, ἢ· τὸ μηδέν
               ἐστιν. ἀλλʼ οὐχ ὅμοιόν <pb id="v.3.p.367"/> γε τὸ σωφρονεῖν τὸ φιλοσοφεῖν
               τὸ γιγνώσκειν ἃ δεῖ περὶ θεῶν· ἀλλὰ κἂν λανθάνῃ πάντας ἀνθρώπους,
<milestone unit="stephpage" id="stephpage-528a" n="528a"/> ἴδιον σέλας ἔχει
               καὶ φέγγος ἐν τῇ ψυχῇ μέγα καὶ χαρὰν ποιεῖ σύνοικον αὐτῇ ἐν ἑαυτῇ <note resp="ed" place="unspecified" anchored="yes">
<foreign lang="greek">αὐτῇ ἐν ἑαυτῇ</foreign>] <foreign lang="greek">αὐτῆς</foreign> Stegmannus</note>
               ἀντιλαμβανομένῃ <note resp="ed" place="unspecified" anchored="yes">
<foreign lang="greek">ἀντιλαμβανομένης</foreign> idem</note>
<milestone unit="tlnum" n="5"/> τἀγαθοῦ, ἂν τʼ εἰδῇ τις
               ἄν τε λανθάνῃ καὶ θεοὺς καὶ ἀνθρώπους ἅπαντας. τοιοῦτόν ἐστιν ἀρετὴ
               ἀλήθεια μαθημάτων τε κάλλος γεωμετρικῶν ἀστρολογικῶν οἷς πάντα τὰ <note resp="ed" place="unspecified" anchored="yes">
<foreign lang="greek">τὰ</foreign> *</note> τοῦ
               πλούτου φάλαρα ταῦτα καὶ περιδέραια· καὶ θεάματα κορασιώδη παραβαλεῖν <note resp="ed" place="unspecified" anchored="yes">cf. Kock. 3 p. 437</note>
<milestone unit="tlnum" n="10"/> ἄξιον, ἃ <note resp="ed" place="unspecified" anchored="yes">
<foreign lang="greek">ἃ</foreign> * <foreign lang="greek">ἄ</foreign>
</note> μηδενὸς ὁρῶντος μηδὲ
               προσβλέποντος ὄντως τυφλὸς γίγνεται καὶ ἀφεγγὴς ὁ πλοῦτος; μόνος γὰρ ὁ
               πλούσιος δειπνῶν μετὰ τῆς γυναικὸς ἢ
<milestone unit="stephpage" id="stephpage-528b" n="528b"/> τῶν συνήθων οὔτε ταῖς χρυσαῖς παρέχει
               πράγματα τραπέζαις οὔτε τοῖς χρυσοῖς ἐκπώμασιν ἀλλὰ χρῆται
<milestone unit="tlnum" n="15"/> τοῖς προστυχοῦσι, καὶ ἡ γυνὴ ἄχρυσος καὶ ἀπόρφυρος
               καὶ ἀφελὴς πάρεστιν· ὅταν δὲ σύνδειπνον, τουτέστι πομπὴ καὶ θέατρον,
               συγκροτῆται καὶ δρᾶμα πλουσιακὸν εἰσάγηται, “νηῶν δʼ ἔκφερε λέβητάς τε
                  τρίποδάς τε·” <note resp="ed" place="unspecified" anchored="yes">Hom. <foreign lang="greek">Ψ</foreign> 259</note> τῶν τε λύχνων ἀντέχονται καὶ περισπῶνται
<milestone unit="tlnum" n="20"/> περὶ τὰς κύλικας, ἀλλάσσουσι τοὺς οἰνοχόους,
               μεταμφιεννύουσι πάντα, πάντα <note resp="ed" place="unspecified" anchored="yes">
<foreign lang="greek">πάντα</foreign>] prius del. Duebnerus</note> κινοῦσι, χρυσόν, ἄργυρον, λιθοκόλλητα, ἁπλῶς
               πλουτεῖν ὁμολογοῦντες. ἀλλὰ σωφροσύνης γε, κἂν μόνος δειπνῇ, δεῖται κἂν
               δικαιοσύνης.</p>
</div1>
</body>
</text>
</TEI.2>
