<?xml version="1.0" encoding="UTF-8"?>
<ti:work xmlns:ti="http://chs.harvard.edu/xmlns/cts" groupUrn="urn:cts:greekLit:tlg0007" projid="greekLit:tlg097" urn="urn:cts:greekLit:tlg0007.tlg097" xml:lang="grc">
    <ti:title xml:lang="lat">De fraterno amore</ti:title>
    
    <ti:translation urn="urn:cts:greekLit:tlg0007.tlg097.perseus-eng3" workUrn="urn:cts:greekLit:tlg0007.tlg097" xml:lang="eng">
        <ti:label xml:lang="eng">On Brotherly Love</ti:label>
        <ti:description xml:lang="mul">Plutarch. Moralia, Vol. VI. Helmbold, W.C., translator. Cambridge, MA. Harvard University Press. London. William Heinemann Ltd. 1939 (printing).</ti:description>
    </ti:translation>
    
    <ti:translation urn="urn:cts:greekLit:tlg0007.tlg097.perseus-eng4" workUrn="urn:cts:greekLit:tlg0007.tlg097" xml:lang="eng">
        <ti:label xml:lang="eng">Of Brotherly Love</ti:label>
        <ti:description xml:lang="eng">Plutarch. Plutarch's Morals, Vol. III. Goodwin, William W., editor; Thomson, John, translator.  Boston. Little, Brown, and Company. 1874.</ti:description>
    </ti:translation>
    
    <ti:edition urn="urn:cts:greekLit:tlg0007.tlg097.perseus-grc2" workUrn="urn:cts:greekLit:tlg0007.tlg097" xml:lang="grc">
        <ti:label xml:lang="grc">Περὶ φιλαδελφίας</ti:label>
        <ti:description xml:lang="mul">Plutarch. Plutarchi Chaeronensis Moralia, Vol III. Vernardakēs, Grēgorios N., editor.  Leipzig. Teubner. 1891.</ti:description>
    </ti:edition>
</ti:work>

