<?xml version="1.0" encoding="UTF-8"?>
<ti:work xmlns:ti="http://chs.harvard.edu/xmlns/cts" groupUrn="urn:cts:greekLit:tlg0006" projid="greekLit:tlg004" urn="urn:cts:greekLit:tlg0006.tlg004" xml:lang="grc">
      
   <ti:title xml:lang="lat">Heracleidae</ti:title>
      
   <ti:translation urn="urn:cts:greekLit:tlg0006.tlg004.perseus-eng1" xml:lang="eng" workUrn="urn:cts:greekLit:tlg0006.tlg004">
      <ti:label xml:lang="eng">Children of Heracles</ti:label>
       <ti:description xml:lang="eng">Euripides. Children of Heracles. Hippolytus. Andromache. Hecuba. Edited and translated by David Kovacs. Loeb Classical Library 484. Cambridge, MA: Harvard University Press, 1995.</ti:description>
      <ti:memberof collection="Perseus:collection:Greco-Roman-protected"/>
   </ti:translation>
    
    <ti:translation urn="urn:cts:greekLit:tlg0006.tlg004.perseus-eng2" xml:lang="eng" workUrn="urn:cts:greekLit:tlg0006.tlg004">
        <ti:label xml:lang="eng">Heracleidae</ti:label>
        <ti:description xml:lang="eng">Euripides. The Plays of Euripides, Translated into English Prose from the Text of Paley. Vol. II. Coleridge, Edward P., translator. London: George Bell and Sons, 1891.</ti:description>
    </ti:translation>
    
    <ti:edition urn="urn:cts:greekLit:tlg0006.tlg004.perseus-grc1" xml:lang="grc" workUrn="urn:cts:greekLit:tlg0006.tlg004">
        <ti:label xml:lang="grc">Ἡρακλεῖδαι</ti:label>
        <ti:description xml:lang="eng">Euripides. Children of Heracles. Hippolytus. Andromache. Hecuba. Edited and translated by David Kovacs. Loeb Classical Library 484. Cambridge, MA: Harvard University Press, 1995.</ti:description>
        <ti:memberof collection="Perseus:collection:Greco-Roman-protected"/>
    </ti:edition>
    
</ti:work>