<?xml version="1.0" encoding="UTF-8"?>
<?xml-model href="http://www.stoa.org/epidoc/schema/latest/tei-epidoc.rng" schematypens="http://relaxng.org/ns/structure/1.0"?>
<TEI xmlns="http://www.tei-c.org/ns/1.0">
    <teiHeader>
<fileDesc>
<titleStmt>
<title type="sub">Machine readable text</title>
<title n="Comp.Agis.Cleom.G." type="work">Comparison of Agis and Cleomenes and the Gracchi</title>
<author n="Plut.">Plutarch</author>
<editor>Bernadotte Perrin</editor>
<sponsor>Perseus Project, Tufts University</sponsor>
<principal>Gregory Crane</principal>
<respStmt>
<resp>Prepared under the supervision of</resp>
<name>Lisa Cerrato</name>
<name>William Merrill</name>
<name>Elli Mylonas</name>
<name>David Smith</name>
</respStmt>
<funder n="org:NEH">The National Endowment for the Humanities</funder>
</titleStmt>
<extent/>
<publicationStmt>
<publisher>Trustees of Tufts University</publisher>
<pubPlace>Medford, MA</pubPlace>
<authority>Perseus Project</authority>
</publicationStmt>
<sourceDesc>
<biblStruct>

<monogr>
<author>Plutarch</author>
<title>Plutarch's Lives</title>
    <idno type="ISBN">0674991133</idno>
<respStmt>
<resp>with an English Translation by</resp>
<name>Bernadotte Perrin</name>
</respStmt>
<imprint>
<pubPlace>Cambridge, MA</pubPlace>
<publisher>Harvard University Press</publisher>
<pubPlace>London</pubPlace>
<publisher>William Heinemann Ltd.</publisher>
<date>1921</date>
</imprint>
<biblScope unit="volume">10</biblScope>
</monogr>

</biblStruct>
</sourceDesc>
</fileDesc>
<encodingDesc>
<editorialDecl>
<correction method="silent">
<p>optical character recognition</p>
</correction>
</editorialDecl>
    <refsDecl n="CTS">
        <cRefPattern n="section"
            matchPattern="(\w+).(\w+)"
            replacementPattern="#xpath(/tei:TEI/tei:text/tei:body/tei:div/tei:div[@n='$1']/tei:div[@n='$2'])">
            <p>This pointer pattern extracts chapter and section</p>
        </cRefPattern>
        <cRefPattern n="chapter"
            matchPattern="(\w+)"
            replacementPattern="#xpath(/tei:TEI/tei:text/tei:body/tei:div/tei:div[@n='$1'])">
            <p>This pointer pattern extracts chapter</p>
        </cRefPattern>
    </refsDecl>
    <refsDecl>
        <refState unit="chapter" delim="."/>
        <refState unit="section"/>
    </refsDecl>
</encodingDesc>
<profileDesc>
<langUsage>
<language ident="grc">Greek</language>
<language ident="eng">English</language>
</langUsage>
</profileDesc>
<revisionDesc>
<change when="2018-04-17" who="Lisa Cerrato">EpiDoc and CTS conversion; merged files</change>
<change when="2010-03-01" who="RS">tagged and parsed</change>
</revisionDesc>
</teiHeader>
    
<text xml:lang="grc">
    
<body> 
<div type="edition" n="urn:cts:greekLit:tlg0007.tlg053.perseus-grc2" xml:lang="grc"> 
    <head>Ἄγιδος καὶ Κλεομένους καὶ Γράγχων σύγκρισις</head> <pb n="p.240"/> 
<div type="textpart" subtype="chapter" n="1"> 
    <div type="textpart" subtype="section" n="1"> <p> ἡμῖν δὲ καὶ ταύτης πέρας ἐχούσης τῆς διηγήσεως ὑπολείπεται λαβεῖν ἐκ παραλλήλου τῶν βίων τὴν ἀποθεώρησιν, τοὺς μὲν οὖν <pb n="p.242"/> Γράγχους οὐδʼ οἱ πάνυ τἆλλα κακῶς λέγοντες καὶ μισοῦντες ἐτόλμησαν εἰπεῖν ὡς οὐκ εὐφυέστατοι πρὸς ἀρετὴν ἐγένοντο Ῥωμαίων ἁπάντων, καὶ ροφῆς τε καὶ παιδεύσεως ἐκπρεποῦς ἔτυχον· </p> </div> 
<div type="textpart" subtype="section" n="2"> <p> τἡ δὲ Ἄγιδος καὶ Κλεομένους φύσις ἐρρωμενεστέρα φαίνεται τῆς ἐκείνων γενομένη, παρʼ ὅσον οὔτε παιδείας μεταλαβόντες ὀρθῆς, ἔθεσί τε καὶ διαίταις ἐντραφέντες ὑφʼ ὧν οἱ πρεσβύτεροι πάλαι διεφθόρεισαν, <pb n="paris.1624.844"/> αὑτοὺς ἡγεμόνας εὐτελείας καὶ σωφροσύνης παρέσχον.</p> </div> 
<div type="textpart" subtype="section" n="3"> <p> ἔτι δὲ οἱ μέν, ὅτε λαμπρότατον εἶχεν ἡ Ῥώμη καὶ μέγιστόν ἀξίωμα καὶ καλῶν ἔργων ζῆλον, ὥσπερ διαδοχὴν ἀρετῆς πατρῴας καὶ προγονικῆς ᾐσχύνθησαν ἐγκαταλιπεῖν οἱ δὲ καὶ πατέρων τἀναντία προῃρημένων γεγονότες, καὶ τὴν πατίδα μοχθηρὰ πράττουσαν καὶ νοσοῦσαν παραλαβόντες, οὐδέν τι διὰ ταῦτα τὴν πρὸς τὸ καλὸν ἀπήμβλυναν ὁρμήν.</p> </div> 
<div type="textpart" subtype="section" n="4"> <p> καὶ μὴν τῆς γε Γράγχων ἀφιλοχρηματίας καὶ πρὸς ἀργύριον ἐγκρατείας μέγιστόν ἐστιν ὅτι λημμάτων ἀδίκων καθαροὺς ἐν ἀρχαῖς καὶ πολιτείαις διεφύλαξαν ἑαυτούς· Ἆγις δὲ κἂν διηγανάκτησεν ἐπὶ τῷ μηδὲν ἀλλότριον λαβεῖν ἐπαινούμενος, ὃς τὴν οὐσίαν τὴν ἑαυτοῦ τοῖς πολίταις ἐπέδωκεν, ἄνευ τῶν ἄλλων κτημάτων ἑξακόσια τάλαντα νομίσματος ἔχουσαν. πηλίκον οὖν ἐνόμιζε κακὸν εἶναι τὸ κερδαίνειν ἀδίκως ὁ καὶ δικαίως πλέον ἔχειν ἑτέρου πλεονεξίαν ἡγούμενος; </p></div> </div> 
<div type="textpart" subtype="chapter" n="2"> 
<div type="textpart" subtype="section" n="1"> <p> ἥ γε μὴν ἐπιβουλὴ καὶ τόλμα τῶν <pb n="p.244"/> καινοτομουμένων πολὺ τῷ μεγέθει παρήλλαττεν. ἐπολιτεύοντο γὰρ ὁ μὲν ὁδῶν κατασκευὰς καὶ πόλεων κτίσεις, καὶ τὸ πάντων νεανικώτατον ἦν Τιβερίῳ μὲν ἀνασῶσαι δημοσίους ἀγρούς, Γαΐῳ δὲ μῖξαι τὰ δικαστήρια προσεμβαλόντι τῶν ἱππικῶν τριακοσίους· </p> </div> 
    <div type="textpart" subtype="section" n="2"> <p>ὁ δὲ Ἄγιδος καὶ Κλεομένους νεωτερισμός, τὸ μικρὰ καὶ κατὰ μέρος τῶν ἡμαρτημένων ἰᾶσθαι καὶ ἀποκόπτειν ὕδραν τινὰ τέμνοντος, ὥς φησιν ὁ Πλάτων, ἡγησάμενος εἶναι, τὴν ἅμα πάντα ἀπαλλάξαι κακὰ καὶ μετασκευάσαι δυναμένην μεταβολὴν ἐπῆγε τοῖς πράγμασιν. </p> </div> 
<div type="textpart" subtype="section" n="3"> <p> ἀληθέστερον δʼ ἴσως εἰπεῖν ἐστιν ὅτι τὴν πάντα ἀπεργασαμένην κακὰ μεταβολὴν ἐξήλαυνεν, ἀπάγων καὶ καθιστὰς εἰς τὸ οἰκεῖον σχῆμα τὴν πόλιν. ἐπεὶ καὶ τοῦτο ἄν τις εἴποι, τῇ μὲν Γράγχων πολιτείᾳ τοὺς μεγίστους ἐνίστασθαι Ῥωμαίων, οἷς δὲ Ἆγις ἐνεχείρησε, Κλεομένης δὲ τὸ ἔργον ἐπέθηκε, τῶν παραδειγμάτων τὸ κάλλιστον ὑπέκειτο καὶ μεγαλοπρεπέστατον, αἱ πάτριοι ῥῆτραι περὶ σωφροσύνης καὶ ἰσότητος, ὧν τούτοις μὲν ὁ Λυκοῦργος, ἐκείνῳ<note anchored="true" place="unspecified" resp="ed" xml:lang="eng"><foreign xml:lang="grc">ἐκείνῳ</foreign> Blass, Fuhr, and Ziegler, after Madvig: <foreign xml:lang="grc">ἐκείνοις.</foreign> </note> δὲ ὁ Πύθιος βεβαιωτής. </p> </div> 
<div type="textpart" subtype="section" n="4"> <p>ὃ δὲ μέγιστον, ὅτι τοῖς μὲν ἐκείνων πολιτεύμασιν εἰς οὐδὲν ἡ Ῥώμη μεῖζον ἐπέδωκε τῶν ὑπαρχόντων, ἐκ δὲ ὧν ὁ Κλεομένης ἔπραξεν, ὀλίγου χρόνου τὴν Σπάρτην τῆς Πελοποννήσου κρατοῦσαν ἡ Ἑλλὰς ἐπεῖδε καὶ τοῖς τότε μέγιστον δυναμένοις διαγωνιζομένην ἀγῶνα <pb n="p.246"/> τὸν περὶ τῆς ἡγεμονίας, οὗ τέλος ἦν ἀπαλλαγεῖσαν Ἰλλυρικῶν ὅπλων καὶ Γαλατικῶν τὴν Ἑλλάδα κοσμεῖσθαι πάλιν ὑφʼ Ἡρακλείδαις. </p> </div> </div> 
<div type="textpart" subtype="chapter" n="3"> 
<div type="textpart" subtype="section" n="1"> <p> οἶμαι δὲ καὶ τὰς τελευτὰς τῶν ἀνδρῶν ἐμφαίνειν τινὰ τῆς ἀρετῆς διαφοράν. ἐκεῖνοι μὲν γὰρ μαχόμενοι πρὸς τοὺς πολίτας, εἶτα φεύγοντες ἐτελεύτησαν· τούτων δὲ Ἆγις μὲν ὑπὲρ τοῦ μηδένα κτεῖναι τῶν πολιτῶν ὀλίγου δεῖν ἑκὼν ἀπέθανε, Κλεομένης δὲ προπηλακισθεὶς καὶ ἀδικηθεὶς ὥρμησε μέν ἀμύνασθαι, τοῦ δὲ καιροῦ μὴ παρασχόντος αὑτὸν εὐτόλμως ἀνεῖλε. </p> </div> 
<div type="textpart" subtype="section" n="2"> <p> πάλιν δὲ τἀναντία σκοποῦσιν Ἆγις μὲν οὐδὲν ἀπεδείξατο στρατηγίας ἔργον, ἀλλὰ προανῃρέθη, ταῖς δὲ Κλεομένους νίκαις πολλαῖς καὶ καλαῖς γενομέναις παραβαλεῖν ἔστι Τιβερίου τὴν ἐν Καρχηδόνι τοῦ τείχους κατάληψιν, οὐ μικρὸν ἔργον, καὶ τὰς ἐν Νομαντίᾳ σπονδάς, αἷς δισμυρίους Ῥωμαίων στρατιώτας οὐκ ἔχοντας ἄλλην ἐλπίδα σωτηρίας περιεποίησε καὶ Γάιος δὲ πολλὴν μὲν αὐτόθι, πολλὴν δὲ ἐν Σαρδόνι στρατευόμενος ἀνδραγαθίαν ἔφηνεν, ὥστε τοῖς πρώτοις ἂν ἐναμίλλους Ῥωμαίων γενέσθαι στρατηγοῖς, εἰ μὴ προανῃρέθησαν. </p> </div> </div> 
<div type="textpart" subtype="chapter" n="4"> 
<div type="textpart" subtype="section" n="1"> <p> τῆς δὲ πολιτείας ὁ μὲν Ἆγις ἔοικεν ἅψασθαι μαλακώτερον, ἐκκρουσθεὶς ὑπὸ Ἀγησιλάου καὶ ψευσάμενος τὸν ἀναδασμὸν τοῖς πολίταις, καὶ <pb n="paris.1624.845"/> ὅλως ἐλλιπὴς καὶ ἀτελὴς ὧν προείλετο καὶ κατήγγειλεν ὑπὸ ἀτολμίας διὰ τὴν ἡλικίαν γενόμενος· ὁ δὲ Κλεομένης τοὐναντίον θρασύτερον καὶ <pb n="p.248"/> βιαιότερον ἐπὶ τὴν μεταβολὴν ἦλθε τῆς πολιτείας, ἀποκτείνας τοὺς ἐφόρους παρανόμως, οὓς καὶ προσαγαγέσθαι τοῖς ὅπλοις κρατοῦντα καὶ μεταστῆσαι ῥᾴδιον ἦν, ὥσπερ οὐκ ὀλίγους ἄλλους μετέστησεν ἐκ τῆς πόλεως.</p> </div> 
<div type="textpart" subtype="section" n="2"> <p> τὸ γὰρ ἄνευ τῆς ἐσχάτης ἀνάγκης ἐπιφέρειν σίδηρον οὔτε ἰατρικὸν οὔτε πολιτικόν, ἀλλʼ ἀτεχνίας μὲν ἀμφότερα, τούτῳ δὲ καὶ τὸ ἀδικεῖν μετʼ ὠμότητος πρόσεστι. τῶν δὲ Γράγχων οὐδέτερος μὲν ἤρξατο σφαγῆς ἐμφυλίου, Γάιος δὲ λέγεται μηδὲ βαλλόμενος ὁρμῆσαι πρὸς ἄμυναν, ἀλλὰ λαμπρότατος ὢν ἐν τοῖς πολεμικοῖς ἀργότατος ἐν τῇ στάσει γενέσθαι. </p> </div> 
<div type="textpart" subtype="section" n="3"> <p> καὶ γὰρ προῆλθεν ἄοπλος καὶ μαχομένων ἀνεχώρησε, καὶ ὅλως πλείονα τοῦ μή τι δρᾶσαι πρόνοιαν ἢ τοῦ μὴ παθεῖν ἔχων ἑωρᾶτο. διὸ καὶ τὴν φυγὴν αὐτῶν οὐκ ἀτολμίας σημεῖον, ἀλλʼ εὐλαβείας ποιητέον. ἔδει γὰρ ὑπεῖξαι τοῖς ἐπιφερομένοις ἢ μένοντας ὑπὲρ τοῦ μὴ παθεῖν τῷ δρᾶν ἀμύνασθαι. </p> </div> </div> 
<div type="textpart" subtype="chapter" n="5"> 
<div type="textpart" subtype="section" n="1"> <p> τῶν τοίνυν ἐγκλημάτων τῶν κατὰ Τιβερίου μέγιστόν ἐστιν ὅτι τὸν συνάρχοντα τῆς δημαρχίας ἐξέβαλε καὶ δευτέραν αὐτὸς δημαρχίαν μετῄει· Γαΐῳ δὲ τὸν Ἀντυλλίου φόνον οὐ δικαίως οὐδὲ ἀληθῶς προσετρίβοντο διεφθάρη γὰρ ἄκοντος αὑτοῦ καὶ ἀγανακτοῦντος. Κλεομένης δέ, ἵνα τὰς σφαγὰς τῶν ἐφόρων ἐάσωμεν, ἠλευθέρωσε μὲν ἅπαντας τοὺς οἰκέτας, </p> </div> 
<div type="textpart" subtype="section" n="2"> <p> ἐβασίλευσε δὲ τῷ μὲν ἔργῳ μόνος, τῶ δὲ ὀνόματι δεύτερος, Εὐκλείδαν τὸν <pb n="p.250"/> αοελφὸν ? ἐκ μιᾶς οἰκίας αὑτῷ προσελόμενος, Ἀρχίδαμον δέ, ᾧ προσῆκον ἦν ἀπὸ τῆς ἑτέρας οἰκίας ὄντι συμβασιλεύειν, ἔπεισε μὲν ἐκ Μεσσήνης κατελθεῖν, ἀποθανόντος δὲ τὸν φόνον οὐκ ἐπεξελθών ἐβεβαίωσε τὴν αἰτίαν καθʼ αὑτοῦ τῆς ἀναιρέσεως.</p> </div> 
    <div type="textpart" subtype="section" n="3"> <p>καίτοι Λυκοῦργος,  ὃν προσεποιεῖτο μιμεῖσθαι, τὴν μὲν βασιλείαν ἑκὼν ἀπέδωκε τῷ παιδὶ τοῦ ἀδελφοῦ Χαρίλλῳ, φοβούμενος δὲ μή, κἂν ἄλλως ἀποθάνῃ τὸ μειράκιον, αἰτία τις ἐπʼ αὐτὸν ἔλθῃ, πολὺν χρόνον ἔξω πλανηθεὶς οὐ πρότερον ἐπανῆλθεν ἢ παῖδα τῷ Χαρίλλῳ γενέσθαι διάδοχον τῆς ἀρχῆς, ἀλλὰ Λυκούργῳ μὲν οὐδὲ ἄλλος τις Ἑλλήνων παραβλητὸς οὐδείς· ὅτι δὲ τοῖς Κλεομένους πολιτεύμασι καινοτομίαι καὶ παρανομίαι μείζονες ἔνεισι, δεδήλωται. </p> </div> 
<div type="textpart" subtype="section" n="4"> <p>καὶ μὴν οἵ γε τὸν τρόπον αὑτῶν ψέγοντες τούτοις μὲν ἐξ ἀρχῆς τυραννικὸν καὶ πολεμοποιὸν αἰτιῶνται γενέσθαι, τῇ δὲ ἐκείνων φύσει φιλοτιμίας ἀμετρίαν, ἄλλο δὲ οὐδέν οἱ φθονοῦντες ἐπικαλεῖν εἶχον ἐκριπισθέντας δὲ τῷ πρὸς τοὺς ἐνισταμένους ἀγῶνι καὶ θυμῷ παρὰ τὴν αὑτῶν φύσιν ὥσπερ πνοαῖς, ἐφεῖναι περὶ τὰ ἔσχατα τὴν πολιτείαν ὡμολόγουν. </p> </div> 
<div type="textpart" subtype="section" n="5"> <p> ἐπεὶ τῆς γε πρώτης ὑποθέσεως τί κάλλιον ἢ δικαιότερον ἦν, εἰ μὴ κατὰ βίαν καὶ δυναστείαν ἐπιχειρήσαντες ἐξῶσαι τὸν νόμον οἱ πλούσιοι περιέστησαν ἀμφοτέροις ἀγῶνας, τῷ μὲν φοβουμένῳ ὑπὲρ αὑτοῦ, τῷ δὲ ἐκδικοῦντι τὸν <pb n="p.252"/> ἀδελφόν ἄνευ δίκης καὶ δόγματος οὐδὲ ὑπʼ ἄρχοντος ἀναιρεθέντα; </p> </div> 
    <div type="textpart" subtype="section" n="6"> <p><milestone unit="para"/>Συνορᾷς μὲν οὖν καὶ αὐτὸς ἐκ τῶν εἰρημένων τὴν διαφοράν εἰ δὲ δεῖ καὶ καθʼ ἕκαστον ἀποφήνασθαι, Τιβέριον μὲν ἀρετῇ πεπρωτευκέναι τίθημι πάντων, ἐλάχιστα δὲ ἡμαρτηκέναι τὸ μειράκιον Ἆγιν, πράξει δὲ καὶ τόλμῃ Γάϊον οὐκ ὀλίγῳ Κλεομένους ὕστερον γεγονέναι. </p> </div> </div> </div> </body>
</text>
</TEI>
