<?xml version="1.0" encoding="UTF-8"?>
<?xml-model href="http://www.stoa.org/epidoc/schema/latest/tei-epidoc.rng" schematypens="http://relaxng.org/ns/structure/1.0"?>
<TEI xmlns="http://www.tei-c.org/ns/1.0">
    <teiHeader>
        <fileDesc>
            <titleStmt>
<title type="sub">Machine readable text</title>
<title n="Comp.Dem.Cic." type="work">Comparison of Demosthenes with Cicero</title>
<author n="Plut.">Plutarch</author>
<editor>Bernadotte Perrin</editor>
<sponsor>Perseus Project, Tufts University</sponsor>
<principal>Gregory Crane</principal>
<respStmt>
<resp>Prepared under the supervision of</resp>
<name>Lisa Cerrato</name>
<name>William Merrill</name>
<name>Elli Mylonas</name>
<name>David Smith</name>
</respStmt>
<funder n="org:NEH">The National Endowment for the Humanities</funder>
</titleStmt>
<extent/>
<publicationStmt>
<publisher>Trustees of Tufts University</publisher>
<pubPlace>Medford, MA</pubPlace>
<authority>Perseus Project</authority>
</publicationStmt>
<sourceDesc>
<biblStruct>

<monogr>
<author>Plutarch</author>
<title>Plutarch's Lives</title>
    <idno type="ISBN">0674991109</idno>
<respStmt>
<resp>with an English Translation by</resp>
<name>Bernadotte Perrin</name>
</respStmt>
<imprint>
<pubPlace>Cambridge, MA</pubPlace>
<publisher>Harvard University Press</publisher>
<pubPlace>London</pubPlace>
<publisher>William Heinemann Ltd.</publisher>
<date>1919</date>
</imprint>
<biblScope unit="volume">7</biblScope>
</monogr>

</biblStruct>
</sourceDesc>
</fileDesc>
<encodingDesc>
<editorialDecl>
<correction method="silent">
<p>optical character recognition</p>
</correction>
</editorialDecl>
    <refsDecl n="CTS">
        <cRefPattern n="section"
            matchPattern="(\w+).(\w+)"
            replacementPattern="#xpath(/tei:TEI/tei:text/tei:body/tei:div/tei:div[@n='$1']/tei:div[@n='$2'])">
            <p>This pointer pattern extracts chapter and section</p>
        </cRefPattern>
        <cRefPattern n="chapter"
            matchPattern="(\w+)"
            replacementPattern="#xpath(/tei:TEI/tei:text/tei:body/tei:div/tei:div[@n='$1'])">
            <p>This pointer pattern extracts chapter</p>
        </cRefPattern>
    </refsDecl>
    <refsDecl>
        <refState unit="chapter" delim="."/>
        <refState unit="section"/>
    </refsDecl>
</encodingDesc>
<profileDesc>
<langUsage>
<language ident="grc">Greek</language>
</langUsage>
</profileDesc>
<revisionDesc>
    <change when="2018-03-13" who="Lisa Cerrato">EpiDoc and CTS conversion</change>
    <change when="2010-03-01" who="RS">tagged and parsed</change>
</revisionDesc>
</teiHeader>
    
    <text xml:lang="grc">
<body> 
<div type="edition" n="urn:cts:greekLit:tlg0007.tlg056.perseus-grc2" xml:lang="grc">
    <pb n="p.210"/>
    <head>Δημοσθένους καὶ Κικέρωνος σύγκρισις</head> 
<div type="textpart" subtype="chapter" n="1"> 
    <div type="textpart" subtype="section" n="1"><p> ἅ μὲν οὖν ἀξια μνήμης τῶν περὶ Δημοσθένους καὶ Κικέρωνος ἱστορουμένων εἰς τὴν ἡμετέραν ἀφῖκται γνῶσιν, ταῦτʼ ἐστίν, ἀφεικὼς δὲ τὸ συγκρίνειν τὴν ἐν τοῖς λόγοις ἕξιν αὐτῶν, ἐκεῖνό μοι δοκῶ μὴ παρήσειν ἄρρητον, ὅτι Δημοσθένην μὲν εἰς τὸ ῥητορικὸν ἐνέτεινε πᾶν ὅσον εἶχεν ἐκ φύσεως ἢ ἀσκήσεως λόγιον, ὑπερβαλλόμενος ἐνάργείᾳ μὲν καὶ δεινότητι τοὺς ἐπὶ τῶν ἀγώνων καὶ τῶν δικῶν συν συνεξεταζομένους, ὄγκῳ δὲ καὶ μεγαλοπρέπείᾳ τοὺς ἐπιδεικτικούς, ἀκριβείᾳ δὲ καὶ τέχνῃ τοὺς σοφιστάς· </p></div> 
<div type="textpart" subtype="section" n="2"><p> Κικέρων δὲ καὶ πολυμαθὴς καὶ ποικίλος τῇ περὶ τοὺς λόγους σπουδῇ γενόμενος συντάξεις μὲν ἰδίας φιλοσόφους ἀπολέλοιπεν οὐκ ὀλίγας εἰς τὸν Ἀκαδημαϊκὸν τρόπον, οὐ μὴν ἀλλὰ καὶ διὰ τῶν πρὸς τὰς δίκας καὶ τοὺς ἀγῶνας γραφομένων λόγων δῆλός ἐστιν ἐμπειρίαν τινὰ γραμμάτων παρεπιδείκνυσθαι βουλόμενος. </p></div> 
<div type="textpart" subtype="section" n="3"><p><milestone unit="para"/>ἔστι δὲ τις καὶ τοῦ ἤθους ἐν τοῖς λόγοις ἑκατέρου δίοψις. ὁ μὲν γὰρ Δημοσθενικὸς ἔξω παντὸς ὠραϊσμοῦ καὶ παιδιᾶς εἰς δεινότητα καὶ σπουδὴν συνηγμένος οὐκ ἐλλυχνίων ὄδωδεν, ὥσπερ ὁ Πυθέας ἔσκωπτεν, ἀλλʼ ὐδροποσίας καὶ φροντίδων καὶ τῆς λεγομένης πικρίας τοῦ τρόπου καὶ στυγνότητος, </p></div> 
<div type="textpart" subtype="section" n="4"><p>Κικέρων δὲ πολλαχοὺ τῷ <pb n="p.212"/> σκωπτικῷ πρὸς τὸ βωμολόχον ἐκφερόμενος καὶ πράγματα σπονδῆς ἄξια γέλωτι καὶ παίδιᾷ κατειρωνευόμενος ἐν ταῖς δίκαις εἰς τὸ χρειῶδες ἠφείδει τοῦ πρέποντος, ὥσπερ ἐν τῇ Καιλίου<note place="unspecified" anchored="true" xml:lang="eng"><foreign xml:lang="grc">Καιλίου</foreign> Coraës, Bekker, and Graux, after Wyttenbach:<foreign xml:lang="grc">Κεκιλίου</foreign>.</note> συνηγορίᾳ μηδὲν ἄτοπον ποιεῖν αὐτὸν ἐν τοσαύτῃ τρνφῇ καὶ πολυτελείᾳ ταῖς ἡδοναῖς χρώμενον· τὸ γὰρ ὧν ἔξεστι μὴ μετέχειν, μανικὸν εἶναι, καὶ ταῦτα ἐν ἡδονῇ τὸ εὔδαιμον τῶν ἐπιφανεστάτων φιλοσόφων τιθεμένων. </p></div> 
<div type="textpart" subtype="section" n="5"><p> λέγεται δὲ Κάτωνος Ἠίουρήναν διώκοντος ὐπατεύων ἀπολογείσθαι καὶ πολλὰ διὰ τὸν Κάτωνα κωμωδεὶν τὴν Στωικὴν αἰρεσιν ἐπι ταὶς ἀτοπίαις τῶν παραδόξων λεγομένων δογμάτων γέλωτος δὲ λαμπροὺ κατιόντος ἐκ τῶν περιεστώτων προς τους δικαστάς, ἡσυχῆ διαμειδιάσας ὁ Κάτων προς τοὺς καθήμενους εἰπεὶν <q>ὠς γελοῖον, ὦ ἀνδρες, ἔχομεν ὕπατον.</q> </p></div> 
<div type="textpart" subtype="section" n="6"><p> δοκεῖ δὲ καὶ γέλωτος οἰκεῖος ὁ Κικέρων γεγονέναι καὶ φιλοσκώπτης, τό τε πρόσωπον αὐτοῦ μειδίαμα καὶ γαλήνην παρεῖχε, τῷ δὲ Δημοσθένους ἀεί τις ἐπῆν σπουδή, καὶ τὸ πεφροντικὸς τούτο καὶ σύννουν οὐ ῥᾳδίως ἀπέλειπεν<note place="unspecified" anchored="true" xml:lang="eng"><foreign xml:lang="grc">ἀπέλειπεν</foreign> with Graux and Bekker, after Coraës:<foreign xml:lang="grc">ἀπέλιπεν</foreign>.</note> ὅθεν καὶ δύσκολον αὐτὸν οἱ ἐχθροὶ καὶ δύστροπον, ὡς αὐτός φησιν, ἀπεκάλουν. </p></div></div> 
<div type="textpart" subtype="chapter" n="2"> 
<div type="textpart" subtype="section" n="1"><p> ἔτι τοίνυν ἐν τοῖς συγγράμμασι κατιδεῖν <pb n="paris.1624.887"/> ἔστι τὸν μὲν ἐμμελῶς καὶ ἀνεπαχθῶς τῶν εἰς αὑτὸν ἀπτόμενον ἐγκωμίων, ὅτε τούτου δεήσαι πρὸς ἕτερόν τι μεῖζον, τἆλλα δʼ εὐλαβῆ καὶ μέτριον· ἡ δὲ Κικέρωνος ἐν τοῖς λόγοις ἀμετρία τῆς <pb n="p.214"/> περιαυτολογίας ἀκρασίαν τινὰ κατηγόρει πρὸς δόξαν, βοῶντος ὡς τὰ ὅπλα ἔδει τῇ τηβέννῳ καὶ τῇ γλώττῃ τὴν θριαμβικὴν ὑπείκειν δάφνην. </p></div> 
<div type="textpart" subtype="section" n="2"><p> τελευτῶν δʼ οὐ τὰ ἔργα καὶ τὰς πράξεις μόνον, ἀλλὰ καὶ τοὺς λόγους ἐπαινεῖ τοὺς εἰρημένους ὑφʼ αὑτοὺ<note place="unspecified" anchored="true" xml:lang="eng"><foreign xml:lang="grc">ὑφʼ αὑτοὺ</foreign> Graux with M<hi rend="super">a</hi>:<foreign xml:lang="grc">ὑπʼ αὐτοῦ</foreign>.</note> καὶ γεγραμμένους, ὥσπερ Ἰσοκράτει καὶ Ἀναξιμένει τοῖς σοφισταῖς διαμειρακιευόμενος, οὐ τὸν Ῥωμαίων δῆμον ἄγειν ἀξιῶν καὶ ὀρθοῦν, <quote rend="blockquote">βριθύν, ὁπλιτοπάλαν, δάϊον ἀντιπάλοις.</quote></p></div> 
<div type="textpart" subtype="section" n="3"><p> ἰσχύειν μὲν γὰρ διὰ λόγου τὸν πολιτευόμενον ἀναγκαῖον, ἀγαπᾶν δʼ ἀγεννὲς καὶ λιχνεύειν τὴν ἀπὸ τοῦ λόγου δόξαν. ὅθεν ἐμβριθέστερος ταύτῃ καὶ μεγαλοπρεπέστερος<note place="unspecified" anchored="true" xml:lang="eng"><foreign xml:lang="grc">μεγαλοπρεπέστερος</foreign> with Bekker, after Stephanus:<foreign xml:lang="grc">μεγαλοπρεπέστατος</foreign>.</note> ὁ Δημοσθένης, τὴν μὲν αὑτοῦ δύναμιν ἐμπειρίαν τινὰ πολλῆς δεομένην τῆς παρὰ τῶν ἀκροωμένων εὐνοίας ἀποφαινόμενος, ἀνελευθέρους δὲ καὶ βαναύσους, ὥσπερ εἰσί, τοὺς ἐπὶ τούτῳ φυσωμένους ἡγούμενος. </p></div></div> 
<div type="textpart" subtype="chapter" n="3"> 
<div type="textpart" subtype="section" n="1"><p> ἡ μὲν οὖν ἐν τῷ δημηγορεῖν καὶ πολιτεύεσθαι δύναμις ὁμαλῶς ἀμφοτέροις ὑπῆρξεν, ὥστε καὶ τοὺς τῶν ὅπλων καὶ στρατοπέδων κυρίους δεῖσθαι, Δημοσθένους μὲν Χάρητα καὶ Διοπείθην καὶ Λεωσθένην, Κικέρωνος δὲ Πομπήϊον καὶ Καίσαρα τὸν νέον, ὡς αὐτὸς ὁ Καῖσαρ ἐν τοῖς πρὸς Ἀγρίππαν καὶ Μαικήναν ὑπομνήμασιν εἴρηκεν. <pb n="p.216"/></p></div> 
<div type="textpart" subtype="section" n="2"><p> ὃ δὲ δοκεῖ μάλιστα καὶ λέγεται τρόπον ἀνδρὸς ἐπιδεικνύναι καὶ βασανίζειν, ἐξουσία καὶ ἀρχὴ πᾶν πάθος κινοῦσα καὶ πᾶσαν ἀποκαλύπτουσα κακίαν, Δημοσθένει μὲν οὐχ ὑπῆρξεν, οὐδʼ ἔδωκε τοιαύτην διάπειραν ἑαυτοῦ, μηδεμίαν ἀρχὴν τῶν ἐπιφανῶν ἄρξας, ὃς οὐδὲ τῆς ὑφʼ αὑτοῦ συντεταγμένης ἐπὶ Φίλιππον ἐστρατήγησε δυνάμεως· </p></div> 
<div type="textpart" subtype="section" n="3"><p>Κικέρων δὲ ταμίας εἰς Σικελίαν καὶ ἀνθύπατος εἰς Κιλικίαν καὶ Καππαδοκίαν ἀποσταλείς, ἐν ᾧ καιρῷ τῆς φιλοπλουτίας ἀκμαζούσης, καὶ τῶν πεμπομένων στρατηγῶν καὶ ἡγεμόνων, ὡς τοὺ κλέπτειν ἀγεννοῦς ὄντος, ἐπὶ τὸ ἁρπάζειν τρεπομένων, οὐ τὸ λαμβάνειν ἐδόκει δεινόν, ἀλλʼ ὁ μετρίως τοῦτο ποιῶν ἠγαπᾶτο, πολλὴν μὲν ἐπίδειξιν ὑπεροψίας χρημάτων ἐποιήσατο, πολλὴν δὲ φιλανθρωπίας καὶ χρηστότητος. </p></div> 
<div type="textpart" subtype="section" n="4"><p> ἐν αὐτῇ δὲ τῇ Ῥώμῃ λόγῳ μὲν ἀποδειχθεὶς ὕπατος, ἐξουσίαν δὲ λαβὼν αὐτοκράτορος καὶ δικτάτορος ἐπὶ τοὺς περὶ Κατιλίναν, ἐμαρτύρησεν ἅμα τῷ Πλάτωνι μαντευομένῳ παῦλαν ἕξειν κακῶν τὰς πόλεις, ὅταν εἰς ταὐτὸ δύναμίς τε μεγάλη καὶ φρόνησις ἔκ τινος τύχης χρηστῆς ἀπαντήσῃ μετὰ δικαιοσύνης. </p></div> 
    <div type="textpart" subtype="section" n="5"><p><milestone unit="para"/>χρηματίσασθαι τοίνυν ἀπὸ τοῦ λόγου Δημοσθένης μὲν ἐπιψόγως λέγεται, λογογραφῶν κρύφα τοῖς περὶ Φορμίωνα καὶ Ἀπολλόδωρον ἀντιδίκοις, καὶ διαβληθεὶς μὲν ἐπὶ τοῖς βασιλικοῖς χρήμασιν, ὀφλὼν δὲ τῶν Ἁρπαλείων. εἰ δὲ ταῦτα τοὺς γράφοντας οὐκ ὀλίγοι δʼ εἰσὶν οὗτοι ψεύδεσθαι <pb n="p.218"/> φαίημεν, </p></div> 
<div type="textpart" subtype="section" n="6"><p> ἀλλʼ ὅτι γε πρὸς δωρεὰς βασιλέων σὺν χάριτι καὶ τιμῇ διδομένας ἀντιβλέψαι Δημοσθένης οὐκ ἂν ἐτόλμησεν, οὐδʼ ἦν τοῦτο ἔργον<note place="unspecified" anchored="true" xml:lang="eng"><foreign xml:lang="grc">τοῦτο ἔργον</foreign> Bekker and Graux, after Reiske:<foreign xml:lang="grc">τοῦτο γὸ ἔργον</foreign>.</note> ἀνθρώπου δανείζοντος ἐπὶ ναυτικοῖς, ἀμήχανον ἀντειπεῖν· περὶ δὲ Κικέρωνος, ὅτι καὶ Σικελιωτῶν ἀγορανομοῦντι καὶ βασιλέως τοῦ Καππαδοκῶν ἀνθυπατεύοντι καὶ τῶν ἐν Ῥώμῃ φίλων, ὅτʼ ἐξέπιπτε τῆς πόλεως, δωρουμένων πολλὰ καὶ δεομένων λαβεῖν ἀντέσχεν, εἴρηται. </p></div></div> 
<div type="textpart" subtype="chapter" n="4"> 
<div type="textpart" subtype="section" n="1"><p> καὶ μὴν ἥ γε φυγὴ τῷ μὲν αἰσχρὰ κλοπῆς ἁλόντι συνέπεσε, τῷ δὲ κάλλιστον ἔργον ἀνθρώπους ἀλιτηρίους ἐκκόψαντι τῆς πατρίδος, διὸ <pb n="paris.1624.888"/> τοῦ μὲν οὐδεὶς λόγος ἐκπίπτοντος, ἐφʼ ᾧ δʼ ἡ σύγκλητος ἐσθῆτά τε διήλλαξε καὶ πένθος ἔσχε καὶ γνώμην ὑπὲρ οὐδενὸς εἰπεῖν ἐπείσθη πρότερον ἢ Κικέρωνι κάθοδον ψηφίσασθαι. </p></div> 
<div type="textpart" subtype="section" n="2"><p> τὴν μέντοι φυγὴν ἀργῶς ὁ Κικέρων διήνεγκεν ἐν Μακεδονίᾳ καθήμενος, τῷ δὲ Δημοσθένει καὶ ἡ φυγὴ μέγα μέρος τῆς πολιτείας γέγονε. συναγωνιζόμενος γάρ, ὥσπερ εἴρηται, τοῖς Ἕλλησι καὶ τοὺς Μακεδόνων πρέσβεις ἐξελαύνων ἐπήρχετο τὰς πόλεις, πολὺ βελτίων Θεμιστοκλέους καὶ Ἀλκιβιάδου παρὰ τὰς αὐτὰς τύχας φανεὶς πολίτης· καὶ μέντοι κατελθὼν αὖθις ἑαυτὸν ἐπέδωκεν εἰς τὴν αὐτὴν ταύτην πολιτείαν, καὶ διετέλει πολεμῶν πρὸς Ἀντίπατρον καὶ Μακεδόνας. </p></div> 
<div type="textpart" subtype="section" n="3"><p>Κικέρωνα δʼ ὠνείδισεν ἐν τῇ βουλῇ Λαίλιος αἰτουμένου <pb n="p.220"/> Καίσαρος ὑπατείαν μετιέναι παρὰ νόμον, οὔπω γενειῶντος, σιωπῇ καθήμενον. ἔγραφε δὲ καὶ Βροῦτος ἐγκαλῶν ὡν μείζονα καὶ βαρυτέραν πεπαιδοτριβηκότι τυραννίδα τῆς ὑφʼ αὑτοῦ καταλυθείσης. </p></div></div> 
<div type="textpart" subtype="chapter" n="5"> 
<div type="textpart" subtype="section" n="1"><p> ἐπὶ πᾶσι δὲ τῆς τελευτῆς τὸν μὲν οἰκτείραι τις ἄν, ἄνδρα πρεσβύτην διʼ ἀγέννειαν ὑπὸ οἰκετῶν ἄνω καὶ κάτω περιφερόμενον καὶ περιφεύγοντα τὸν θάνατον καὶ ἀποκρυπτόμενον τοὺς οὐ πολὺ πρὸ τῆς φύσεως ἥκοντας ἐπʼ αὐτόν, εἶτ’ ἀποσφαγέντα· τοῦ δʼ, εἰ καὶ μικρὰ πρὸς τὴν ἱκετείαν ἐνέδωκεν, ἀγαστὴ μὲν ἡ παρασκευὴ τοῦ φαρμάκου καὶ τήρησις, ἀγαστὴ δʼ ἡ χρῆσις, ὅτι τοῦ θεοῦ μὴ παρασχόντος αὐτῷ τὴν ἀσυλίαν, ὥσπερ ἐπὶ μείζονα βωμὸν καταφυγών, ἐκ τῶν ὅπλων καὶ τῶν δορυφόρων λαβὼν ἑαυτὸν ᾤχετο, τῆς Ἀντιπάτρου καταγελάσας ὠμότητος. </p></div></div></div></body>
</text>
</TEI>
