<?xml version="1.0" encoding="UTF-8"?>
<TEI xmlns="http://www.tei-c.org/ns/1.0">
    <teiHeader>
        <fileDesc>
            <titleStmt>
                <title n="Ab urbe condita" type="work">Ab Urbe Condita, books 8-10 - 16s</title>
                <title type="sub">Machine readable text</title>
                <author n="Liv.">Titus Livius (Livy)</author>
                <editor n="Foster" role="editor">Benjamin Oliver Foster, Ph.D.</editor>
                <sponsor>Perseus Project, Tufts University</sponsor>
                <principal>Gregory Crane</principal>
                <respStmt>
                    <resp>Prepared under the supervision of</resp>
                    <name>Bridget Almas</name>
                    <name>Lisa Cerrato</name>
                    <name>David Mimno</name>
                    <name>Rashmi Singhal</name>
                </respStmt>
                <funder n="org:NEH">The National Endowment for the Humanities</funder>
            </titleStmt>
            <extent/>
            <publicationStmt>
                <publisher>Trustees of Tufts University</publisher>
                <pubPlace>Medford, MA</pubPlace>
                <authority>Perseus Project</authority>
                <date type="release" notBefore="2006"/>
            </publicationStmt>
            <sourceDesc default="false">
                <biblStruct default="false">
                    <monogr>
                        <author>Livy</author>
                        <title>Books VIII-X With An English Translation</title>
                        <imprint>
                            <pubPlace>Cambridge</pubPlace>
                            <publisher>Cambridge, Mass., Harvard University Press; London, William
                                Heinemann, Ltd.</publisher>
                            <date>1926: no copyright notice</date>
                        </imprint>
                    </monogr>
                </biblStruct>
            </sourceDesc>
        </fileDesc>
        <encodingDesc>
            <refsDecl>
                <refState unit="book"/>
                <refState unit="chapter" n="chunk"/>
            </refsDecl>
        </encodingDesc>
        <profileDesc>
            <langUsage default="false">
                <language ident="la">Latin</language>
                <language ident="en">English</language>
                <language ident="greek">Greek</language>
            </langUsage>
        </profileDesc>
        <revisionDesc>
            <!--
            <change>
                <date>2006</date>
                <respStmt>
                    <name>GRC</name>
                    <resp>tagging</resp>
                </respStmt>
                <item/>
            </change>
        -->
            <change when="2014-10-09" who="Stella Dee">edited markup</change>
        </revisionDesc>
    </teiHeader>
    <text xml:lang="la">
        <body>
            <div part="N" sample="complete" org="uniform" n="16s" type="book">
                <head>Libri XVI Periocha</head>
                <p> ORIGO Carthaginiensium et primordia urbis eorum referuntur. <reg>contra</reg>
                    quos et Hieronem, regem Syracusanorum, auxilium Mamertinis ferendum senatus
                    censuit, cum de ea re inter suadentes ut id fieret dissuadentesque contentio
                    fuisset; transgressisque tunc primum mare equitibus <note anchored="true"
                        place="unspecified"> equitibus <hi rend="italics">MSS:</hi> exercitibus <hi
                            rend="italics">
                            <name>Weissenborn</name> . </hi>
                    </note> Romanis adversus Hieronem saepius bene pugnatum. <reg>petenti</reg> pax
                    data est. <reg>lustrum</reg> a censoribus conditum est. <reg>censa</reg> sunt
                    civium capita <hi rend="overline">CCCLXXXII</hi> ccxxxiiii. <name>Decimus</name>
                    Iunius Brutus munus gladiatorium in honorem defuncti patris primus edidit.
                        <reg>colonia</reg> Aesernia deducta est. <reg>res</reg> praeterea contra
                    Poenos et Vulsinios <note anchored="true" place="unspecified"> Vulsinios <hi
                            rend="italics">vulg.:</hi> uulsinos <hi rend="italics">MSS.</hi>
                    </note> prospere gestas continet. </p>
                <pb n="p.554"/>
            </div>
        </body>
    </text>
</TEI>
