<?xml version="1.0" encoding="UTF-8"?>
<TEI xmlns="http://www.tei-c.org/ns/1.0">
    <teiHeader>
        <fileDesc>
            <titleStmt>
                <title n="Ab urbe condita" type="work">Ab Urbe Condita, books 8-10 - 16s</title>
                <title type="sub">Machine readable text</title>
                <author n="Liv.">Titus Livius (Livy)</author>
                <editor n="Foster" role="editor">Benjamin Oliver Foster, Ph.D.</editor>
                <sponsor>Perseus Project, Tufts University</sponsor>
                <principal>Gregory Crane</principal>
                <respStmt>
                    <resp>Prepared under the supervision of</resp>
                    <name>Bridget Almas</name>
                    <name>Lisa Cerrato</name>
                    <name>David Mimno</name>
                    <name>Rashmi Singhal</name>
                </respStmt>
                <funder n="org:NEH">The National Endowment for the Humanities</funder>
            </titleStmt>
            <extent/>
            <publicationStmt>
                <publisher>Trustees of Tufts University</publisher>
                <pubPlace>Medford, MA</pubPlace>
                <authority>Perseus Project</authority>
                <date type="release" notBefore="2006"/>
            </publicationStmt>
            <sourceDesc default="false">
                <biblStruct default="false">
                    <monogr>
                        <author>Livy</author>
                        <title>Books VIII-X With An English Translation</title>
                        <imprint>
                            <pubPlace>Cambridge</pubPlace>
                            <publisher>Cambridge, Mass., Harvard University Press; London, William
                                Heinemann, Ltd.</publisher>
                            <date>1926: no copyright notice</date>
                        </imprint>
                    </monogr>
                </biblStruct>
            </sourceDesc>
        </fileDesc>
        <encodingDesc>
            <refsDecl>
                <refState unit="book"/>
                <refState unit="chapter" n="chunk"/>
            </refsDecl>
        </encodingDesc>
        <profileDesc>
            <langUsage default="false">
                <language ident="en">English</language>
                <language ident="la">Latin</language>
                <language ident="greek">Greek</language>
            </langUsage>
        </profileDesc>
        <revisionDesc>
            <!--
            <change>
                <date>2006</date>
                <respStmt>
                    <name>GRC</name>
                    <resp>tagging</resp>
                </respStmt>
                <item/>
            </change>
        -->
            <change when="2014-10-09" who="Stella Dee">edited markup</change>
        </revisionDesc>
    </teiHeader>
    <text xml:lang="en">
        <body>
            <div part="N" sample="complete" org="uniform" n="16s" type="book">
                <head>Summary of Book XVI</head>
                <p> THE origin of the Carthaginians and the beginnings of their city are described.
                        <reg>against</reg> them and against Hiero, king of the Syracusans, the
                    senate determined to assist the Mamertines, after a bitter debate about the
                    proposal between its advocates and its opponents. <reg>then</reg> for the first
                    time Roman cavalry <note anchored="true" place="unspecified"> Or
                            <quote>armies,</quote> if we accept Weissenborn's emendation. </note>
                    crossed the sea, and fought a number of victorious engagements against Hiero.
                        <reg>on</reg> his suing for peace, it was granted him. <name>The</name>
                    lustrum was closed by the censors. <reg>there</reg> were enumerated 382,234
                    citizens. <name>Decimus</name> Junius Brutus was the first to give a
                    gladiatorial exhibition, in honour of his dead father. <name>The</name> colony
                    of Aesernia was planted. <name>The</name> book contains also successful
                    operations carried on against the Carthaginians and the Vulsinii. </p>
                <pb n="p.555"/>
            </div>
        </body>
    </text>
</TEI>
