<work xmlns="http://chs.harvard.edu/xmlns/cts" groupUrn="urn:cts:latinLit:phi0690" urn="urn:cts:latinLit:phi0690.phi001" xml:lang="lat">
  <title xml:lang="lat">Eclogues</title>
  <edition workUrn="urn:cts:latinLit:phi0690.phi001" urn="urn:cts:latinLit:phi0690.phi001.perseus-lat2">
    <label xml:lang="eng">Eclogues, The Bucolics, Æneid, and Georgics of Virgil</label>
    <description xml:lang="eng">Virgil, creator; Greenough, J. B. (James Bradstreet), 1833-1901, editor</description>
  </edition>
  <translation workUrn="urn:cts:latinLit:phi0690.phi001" urn="urn:cts:latinLit:phi0690.phi001.perseus-eng2" xml:lang="eng">
    <label xml:lang="eng">Eclogues, The Bucolics, Æneid, and Georgics of Virgil</label>
    <description xml:lang="eng">Virgil, creator; Greenough, J. B. (James Bradstreet), 1833-1901, editor</description>
  </translation>
</work>