<?xml version="1.0" encoding="UTF-8"?>
<ti:work xmlns:ti="http://chs.harvard.edu/xmlns/cts" groupUrn="urn:cts:greekLit:tlg0007" projid="greekLit:tlg029" urn="urn:cts:greekLit:tlg0007.tlg029" xml:lang="grc">
   
   <ti:title xml:lang="eng">Comparison of Philopoemen and Titus</ti:title>
   
   <ti:translation urn="urn:cts:greekLit:tlg0007.tlg029.perseus-eng2" workUrn="urn:cts:greekLit:tlg0007.tlg029" xml:lang="eng">
      <ti:label xml:lang="eng">Comparison of Philopoemen and Titus</ti:label>
      <ti:description xml:lang="eng">Plutarch, creator; Perrin, Bernadotte, translator; Plutarch's Lives Volume X; Cambridge,
         MA. Harvard University Press. London. William Heinemann Ltd. 1921.</ti:description>
   </ti:translation>
   
   <ti:edition urn="urn:cts:greekLit:tlg0007.tlg029.perseus-grc2" workUrn="urn:cts:greekLit:tlg0007.tlg029" xml:lang="grc">
      <ti:label xml:lang="eng">Comparison of Philopoemen and Titus</ti:label>
      <ti:description xml:lang="eng">
         Plutarch, creator; Perrin, Bernadotte, translator; Plutarch's Lives Volume X; Cambridge,
         MA. Harvard University Press. London. William Heinemann Ltd. 1921.</ti:description>
   </ti:edition>
   
   
   
</ti:work>
