<?xml version="1.0" encoding="UTF-8"?>

<ti:work xmlns:ti="http://chs.harvard.edu/xmlns/cts" groupUrn="urn:cts:latinLit:phi0448" urn="urn:cts:latinLit:phi0448.phi002" xml:lang="lat">
        <ti:title xml:lang="eng">Civil War</ti:title>
        <ti:title xml:lang="lat">De Bello Civili</ti:title>
    
    <ti:edition workUrn="urn:cts:latinLit:phi0448.phi002" urn="urn:cts:latinLit:phi0448.phi002.perseus-lat2" xml:lang="lat">
            <ti:label xml:lang="lat">De Bello Civili</ti:label>
            <ti:description xml:lang="mul">Caesar, Julius, creator. C. Iuli Caesaris Commentariorum Pars Posterior Qua Continentur Libri III De Bello Civili. Du Pontet, Renatus, editor. Oxford: Clarendon Press, 1901.</ti:description>
        </ti:edition>
    
    <ti:translation urn="urn:cts:latinLit:phi0448.phi002.perseus-eng2" workUrn="urn:cts:latinLit:phi0448.phi002" xml:lang="eng">
        <ti:label xml:lang="eng">Civil War</ti:label>
        <ti:description xml:lang="eng">Caesar, Julius. The Commentaries of Caesar. Duncan, William, editor, translator. St. Louis: Edwards and Bushnell, 1856.</ti:description>
    </ti:translation>
    
    
    </ti:work>
