<ti:work xmlns:ti="http://chs.harvard.edu/xmlns/cts" urn="urn:cts:latinLit:phi0660.phi003" xml:lang="lat" groupUrn="urn:cts:latinLit:phi0660">
  <ti:title xml:lang="lat">Sulpicia Elegiae</ti:title>
  <ti:edition urn="urn:cts:latinLit:phi0660.phi003.perseus-lat2" workUrn="urn:cts:latinLit:phi0660.phi003" xml:lang="lat">
    <ti:label xml:lang="eng">Carmina Omnia</ti:label>
    <ti:description xml:lang="eng">Sulpicia, 1st cent. B.C, attributed author; Mahoney, Anne, editor</ti:description>
  </ti:edition>
  <ti:translation urn="urn:cts:latinLit:phi0660.phi003.perseus-eng2" workUrn="urn:cts:latinLit:phi0660.phi003" xml:lang="eng">
    <ti:label xml:lang="eng">Six Poems</ti:label>
    <ti:description xml:lang="eng">Sulpicia, 1st cent. B.C, attributed author; Mahoney, Anne, editor, translator</ti:description>
  </ti:translation>
</ti:work>