<?xml version="1.0" encoding="UTF-8"?>
<?xml-model href="http://www.stoa.org/epidoc/schema/8.21/tei-epidoc.rng"
                         schematypens="http://relaxng.org/ns/structure/1.0"?>
<?xml-model href="http://www.stoa.org/epidoc/schema/8.21/tei-epidoc.rng"
                         schematypens="http://purl.oclc.org/dsdl/schematron"?>
<TEI xmlns="http://www.tei-c.org/ns/1.0">
  <teiHeader>
    <fileDesc>
      <titleStmt>
        <title>Six Poems</title>
        <author>Sulpicia</author>
        <editor role="translator">Anne Mahoney</editor>
        <sponsor>Perseus Project, Tufts University</sponsor>
        <principal>Gregory Crane</principal>
        <respStmt>
          <resp>Prepared under the supervision of</resp>
          <name>Bridget Almas</name>
          <name>Lisa Cerrato</name>
          <name>David Smith</name>
        </respStmt>
        <funder n="org:FIPSE">Fund for the Improvement of Postsecondary Education</funder>
      </titleStmt>
      <publicationStmt>
        <publisher>Trustees of Tufts University</publisher>
        <pubPlace>Medford, MA</pubPlace>
        <authority>Perseus Project</authority>
        <date type="release">2000-08-01</date>
      </publicationStmt>
      <sourceDesc>
        <bibl>
          <title>Sulpicia:  Text, translation, and commentary</title>
          <author>Anne Mahoney</author>
          <date>2000</date>
          <publisher>Text created electronically</publisher>
        </bibl>
      </sourceDesc>
    </fileDesc>
    
    <encodingDesc>
        <refsDecl n="TEI.2">
            <refState unit="text"/>
            <refState unit="poem"/>
            <refState unit="line"/>
        </refsDecl>
        <refsDecl n="CTS">
            <cRefPattern n="line"
                matchPattern="(\d+).(\d+)"
                replacementPattern="#xpath(/tei:TEI/tei:text/tei:body/tei:div/tei:div[@n='$1']//tei:l[@n='$2'])">
                <p>This pointer pattern extracts poem and line</p>
            </cRefPattern>
            <cRefPattern n="poem"
                matchPattern="(\d+)"
                replacementPattern="#xpath(/tei:TEI/tei:text/tei:body/tei:div/tei:div[@n='$1'])">
                <p>This pointer pattern extracts poem</p>
            </cRefPattern>
        </refsDecl>
    </encodingDesc>
    
    <profileDesc>
      <langUsage>
        <language ident="eng">English</language>
      </langUsage>
    </profileDesc>
    
    <revisionDesc>
      <change when="2016-11-14" who="Thibault Clérice">CapiTainS Guidelines, Epidoc and numbering</change>
      <change who="rsingh04" when="2009-12-09">moved more xml files around based on copyright status</change> 
      <change who="packel" when="2006-02-10">places/dates now actually tagged</change> 
      <change who="packel" when="2005-08-01">removed stray item tags</change> 
      <change who="packel" when="2005-07-25">Converted to XML</change> 
      <change who="yorkc" when="2003-07-01">Updated texts to TEI P4 and Perseus P4 extensions; minor cleanup (esp. character encodings and typos.)</change> 
      <change who="amahoney" when="2000-07-24">final fixes to internal citations</change> 
      <change who="amahoney" when="2000-07-23">add some more refs to the commentary, tidy up title statements</change> 
    </revisionDesc>
  </teiHeader>
  
  <text>
    <body>
      <div type="translation" xml:lang="eng" n="urn:cts:latinLit:phi0660.phi003.perseus-eng2">
      <div type="textpart" subtype="poem" n="1">
        <l n="1">At last the love I've waited for has come.</l>
        <l n="2">(No shame to say so:  more to cover up).</l>
        <l n="3">My Camenae called on her in prayer,</l>
        <l n="4">and Cytherea brought him to my heart.</l>
        <l n="5"><placeName key="tgn,2021646;tgn,2066902;tgn,2081683;tgn,2094077;tgn,2096104;tgn,2100948;tgn,2108237;tgn,2744069;tgn,2744070;tgn,2744071;tgn,2744072;tgn,2744073">Venus</placeName> kept her promise:  now she can tell</l>
        <l n="6">my tale of joy to those who don't believe.</l>
        <l n="7">I hardly want to give this letter up</l>
        <l n="8">so no one else sees it before he does.</l>
        <l n="9">I'm glad I did it — why wear a prudish mask,</l>
        <l n="10">as if he wasn't good enough for me!
        </l></div>
      <div type="textpart" subtype="poem" n="2">
        <l n="1">My stupid birthday's here, and I'm supposed</l>
        <l n="2">to go away and leave Cerinthus here.</l>
        <l n="3">What's better than the city?  On the farm,</l>
        <l n="4">it's cold and rustic — no place for a girl.</l>
        <l n="5">Messalla, uncle, you're thinking of me,</l>
        <l n="6">but stop it:  this is no time for a trip.</l>
        <l n="7">Take me away, I'll leave my heart and mind</l>
        <l n="8">In <placeName key="perseus,Rome">Rome</placeName>:  what good's free will?  You make the rules.
        </l></div>
      <div type="textpart" subtype="poem" n="3">
        <l n="1">You know, that trip's been taken off my mind:</l>
        <l n="2">your girlfriend gets to spend her day in <placeName key="perseus,Rome">Rome</placeName>.</l>
        <l n="3">Let's spend the day together, as we hoped:</l>
        <l n="4">we've had the good luck you were waiting for.
        </l></div>
      <div type="textpart" subtype="poem" n="4">
        <l n="1">I should be glad you think that you can cheat:</l>
        <l n="2">what a fool I'd be to fall into your arms.</l>
        <l n="3">Go:  court your working girl as she spins her wool</l>
        <l n="4">instead of Sulpicia daughter of Servius.</l>
        <l n="5">My family are concerned I might lose out</l>
        <l n="6">to the affections of an unknown's bed.
        </l></div>
      <div type="textpart" subtype="poem" n="5">
        <l n="1">Cerinthus, do you care that I am sick,</l>
        <l n="2">my body wracked with fever and fatigue?</l>
        <l n="3">I cannot hope that I'll be well again</l>
        <l n="4">unless I think that that's what you want too.</l>
        <l n="5">But if my sickness doesn't worry you,</l>
        <l n="6">what good is it to me to be well again?
        </l></div>
      <div type="textpart" subtype="poem" n="6">
        <l n="1">My light, may you not love me any more</l>
        <l n="2">the way I think you did a few days since,</l>
        <l n="3">if I have ever in my youthful life</l>
        <l n="4">done anything as stupid as I did</l>
        <l n="5">yesterday, when I left you all alone</l>
        <l n="6">because I didn't want to show my love.</l></div>
      </div>
    </body>
  </text>
</TEI>