<?xml version="1.0" encoding="UTF-8"?>
<ti:work xmlns:ti="http://chs.harvard.edu/xmlns/cts" groupUrn="urn:cts:greekLit:tlg0006" projid="greekLit:tlg015" urn="urn:cts:greekLit:tlg0006.tlg015" xml:lang="grc">
      
   <ti:title xml:lang="lat">Phoenissae</ti:title>
    <ti:title xml:lang="eng">The Phoenician Women</ti:title>
    
    <ti:edition urn="urn:cts:greekLit:tlg0006.tlg015.perseus-grc2" xml:lang="grc" workUrn="urn:cts:greekLit:tlg0006.tlg015">
        <ti:label xml:lang="grc">Φοίνισσαι</ti:label>
        <ti:description xml:lang="mul">Euripides. Euripidis Fabulae, Vol. III. Murray, Gilbert, editor. Oxford: Clarendon Press, 1913. (Reprinted 1920-1978)</ti:description>
    </ti:edition>
    
    <ti:translation urn="urn:cts:greekLit:tlg0006.tlg015.perseus-eng2" xml:lang="eng" workUrn="urn:cts:greekLit:tlg0006.tlg015">
        <ti:label xml:lang="eng">The Phoenician Maidens</ti:label>
        <ti:description xml:lang="eng">Euripides. The Plays of Euripides, Translated into English Prose from the Text of Paley. Vol. II. Coleridge, Edward P., translator. London: George Bell and Sons, 1891.</ti:description>
    </ti:translation>
    
</ti:work>