<?xml version="1.0" encoding="UTF-8"?> 
<?xml-model href="http://www.stoa.org/epidoc/schema/latest/tei-epidoc.rng" schematypens="http://relaxng.org/ns/structure/1.0"?>
<TEI xmlns="http://www.tei-c.org/ns/1.0">
<teiHeader xml:lang="eng">
<fileDesc>
<titleStmt>
    <title xml:lang="grc">Πότερον Ἀθηναῖοι κατὰ πόλεμον ἢ κατὰ σοφίαν ἐνδοξότεροι</title>
<author>Plutarch</author>
<editor>Frank Cole Babbitt</editor>
<sponsor>Perseus Project, Tufts University</sponsor>
<principal>Gregory Crane</principal>
<respStmt>
    <resp>Prepared under the supervision of</resp>
    <name>Lisa Cerrato</name>
    <name>Rashmi Singhal</name>
    <name>Bridget Almas</name>
</respStmt>
<funder n="org:NEH">The National Endowment for the Humanities</funder>
</titleStmt>
<publicationStmt>
<publisher>Trustees of Tufts University</publisher>
<pubPlace>Medford, MA</pubPlace>
<authority>Perseus Project</authority>
    <date type="release">2010-12-13</date>
</publicationStmt>
<sourceDesc>
<biblStruct>
<monogr>
    <author ref="urn:cts:greekLit:tlg0007">Plutarch</author>
<title xml:lang="lat">Moralia</title>
<respStmt>
<resp>with an English Translation by</resp>
<name>Frank Cole Babbitt</name>
</respStmt>
<imprint>
<pubPlace>Cambridge, MA</pubPlace>
<publisher>Harvard University Press</publisher>
<pubPlace>London</pubPlace>
<publisher>William Heinemann Ltd.</publisher>
<date type="printing">1936</date>
</imprint>
<biblScope unit="volume">4</biblScope>
</monogr>
    <ref target="https://archive.org/details/moraliainfifteen04plutuoft/page/492">The Internet Archive</ref>
</biblStruct>
</sourceDesc>
</fileDesc>
<encodingDesc>
<editorialDecl>
    <quotation marks="none"/>
<correction method="silent">
<p>optical character recognition</p>
</correction>
</editorialDecl>
<!--<refsDecl doctype="TEI.2">
<state unit="section"/>
</refsDecl>
<refsDecl doctype="TEI.2">
<state unit="stephpage" n="chunk"/>
</refsDecl>-->
    <p>The following text is encoded in accordance with EpiDoc standards and with the CTS/CITE Architecture</p>
    <refsDecl n="CTS">
        <cRefPattern n="section" matchPattern="(\w+)" replacementPattern="#xpath(/tei:TEI/tei:text/tei:body/tei:div/tei:div[@n='$1'])">
            <p>This pointer pattern extracts section</p>
        </cRefPattern>
    </refsDecl>
</encodingDesc>
<profileDesc>
<langUsage>
<language ident="grc">Greek</language>
    <language ident="lat">Latin</language>
    <language ident="eng">English</language>
</langUsage>
</profileDesc>
<revisionDesc>
<change when="2010-05" who="RS">tagged and parsed</change>
    <change when="2019-07-09" who="ahanhardt"></change>
</revisionDesc>
</teiHeader>
<text xml:lang="grc">
<body>
    <div type="edition" xml:lang="grc" n="urn:cts:greekLit:tlg0007.tlg088.perseus-grc3">
<pb xml:id="v.4.p.492"/>
        <div type="textpart" subtype="section" n="1"><p rend="indent"> <milestone unit="stephpage" xml:id="stephpage-345c" n="345c"/> <gap reason="lost" rend="..."/> <note resp="ed" place="unspecified" anchored="true" xml:lang="eng">Xylander was the first to suggest a lacuna at the beginning.</note> Ταῦτʼ ὀρθῶς μὲν ἐκεῖνος εἶπε πρὸς τοὺς μεθʼ ἑαυτὸν στρατηγούς, οἷς πάροδον ἐπὶ τὰς ὕστερον πράξεις ἔδωκεν ἐξελάσας τὸν βάρβαρον καὶ τὴν Ἑλλάδʼ ἐλευθερώσας· ὀρθῶς δʼ εἰρήσεται καὶ πρὸς τοὺς ἐπὶ τοῖς λόγοις μέγα φρονοῦντας· ἂν γάρ ἀνέλῃς τοὺς πράττοντας, οὐχ ἕξεις τοὺς γράφοντας. ἄνελε τὴν Περικλέους πολιτείαν καὶ <milestone unit="stephpage" xml:id="stephpage-345d" n="345d"/> τὰ ναύμαχα πρὸς Ῥίῳ Φορμίωνος τρόπαια καὶ τὰς περὶ Κύθηρα καὶ Μέγαρα καὶ Κόρινθον ἀνδραγαθίας Νικίου καὶ τὴν Δημοσθένους Πύλον καὶ τοὺς Κλέωνος τετρακοσίους αἰχμαλώτους καὶ Τολμίδαν <note resp="ed" place="unspecified" anchored="true" xml:lang="eng"><foreign xml:lang="grc">Τολμίδαν</foreign> Xylander: <foreign xml:lang="grc">Τολμίαν</foreign>.</note> Πελοπόννησον περιπλέοντα καὶ Μυρωνίδην νικῶντα Βοιωτοὺς ἐν Οἰνοφύτοις, καὶ Θουκυδίδης σοι διαγέγραπται. ἄνελε τὰ περὶ Ἑλλήσποντον Ἀλκιβιάδου νεανιεύματα καὶ τὰ πρὸς Λέσβῳ <note resp="ed" place="unspecified" anchored="true" xml:lang="eng"><foreign xml:lang="grc">Λέσβῳ</foreign> F.C.B.: <foreign xml:lang="grc">Λέσβον</foreign>.</note> Θρασύλλου καὶ τὴν ὑπὸ Θηραμένους τῆς ὀλιγαρχίας κατάλυσιν καὶ Θρασύβουλον καὶ Ἀρχῖνον<note resp="ed" place="unspecified" anchored="true" xml:lang="eng"><foreign xml:lang="grc">Ἀρχῖνον</foreign> Taylor, from 835 F: <foreign xml:lang="grc">ἄρχιππον</foreign>.</note> καὶ τοὺς ἀπὸ Φυλῆς ἑβδομήκοντα κατὰ τῆς Σπαρτιατῶν ἡγεμονίας ἀνισταμένους καὶ Κόνωνα πάλιν ἐμβιβάζοντα <pb xml:id="v.4.p.494"/> <milestone unit="stephpage" xml:id="stephpage-345e" n="345e"/> τὰς Ἀθήνας εἰς τὴν θάλατταν, καὶ Κράτιππος ἀνῄρηται. </p><p rend="indent">Ξενοφῶν μὲν γὰρ αὐτὸς ἑαυτοῦ γέγονεν ἱστορία, γράψας ἃ ἐστρατήγησε καὶ κατώρθωσε καὶ Θεμιστογένη περὶ τούτων συντετάχθαι τὸν Συρακόσιον, ἵνα πιστότερος ᾖ διηγούμενος ἑαυτὸν ὡς ἄλλον, ἑτέρῳ τὴν τῶν λόγων δόξαν χαριζόμενος. οἱ δʼ ἄλλοι πάντες ἱστορικοί, Κλειτόδημοι<note resp="ed" place="unspecified" anchored="true" xml:lang="eng"><foreign xml:lang="grc">Κλειτόδημοι</foreign> Wyttenbach: <foreign xml:lang="grc">κλεινόδημοι</foreign>.</note> Δίυλλοι Φιλόχορος Φύλαρχος,<note resp="ed" place="unspecified" anchored="true" xml:lang="eng"><foreign xml:lang="grc">Φιλόχοροι Φῦλαρχοι</foreign> F.C.B. (<foreign xml:lang="grc">Φύλαρχος</foreign> Reiske): <foreign xml:lang="grc">φιλόχορος φίλαρχος</foreign></note> ἀλλοτρίων γεγόνασιν ἔργων<note resp="ed" place="unspecified" anchored="true" xml:lang="eng"><foreign xml:lang="grc">ἔργων</foreign> Aldine ed., confirmed by one MS.: <foreign xml:lang="grc">ἐρώτων</foreign>.</note> ὥσπερ δραμάτων ὑποκριταί, τὰς τῶν στρατηγῶν καὶ βασιλέων πράξεις διατιθέμενοι καὶ ταῖς ἐκείνων ὑποδυόμενοι μνήμαις ἵνʼ ὡς αὐγῆς τινος καὶ φωτὸς <milestone unit="stephpage" xml:id="stephpage-345f" n="345f"/> μετάσχωσιν. ἀνακλᾶται γὰρ ἀπὸ τῶν πραττόντων ἐπὶ τοὺς γράφοντας καὶ ἀναλάμπει δόξης εἴδωλον ἀλλοτρίας, ἐμφαινομένης διὰ τῶν λόγων τῆς πράξεως ὡς ἐν ἐσόπτρῳ.</p> </div>
        <div type="textpart" subtype="section" n="2"><p rend="indent">πολλῶν μὲν δὴ καὶ ἄλλων ἡ πόλις ἥδε μήτηρ καὶ τροφὸς εὐμενὴς τεχνῶν γέγονε τὰς μὲν εὑραμένη καὶ ἀναφήνασα πρώτη, ταῖς δὲ δύναμιν προσθεῖσα καὶ τιμὴν καὶ αὔξησιν οὐχ ἥκιστα δʼ ὑπʼ <milestone unit="stephpage" xml:id="stephpage-346a" n="346a"/> αὐτῆς ζωγραφία προῆκται καὶ κεκόσμηται. καὶ γὰρ Ἀπολλόδωρος ὁ ζωγράφος, ἀνθρώπων πρῶτος ἐξευρὼν φθορὰν καὶ ἀπόχρωσιν σκιᾶς, Ἀθηναῖος ἦν· οὗ τοῖς ἔργοις ἐπιγέγραπται <q>μωμήσεταί τις μᾶλλον ἢ μιμήσεται. </q> <pb xml:id="v.4.p.496"/> καὶ Εὐφράνωρ καὶ Νικίας καὶ Ἀσκληπιόδωρος καὶ Πάναινος<note resp="ed" place="unspecified" anchored="true" xml:lang="eng"><foreign xml:lang="grc">Πάναινος</foreign> O. Müller: <foreign xml:lang="grc">Πλεισταίνετος</foreign></note> ὁ Φειδίου ἀδελφός, οἱ μὲν στρατηγοὺς ἔγραψαν νικῶντας, οἱ δὲ μάχας, οἱ δʼ ἥρωας ὥσπερ Εὐφράνωρ τὸν Θησέα τὸν ἑαυτοῦ τῷ Παρρασίου παρέβαλε, λέγων τὸν μὲν ἐκείνου ῥόδα βεβρωκέναι, τὸν δʼ ἑαυτοῦ κρέα βόεια. τῷ γὰρ ὄντι γλαφυρῶς ὁ Παρρασίου γέγραπται καὶ πεποίκιλται καί τι<note resp="ed" place="unspecified" anchored="true" xml:lang="eng"><foreign xml:lang="grc">πεποίκιλται καί τι</foreign> F.C.B.: <foreign xml:lang="grc"> πεποίηται καί τι</foreign>.</note> προσέοικε· τὸν δʼ Εὐφράνορος ἰδών τις εἶπεν οὐκ ἀφυῶς <note resp="ed" place="unspecified" anchored="true" xml:lang="eng"><foreign xml:lang="grc">ἀφυῶς</foreign> Reiske: <foreign xml:lang="grc">ἀφυῶς τις</foreign>.</note><milestone unit="stephpage" xml:id="stephpage-346b" n="346b"/> <quote rend="blockquote"> <l>δῆμον Ἐρεχθῆος μεγαλήτορος, ὅν ποτʼ Ἀθήνη </l> <l>θρέψε Διὸς θυγάτηρ.</l> </quote> </p><p rend="indent">γέγραφε δὲ καὶ τὴν ἐν Μαντινείᾳ πρὸς Ἐπαμεινώνδαν ἱππομαχίαν οὐκ ἀνενθουσιάστως Εὐφράνωρ. τὸ δʼ ἔργον ἔσχεν οὕτως· Ἐπαμεινώνδας Θηβαῖος ἀπὸ<note resp="ed" place="unspecified" anchored="true" xml:lang="eng"><foreign xml:lang="grc">ἀπὸ] ὑπὸ</foreign> Abresch.</note> τῆς ἐν Λεύκτροις μάχης ἀρθεὶς μέγας ἐπεμβῆναι τῇ Σπάρτῃ πεσούσῃ καὶ πατῆσαι τὸ φρόνημα καὶ τὸ ἀξίωμα τῆς πόλεως ἠθέλησε. καὶ πρῶτα μὲν ἐμβαλὼν ἑπτὰ μυριάσι στρατοῦ διεπόρθησε τὴν χώραν καὶ τοὺς περιοίκους ἀπέστησεν αὐτῶν· ἔπειτα περὶ Μαντίνειαν ἀντιτεταγμένους εἰς μάχην <milestone unit="stephpage" xml:id="stephpage-346c" n="346c"/> προυκαλεῖτο· μὴ βουλομένων δὲ μηδὲ τολμώντων, ἀλλὰ τὴν Ἀθήνηθεν ἐπικουρίαν ἐκδεχομένων, νυκτὸς ἄρας καὶ λαθὼν ἅπαντας εἰς τὴν Λακωνικὴν κατέβη, καὶ μικροῦ ἔφθη τὴν πόλιν ἔρημον ἐξ <pb xml:id="v.4.p.498"/> ἐφόδου λαβεῖν καὶ κατασχεῖν. αἰσθομένων δὲ τῶν συμμάχων καὶ βοηθείας ταχείας<note resp="ed" place="unspecified" anchored="true" xml:lang="eng"><foreign xml:lang="grc">ταχείας</foreign> F.C.B.: <foreign xml:lang="grc">ταχέως</foreign> Wyttenbach: <foreign xml:lang="grc">διὰ τάχους</foreign> may also be read, and the MS. reading <foreign xml:lang="grc">τάχος</foreign> (often found in poetry) may be right after all.</note> πρὸς τὴν πόλιν γενομένης, ὕπειξε <note resp="ed" place="unspecified" anchored="true" xml:lang="eng"><foreign xml:lang="grc">ὑπεῖξε</foreign> Willamowitz-Möllendorff: <foreign xml:lang="grc">ὑπέδειξε</foreign>.</note> μὲν ὡς αὖθις ἐπὶ λεηλασίαν καὶ φθορὰν τῆς χώρας τρεψόμενος· ἐξαπατήσας δὲ καὶ κατακοιμίσας οὕτω τοὺς πολεμίους ἀνέζευξε νυκτὸς ἐκ τῆς Λακωνικῆς· καὶ διαδραμὼν τὴν<note resp="ed" place="unspecified" anchored="true" xml:lang="eng"><foreign xml:lang="grc">τὴν</foreign> Reiske: <foreign xml:lang="grc">εἰς τὴν</foreign></note> μεταξὺ χώραν ἐπεφαίνετο τοῖς Μαντινεῦσιν ἀπροσδόκητος διαβουλευομένοις καὶ <note resp="ed" place="unspecified" anchored="true" xml:lang="eng"><foreign xml:lang="grc">διαβουλευμένοις καὶ</foreign> Helmbold: <foreign xml:lang="grc">καὶ διαβουλευμένοις (-ος)</foreign>.</note> αὐτοῖς ἀκμὴν τοῦ <milestone unit="stephpage" xml:id="stephpage-346d" n="346d"/> πέμπειν τὴν εἰς Λακεδαίμονα βοήθειαν καὶ <note resp="ed" place="unspecified" anchored="true" xml:lang="eng"><foreign xml:lang="grc">καὶ</foreign> added by Helmbold, after Pohlenz.</note> εὐθέως ὁπλίζεσθαι προσέταξε τοῖς Θηβαίοις. οἱ μὲν οὖν Θηβαῖοι μέγα φρονοῦντες ἐν τοῖς ὅπλοις ἐπεφέροντο καὶ περιελάμβανον κύκλῳ τὰ τείχη], τῶν δὲ Μαντινέων ἔκπληξις ἦν καὶ ἀλαλαγμὸς καὶ διαδρομή, ὡς ῥεῦμα τὴν δύναμιν ἀθρόαν ἐμπίπτουσαν ὤσασθαι μὴ δυναμένων μηδʼ ἐπινοούντων βοήθειαν. ἐν τούτῳ δὲ καιροῦ καὶ τύχης Ἀθηναῖοι κατέβαινον ἀπὸ τῶν ἄκρων εἰς τὴν Μαντινικὴν οὐκ εἰδότες τὴν ῥοπὴν οὐδὲ τὴν ὀξύτητα τοῦ ἀγῶνος, ἀλλʼ ὁδῷ πορευόμενοι καθʼ ἡσυχίαν ὡς δέ τις <milestone unit="stephpage" xml:id="stephpage-346e" n="346e"/> ἀστῶν <note resp="ed" place="unspecified" anchored="true" xml:lang="eng"><foreign xml:lang="grc">ἀστῶν</foreign> F.C.B.: <foreign xml:lang="grc">αὐτῶν</foreign>.</note> ἐκδραμὼν ἀπήγγειλε τὸν κίνδυνον, ὀλίγοι μὲν ὄντες ὡς πρὸς τὸ πλῆθος τῶν πολεμίων, ἐξ ὁδοῦ δὲ κεκμηκότες, οὐδενὸς δὲ τῶν ἄλλων συμμάχων παρόντος, ὅμως εὐθὺς εἰς τάξιν καθίσταντο τοῖς πλείστοις <note resp="ed" place="unspecified" anchored="true" xml:lang="eng"><foreign xml:lang="grc">πλείστοις] ὁπλίταις</foreign>Wyttenbach.</note> · οἱ δʼ ἱππεῖς διασκευασάμενοι καὶ <pb xml:id="v.4.p.500"/> προεξελάσαντες, <note resp="ed" place="unspecified" anchored="true" xml:lang="eng"><foreign xml:lang="grc">προεξελάσαντες</foreign> Reiske: <foreign xml:lang="grc">προςεξελάσαντες</foreign>.</note> ὑπὸ τὰς πύλας αὐτὰς καὶ τὸ τεῖχος ἔθεντο καρτερὰν ἱππομαχίαν· καὶ κρατήσαντες ἐκ τῶν χειρῶν τοῦ Ἐπαμεινώνδα ἀφείλοντο τὴν Μαντίνειαν. </p><p rend="indent">τοῦτο τὸ ἔργον Εὐφράνωρ ἔγραψε, καὶ πάρεστιν ὁρᾶν ἐν εἰκόνι τῆς μάχης τὸ σύρρηγμα <note resp="ed" place="unspecified" anchored="true" xml:lang="eng"><foreign xml:lang="grc">σύρρηγμα</foreign> Meziriacus: <foreign xml:lang="grc">σύγγραμμα</foreign>.</note> καὶ τὴν ἀντέρεισιν ἀλκῆς καὶ θυμοῦ καὶ πνεύματος γέμουσαν<milestone unit="stephpage" xml:id="stephpage-346f" n="346f"/>. ἀλλʼ οὐκ ἂν οἶμαι τῷ ζωγράφῳ <note resp="ed" place="unspecified" anchored="true" xml:lang="eng"><foreign xml:lang="grc">τῷ ζῳγράφῳ</foreign> Wyttenbach: <foreign xml:lang="grc">τὴν ζωγράφου</foreign>.</note> κρίσιν προθείητε <note resp="ed" place="unspecified" anchored="true" xml:lang="eng"><foreign xml:lang="grc">προθείητε</foreign> Wyttenbach: <foreign xml:lang="grc">προσθείητε</foreign>.</note> πρὸς τὸν στρατηγὸν οὐδʼ ἀνάσχοισθε τῶν προτιμώντων τὸν πίνακα τοῦ τροπαίου καὶ τὸ μίμημα τῆς ἀληθείας.</p> </div>
        <div type="textpart" subtype="section" n="3"><p rend="indent">πλὴν ὁ Σιμωνίδης τὴν μὲν ζωγραφίαν ποίησιν σιωπῶσαν προσαγορεύει, <note resp="ed" place="unspecified" anchored="true" xml:lang="eng"><foreign xml:lang="grc">προσαγορεύει] προσαγορεύων</foreign> all MSS. except E.</note> τὴν δὲ ποίησιν ζωγραφίαν λαλοῦσαν. ἃς γάρ οἱ ζωγράφοι πράξεις ὡς γιγνομένας δεικνύουσι, ταύτας οἱ λόγοι γεγενημένας<milestone unit="stephpage" xml:id="stephpage-347a" n="347a"/> διηγοῦνται καὶ συγγράφουσιν. εἰ δʼ οἱ μὲν χρώμασι καὶ σχήμασιν, οἱ δʼ ὀνόμασι καὶ λέξεσι ταὐτὰ <note resp="ed" place="unspecified" anchored="true" xml:lang="eng"><foreign xml:lang="grc">ταὐτὰ</foreign>Wyttenbach: <foreign xml:lang="grc">ταῦτα</foreign>.</note> δηλοῦσιν, ὕλῃ καὶ τρόποις μιμήσεως διαφέρουσι, τέλος δʼ ἀμφοτέροις ἓν ὑπόκειται, καὶ τῶν ἱστορικῶν κράτιστος ὁ τὴν διήγησιν ὥσπερ γραφὴν πάθεσι καὶ προσώποις εἰδωλοποιήσας. ὁ δʼ οὗν <note resp="ed" place="unspecified" anchored="true" xml:lang="eng"><foreign xml:lang="grc">δ᾽οὖν</foreign> Helmbold: <foreign xml:lang="grc"> γοῦν</foreign>.</note> Θουκυδίδης ἀεὶ τῷ λόγῳ πρὸς ταύτην ἁμιλλᾶται τὴν ἐνάργειαν αν, οἷον θεατὴν ποιῆσαι τὸν ἀκροατὴν καὶ τὰ γιγνόμενα περὶ τοὺς ὁρῶντας ἐκπληκτικὰ καὶ ταρακτικὰ πάθη τοῖς ἀναγινώσκουσιν ἐνεργάσασθαι λιχνευόμενος. ὁ γὰρ παρὰ τὴν ῥαχίαν <pb xml:id="v.4.p.502"/> <milestone unit="stephpage" xml:id="stephpage-347b" n="347b"/> αὐτὴν <note resp="ed" place="unspecified" anchored="true" xml:lang="eng"><foreign xml:lang="grc">αὐτὴν</foreign> Reiske from Thucydides, iv. 10: <foreign xml:lang="grc">αὐτῆς</foreign>.</note> τῆς Πύλου παρατάττων τοὺς Ἀθηναίους Δημοσθένης, καί. ὁ δʼ τὸν κυβερνήτην ἐπισπέρχων Βρασίδας ἐξοκέλλειν καί, χωρῶν ἐπί, τὴν ἀποβάθραν <note resp="ed" place="unspecified" anchored="true" xml:lang="eng"><foreign xml:lang="grc">ἀποβάθραν</foreign> Bernardakis from Thucydides, iv. 12: <foreign xml:lang="grc">βάθραν</foreign>.</note> καὶ τραυματιζόμενος καὶ λιποφυχῶν <note resp="ed" place="unspecified" anchored="true" xml:lang="eng"><foreign xml:lang="grc">λιποψυχῶν</foreign> Dübner (as in Thucydides, iv. 12): <foreign xml:lang="grc">λειποψυχῶν</foreign>.</note> καὶ ἀποκλίνων εἰς τὴν παρεξειρεσίαν, καὶ οἱ πεζομαχοῦντες μὲν ἐκ θαλάττης Λακεδαιμόνιοι, ναυμαχοῦντες δʼ ἀπὸ γῆς Ἀθηναῖοι· καὶ πάλιν <q>ὁ</q> ἐν τοῖς Σικελικοῖς <q>ἐκ τῆς γῆς πεζὸς ἀμφοτέρων, ἰσορρόπου τῆς ναυμαχίας καθεστηκυίας, ἄληκτον <note resp="ed" place="unspecified" anchored="true" xml:lang="eng"><foreign xml:lang="grc">ἄληκτον</foreign> F.C.B.: <foreign xml:lang="grc"> πολὺν τὸν</foreign> Thucydides, vii. 71:<foreign xml:lang="grc">ἄπλετον</foreign>S.A. Naber: <foreign xml:lang="grc">θαυμαστον</foreign> H. Richards: <foreign xml:lang="grc">ἄλαστον</foreign>.</note> ἀγῶνα καὶ ξύντασιν <note resp="ed" place="unspecified" anchored="true" xml:lang="eng"><foreign xml:lang="grc">ξύντασιν</foreign> Reiske: <foreign xml:lang="grc">σύνταξιν</foreign>.</note> τῆς γνώμης ἔχων</q> διὰ τὰς συντάξεις, καὶ, <note resp="ed" place="unspecified" anchored="true" xml:lang="eng"><foreign xml:lang="grc">καὶ</foreign>added by F.C.B.</note> <q>διὰ τὸ ἀκρίτως <note resp="ed" place="unspecified" anchored="true" xml:lang="eng"><foreign xml:lang="grc">διὰ τὸ ἀκρίτως</foreign>added from Thucydides, vii. 71: <foreign xml:lang="grc">ὡς</foreign>.</note> συνεχὲς τῆς ἁμίλλης καὶ τοῖς <milestone unit="stephpage" xml:id="stephpage-347c" n="347c"/> σώμασιν αὐτοῖς ἴσα τῇ δόξῃ περιδεῶς συναπονεύων</q> <note resp="ed" place="unspecified" anchored="true" xml:lang="eng"><foreign xml:lang="grc">συναπονεύων</foreign> Madvig, adapted from <foreign xml:lang="grc">συναπονεύοντες</foreign><foreign xml:lang="lat">ibid.</foreign>:<foreign xml:lang="grc">συμπνέων</foreign></note> τῇ διαθέσει καὶ τῇ διατυπώσει τῶν γινομένων γραφικῆς ἐναργείας ἐστίν. <note resp="ed" place="unspecified" anchored="true" xml:lang="eng"><foreign>ἐστιν</foreign>aded by F.C.B.</note> ὣστʼ εἰ τοὺς ζωγραφοῦντας οὐκ ἄξιον παραβάλλειν τοῖς στρατηγοῖς, μηδὲ τοὺς ἱστοροῦντας παραβάλλωμεν. </p><p rend="indent">τὴν τοίνυν ἐν Μαραθῶνι μάχην ἀπήγγειλεν, ὡς μὲν Ἡρακλείδης ὁ Ποντικὸς ἱστορεῖ, Θέρσιππος ὁ Ἐροιεύς <note resp="ed" place="unspecified" anchored="true" xml:lang="eng"><foreign xml:lang="grc">Ἐροιεύς</foreign>Xylander: <foreign xml:lang="grc">Ἐροιάδης</foreign> Kirchner, <title rend="italic">Prosopogr. Attica;</title><foreign xml:lang="grc">Ἐρχιεύς</foreign>Wilamowitz-Möllendorff: <foreign xml:lang="grc">ἐρωεύς</foreign>.</note> · οἱ δὲ πλεῖστοι λέγουσιν Εὐκλέα, δραμόντα σὺν τοῖς ὅπλοις <note resp="ed" place="unspecified" anchored="true" xml:lang="eng"><foreign xml:lang="grc">ὅπλοις</foreign>Leonicus: <foreign xml:lang="grc">ὁπλίταις</foreign>.</note> θερμὸν ἀπὸ τῆς μάχης καὶ ταῖς θύραις ἐμπεσόντα τῶν πρώτων, <note resp="ed" place="unspecified" anchored="true" xml:lang="eng"><foreign xml:lang="grc">πρώτων] πρυτάνεων</foreign>Cobet.</note> τοσοῦτο μόνον εἰπεῖν, <q>χαίρετε· νικῶμεν</q>, <note resp="ed" place="unspecified" anchored="true" xml:lang="eng"><foreign xml:lang="grc">νικῶμεν</foreign>Cobet, from Lucian, <title rend="italic">Pro lapsu inter salutandum</title>,3: <foreign xml:lang="grc">καὶ χαίρομεν</foreign>.</note> εἶτʼ εὐθὺς <pb xml:id="v.4.p.504"/> ἐκπνεῦσαι. πλὴν οὗτος μὲν αὐτάγγελος ἧκε τῆς μάχης ἀγωνιστὴς γενόμενος. φέρε δʼ εἴ τις ὑπὲρ <milestone unit="stephpage" xml:id="stephpage-347d" n="347d"/> λόφου τινὸς ἢ σκοπῆς αἰπόλων ἢ βοτήρων τοῦ ἀγῶνος ἄπωθεν γενόμενος θεατὴς, καὶ κατιδὼν τὸ μέγα καὶ παντὸς λόγου μεῖζον ἐκεῖνο ἔργον ἧκεν εἰς τὴν πόλιν ἄτρωτος ἄγγελος καὶ ἀναίμακτος, εἶτʼ ἠξίου τιμὰς ἔχειν ἃς Κυνέγειρος <note resp="ed" place="unspecified" anchored="true" xml:lang="eng"><foreign xml:lang="grc">Κυνέγειρος</foreign>Bernardakis and van Herwerden: <foreign xml:lang="grc">κυναίγειρος</foreign>.</note> ἔσχεν, ἃς Καλλίμαχος, ἃς Πολύζηλος, ὅτι τὰς τούτων ἀριστείας καὶ τραύματα καὶ θανάτους ἀπήγγειλεν· ἆρ’ οὐκ ἂν ἐδόκει πᾶσαν ὑπερβάλλειν ἀναίδειαν; ὃπου γε Λακεδαιμονίους φασὶ τῷ τὴν ἐν Μαντινείᾳ φράσαντι νίκην, ἣν Θουκυδίδης ἱστόρηκεν, εὐαγγέλιον ἐκ φιδιτίου κρέας ἀποστεῖλαι. <note resp="ed" place="unspecified" anchored="true" xml:lang="eng"><foreign xml:lang="grc">ἀποστεῖλαι</foreign>Xylander: <foreign xml:lang="grc">ἀπέστειλαν</foreign>. In the <title rend="italic">Life of Agesilaüs</title>, chap. xxxiii., <foreign xml:lang="grc">ἄλλο δ᾽οὐδέν</foreign> is added at the end.</note> μὴν οἱ συγγράφοντες ἐξάγγελοί τινές εἰσι τῶν πράξεων εὔφωνοι καὶ τῷ λόγῳ διὰ τὸ κάλλος καὶ τὴν δύναμιν ἐξικνούμενοι, οἷς εὐαγγέλιον<milestone unit="stephpage" xml:id="stephpage-347e" n="347e"/> ὀφείλουσιν οἱ πρώτως ἐντυγχάνοντες καὶ ἱστοροῦντες. ἀμέλει δὲ καὶ ἐγκωμιάζονται μνημονευόμενοι καὶ ἀναγινωσκόμενοι διὰ τοὺς κατορθώσαντας· οὐ γὰρ οἱ λόγοι ποιοῦσι τὰς πράξεις ἀλλὰ διὰ τὰς πράξεις <note resp="ed" place="unspecified" anchored="true" xml:lang="eng"><foreign xml:lang="grc">ἀλλὰ διὰ τὰς πράξεις</foreign>added by Madvig; Pohlenz would add <foreign xml:lang="grc">ἀλλ᾽αὖτοὶ γίνονται διὰ τὰς πράξεις</foreign>.</note> καὶ ἀκοῆς ἀξιοῦνται.</p> </div>
        <div type="textpart" subtype="section" n="4"><p rend="indent">καὶ γὰρ ἡ ποιητικὴ χάριν ἔσχε καὶ τιμὴν τῷ <note resp="ed" place="unspecified" anchored="true" xml:lang="eng"><foreign xml:lang="grc">τῷ</foreign>added by Reiske and Wyttenbach.</note> τοῖς πεπραγμένοις ἐοικότα λέγειν, ὡς Ὅμηρος ἔφη <quote rend="blockquote">ἴσκε <note resp="ed" place="unspecified" anchored="true" xml:lang="eng"><foreign xml:lang="grc">ἴσκε</foreign>Homer, <title rend="italic">Od.</title>xix. 203: <foreign xml:lang="grc">ἴσχε</foreign> or <foreign xml:lang="grc">ἔσχε</foreign>.</note> ψεύδεα πολλὰ λέγων ἐτύμοισιν ὁμοῖα. </quote> <pb xml:id="v.4.p.506"/> λέγεται δὲ καὶ Μενάνδρῳ τῶν συνήθων τις εἰπεῖν, <q>ἐγγὺς οὖν, Μένανδρε, τὰ Διονύσια, καὶ σὺ τὴν κωμῳδίαν οὐ πεποίηκας;</q> τὸν δὲ ἀποκρίνασθαι, <q>νὴ τοὺς θεοὺς ἔγωγε πεποίηκα τὴν κωμῳδίαν· <milestone unit="stephpage" xml:id="stephpage-347f" n="347f"/> ᾠκονόμηται γὰρ ἡ διάθεσις· δεῖ δʼ αὐτῇ τὰ στιχίδια ἐπᾷσαι,</q> ὅτι καὶ αὐτοὶ τὰ πράγματα τῶν λόγων ἀναγκαιότερα καὶ κυριώτερα νομίζουσιν. </p><p rend="indent">ἡ δὲ Κόριννα τὸν Πίνδαρον, ὄντα νέον ἔτι καὶ τῇ λογιότητι σοβαρῶς χρώμενον, ἐνουθέτησεν ὡς ἄμουσον ὄντα καὶ <note resp="ed" place="unspecified" anchored="true" xml:lang="eng">Bernardakis would omit <foreign xml:lang="grc">καὶ</foreign>/</note> μὴ ποιοῦντα μύθους, ὃ τῆς ποιητικῆς ἔργον εἶναι συμβέβηκε, γλώσσας <note resp="ed" place="unspecified" anchored="true" xml:lang="eng"><foreign xml:lang="grc">γλώσσας</foreign>Meziriacus: <foreign xml:lang="grc">γλῶσσαι</foreign>, <foreign xml:lang="grc">γλῶσσα</foreign>, or <foreign xml:lang="grc">γλῶσσαν</foreign>.</note> δὲ καὶ καταχρήσεις καὶ μεταφοράσεις <note resp="ed" place="unspecified" anchored="true" xml:lang="eng"><foreign xml:lang="grc">μεταφράσεις] μεταφορὰς</foreign>Michael.</note> καὶ μέλη καὶ ῥυθμοὺς<milestone unit="stephpage" xml:id="stephpage-348a" n="348a"/> δʼ ἡδύσματα τοῖς πράγμασιν ὑποτιθέντα. <note resp="ed" place="unspecified" anchored="true" xml:lang="eng"><foreign xml:lang="grc">ὑποτιθέντα</foreign>Pohlenz: <foreign xml:lang="grc">ὑποτίθεται</foreign>.</note> σφόδρʼ οὖν ὁ Πίνδαρος ἐπιστήσας τοῖς λεγομένοις ἐποίησεν ἐκεῖνο τὸ μέλος <quote rend="blockquote"> <l>Ἰσμηνὸν ἢ χρυσαλάκατον Μελίαν, </l> <l>ἢ Κάδμον ἢ Σπαρτῶν ἱερὸν γένος ἀνδρῶν, </l> <l>ἢ τὸ πάνυ <note resp="ed" place="unspecified" anchored="true" xml:lang="eng"><foreign xml:lang="grc">πάνυ] πάντολμον</foreign>Lucian (<title rend="italic">Demosth. Encom.</title>c. 19).</note> σθένος Ἡρακλέους </l> <l>ἢ τὰν Διωνύσου πολυγαθέα τιμάν <note resp="ed" place="unspecified" anchored="true" xml:lang="eng"><foreign xml:lang="grc">ἢ τὰν Διωνύσου πολυγαθέα τιμάν</foreign><foreign xml:lang="lat">ibid</foreign>.: <foreign xml:lang="grc">ἡττᾶν</foreign>.</note> .</l> </quote> δειξαμένου δὲ τῇ Κορίννῃ γελάσασα ἐκείνη τῇ χειρὶ δεῖν ἔφη σπείρειν, ἀλλὰ μὴ ὅλῳ τῷ θυλάκῳ. τῷ γὰρ ὄντι συγκεράσας καὶ συμφορήσας πανσπερμίαν τινὰ μύθων ὁ Πίνδαρος εἰς τὸ μέλος ἐξέχεεν. ἀλλʼ ὅτι μὲν ἡ ποιητικὴ περὶ μυθοποιίαν ἐστί καὶ Πλάτων εἴρηκεν. ὁ δὲ μῦθος εἶναι βούλεται λόγος <pb xml:id="v.4.p.508"/> ψευδὴς ἐοικὼς ἀληθινῷ· διὸ καὶ πολὺ τῶν ἔργων <milestone unit="stephpage" xml:id="stephpage-348b" n="348b"/> ἀφέστηκεν, εἰ λόγος μὲν ἔργου, καὶ λόγου δὲ μῦθος εἰκὼν καὶ εἴδωλόν ἐστι. καὶ τοσοῦτον τῶν ἱστορούντων οἱ πλάττοντες τὰς πράξεις ὑστεροῦσιν, ὅσον ἀπολείπονται τῶν πραττόντων οἱ λέγοντες.</p> </div>
        <div type="textpart" subtype="section" n="5"><p rend="indent">Ἐπικῆς <note resp="ed" place="unspecified" anchored="true" xml:lang="eng"><foreign xml:lang="grc">ἐπικῆς</foreign>Reiske: <foreign xml:lang="grc">τῆς</foreign>.</note> μὲν οὖν ποιήσεως ἡ πόλις οὐκ ἔσχηκεν ἔνδοξον δημιουργὸν οὐδὲ μελικῆς. ὁ γὰρ Κινησίας ἀργαλέος ἔοικε ποιητὴς γεγονέναι διθυράμβων· καὶ αὐτὸς μὲν ἄγονος καὶ ἀκλεὴς γέγονε, σκωπτόμενος σὲ καὶ χλευαζόμενος ὑπὸ τῶν κωμῳδιοποιῶν οὐκ εὐτυχοῦς δόξης μετέσθηκε. τῶν δὲ δραματοποιῶν τὴν μὲν κωμῳδιοποιίαν οὕτως ἄσεμνον ἡγοῦντο καὶ φορτικόν, ὥστε νόμος ἦν μηδένα ποιεῖν κωμῳδίας Ἀρεοπαγίτην. ἤνθησε δʼ ἡ <milestone unit="stephpage" xml:id="stephpage-348c" n="348c"/> τραγῳδία καὶ διεβοήθη, θαυμαστὸν ἀκρόαμα καὶ θέαμα τῶν τότʼ ἀνθρώπων γενομένη καὶ παρασχοῦσα τοῖς μύθοις καὶ τοῖς πάθεσιν ἀπάτην, ὡς Γοργίας φησίν, ἣν <note resp="ed" place="unspecified" anchored="true" xml:lang="eng"><foreign xml:lang="grc">ἣν</foreign>Stephanus: <foreign xml:lang="grc">ἧν</foreign>.</note> ὃ τʼ ἀπατήσας δικαιότερος τοῦ μὴ ἀπατήσαντος, καὶ ὁ ἀπατηθεὶς σοφώτερος τοῦ μὴ ἀπατηθέντος. ὁ μὲν γὰρ ἀπατήσας δικαιότερος, ὅτι τοῦθʼ ὑποσχόμενος πεποίηκεν· ὁ δʼ ἀπατηθεὶς σοφώτερος· εὐάλωτον γὰρ ὑφʼ ἡδονῆς λόγων τὸ μὴ ἀναίσθητον. </p><p rend="indent">τίνʼ οὖν αἱ καλαὶ τραγῳδίαι ταῖς Ἀθήναις ὄνησιν ἤνεγκαν ὡς ἡ Θεμιστοκλέους δεινότης ἐτείχισε τὴν <pb xml:id="v.4.p.510"/> πόλιν, ὡς ἡ Περικλέους ἐπιμέλεια τὴν ἄκραν <note resp="ed" place="unspecified" anchored="true" xml:lang="eng"><foreign xml:lang="grc">ἄκραν] ἀκρόπολιν</foreign>Cobet.</note> <milestone unit="stephpage" xml:id="stephpage-348d" n="348d"/> ἐκόσμησεν, ὡς Μιλτιάδης ἠλευθέρωσεν, ὡς Κίμων προῆγεν εἰς τὴν ἡγεμονίαν; εἰ οὕτως ἡ Εὐριπίδου σοφία καὶ ἡ Σοφοκλέους λογιότης καὶ τὸ Αἰσχύλου στόμα τι τῶν δυσχερῶν ἀπήλλαξεν ἤ τι τῶν λαμπρῶν περιεποίησεν, ἄξιόν γε τὰ δράματα τοῖς τροπαίοις ἀντιπαραθεῖναι καὶ τῷ στρατηγίῳ τὸ θέατρον ἀνταναστῆσαι καὶ ταῖς ἀριστείαις τὰς διδασκαλίας ἀντιπαραβαλεῖν.</p> </div>
        <div type="textpart" subtype="section" n="6"><p rend="indent">βούλεσθε τοὺς ἄνδρας εἰσάγωμεν αὐτοὺς τὰ σύμβολα καὶ τὰ παράσημα τῶν ἔργων κομίζοντας, ἰδίαν ἑκατέρῳ πάροδον ἀποδόντες; ἔνθεν μὲν δὴ προσίτωσαν ὑπʼ αὐλοῖς καὶ λύραις ποιηταὶ λέγοντες καὶ ᾄδοντες, <quote rend="blockquote"> <l>εὐφημεῖν χρὴ κἀξίστασθαι τοῖς ἡμετέροισι χοροῖσιν <note resp="ed" place="unspecified" anchored="true" xml:lang="eng"><foreign xml:lang="grc">χοροῖσιν</foreign>Turnebus from Aristophanes (not in MSS. of Plutarch).</note> </l> <l> ὅστις ἄπειρος τοιῶνδε λόγων ἢ γνώμην <note resp="ed" place="unspecified" anchored="true" xml:lang="eng"><foreign>γνώμην</foreign>(or <foreign xml:lang="grc">γνώμῃ</foreign>) Aristophanes and 349 B, <foreign xml:lang="lat">infra</foreign>: <foreign xml:lang="grc">γλώσσῃ</foreign>.</note> μὴ καθαρεύει, </l> <l>ἢ γενναίων ὄργια Μουσῶν μήτʼ ᾖσεν <note resp="ed" place="unspecified" anchored="true" xml:lang="eng"><foreign xml:lang="grc">ᾖσεν] εἶδεν</foreign>Aristophanes.</note> μήτʼ ἐχόρευσε, </l> <l> μηδὲ Κρατίνου τοῦ ταυροφάγου γλώττης βακχεῖʼ ἐτελέσθη,</l> </quote> καὶ σκευὰς καὶ προσωπεῖα καὶ βωμοὺς καὶ μηχανὰς ἀπὸ σκηνῆς καὶ <note resp="ed" place="unspecified" anchored="true" xml:lang="eng"><foreign xml:lang="grc">καὶ</foreign>added by Pantazides.</note> περιάκτους καὶ τρίποδας ἐπινικίους κομίζοντες <note resp="ed" place="unspecified" anchored="true" xml:lang="eng"><foreign xml:lang="grc">κομίζοντες] κομίζοντας</foreign>all MSS. but one.</note> τραγικοὶ <note resp="ed" place="unspecified" anchored="true" xml:lang="eng"><foreign xml:lang="grc">τραγικοὶ</foreign>Meziriacus: <foreign xml:lang="grc">τράγοι</foreign>.</note> δʼ αὐτοῖς ὑποκριταὶ καὶ Νικόστρατοι καὶ Καλλιππίδαι καὶ Μυννίσκοι <note resp="ed" place="unspecified" anchored="true" xml:lang="eng"><foreign xml:lang="grc">Μυννίσκοι</foreign><title rend="title">I.G.</title>ii² 2318. 199 (<foreign xml:lang="lat">cf.</foreign>Aristotle, <title rend="italic">Poetics</title>, xxvi. (1461 v 34)): <foreign xml:lang="grc">μηνίσκοι</foreign>.</note> <pb xml:id="v.4.p.512"/> καὶ Θεόδωροι καὶ Πῶλοι <note resp="ed" place="unspecified" anchored="true" xml:lang="eng"><foreign xml:lang="grc">Πῶλοι</foreign>Stephanus: <foreign xml:lang="grc">πολλοὶ</foreign>.</note> συνίτωσαν, ὥσπερ γυναικὸς πολυτελοῦς τῆς τραγῳδίας κομμωταὶ καὶ διφροφόροι, μᾶλλον δʼ ὡς ἀγαλμάτων ἐγκαυσταὶ <note resp="ed" place="unspecified" anchored="true" xml:lang="eng"><foreign xml:lang="grc">ἐγκαυταὶ</foreign>Hatzidakis: <foreign xml:lang="grc">ἐγκαυσταί</foreign>.</note> καὶ <milestone unit="stephpage" xml:id="stephpage-348f" n="348f"/> χρυσωταὶ καὶ βαφεῖς παρακολουθοῦντες· σκευῶν δὲ καὶ προσώπων καὶ ξυστίδων ἁλουργῶν καὶ μηχανῶν ἀπὸ σκηνῆς καὶ χοροποιῶν καὶ δορυφόρων δυσπραγμάτευτος λαὸς καὶ χορηγία πολυτελὴς παρασκευαζέσθω. πρὸς ἃ Λάκων ἀνὴρ ἀποβλέψας οὐ κακῶς εἶπεν ὡς ἁμαρτάνουσιν Ἀθηναῖοι μεγάλα τὴν σπουδὴν εἰς τὴν παιδιὰν καταναλίσκοντες, τουτέστι μεγάλων ἀποστόλων δαπάνας καὶ στρατευμάτων ἐφόδια καταχορηγοῦντες εἰς τὸ θέατρον. <milestone unit="stephpage" xml:id="stephpage-349a" n="349a"/> ἂν γὰρ ἐκλογισθῇ τῶν δραμάτων ἕκαστον ὅσου κατέστη, πλέον ἀνηλωκὼς φανεῖται ὁ δῆμος εἰς Βάκχας καὶ Φοινίσσας καὶ Οἰδίποδας καὶ Ἀντιγόνας <note resp="ed" place="unspecified" anchored="true" xml:lang="eng"><foreign xml:lang="grc">Ἀντιγόνας</foreign>Helmbold: <foreign xml:lang="grc">ἀντιγόνην</foreign>.</note> καὶ τὰ Μηδείας κακὰ καὶ Ἠλέκτρας, ὧν ὑπὲρ τῆς ἡγεμονίας καὶ τῆς ἐλευθερίας πολεμῶν τοὺς βαρβάρους <note resp="ed" place="unspecified" anchored="true" xml:lang="eng"><foreign xml:lang="grc">τοὺς βαρβάρους] τοῖς βαρβάροις</foreign>Meziriacus, but see Wyttenbach’s note.</note> ἀνάλωσεν. οἱ μὲν γὰρ στρατηγοὶ πολλάκις παραγγείλαντες ἄπυρα σιτία κομίζειν ἐξῆγον ἐπὶ τὰς μάχας τοὺς ἄνδρας· καὶ νὴ Δίʼ οἱ τριήραρχοι τοῖς ἐλαύνουσιν ἄλφιτα παρασκευάσαντες, τοῖς δὲ κρόμμυα καὶ <note resp="ed" place="unspecified" anchored="true" xml:lang="eng"><foreign xml:lang="grc">καὶ</foreign>added by Turnebus.</note> τυρόν, ἐνεβίβαζον εἰς τὰς τριήρεις· οἱ δὲ χορηγοὶ τοῖς χορευταῖς ἐγχέλεια καὶ θριδάκια καὶ σκελίδας <note resp="ed" place="unspecified" anchored="true" xml:lang="eng"><foreign xml:lang="grc">σκελίδας</foreign>Reiske: <foreign xml:lang="grc">σκελλίδας</foreign>.</note> καὶ μυελὸν παρατιθέντες, εὐώχουν ἐπὶ πολὺν χρόνον φωνασκουμένους καὶ <milestone unit="stephpage" xml:id="stephpage-349b" n="349b"/> τρυφῶντας. καὶ τούτων τοῖς μὲν ἡττηθεῖσι περιῆν <pb xml:id="v.4.p.514"/> προσυβρίσθαι καὶ γεγονέναι καταγελάστους· τοῖς δὲ νικήσασιν τρίπους <note resp="ed" place="unspecified" anchored="true" xml:lang="eng"><foreign xml:lang="grc">τρίπους</foreign>E. Capps: <foreign xml:lang="grc">οὐ τρίπους</foreign>.</note> ὑπῆρχεν, οὐκ ἀνάθημα τῆς νίκης, ὡς Δημήτριός φησιν, ἀλλʼ ἐπίσπεισμα τῶν ἐκκεχυμένων βίων <note resp="ed" place="unspecified" anchored="true" xml:lang="eng"><foreign xml:lang="grc">ἐπίσπεισμα τῶν ἐκκεχυμένων βίων</foreign> Reiske: <foreign xml:lang="grc">ἐπὶ πεισμάτων ἐκκεχυμένον βίον</foreign>.</note> καὶ τῶν ἐκλελοιπότων κενοτάφιον οἴκων. <note resp="ed" place="unspecified" anchored="true" xml:lang="eng"><foreign xml:lang="grc">οἵκων</foreign>Reiske: <foreign xml:lang="grc">οἷκον</foreign>.</note> τοιαῦτα γὰρ τὰ ποιητικῆς τέλη καὶ λαμπρότερον οὐδὲν ἐξ αὐτῶν.</p> </div>
        <div type="textpart" subtype="section" n="7"><p rend="indent">τοὺς δὲ στρατηγοὺς αὖ πάλιν ἐνθένδε παριόντας σκοπῶμεν, ὧν παρερχομένων ὡς ἀληθῶς <q>εὐφημεῖν χρὴ κἀξίστασθαι</q> τοὺς ἀπράκτους καὶ ἀπολιτεύτους καὶ ἀστρατεύτους, <q>ὅστις</q> ἄτολμος <note resp="ed" place="unspecified" anchored="true" xml:lang="eng"><foreign xml:lang="grc">ἄτολμος</foreign>Turnebus:<foreign xml:lang="grc">εὐτόλμως</foreign>.</note> πρὸς ἔργα τοιαῦτα <q>καὶ γνώμῃν <note resp="ed" place="unspecified" anchored="true" xml:lang="eng"><foreign xml:lang="grc">γνώμην</foreign>probably the preferable reading in Aristophanes: <foreign xml:lang="grc">γνώμῃ</foreign>.</note> μὴ καθαρεύει,</q> <milestone unit="stephpage" xml:id="stephpage-349c" n="349c"/> μηδὲ Μιλτιάδου τοῦ μηδοφόνου μηδὲ τοῦ περσοκτόνου Θεμιστοκλέους χειρὸς <q>βακχεῖʼ ἐτελέσθη.</q> Ἀρήιος ὁ κῶμος οὗτος ἐκ γῆς ἅμα φάλαγξι καὶ στόλοις ἐκ θαλάττης καὶ μεμειγμένοις <note resp="ed" place="unspecified" anchored="true" xml:lang="eng"><foreign xml:lang="grc">μεμειγμένοις] ᾑμαγμένοις</foreign> Reiske.</note> σκύλοις καὶ τροπαίοις βεβριθώς. <quote rend="blockquote"> <l>κλῦθʼ <note resp="ed" place="unspecified" anchored="true" xml:lang="eng"><foreign xml:lang="grc">κλῦθ᾽</foreign>483 D: <foreign xml:lang="grc">κλῦθι</foreign>.</note> Ἀλαλά, <note resp="ed" place="unspecified" anchored="true" xml:lang="eng"><foreign xml:lang="grc">Ἀλαλὰ</foreign>Xylander from 483 D: <foreign xml:lang="grc">ἄννα <gap reason="lost" rend="..."/> γὼ</foreign>.</note> Πολέμου θύγατερ, </l> <l>ἐγχέων προοίμιον, ᾇ θύεται <note resp="ed" place="unspecified" anchored="true" xml:lang="eng"><foreign xml:lang="grc">ᾇ θύεται</foreign>Haupt from scholium on Aesch. <title rend="italic">Pers.</title> 49: <foreign xml:lang="grc">ἀμφύετε</foreign>.</note> </l> <l>ἄνδρες τὸν ἱρόθυτον <note resp="ed" place="unspecified" anchored="true" xml:lang="eng"><foreign xml:lang="grc">ἱρόθυτον</foreign>Haupt: <foreign xml:lang="grc">ἱερόθυτον</foreign>.</note> θάνατον,</l> </quote> ὡς ὁ Θηβαῖος Ἐπαμεινώνδας εἶπεν, ὑπὲρ πατρίδος καὶ τάφων καὶ ἱερῶν ἐπιδιδόντες ἑαυτοὺς τοῖς καλλίστοις καὶ λαμπροτάτοις ἀγῶσιν. ὧν τὰς Νίκας ὁρᾶν μοι δοκῶ προσερχομένας, οὐ βοῦν <pb xml:id="v.4.p.516"/> ἔπαθλον ἑλκούσας ἢ τράγον, οὐδʼ ἀνεστεμμένας κιττῷ καὶ Διονυσιακῆς τρυγὸς ὀδωδυίας; ἀλλʼ ὅλαι μὲν πόλεις αὐτῶν εἰσι καὶ νῆσοι καὶ ἤπειροι, καὶ <milestone unit="stephpage" xml:id="stephpage-349d" n="349d"/> ναοὶ χιλιοτάλαντοι <note resp="ed" place="unspecified" anchored="true" xml:lang="eng"><foreign xml:lang="grc">ναοὶ χιλιοτάλαντοι</foreign>Bryan: <foreign xml:lang="grc">νηχοτάλαντοι</foreign>. <title rend="italic"> Cf. Life of Pericles</title>, chap. xii.</note> καὶ δήμων ἀποικισμοὶ μυρίανδροι, τροπαίοις δὲ παντοδαποῖς ἀναστέφονται <note resp="ed" place="unspecified" anchored="true" xml:lang="eng"><foreign xml:lang="grc">ἀναστέφονται] ἀναστρέφονται</foreign>most MSS.</note> καὶ λαφύροις· ὧν ἀγάλματα καὶ σύμβολα παρθενῶνες ἑκατόμπεδοι, νότια τείχη, νεώσοικοι, <note resp="ed" place="unspecified" anchored="true" xml:lang="eng"><foreign xml:lang="grc">νεώσοικοι</foreign>Meziriacus: <foreign xml:lang="grc">νεῶν οἶκοι</foreign>.</note> προπύλαια, Χερρόνησος, Ἀμφίπολις. Μαραθὼν τὴν Μιλτιάδου Νίκην προπέμπει, καὶ Σαλαμὶς τὴν Θεμιστοκλέους, χιλίων σκαφῶν ναυαγίοις ἐπιβεβηκυῖαν. φέρει δʼ ἡ μὲν Κίμωνος τριήρεις ἑκατὸν Φοινίσσας ἀπʼ Εὐρυμέδοντος, ἡ δὲ Δημοσθένους καὶ Κλέωνος ἀπὸ Σφακτηρίας τὴν Βρασίδου ἀσπίδʼ αἰχμάλωτον καὶ δεδεμένους Σπαρτιάτας. <note resp="ed" place="unspecified" anchored="true" xml:lang="eng"><foreign xml:lang="grc">στρατιώτας] Σπαρτιάτας</foreign>Wyttenbach</note> τειχίζει δὲ τὴν πόλιν ἡ Κόνωνος, ἡ δὲ Θρασυβούλου κατάγει τὸν δῆμον ἀπὸ <milestone unit="stephpage" xml:id="stephpage-349e" n="349e"/>φυλῆς ἐλεύθερον, αἱ <note resp="ed" place="unspecified" anchored="true" xml:lang="eng">αἱ<foreign xml:lang="grc"></foreign>Meziriacus: <foreign xml:lang="grc">ἡ</foreign>or <foreign xml:lang="grc">οἱ</foreign>.</note> δὲ Ἀλκιβιάδου περὶ Σικελίαν ὀλισθοῦσαν τὴν πόλιν ἐγείρουσιν· ἐκ δὲ τῶν Νείλεω <note resp="ed" place="unspecified" anchored="true" xml:lang="eng"><foreign xml:lang="grc">Νείλεω</foreign>(<foreign xml:lang="lat">cf</foreign>. 253 F and 603 B) Hatzidakis: <foreign xml:lang="grc">Νειλέου</foreign>.</note> καὶ Ἀνδρόκλου περὶ Λυδίαν καὶ Καρίαν ἀγώνων Ἰωνίαν ἀνισταμένην <note resp="ed" place="unspecified" anchored="true" xml:lang="eng"><foreign xml:lang="grc">ἀνισταμένην] συνισταμένην</foreign>Madvig.</note> ἐπεῖδεν ἡ Ἑλλάς. τῶν δʼ ἄλλων ἑκάστης ἂν πύθῃ τί τῇ πόλει γέγονεν ἐξ αὐτῆς ἀγαθόν, ἡ μὲν ἐρεῖ Λέσβον, ἡ δὲ Σάμον, ἡ δὲ Κύπρον, ἡ δὲ Πόντον Εὔξεινον, ἡ δὲ πεντακοσίας τριήρεις, ἡ δὲ μυρία τάλαντα, προῖκα τῆς δόξης καὶ τῶν τροπαίων. ταῦθʼ ἡ πόλις ἑορτάζει καὶ ὑπὲρ <pb xml:id="v.4.p.518"/> τούτων θύει τοῖς θεοῖς, οὐκ ἐπὶ ταῖς Αἰσχύλου νίκαις ἢ Σοφοκλέους· οὐδʼ ὅτε Καρκίνος Ἀερόπῃ εὐτύχει <note resp="ed" place="unspecified" anchored="true" xml:lang="eng"><foreign xml:lang="grc">εὐτύχει</foreign>F.C.B.; <foreign xml:lang="grc">περιῆν</foreign>Emperius; <foreign xml:lang="grc">ἐνίκα</foreign>H. Valesius; <foreign xml:lang="grc">εὐημέρει</foreign>Porson and Wyttenbach: <foreign xml:lang="grc">συνῆν</foreign>.</note> ἢ Ἕκτορι Ἀστυδάμας, ἀλλʼ ἕκτῃ μὲν ἱσταμένου <note resp="ed" place="unspecified" anchored="true" xml:lang="eng"><foreign xml:lang="grc">ἱσταμένου] ἱσταμένη</foreign>most MSS.</note> Βοηδρομιῶνος ἐσέτι νῦν τὴν ἐν Μαραθῶνι νίκην ἡ πόλις ἑορτάζει· ἕκτῃ δʼ ἐπὶ δέκα <milestone unit="stephpage" xml:id="stephpage-349f" n="349f"/> τοῦ <note resp="ed" place="unspecified" anchored="true" xml:lang="eng"><foreign xml:lang="grc">ἐπὶ δέκα τοῦ [αὐτοῦ]</foreign>added by Xylander from the <title rend="italic">Life of Phocion</title>, chap. vi.</note> μηνὸς οἰνοχοεῖται τῆς Χαβρίου περὶ Νάξον ἐπινίκια ναυμαχίας· τῇ δὲ δωδεκάτῃ χαριστήρια ἔθυον ἐλευθερίας· ἐν ἐκείνῃ γὰρ οἱ ἀπὸ Φυλῆς κατῆλθον. τρίτῃ δʼ ἱσταμένου τὴν ἐν Πλαταιαῖς μάχην ἐνίκων. τὴν δὲ ἕκτην ἐπὶ δέκα τοῦ Μουνιχιῶνος Ἀρτέμιδι καθιέρωσαν, ἐν ᾗ τοῖς Ἕλλησι περὶ Σαλαμῖνα νικῶσιν ἐπέλαμψεν ἡ θεὸς πανσέληνος<milestone unit="stephpage" xml:id="stephpage-350a" n="350a"/>. τὴν δὲ δωδεκάτην τοῦ Σκιρροφοριῶνος ἱερωτέραν ἐποίησεν ὁ Μαντινειακὸς ἀγών, ἀπὸ τῶν ἄλλων συμμάχων ἐκβιασθέντων καὶ τραπέντων, μόνοι τὸ καθʼ ἑαυτοὺς νικήσαντες ἔστησαν τρόπαιον ἀπὸ τῶν νικώντων πολεμίων. ταῦτα τὴν πόλιν ᾖρεν <note resp="ed" place="unspecified" anchored="true" xml:lang="eng"><foreign xml:lang="grc">ἦρεν</foreign>S.A. Naber: <foreign xml:lang="grc">ἤγειρεν</foreign>.</note> εἰς δόξαν, ταῦτα εἰς μέγεθος· ἐπὶ <note resp="ed" place="unspecified" anchored="true" xml:lang="eng"><foreign xml:lang="grc">ἐπὶ</foreign>Emperius: <foreign xml:lang="grc">ἐν</foreign>.</note> τούτοις Πίνδαρος <quote rend="blockquote">ἔρεισμα τῆς Ἑλλάδος</quote> προσεῖπε τὰς Ἀθήνας, οὐχ ὅτι ταῖς Φρυνίχου <pb xml:id="v.4.p.520"/> τραγῳδίαις καὶ Θέσπιδος ὤρθουν <note resp="ed" place="unspecified" anchored="true" xml:lang="eng"><foreign xml:lang="grc">ὤρθουν</foreign>Reiske: <foreign xml:lang="grc">ὤρθου</foreign>.</note> τοὺς Ἕλληνας, ἀλλʼ ὅτι πρῶτον, ὥς φησιν αὐτός, ἐπʼ Ἀρτεμισίῳ <quote rend="blockquote">παῖδες Ἀθαναίων <note resp="ed" place="unspecified" anchored="true" xml:lang="eng"><foreign xml:lang="grc">Ἀθαναίων</foreign>Boeckh: <foreign xml:lang="grc">ἀθηναίων</foreign>.</note> ἐβάλοντο φαεννὰν <note resp="ed" place="unspecified" anchored="true" xml:lang="eng"><foreign xml:lang="grc">φαεννὰν</foreign><title rend="italic">Life of Themistocles</title>, chap. viii.: <foreign xml:lang="grc">φαεινὴν</foreign>.</note> κρηπῖδʼ ἐλευθερίας· </quote> <milestone unit="stephpage" xml:id="stephpage-350b" n="350b"/>ἐπί τε Σαλαμῖνι καὶ Μυκάλῃ καὶ Πλαταιαῖς ὥσπερ ἀδαμαντίνοις <note resp="ed" place="unspecified" anchored="true" xml:lang="eng"><foreign xml:lang="grc">ἀδαμαντίνως</foreign>E. Harrison, <foreign xml:lang="lat">cf.</foreign>Plato, <title rend="italic">Republic</title>, 618 E (-<foreign xml:lang="grc">οις ἅλοις</foreign>Hartung; <foreign xml:lang="grc">κίοσι</foreign>Schroeder; <foreign xml:lang="grc">στήλαις</foreign>van Herwerden): <foreign xml:lang="grc">ἀδαμάντινοι</foreign>.</note> στηρίξαντες τὴν ἐλευθερίαν τῆς Ἑλλάδος παρέδοσαν τοῖς ἄλλοις ἀνθρώποις.</p> </div>
        <div type="textpart" subtype="section" n="8"><p rend="indent">ἀλλὰ νὴ Δία παιδιὰ τὰ τῶν ποιητῶν οἱ δὲ ῥήτορες ἔχουσί τι παραβαλλόμενοι πρὸς τοὺς στρατηγούς, ἐξ ὧν εἰκότως <note resp="ed" place="unspecified" anchored="true" xml:lang="eng"><foreign xml:lang="grc">εἶκότως</foreign>Madvig: <foreign xml:lang="grc">εἰκὸς ὡς (ὡς εἰκὸς ἐξ ὧν</foreign>Emperius; <foreign xml:lang="grc">εἰκός, ὡς δῆλον ἐξ ὧν</foreign>Pohlenz).</note> Αἰσχίνης σκώπτων τὸν Δημοσθένην λέγειν φησὶν ὅτι γράψεται <note resp="ed" place="unspecified" anchored="true" xml:lang="eng"><foreign>γράψεται</foreign>Pohlenz from Aeschines, <title rend="italic">Adv. Ctesiph.</title>146: <foreign xml:lang="grc">γράφεται</foreign>.</note> τῷ βήματι διαδικασίαν πρὸς τὸ στρατήγιον. <note resp="ed" place="unspecified" anchored="true" xml:lang="eng"><foreign xml:lang="grc">τὸ στρατήγιον</foreign>Reiske: <foreign xml:lang="grc">τὴν στρατηγίαν</foreign>.</note> ἆρʼ οὖν ἄξιον προκρῖναι τὸν Ὑπερείδου Πλαταϊκὸν τῆς Ἀριστείδου Πλαταιᾶσι <note resp="ed" place="unspecified" anchored="true" xml:lang="eng"><foreign xml:lang="grc">Πλαταιᾶσι</foreign>Cobet: <foreign xml:lang="grc">παραγγελίας</foreign>.</note> νίκης; ἢ τὸν Λυσίου κατὰ τῶν τριάκοντα τῆς Θρασυβούλου καὶ Ἀρχίνου <note resp="ed" place="unspecified" anchored="true" xml:lang="eng"><foreign xml:lang="grc">Ἀρχίνου</foreign>Reiske: <foreign xml:lang="grc">ἀρχίου</foreign>.</note> τυραννοκτονίας; ἢ τὸν Αἰσχίνου κατὰ Τιμάρχου <milestone unit="stephpage" xml:id="stephpage-350c" n="350c"/> ἑταιρήσεως τῆς Φωκίωνος εἰς Βυζάντιον βοηθείας, διʼ ἧς ἐκώλυσε τοὺς τῶν συμμάχων υἱοὺς ἐνύβρισμά τε καὶ παροίνημα γενέσθαι Μακεδόνων; ἢ τοῖς κοινοῖς <note resp="ed" place="unspecified" anchored="true" xml:lang="eng"><foreign xml:lang="grc">κοινοῖς] Κόνωνος</foreign>Madvig; <foreign xml:lang="grc">Κονωνείοις</foreign>Bernardakis.</note> στεφάνοις, οὓς τὴν Ἑλλάδα ἐλευθερώσας <pb xml:id="v.4.p.522"/> ἔλαβεν ὁ δῆμος, <note resp="ed" place="unspecified" anchored="true" xml:lang="eng"><foreign xml:lang="grc">ὁ δῆμος</foreign>, added by Helmbold, may have become absorbed in <foreign xml:lang="grc">Δημοσ-θένης</foreign>.</note> τὸν Δημοσθένους περὶ τοῦ στεφάνου παραβάλωμεν, ἐν ᾧ τοῦτο λαμπρότατον καὶ λογιώτατον ὁ ῥήτωρ πεποίηκεν, ὀμόσας τοὺς ἐν Μαραθῶνι προκινδυνεύσαντας τῶν προγόνων, οὐ <note resp="ed" place="unspecified" anchored="true" xml:lang="eng"><foreign xml:lang="grc">οὐ</foreign>Stephanus: <foreign xml:lang="grc">ἢ</foreign>.</note> τοὺς ἐν ταῖς σχολαῖς τὰ μειράκια προδιδάσκοντας. </p><p rend="indent">ἐφʼ οἷς οὐ <note resp="ed" place="unspecified" anchored="true" xml:lang="eng"><foreign xml:lang="grc">οὺ</foreign>added by Stephanus.</note> τοὺς Ἰσοκράτεις καὶ Ἀντιφῶντας καὶ Ἰσαίους, ἀλλὰ τούτους ἡ πόλις δημοσίαις ταφαῖς ἔθαψεν, ὑποδεξαμένη τὰ λείψανα τῶν <milestone unit="stephpage" xml:id="stephpage-350d" n="350d"/> σωμάτων, καὶ τούτους ἀπεθέωσε τοῖς ὅρκοις <note resp="ed" place="unspecified" anchored="true" xml:lang="eng"><foreign xml:lang="grc">τοῖς ὅρκοις</foreign>Meziriacus: <foreign xml:lang="grc">τοὺς ὅρκους</foreign>.</note> ὁ ῥήτωρ ὀμνύων οὓς οὐκ ἐμιμεῖτο. Ἰσοκράτης δὲ τοὺς ἐν Μαραθῶνι προκινδυνεύσαντας ὥσπερ ἀλλοτρίαις ψυχαῖς φήσας ἐναγωνίσασθαι καὶ καθυμνήσας τὴν τόλμαν αὐτῶν καὶ τὴν ὑπεροψίαν τοῦ ζῆν, αὐτός, ὥς φασιν, ἤδη γέρων γεγονὼς πρὸς τὸν πυθόμενον πῶς διάγει, <q>οὕτως,</q> εἶπεν, <q>ὡς ἄνθρωπος ὑπὲρ ἐνενήκοντα ἔτη γεγονὼς καὶ μέγιστον ἡγούμενος τῶν κακῶν τὸν θάνατον.</q> οὐ γὰρ ἀκονῶν ξίφος οὐδὲ λόγχην χαράττων οὐδὲ λαμπρύνων κράνος οὐδὲ στρατευόμενος οὐδʼ ἐρέττων, ἀλλʼ ἀντίθετα καὶ πάρισα καὶ ὁμοιόπτωτα κολλῶν καὶ συντιθείς, μονονοὺ κολαπτῆρσι καὶ <milestone unit="stephpage" xml:id="stephpage-350e" n="350e"/> ξυστῆρσι τὰς περιόδους ἀπολεαίνων καὶ ῥυθμίζων ἐγήρασε. πῶς οὖν οὐκ ἔμελλεν ἄνθρωπος ψόφον ὅπλων φοβεῖσθαι καὶ σύρρηγμα φαλάγγων <note resp="ed" place="unspecified" anchored="true" xml:lang="eng"><foreign xml:lang="grc">φαλάγγων</foreign>Abresch: <foreign xml:lang="grc">φάλαγγος</foreign>.</note> ὁ φοβούμενος φωνῆεν φωνήεντι συγκροῦσαι καὶ συλλαβῇ τὸ <pb xml:id="v.4.p.524"/> ἰσόκωλον ἐνδεὲς ἐξενεγκεῖν; Μιλτιάδης μὲν γὰρ ἄρας <note resp="ed" place="unspecified" anchored="true" xml:lang="eng"><foreign xml:lang="grc">ἄρας</foreign>Emperius: <foreign xml:lang="grc">αὐτὸς</foreign>.</note> ἐς Μαραθῶνα τῇ ὑστεραίᾳ τὴν μάχην συνάψας ἧκεν εἰς ἄστυ μετὰ τῆς στρατιᾶς νενικηκώς, καὶ Περικλῆς ἐννέα μησὶ Σαμίους καταστρεψάμενος ἐφρόνει τοῦ Ἀγαμέμνονος μεῖζον ἔτει δεκάτῳ τὴν Τροίαν ἑλόντος· Ἰσοκράτης δὲ μικροῦ τρεῖς ὀλυμπιάδας ἀνήλωσεν, ἵνα γράψῃ τὸν πανηγυρικὸν λόγον, οὐ στρατευσάμενος ἐν τούτοις τοῖς χρόνοις <milestone unit="stephpage" xml:id="stephpage-350f" n="350f"/> οὐδὲ πρεσβεύσας οὐδὲ πόλιν κτίσας οὐδὲ ναύαρχος ἐκπεμφθείς, καίτοι μυρίους τοῦ τότε χρόνου πολέμους ἐνέγκαντος· ἀλλʼ ἐν ᾧ Τιμόθεος Εὔβοιαν ἠλευθέρου καὶ Χαβρίας περὶ Νάξον ἐναυμάχει καὶ περὶ Λέχαιον Ἰφικράτης κατέκοπτε τὴν Λακεδαιμονίων μόραν, <note resp="ed" place="unspecified" anchored="true" xml:lang="eng"><foreign xml:lang="grc">μόραν</foreign>Meziriacus: <foreign xml:lang="grc">μοῖραν</foreign>.</note> καὶ πᾶσαν ἐλευθερώσας πόλιν ὁ <milestone unit="stephpage" xml:id="stephpage-351a" n="351a"/> δῆμος ἰσόψηφον αὐτοῖς <note resp="ed" place="unspecified" anchored="true" xml:lang="eng"><foreign xml:lang="grc">αὑτοῖς</foreign>Helmbold: <foreign xml:lang="grc">αὐτοῖς</foreign>.</note> τὴν Ἑλλάδα κατέστησεν, οἴκοι καθῆστο βιβλίον ἀναπλάττων τοῖς ὀνόμασιν, ὅσῳ χρόνῳ τὰ προπύλαια Περικλῆς ἀνέστησε καὶ τοὺς ἑκατομπέδους. καίτοι καὶ τοῦτον ὡς βραδέως ἀνύοντα τοῖς ἔργοις ἐπισκώπτων Κρατῖνος οὕτω πως λέγει περὶ τοῦ διὰ μέσου <note resp="ed" place="unspecified" anchored="true" xml:lang="eng"><foreign xml:lang="grc">μέσου</foreign>Wyttenbach: <foreign xml:lang="grc">μέσον</foreign>.</note> τείχους, <quote rend="blockquote"> <l>λόγοισι γὰρ αὐτὸ <note resp="ed" place="unspecified" anchored="true" xml:lang="eng"><foreign xml:lang="grc">λόγοισι γὰρ αὐτὸ] πάλαι ηὰρ αὐτὸ λόγοισι</foreign><title rend="italic">Life of Pericles</title>, chap. xviii.; <foreign xml:lang="lat">cf.</foreign>Kock, i. p. 100. <foreign xml:lang="grc">αὐτὸ</foreign>Reiske: <foreign xml:lang="grc">αὐτὸν</foreign>.</note> προάγει Περικλέης, </l> <l>ἔργοισι δʼ οὐδὲ κινεῖ.</l> </quote> σκόπει δὲ σοφιστικὴν μικροφροσύνην, τὸ ἔνατον <pb xml:id="v.4.p.526"/> μέρος τοῦ βίου εἰς ἕνα λόγον καταναλίσκουσαν. ἀλλὰ δὴ μέγα <note resp="ed" place="unspecified" anchored="true" xml:lang="eng"><foreign xml:lang="grc">δὴ ,έγα</foreign>F.C.B.; <foreign xml:lang="grc">νὴ Δία</foreign> Madvig; <foreign xml:lang="grc">μὰ τὸν Δία</foreign>Wyttenbach: <foreign xml:lang="grc">δὴ μετὰ</foreign>.</note> τοὺς Δημοσθένους τοῦ ῥήτορος λόγους ἄξιόν ἐστι τοῖς τοῦ στρατηγοῦ ἔργοις <note resp="ed" place="unspecified" anchored="true" xml:lang="eng"><foreign xml:lang="grc">τοῖς τοῦ στρατηγοῦ ἔργοις</foreign>Wyttenbach: <foreign xml:lang="grc">τοῖς στρατηγοῖς</foreign>.</note> παραβάλλειν; τὸν κατὰ Κόνωνος αἰκίας <note resp="ed" place="unspecified" anchored="true" xml:lang="eng"><foreign xml:lang="grc">αἰκίας</foreign>Xylander: <foreign xml:lang="grc">ἀνοίας</foreign>.</note> τοῖς περὶ <milestone unit="stephpage" xml:id="stephpage-351b" n="351b"/>Πύλον τροπαίοις ἐκείνου <note resp="ed" place="unspecified" anchored="true" xml:lang="eng"><foreign xml:lang="grc">ἐκείνου</foreign>Leonicus: <foreign xml:lang="grc">ἔχειν</foreign>.</note> ; τὸν <note resp="ed" place="unspecified" anchored="true" xml:lang="eng"><foreign xml:lang="grc">τὸν</foreign>added by Papabasileios/</note> πρὸς Ἀρεθούσιον <note resp="ed" place="unspecified" anchored="true" xml:lang="eng"><foreign>Ἀρεθούσιον</foreign>Cobet: <foreign xml:lang="grc">ἀμαθούσιον</foreign>.</note> περὶ ἀνδραπόδων τοῖς ἐξανδραποδισθεῖσιν ὑπʼ ἐκείνου Σπαρτιάταις; ἢ ἡλικίᾳ <note resp="ed" place="unspecified" anchored="true" xml:lang="eng"><foreign xml:lang="grc">ἧ ἡλικίᾳ</foreign>F.C.B.: <foreign xml:lang="grc">ἢ ὅτι (ἢ ὃτι ὃτε τοὺς ἐπιτροπικοὺς ἒγραψε, τὴν ἡλικίαν ταύτην</foreign> Bernardakis: <foreign xml:lang="lat">alii alia)</foreign>.</note> τοὺς ἐπιτροπικοὺς <note resp="ed" place="unspecified" anchored="true" xml:lang="eng"><foreign xml:lang="grc">ἐπιτροπικοὺς</foreign>Bernardakis: <foreign xml:lang="grc">ἐποίκους</foreign>.</note> ἔγραψε, ταύτην Ἀλκιβιάδης ἔχων Μαντινεῖς καὶ Ἠλείους ἐπὶ τὴν Λακεδαίμονα συνέστησε. καὶ μὴν οἵ γε <note resp="ed" place="unspecified" anchored="true" xml:lang="eng"><foreign xml:lang="grc">γε</foreign>van Herwerden: <foreign xml:lang="grc">τε</foreign>.</note> δημόσιοι λόγοι τοῦτʼ ἔχουσι θαυμαστόν, ὅτι τοῖς Φιλιππικοῖς ἐπὶ πράξεις προτρέπεται καὶ τὴν Λεπτίνου πρᾶξιν ἐπαινεῖ.</p> </div>
    </div>
</body>
</text>
</TEI>
