<?xml version="1.0" encoding="UTF-8"?>
<ti:work xmlns:ti="http://chs.harvard.edu/xmlns/cts" groupUrn="urn:cts:greekLit:tlg0006" projid="greekLit:tlg005" urn="urn:cts:greekLit:tlg0006.tlg005" xml:lang="grc">
      
   <ti:title xml:lang="eng">Hippolytus</ti:title>
      
   <ti:translation urn="urn:cts:greekLit:tlg0006.tlg005.perseus-eng1" xml:lang="eng" workUrn="urn:cts:greekLit:tlg0006.tlg005">
        
      <ti:label xml:lang="eng">Hippolytus</ti:label>
        
       <ti:description xml:lang="eng">Euripides. Children of Heracles. Hippolytus. Andromache. Hecuba. Edited and translated by David Kovacs. Loeb Classical Library 484. Cambridge, MA: Harvard University Press, 1995.</ti:description>
        
      <ti:memberof collection="Perseus:collection:Greco-Roman-protected"/>
      
   </ti:translation>
    
    <ti:edition urn="urn:cts:greekLit:tlg0006.tlg005.perseus-grc1" xml:lang="grc" workUrn="urn:cts:greekLit:tlg0006.tlg005">
        
        <ti:label xml:lang="grc">Ἱππόλυτος</ti:label>
        
        <ti:description xml:lang="eng">Euripides. Children of Heracles. Hippolytus. Andromache. Hecuba. Edited and translated by David Kovacs. Loeb Classical Library 484. Cambridge, MA: Harvard University Press, 1995.</ti:description>
        
        <ti:memberof collection="Perseus:collection:Greco-Roman-protected"/>
        
    </ti:edition>
    
</ti:work>