<ti:work xmlns:ti="http://chs.harvard.edu/xmlns/cts" groupUrn="urn:cts:latinLit:phi0690" urn="urn:cts:latinLit:phi0690.phi003" xml:lang="lat">
    <ti:title xml:lang="eng">Aeneid</ti:title>
    <ti:edition urn="urn:cts:latinLit:phi0690.phi003.perseus-lat2" workUrn="urn:cts:latinLit:phi0690.phi003">
        <ti:label xml:lang="eng">Aeneid</ti:label>
        <ti:description xml:lang="eng">Virgil. (Vergil) The Bucolics, Aeneid, and
            Georgics Of Virgil. J. B. Greenough. Boston. Ginn &amp;amp; Co.
            1881.</ti:description>
        <ti:memberof collection="Perseus:collection:Greco-Roman" />
    </ti:edition>
    <ti:translation urn="urn:cts:latinLit:phi0690.phi003.perseus-eng2" workUrn="urn:cts:latinLit:phi0690.phi003" xml:lang="eng">
        <ti:label xml:lang="eng">Aeneid</ti:label>
        <ti:description xml:lang="eng">Vergil. Aeneid. John Dryden. trans.</ti:description>
        <ti:memberof collection="Perseus:collection:Greco-Roman-protected" />
  </ti:translation>
</ti:work>
