<?xml version="1.0" encoding="UTF-8"?>
<ti:work xmlns:ti="http://chs.harvard.edu/xmlns/cts" groupUrn="urn:cts:greekLit:tlg0007" projid="greekLit:tlg075" urn="urn:cts:greekLit:tlg0007.tlg075" xml:lang="grc">
    <ti:title xml:lang="lat">De virtute et vitio</ti:title>
    
    <ti:translation urn="urn:cts:greekLit:tlg0007.tlg075.perseus-eng3" workUrn="urn:cts:greekLit:tlg0007.tlg075" xml:lang="eng">
        <ti:label xml:lang="eng">Virtue and Vice</ti:label>
        <ti:description xml:lang="mul">Plutarch. Moralia, Vol. II. Babbitt, Frank Cole, translator. Cambridge, MA: Harvard University Press. London: William Heinemann Ltd. 1928 (printing).</ti:description>
    </ti:translation>
    
    <ti:translation urn="urn:cts:greekLit:tlg0007.tlg075.perseus-eng4" workUrn="urn:cts:greekLit:tlg0007.tlg075" xml:lang="eng">
        <ti:label xml:lang="eng">Of Virtue and Vice</ti:label>
        <ti:description xml:lang="eng">Plutarch. Plutarch's Morals, Vol. II. Goodwin, William W., editor; Baxter, William translator. Boston: Little, Brown, and Company. Cambridge. 1874.</ti:description>
    </ti:translation>
    
    <ti:edition urn="urn:cts:greekLit:tlg0007.tlg075.perseus-grc2" workUrn="urn:cts:greekLit:tlg0007.tlg075" xml:lang="grc">
        <ti:label xml:lang="grc">Περὶ ἀρετῆς καὶ κακιάς</ti:label>
        <ti:description xml:lang="mul">Plutarch. Plutarchi Chaeronensis Moralia, Vol I. Vernardakēs, Grēgorios N., editor.  Leipzig: Teubner. 1888.</ti:description>
    </ti:edition>
</ti:work>

