<ti:work xml:lang="lat" xmlns:ti="http://chs.harvard.edu/xmlns/cts" urn="urn:cts:latinLit:phi0474.phi050" groupUrn="urn:cts:latinLit:phi0474">
            <ti:title xml:lang="lat">de Natura Deorum</ti:title>
            <ti:edition urn="urn:cts:latinLit:phi0474.phi050.perseus-lat1" workUrn="urn:cts:latinLit:phi0474.phi050">
              <ti:label xml:lang="eng">de Natura Deorum, De natura deorum</ti:label>
              <ti:description xml:lang="eng">Cicero, Marcus Tullius, creator; Plasberg, Otto, 1869-1924, editor</ti:description>
            </ti:edition>
          </ti:work>
        