<?xml version="1.0" encoding="UTF-8"?>
<ti:work xmlns:ti="http://chs.harvard.edu/xmlns/cts" groupUrn="urn:cts:greekLit:tlg0007" projid="greekLit:tlg078" urn="urn:cts:greekLit:tlg0007.tlg078" xml:lang="grc">
    <ti:title xml:lang="lat">Conjugalia Praecepta</ti:title>
    
    <ti:translation urn="urn:cts:greekLit:tlg0007.tlg078.perseus-eng3" workUrn="urn:cts:greekLit:tlg0007.tlg078" xml:lang="eng">
        <ti:label xml:lang="eng">Advice to Bride and Groom</ti:label>
        <ti:description xml:lang="mul">Plutarch. Moralia, Vol. II. Babbitt, Frank Cole, translator. Cambridge, MA: Harvard University Press. London: William Heinemann Ltd. 1928 (printing).</ti:description>
    </ti:translation>
    
    <ti:translation urn="urn:cts:greekLit:tlg0007.tlg078.perseus-eng4" workUrn="urn:cts:greekLit:tlg0007.tlg078" xml:lang="eng">
        <ti:label xml:lang="eng">Conjugal Precepts</ti:label>
        <ti:description xml:lang="eng">Plutarch. Plutarch's Morals, Vol. II. Goodwin, William W., editor; Philips, John, translator. Boston: Little, Brown, and Company. Cambridge. 1874.</ti:description>
    </ti:translation>
    
    <ti:edition urn="urn:cts:greekLit:tlg0007.tlg078.perseus-grc2" workUrn="urn:cts:greekLit:tlg0007.tlg078" xml:lang="grc">
        <ti:label xml:lang="grc">Γαμικὰ παραγγέλματα</ti:label>
        <ti:description xml:lang="mul">Plutarch. Plutarchi Chaeronensis Moralia, Vol I. Vernardakēs, Grēgorios N., editor; 
            Leipzig: Teubner. 1888.</ti:description>
    </ti:edition>
</ti:work>

