<?xml version="1.0" encoding="UTF-8"?>
<?xml-model href="http://www.stoa.org/epidoc/schema/latest/tei-epidoc.rng"
schematypens="http://relaxng.org/ns/structure/1.0"?>
<TEI xmlns="http://www.tei-c.org/ns/1.0">
<teiHeader xml:lang="eng">
<fileDesc>
<titleStmt>
<title xml:lang="grc">Γαμικὰ παραγγέλματα</title>
<author>Plutarch</author>
<editor>Grēgorios N. Vernardakēs</editor>
<sponsor>Perseus Project, Tufts University</sponsor>
<principal>Gregory Crane</principal>
<respStmt>
<resp>Prepared under the supervision of</resp>
<name>Lisa Cerrato</name>
<name>Rashmi Singhal</name>
<name>Bridget Almas</name>
</respStmt>
<funder n="org:NEH">The National Endowment for the Humanities</funder>
</titleStmt>
<publicationStmt>
<publisher>Trustees of Tufts University</publisher>
<pubPlace>Medford, MA</pubPlace>
<authority>Perseus Project</authority>
<date type="release">2010-12-13</date>
</publicationStmt>
<sourceDesc>
<biblStruct>
<monogr>
<author>Plutarch</author>
<title xml:lang="lat">Moralia</title>
   <editor>Grēgorios N. Vernardakēs</editor>
<imprint>
<pubPlace>Leipzig</pubPlace>
<publisher>Teubner</publisher>
<date>1888</date>
</imprint>
<biblScope unit="volume">1</biblScope>
</monogr>
<ref target="https://archive.org/stream/moralia01plut#page/336/mode/2up">The Internet Archive</ref>
</biblStruct>
</sourceDesc>
</fileDesc>
<encodingDesc>
<editorialDecl>
   <quotation marks="none"/>
<correction method="silent">
<p>optical character recognition</p>
</correction>
</editorialDecl>
<p>The following text is encoded in accordance with EpiDoc standards and with the CTS/CITE Architecture</p>
<refsDecl n="CTS">
<!--<state unit="chapter" delim="."/>
<state unit="section"/>
</refsDecl>
<refsDecl doctype="TEI.2">
<state unit="stephpage" n="chunk"/>-->
<cRefPattern n="section" matchPattern="(\w+)" replacementPattern="#xpath(/tei:TEI/tei:text/tei:body/tei:div/tei:div[@n='$1'])">
<p>This pointer pattern extracts sections</p></cRefPattern>
</refsDecl>
</encodingDesc>
<profileDesc>
<langUsage>
<language ident="grc">Greek</language>
<language ident="eng">English</language>
<language ident="lat">Latin</language>
</langUsage>
</profileDesc>
<revisionDesc>
<change who="RS" when="2010-05">tagged and parsed</change>
<change who="Sophia Elzie" when="2019-06-25">EpiDoc and CTS Conversion</change>
</revisionDesc>
</teiHeader>
<text xml:lang="grc">
<body>

<div type="edition" xml:lang="grc" n="urn:cts:greekLit:tlg0007.tlg078.perseus-grc2"> <pb xml:id="v.1.p.337"/> 
<milestone unit="stephpage" xml:id="stephpage-138a" n="138a"/> 
<div type="textpart" subtype="section" n="0"> <p rend="indent">
<milestone unit="stephpage" xml:id="stephpage-138b" n="138b"/> μετὰ τὸν πάτριον θεσμόν, ὃν ὑμῖν ἡ τῆς Δήμητρος ἱέρεια συνειργνυμένοις ἐφήρμοσεν, οἶμαι καὶ τὸν λόγον ὁμοῦ συνεφαπτόμενον ὑμῶν καὶ συνυμεναιοῦντα χρήσιμον ἄν τι ποιῆσαι καὶ τῷ νόμῳ 
<milestone unit="tlnum" n="5"/> προσῳδόν. ἐν μὲν γὰρ τοῖς μουσικοῖς ἕνα τῶν αὐλητικῶν νόμων ἱππόθορον ἐκάλουν, μέλος; τι τοῖς · ἵπποις ὁρμῆς ἐπεγερτικὸν ὡς ἔοικεν ἐνδιδόντα <note resp="ed" place="unspecified" anchored="true" xml:lang="eng"> <foreign xml:lang="grc">ἐνδιδόντα</foreign>] <foreign xml:lang="grc">ἐπᾴδοντες</foreign> Sauppius</note> πρὸς <note xml:lang="eng" resp="ed" place="unspecified" anchored="true"> <foreign xml:lang="grc">πρὸς</foreign> R: <foreign xml:lang="grc">περὶ</foreign> </note> 
<milestone unit="stephpage" xml:id="stephpage-138c" n="138c"/> τὰς ὀχείας· φιλοσοφίᾳ δὲ πολλῶν λόγων καὶ καλῶν 
<milestone unit="tlnum" n="10"/> ἐνόντων, οὐδενὸς ἧττον ἄξιος σπουδῆς ὁ γαμήλιός ἐστιν οὗτος, ᾧ κατᾴδουσα τοὺς ἐπὶ βίου κοινωνίᾳ συνιόντας εἰς ταὐτὸ πράους τε παρέχει καὶ χειροήθεις ἀλλήλοις. ὧν οὖν ἀκηκόατε πολλάκις ἐν φιλοσοφίᾳ παρατρεφόμενοι κεφάλαια συντάξας ἔν τισιν ὁμοιότησι βραχείαις, ὡς εὐμνημόνευτα μᾶλλον εἴη, κοινὸν ἀμφοτέροις πέμπω δῶρον, εὐχόμενος τῇ Ἀφροδίτῃ τὰς Μούσας παρεῖναι καὶ συνεργεῖν, ὡς μήτε λύραν τινὰ μήτε κιθάραν μᾶλλον αὐταῖς ἢ τὴν περὶ γάμον καὶ οἶκον ἐμμέλειαν ἡρμοσμένην παρέχειν <pb xml:id="v.1.p.338"/> διὰ λόγου καὶ ἁρμονίας· καὶ φιλοσοφίας προσῆκον. καὶ γὰρ οἱ παλαιοὶ τῇ Ἀφροδίτῃ τὸν Ἑρμῆν συγκαθίδρυσαν, ὡς τῆς περὶ τὸν γάμον ἡδονῆς μάλιστα 
<milestone unit="stephpage" xml:id="stephpage-138d" n="138d"/> λόγου δεομένης, τήν τε Πειθὼ καὶ τὰς Χάριτας, ἵνα 
<milestone unit="tlnum" n="5"/> πείθοντες διαπράττωνται παρʼ ἀλλήλων ἃ βούλονται, μὴ μαχόμενοι μηδὲ φιλονεικοῦντες.</p> </div> 
<div type="textpart" subtype="section" n="1"> <p rend="indent">ὁ Σόλων ἐκέλευε τὴν νύμφην τῷ νυμφίῳ συγκατακλίνεσθαι μήλου κυδωνίου κατατραγοῦσαν αἰνιττόμενος ἔοικεν ὅτι δεῖ τὴν <note xml:lang="eng" resp="ed" place="unspecified" anchored="true"> <foreign xml:lang="grc">τὴν</foreign>] <foreign xml:lang="grc">τὴν πρώτην</foreign> H</note> ἀπὸ στόματος καὶ 
<milestone unit="tlnum" n="10"/> φωνῆς χάριν εὐάρμοστον εἶναι πρῶτον <note xml:lang="eng" resp="ed" place="unspecified" anchored="true"> <foreign xml:lang="grc">πρῶτον</foreign>] del. H</note> καὶ ἡδεῖαν. </p> </div> 
<div type="textpart" subtype="section" n="2"> <p rend="indent">ἐν Βοιωτίᾳ τὴν νύμφην κατακαλύψαντες ἀσφαραγωνιᾷ <note xml:lang="eng" resp="ed" place="unspecified" anchored="true"> <foreign xml:lang="grc">ἀσφαραγίᾳ</foreign>?</note> στεφανοῦσιν ἐκείνη τε γὰρ ἣδιστον ἐκ τραχυτάτης ἀκάνθης καρπὸν ἀναδίδωσιν, ἥ τε νύμφη τῷ μὴ φυγόντι μηδὲ <note xml:lang="eng" resp="ed" place="unspecified" anchored="true"> <foreign xml:lang="grc">μηδὲ</foreign> Sauppius: <foreign xml:lang="grc">μήτε</foreign> </note> δυσχεράναντι τὴν πρώτην 
<milestone unit="tlnum" n="15"/> χαλεπότητα , καὶ ἀηδίαν αὐτῆς ἥμερον καὶ γλυκεῖαν 
<milestone unit="stephpage" xml:id="stephpage-138e" n="138e"/> παρέξει συμβίωσιν. οἱ δὲ τὰς πρώτας τῶν παρθένων διαφορὰς μὴ ὑπομείναντες οὐδὲν ἀπολείπουσι τῶν διὰ τὸν ὄμφακα τὴν σταφυλὴν ἑτέροις προϊεμένων. πολλαὶ δὲ καὶ τῶν νεογάμων δυσχεράνασαι 
<milestone unit="tlnum" n="20"/> διὰ τὰ πρῶτα τοὺς νυμφίους; ὅμοιον ἔπαθον πάθος τοῖς τὴν μὲν πληγὴν τῆς μελίττης ὑπομείνασι, τὸ δὲ κηρίον προεμένοις. </p> </div> 
<div type="textpart" subtype="section" n="3"> <p rend="indent">ἐν ἀρχῇ μάλιστα δεῖ τὰς διαφορὰς καὶ τὰς προσκρούσεις φυλάττεσθαι τοὺς γεγαμηκότας, ὁρῶντας 
<milestone unit="tlnum" n="25"/> ὅτι καὶ τὰ συναρμοσθέντα τῶν σκευῶν κατʼ ἀρχὰς μὲν ὑπὸ τῆς τυχούσης ῥᾳδίως διασπᾶται <pb xml:id="v.1.p.339"/> προφάσεως 
<milestone unit="stephpage" xml:id="stephpage-138f" n="138f"/> , χρόνῳ δὲ τῶν ἁρμῶν σύμπηξιν λαβόντων μόλις ὑπὸ πυρὸς καὶ σιδήρου διαλύεται. </p> </div> 
<div type="textpart" subtype="section" n="4"> <p rend="indent">ὥσπερ τὸ πῦρ ἐξάπτεται μὲν εὐχερῶς ἐν ἀχύροις καὶ θρυαλλίδι καὶ θριξὶ λαγῴαις, σβέννυται 
<milestone unit="tlnum" n="5"/> δὲ τάχιον ἂν μή τινος· ἑτέρου δυναμένου στέγειν ἅμα καὶ τρέφειν ἐπιλάβηται, οὓτω τὸν ἀπὸ σώματος καὶ ὥρας ὀξὺν ἔρωτα τῶν νεογάμων ἀναφλεγόμενον δεῖ μὴ διαρκῆ μηδὲ βέβαιον νομίζειν, ἂν μὴ περὶ τὸ ἦθος ἱδρυθεὶς καὶ τοῦ φρονοῦντος ἁψάμενος 
<milestone unit="tlnum" n="10"/> ἔμψυχον λάβῃ διάθεσιν. 
<milestone unit="stephpage" xml:id="stephpage-139a" n="139a"/> </p> </div> 
<div type="textpart" subtype="section" n="5"> <p rend="indent">ἡ διὰ τῶν φαρμάκων θήρα ταχὺ μὲν αἱρεῖ καὶ λαμβάνει ῥᾳδίως τὸν ἰχθύν, ἄβρωτον δὲ ποιεῖ καὶ φαῦλον· οὕτως αἱ φίλτρα τινὰ καὶ γοητείας ἐπιτεχνώμεναι τοῖς ἀνδράσι καὶ χειρούμεναι διʼ ἡδονῆς 
<milestone unit="tlnum" n="15"/> αὐτοὺς ἐμπλήκτοις καὶ ἀνοήτοις, καὶ διεφθαρμένοις συμβιοῦσιν. οὐδὲ γὰρ τὴν Κίρκην ὤνησαν οἱ καταφαρμακευθέντες, οὐδʼ ἐχρήσατο πρὸς οὐδὲν αὐτοῖς ὑσὶ καὶ ὄνοις γενομένοις, τὸν δʼ Ὀδυσσέα νοῦν ἔχοντα καὶ συνόντα φρονίμως ὑπερηγάπησεν. 
<milestone unit="tlnum" n="20"/> </p> </div> 
<div type="textpart" subtype="section" n="6"> <p rend="indent">αἱ βουλόμεναι μᾶλλον ἀνοήτων κρατεῖν ἀνδρῶν ἢ φρονίμων ἀκούειν ἐοίκασι τοῖς ἐν ὁδῷ βουλομένοις μᾶλλον ὁδηγεῖν τυφλοὺς; ἢ τοῖς γιγνώσκουσιν ἀκολουθεῖν καὶ βλέπουσι. 
<milestone unit="stephpage" xml:id="stephpage-139b" n="139b"/> </p> </div> 
<div type="textpart" subtype="section" n="7"> <p rend="indent">τὴν Πασιφάην ἀπιστοῦσι βοὸς ἐρασθῆναι 
<milestone unit="tlnum" n="25"/> βασιλεῖ συνοῦσαν, ἐνίας ὁρῶσαι τοὺς μὲν αὐστηροὺς καὶ σώφρονας βαρυνομένας, τοῖς δʼ ἐξ ἀκρασίας καὶ φιληδονίας κεκραμένοις <note xml:lang="eng" resp="ed" place="unspecified" anchored="true"> <foreign xml:lang="grc">κεκρατημένοις</foreign> Coraes</note> ὥσπερ κυσὶν ἢ τράγοις ἣδιον συνούσας. <pb xml:id="v.1.p.340"/> </p> </div> 
<div type="textpart" subtype="section" n="8"> <p rend="ident">οἱ τοῖς ἵπποις ἐφάλλεσθαι διʼ ἀσθένειαν ἢ μαλακίαν αὐτοὺς ἐκείνους ὀκλάζειν καὶ ὑποπίπτειν διδάσκουσιν οὕτως ἔνιοι τῶν λαβόντων εὐγενεῖς ἢ πλουσίας γυναῖκας οὐχ ἑαυτοὺς 
<milestone unit="tlnum" n="5"/> ποιοῦσι βελτίους ἀλλʼ ἐκείνας περικολούουσιν , ὡς μᾶλλον ἄρξοντες ταπεινῶν γενομένων· δεῖ δʼ ὥσπερ ἵππου τὸ μέγεθος φυλάττοντα καὶ τὸ ἀξίωμα τῆς γυναικὸς χρῆσθαι τῷ χαλινῷ 
<milestone unit="stephpage" xml:id="stephpage-139c" n="139c"/> </p> </div> 
<div type="textpart" subtype="section" n="9"> <p rend="indent">τὴν σελήνην, ὅταν ἀποστῇ τοῦ ἡλίου, περιφανῆ 
<milestone unit="tlnum" n="10"/> καὶ λαμπρὰν ὁρῶμεν, ἀφανίζεται δὲ καὶ κρύπτεται πλησίον γενομένη· τὴν δὲ σώφρονα γυναῖκα δεῖ τοὐναντίον ὁρᾶσθαι μάλιστα μετὰ τοῦ ἀνδρὸς οὖσαν, οἰκουρεῖν δὲ καὶ κρύπτεσθαι μὴ παρόντος </p> </div> 
<div type="textpart" subtype="section" n="10"> <p rend="indent">οὐκ ὀρθῶς Ἡρόδοτος <note xml:lang="eng" resp="ed" place="unspecified" anchored="true"> <foreign xml:lang="grc">Ἡρόδοτος</foreign>] I 8</note> εἶπεν ὅτι ἡ γυνὴ 
<milestone unit="tlnum" n="15"/> ἅμα τῷ χιτῶνι ἐκδύεται <note xml:lang="lat" resp="ed" place="unspecified" anchored="true">scr. vid. aut <foreign xml:lang="grc">συνεκδύεται</foreign> (cf. p. 37 d) aut <foreign xml:lang="grc">ʼ ʼἐκδυομένῳ συνεκδύεται -ʼ</foreign> </note> καὶ τὴν αἰδῶ· τοὐναντίον γὰρ ἡ σώφρων ἀντενδύεται τὴν αἰδῶ, καὶ τοῦ μάλιστα φιλεῖν τῷ μάλιστα αἰδεῖσθαι συμβόλῳ χρῶνται πρὸς ἀλλήλους. </p> </div> 
<div type="textpart" subtype="section" n="11"> <p rend="indent">ὥσπερ ἂν φθόγγοι δύο σύμφωνοι ληφθῶσι, 
<milestone unit="tlnum" n="20"/> 
<milestone unit="stephpage" xml:id="stephpage-139d" n="139d"/> τοῦ βαρυτέρου γίγνεται τὸ μέλος, οὕτω πᾶσα πρᾶξις ἐν οἰκίᾳ σωφρονούσῃ πράττεται μὲν ὑπʼ ἀμφοτέρων ὁμονοούντων, ἐπιφαίνει δὲ τὴν τοῦ ἀνδρὸς ἡγεμονίαν καὶ προαίρεσιν. </p> </div> 
<div type="textpart" subtype="section" n="12"> <p rend="indent">ὁ ἥλιος τὸν βορέαν ἐνίκησεν. ὁ γὰρ ἄνθρωπος 
<milestone unit="tlnum" n="25"/> τοῦ μὲν ἀνέμου βιαζομένου τὸ ἱμάτιον ἀφελέσθαι καὶ λαμπρὸν καταπνέοντος μᾶλλον ἔσφιγγε καὶ συνεῖχε τὴν περιβολὴν τοῦ δʼ ἡλίου μετὰ τὸ <pb xml:id="v.1.p.341"/> πνεῦμα θερμοῦ γενομένου θαλπόμενος εἶτα καυματιζόμενος καὶ τὸν χιτῶνα τῷ ἱματίῳ προσαπεδύσατο. τοῦτο 0 ποιοῦσιν αἱ πλεῖσται γυναῖκες· ἀφαιρουμένοις 
<milestone unit="stephpage" xml:id="stephpage-139e" n="139e"/> τοῖς ἀνδράσι βίᾳ τὴν τρυφὴν καὶ τὴν πολυτέλειαν 
<milestone unit="tlnum" n="5"/> διαμάχονται καὶ χαλεπαίνουσιν· ἂν πείθωνται μετὰ λόγου, πράως ἀποτίθενται καὶ μετριάζουσιν. </p> </div> 
<div type="textpart" subtype="section" n="13"> <p rend="indent">ὁ Κάτων ἐξέβαλε τῆς βουλῆς τὸν φιλήσαντα τὴν ἑαυτοῦ γυναῖκα τῆς θυγατρὸς παρούσης. τοῦτο μὲν οὖν ἴσως σφοδρότερον εἰ δʼ αἰσχρόν ἐστιν, 
<milestone unit="tlnum" n="10"/> ὥσπερ ἐστίν, ἑτέρων παρόντων ἀσπάζεσθαι καὶ φιλεῖν καὶ περιβάλλειν ἀλλήλους, πῶς οὐκ αἴσχιον ἑτέρων παρόντων λοιδορεῖσθαι καὶ διαφέρεσθαι πρὸς ἀλλήλους, καὶ τὰς <note xml:lang="eng" resp="ed" place="unspecified" anchored="true"> <foreign xml:lang="grc">καὶ τὰς</foreign> Xylander: <foreign xml:lang="grc">τὰς</foreign> </note> μὲν ἐντεύξεις καὶ φιλοφροσύνας ἀπορρήτους πρὸς τὴν γυναῖκα ποιεῖσθαι, νουθεσίᾳ 
<milestone unit="tlnum" n="15"/> 
<milestone unit="stephpage" xml:id="stephpage-139f" n="139f"/> δὲ καὶ μέμψει καὶ παρρησίᾳ χρῆσθαι φανερᾷ καὶ ἀναπεπταμένῃ; </p> </div> 
<div type="textpart" subtype="section" n="14"> <p rend="indent">ὥσπερ ἐσόπτρου κατεσκευασμένου χρυσῷ καὶ λίθοις ὄφελος οὐδέν ἐστιν, εἰ μὴ δείκνυσι τὴν μορφὴν ὁμοίαν, οὕτως οὐδὲ πλουσίας γαμετῆς ὄνησις, 
<milestone unit="tlnum" n="20"/> εἰ μὴ παρέχει τὸν βίον ὅμοιον τῷ ἀνδρὶ καὶ σύμφωνον τὸ ἦθος. εἰ χαίροντος μὲν εἰκόνα σκυθρωπὴν ἀποδίδωσι τὸ ἔσοπτρον, ἀχθομένου δὲ καὶ σκυθρωπάζοντας ἱλαρὰν καὶ σεσηρυῖαν, ἡμαρτημένον ἐστὶ καὶ φαῦλον. οὐκοῦν καὶ γυνὴ φαῦλος καὶ 
<milestone unit="tlnum" n="25"/> ἄκαιρος ἡ παίζειν μὲν ὡρμημένου καὶ φιλοφρονεῖσθαι τοῦ ἀνδρὸς ἐσκυθρωπακυῖα, σπουδάζοντος δὲ παίζουσα καὶ γελῶσα· τὸ μὲν γὰρ ἀηδίας, τὸ δʼ 
<milestone unit="stephpage" xml:id="stephpage-140a" n="140a"/> ὀλιγωρίας. δεῖ δέ, ὥσπερ οἱ γεωμέτραι λέγουσι τὰς <pb xml:id="v.1.p.342"/> γραμμὰς καὶ τὰς ἐπιφανείας οὐ κινεῖσθαι καθʼ ἑαυτὰς ἀλλὰ συγκινεῖσθαι τοῖς σώμασιν, οὕτω τὴν γυναῖκα μηδὲν ἴδιον πάθος ἔχειν, ἀλλὰ κοινωνεῖν τῷ ἀνδρὶ καὶ σπουδῆς καὶ παιδιᾶς καὶ συννοίας 
<milestone unit="tlnum" n="5"/> καὶ γέλωτος. </p> </div> 
<div type="textpart" subtype="section" n="15"> <p rend="indent">οἱ τὰς γυναῖκας μὴ ἡδέως βλέποντες ἐσθιούσας μετʼ αὐτῶν διδάσκουσιν ἐμπίπλασθαι μόνας γενομένας. οὕτως οἱ μὴ συνόντες ἱλαρῶς ταῖς γυναιξὶ μηδὲ παιδιᾶς κοινωνοῦντες αὐταῖς καὶ γέλωτος 
<milestone unit="tlnum" n="10"/> ἰδίας ἡδονὰς χωρὶς αὐτῶν ζητεῖν διδάσκουσιν. 
<milestone unit="stephpage" xml:id="stephpage-140b" n="140b"/> </p> </div> 
<div type="textpart" subtype="section" n="16"> <p rend="indent">·τοῖς τῶν Περσῶν βασιλεῦσιν αἱ γνήσιαι γυναῖκες παρακάθηνται δειπνοῦσι καὶ συνεστιῶνται· βουλόμενοι δὲ παίζειν καὶ μεθύσκεσθαι ταύτας μὲν ἀποπέμπουσι, τὰς δὲ μουσουργοὺς καὶ παλλακίδας 
<milestone unit="tlnum" n="15"/> καλοῦσιν, ὀρθῶς τοῦτὸ γʼ αὐτὸ ποιοῦντες, ὅτι τὸ συνακολασταίνειν καὶ παροινεῖν οὐ μεταδιδόασι ταῖς γαμεταῖς. ἂν οὖν ἰδιώτης ἀνήρ, ἀκρατὴς δὲ περὶ τὰς ἡδονὰς καὶ ἀνάγωγος, ἐξαμάρτῃ τι πρὸς ἑταίραν ἢ θεραπαινίδα, δεῖ τὴν γαμετὴν μὴ ἀγανακτεῖν 
<milestone unit="tlnum" n="20"/> μηδὲ χαλεπαίνειν, λογιζομένην ὅτι παροινίας καὶ ἀκολασίας καὶ ὕβρεως αἰδούμενος αὐτὴν ἑτέρᾳ μεταδίδωσιν. 
<milestone unit="stephpage" xml:id="stephpage-140c" n="140c"/> </p> </div> 
<div type="textpart" subtype="section" n="17"> <p rend="indent">οἱ φιλόμουσοι τῶν βασιλέων πολλοὺς μουσικοὺς ποιοῦσιν, οἱ φιλόλογοι λογίους, οἱ φιλαθληταὶ 
<milestone unit="tlnum" n="25"/> γυμναστικούς. οὕτως ἀνὴρ φιλοσώματος καλλωπίστριαν γυναῖκα ποιεῖ, φιλήδονος ἑταιρικὴν καὶ ἀκόλαστον, φιλάγαθος καὶ φιλόκαλος σώφρονα καὶ κοσμίαν. </p> </div> 
<div type="textpart" subtype="section" n="18"> <p rend="indent">Λάκαινα παιδίσκη, πυνθανομένου τινὸς εἰ <pb xml:id="v.1.p.343"/> ἤδη ἀνδρὶ προσελήλυθεν <q>οὐκ ἔγωγʼ</q> εἶπεν ἀλλʼ <q>ἐμοὶ ἐκεῖνος.</q> οὗτος ὁ τρόπος, οἶμαι, τῆς οἰκοδεσποίνης, μήτε φεύγειν μήτε δυσχεραίνειν τὰ τοιαῦτα τοῦ ἀνδρὸς ἀρχομένου μήτε αὐτὴν κατάρχεσθαι· τὸ 
<milestone unit="tlnum" n="5"/> 
<milestone unit="stephpage" xml:id="stephpage-140d" n="140d"/> μὲν γὰρ ἑταιρικὸν καὶ ἰταμόν, τὸ δʼ ὑπερήφανον καὶ ἀφιλόστοργον. </p> </div> 
<div type="textpart" subtype="section" n="19"> <p rend="indent">ἰδίους οὐ δεῖ φίλους κτᾶσθαι τὴν γυναῖκα, κοινοῖς δὲ χρῆσθαι τοῖς τοῦ ἀνδρός· οἱ δὲ θεοὶ φίλοι πρῶτοι καὶ μέγιστοι. διὸ καὶ θεοὺς οὓς ὁ 
<milestone unit="tlnum" n="10"/> ἀνὴρ νομίζει σέβεσθαι τῇ γαμετῇ καὶ γιγνώσκειν μόνους προσήκει, περιέργοις δὲ θρησκείαις καὶ ξέναις δεισιδαιμονίαις ἀποκεκλεῖσθαι τὴν αὔλειον, οὐδενὶ γὰρ θεῶν ἱερὰ κλεπτόμενα καὶ λανθάνοντα δρᾶται κεχαρισμένως ὑπὸ γυναικός. 
<milestone unit="tlnum" n="15"/> </p> </div> 
<div type="textpart" subtype="section" n="20"> <p rend="indent">ὁ Πλάτων <note xml:lang="eng" resp="ed" place="unspecified" anchored="true"> <foreign xml:lang="grc">Πλάτων</foreign>] <title rend="italic">Rep.</title> p. 462 c</note> φησὶν εὐδαίμονα καὶ μακαρίαν εἶναι πόλιν, ἐν <q>τὸ ἐμὸν καὶ τὸ <note xml:lang="eng" resp="ed" place="unspecified" anchored="true"> <foreign xml:lang="grc">καὶ τὸ</foreign> Stobaeus Floril. LXXIV 43: <foreign xml:lang="grc">καὶ</foreign> </note> οὐκ ἐμὸν</q> ἣκιστα 
<milestone unit="stephpage" xml:id="stephpage-140e" n="140e"/> φθεγγομένων ἀκούουσι διὰ τὸ κοινοῖς ὡς ἔνι μάλιστα χρῆσθαι τοῖς ἀξίοις σπουδῆς τοὺς πολίτας, πολὺ δὲ μᾶλλον ἐκ γάμου δεῖ τὴν τοιαύτην φωνὴν 
<milestone unit="tlnum" n="20"/> ἀνῃρῆσθαι. πλὴν ὥσπερ οἱ ἰατροὶ λέγουσι τὰς τῶν εὐωνύμων πληγὰς τὴν αἴσθησιν ἐν τοῖς δεξιοῖς ἀναφέρειν, οὕτω τὴν γυναῖκα τοῖς τοῦ ἀνδρὸς συμπαθεῖν καλὸν <note xml:lang="eng" resp="ed" place="unspecified" anchored="true"> <foreign xml:lang="grc">καλὸν</foreign> W: <foreign xml:lang="grc">μᾶλλον</foreign> </note> καὶ τὸν ἄνδρα τοῖς τῆς γυναικός, ἵνʼ ὥσπερ οἱ δεσμοὶ κατὰ τὴν ἐπάλλαξιν ἰσχὺν διʼ ἀλλήλων 
<milestone unit="tlnum" n="25"/> λαμβάνουσιν, οὕτως ἑκατέρου τὴν εὔνοιαν ἀντίστροφον ἀποδιδόντος ἡ κοινωνία σῴζηται διʼ ἀμφοῖν. καὶ γὰρ ἡ φύσις μίγνυσι διὰ τῶν <pb xml:id="v.1.p.344"/> σωμάτων 
<milestone unit="stephpage" xml:id="stephpage-140f" n="140f"/> τῶν ἡμᾶς, ἵνʼ ἐξ ἑκατέρων μέρος λαβοῦσα καὶ συγχέασα κοινὸν ἀμφοτέροις ἀποδῷ τὸ γεννώμενον, ὥστε μηδέτερον διορίσαι μηδὲ διακρῖναι τὸ ἴδιον ἢ τὸ ἀλλότριον. τοιαύτη <note xml:lang="eng" resp="ed" place="unspecified" anchored="true"> <foreign xml:lang="grc">τοιαύτη</foreign> Stegmannus: <foreign xml:lang="grc">αὕτη</foreign> </note> τοίνυν καὶ χρημάτων κοινωνία 
<milestone unit="tlnum" n="5"/> προσήκει μάλιστα τοῖς γαμοῦσιν εἰς μίαν οὐσίαν πάντα καταχεαμένοις καὶ ἀναμίξασι μὴ τὸ μέρος ἴδιον καὶ τὸ μέρος ἀλλότριου ἀλλὰ πᾶν ἴδιον ἡγεῖσθαι καὶ μηδὲν ἀλλότριον. ὥσπερ γὰρ <note xml:lang="eng" resp="ed" place="unspecified" anchored="true"> <foreign xml:lang="grc">γὰρ</foreign> H</note> τὸ κρᾶμα καίτοι ὕδατος μετέχον πλείονος οἶνον καλοῦμεν, 
<milestone unit="tlnum" n="10"/> οὕτω τὴν οὐσίαν δεῖ καὶ τὸν οἶκον τοῦ ἀνδρὸς λέγεσθαι, κἂν ἡ γυνὴ πλείονα συμβάλληται. </p> </div> 
<div type="textpart" subtype="section" n="21"> <p rend="indent">Φιλόπλουτος ἡ Ἑλένη, φιλήδονος ὁ Πάρις· φρόνιμος ὁ Ὀδυσσεύς, σώφρων ἡ Πηνελόπη. διὰ τοῦτο μακάριος γάμος ὁ τούτων καὶ ζηλωτός, ὁ 
<milestone unit="tlnum" n="15"/> 
<milestone unit="stephpage" xml:id="stephpage-141a" n="141a"/> δʼ ἐκείνων Ἰλιάδα κακῶν Ἕλλησι καὶ βαρβάροις ἐποίησεν. </p> </div> 
<div type="textpart" subtype="section" n="22"> <p rend="indent">ὁ Ῥωμαῖος ὑπὸ τῶν φίλων νουθετούμενος ὅτι σώφρονα γυναῖκα καὶ πλουσίαν καὶ ὡραίαν ἀπεπέμψατο, τὸν κάλτιον <note xml:lang="lat" resp="ed" place="unspecified" anchored="true"> <foreign xml:lang="grc">κάλτιον</foreign> impressi: <foreign xml:lang="grc">κάλπιον</foreign> </note> αὐτοῖς προτείνας; <q>καὶ γὰρ 
<milestone unit="tlnum" n="20"/> οὗτος</q> ἔφη <q>καλὸς ἰδεῖν καὶ καινός, ἀλλʼ οὐδεὶς οἶδεν ὅπου με θλίβει.</q> δεῖ τοίνυν μὴ προικὶ μηδὲ γένει μηδὲ κάλλει τὴν γυναῖκα πιστεύειν, ἀλλʼ ἐν οἷς ἅπτεται μάλιστα τοῦ ἀνδρός, ὁμιλίᾳ τε καὶ ἤθει καὶ συμπεριφορᾷ, ταῦτα μὴ σκληρὰ μηδʼ ἀνιῶντα 
<milestone unit="tlnum" n="25"/> 
<milestone unit="stephpage" xml:id="stephpage-141b" n="141b"/> καθʼ ἡμέραν ἀλλʼ εὐάρμοστα καὶ ἄλυπα καὶ προσφιλῆ παρέχειν. ὥσπερ γὰρ οἱ ἰατροὶ τοὺς ἐξ αἰτιῶν ἀδήλων καὶ κατὰ μικρὸν συλλεγομένων γεννωμένους <pb xml:id="v.1.p.345"/> πυρετοὺς μᾶλλον δεδοίκασιν ἢ τοὺς ἐμφανεῖς καὶ μεγάλας προφάσεις ἔχοντας, οὕτω τὰ λανθάνοντα τοὺς πολλοὺς μικρὰ καὶ συνεχῆ καὶ καθημερινὰ προσκρούματα γυναικὸς καὶ ἀνδρὸς μᾶλλον διίστησι 
<milestone unit="tlnum" n="5"/> καὶ λυμαίνεται τὴν συμβίωσιν. </p> </div> 
<div type="textpart" subtype="section" n="23"> <p rend="indent">ὁ βασιλεὺς Φίλιππος ἤρα Θεσσαλῆς γυναικὸς αἰτίαν ἐχούσης καταφαρμακεύειν αὐτόν. ἐσπούδασεν οὖν ἡ Ὀλυμπιὰς λαβεῖν τὴν ἄνθρωπον ὑποχείριον. ὡς δʼ εἰς ὄψιν ἐλθοῦσα τὸ τʼ εἶδος εὐπρεπὴς ἐφάνη 
<milestone unit="tlnum" n="10"/> καὶ διελέχθη πρὸς αὐτὴν οὐκ ἀγεννῶς οὐδʼ ἀσυνέτως, 
<milestone unit="stephpage" xml:id="stephpage-141c" n="141c"/> <q>χαιρέτωσαν</q> εἶπεν ἡ Ὀλυμπιάς <q>αἱ διαβολαί σὺ γὰρ ἐν σεαυτῇ τὰ φάρμακα ἔχεις.</q> ἄμαχον οὖν τι γίγνεται πρᾶγμα γαμετὴ γυνὴ καὶ νόμιμος, ἂν ἐν αὑτῇ πάντα θεμένη, καὶ προῖκα καὶ γένος καὶ 
<milestone unit="tlnum" n="15"/> φάρμακα καὶ τὸν κεστὸν αὐτόν, ἤθει καὶ ἀρετῇ κατεργάσηται τὴν εὔνοιαν. </p> </div> 
<div type="textpart" subtype="section" n="24"> <p rend="indent">πάλιν ἡ Ὀλυμπιάς, αὐλικοῦ τινος νεανίσκου γήμαντος εὐπρεπῆ γυναῖκα κακῶς ἀκούουσαν, <q>οὗτος</q> εἶπεν <q>οὐκ ἔχει λογισμόν· οὐ γὰρ ἂν τοῖς 
<milestone unit="tlnum" n="20"/> ὀφθαλμοῖς ἔγημε</q> δεῖ δὲ μὴ τοῖς ὄμμασι γαμεῖν δὲ τοῖς δακτύλοις, ὥσπερ ἔνιοι ψηφίσαντες πόσα 
<milestone unit="stephpage" xml:id="stephpage-141d" n="141d"/> φέρουσαν λαμβάνουσιν, οὐ κρίναντες πῶς συμβιωσομένην. </p> </div> 
<div type="textpart" subtype="section" n="25"> <p rend="indent">ὁ Σωκράτης ἐκέλευε τῶν ἐσοπτριζομένων 
<milestone unit="tlnum" n="25"/> νεανίσκων τοὺς μὲν αἰσχροὺς ἐπανορθοῦσθαι τῇ ἀρετῇ, τοὺς δὲ καλοὺς μὴ καταισχύνειν τῇ κακίᾳ τὸ εἶδος. καλὸν οὖν καὶ τὴν οἰκοδέσποιναν, ὅταν ἐν ταῖς χερσὶν ἔχῃ τὸ ἔσοπτρον, αὐτὴν ἐν ἑαυτῇ διαλαλεῖν, τὴν μὲν αἰσχρὰν τί οὖν, ἂν μὴ σώφρων <pb xml:id="v.1.p.346"/> γένωμαι; <q type="unspecified"/> τὴν δὲ καλὴν τί <q>οὖν, ἂν καὶ σώφρων γένωμαι;ʼ</q> τῇ γὰρ αἰσχρᾷ σεμνότερον <note xml:lang="lat" resp="ed" place="unspecified" anchored="true"> <foreign xml:lang="grc">σεμνότερον</foreign> scripsi: <foreign xml:lang="grc">σεμνὸν</foreign> </note> εἰ φιλεῖται διὰ τὸ ἦθος ἢ τὸ κάλλος. </p> </div> 
<div type="textpart" subtype="section" n="26"> <p rend="indent">ταῖς Λυσάνδρου θυγατράσιν ὁ τύραννος ὁ 
<milestone unit="tlnum" n="5"/>Σικελικὸς ἱμάτια καὶ πλόκια τῶν πολυτελῶν ἔπεμψεν 
<milestone unit="stephpage" xml:id="stephpage-141e" n="141e"/> ὁ δὲ Λύσανδρος οὐκ ἔλαβεν εἰπών <q>ταῦτα τὰ κόσμια καταισχυνεῖ μου μᾶλλον ἢ κοσμήσει τὰς θυγατέρας.</q> πρότερος δὲ Λυσάνδρου Σοφοκλῆς <note xml:lang="eng" resp="ed" place="unspecified" anchored="true"> <foreign xml:lang="grc">Σοφοκλῆς</foreign>] Bauck. p. 249</note> τοῦτʼ εἶπεν 
<milestone unit="tlnum" n="10"/> <quote rend="blockquote"> <l>οὐ κόσμος, οὔκ, ὦ τλῆμον, ἀλλʼ ἀκοσμία </l> <l>φαίνοιτʼ ἂν εἶναι σῶν τε μαργότης φρενῶν</l> </quote> <q>κόσμος γάρ ἐστιν,</q> ὡς ἔλεγε Κράτης, <q>τὸ κοσμοῦν</q> κοσμεῖ δὲ τὸ κοσμιωτέραν τὴν γυναῖκα ποιοῦν. ποιεῖ δὲ τοιαύτην οὔτε χρυσὸς οὔτε σμάραγδος οὔτε 
<milestone unit="tlnum" n="15"/> κόκκος, ἀλλʼ ὅσα σεμνότητος εὐταξίας αἰδοῦς ἔμφασιν περιτίθησιν. </p> </div> 
<div type="textpart" subtype="section" n="27"> <p rend="indent">οἱ τῇ γαμηλίᾳ θύοντες Ἥρᾳ τὴν χολὴν οὐ 
<milestone unit="stephpage" xml:id="stephpage-141f" n="141f"/> συγκαθαγίζουσι τοῖς ἄλλοις ἱεροῖς, ἀλλʼ ἐξελόντες ἔρριψαν παρὰ τὸν βωμόν, αἰνιττομένου τοῦ νομοθέτου 
<milestone unit="tlnum" n="20"/> τὸ μηδέποτε δεῖν χολὴν μηδʼ ὀργὴν γάμῳ παρεῖναι. δεῖ γὰρ εἶναι τῆς οἰκοδεσποίνης ὥσπερ οἴνου τὸ αὐστηρὸν ὠφέλιμον καὶ ἡδύ, μὴ πικρὸν ὥσπερ ἀλόης μηδὲ φαρμακῶδες </p> </div> 
<div type="textpart" subtype="section" n="28"> <p rend="indent">ὁ Πλάτων τῷ Ξενοκράτει βαρυτέρῳ τὸ ἦθος 
<milestone unit="tlnum" n="25"/> ὄντι τἄλλα δὲ καλῷ κἀγαθῷ παρεκελεύετο θύειν ταῖς Χάρισιν. οἶμαι δὴ καὶ τῇ σώφρονι μάλιστα 
<milestone unit="stephpage" xml:id="stephpage-142a" n="142a"/> δεῖν πρὸς τὸν ἄνδρα χαρίτων, ἵνʼ, ὡς ἔλεγε <pb xml:id="v.1.p.347"/> Μητρόδωρος, <q>ἡδέως συνοικῇ καὶ μὴ ὀργιζομένη ὅτι σωφρονεῖ</q> δεῖ γὰρ μήτε τὴν εὐτελῆ καθαριότητος ἀμελεῖν μήτε τὴν φίλανδρον φιλοφροσύνης ποιεῖ γὰρ ἡ χαλεπότης ἀηδῆ τὴν εὐταξίαν τῆς γυναικός 
<milestone unit="tlnum" n="5"/> ὥσπερ ἡ ῥυπαρία τὴν ἀφέλειαν, </p> </div> 
<div type="textpart" subtype="section" n="29"> <p rend="indent">ἡ φοβουμένη γελάσαι πρὸς τὸν ἄνδρα καὶ παῖξαί <note xml:lang="eng" resp="ed" place="unspecified" anchored="true"> <foreign xml:lang="grc">παῖξαι</foreign> W: <foreign xml:lang="grc">πρᾶξαι</foreign> </note> τι , μὴ φανῇ θρασεῖα καὶ ἀκόλαστος, οὐδὲν διαφέρει τῆς ἵνα μὴ δοκῇ μυρίζεσθαι τὴν κεφαλὴν μηδʼ ἀλειφομένης, καὶ ἵνα μὴ φυκοῦσθαι τὸ πρόσωπον 
<milestone unit="tlnum" n="10"/> νιπτομένης;. ὁρῶμεν δὲ καὶ ποιητὰς καὶ ῥήτορας, ὅσοι φεύγουσι τὸ περὶ τὴν λέξιν ὀχλικὸν 
<milestone unit="stephpage" xml:id="stephpage-142b" n="142b"/> καὶ ἀνελεύθερον καὶ κακόζηλον, τοῖς πράγμασι καὶ ταῖς οἰκονομίαις καὶ τοῖς ἤθεσιν ἄγειν καὶ κινεῖν τὸν ἀκροατὴν φιλοτεχνοῦντας. διὸ δεῖ καὶ τὴν οἰκοδέσποιναν 
<milestone unit="tlnum" n="15"/> ὅτι πᾶν τὸ περιττὸν καὶ ἑταιρικὸν καὶ πανηγυρικόν, εὖ ποιοῦσα, φεύγει καὶ παραιτεῖται, μᾶλλον φιλοτεχνεῖν ἐν ταῖς ἠθικαῖς καὶ βιωτικαῖς χάρισι πρὸς τὸν ἄνδρα, τῷ καλῷ μεθʼ ἡδονῆς συνεθίζουσαν αὐτόν; ἂν δʼ ἄρα φύσει τις αὐστηρὰ καὶ 
<milestone unit="tlnum" n="20"/> ἄκρατος γένηται καὶ ἀνήδυντος, εὐγνωμονεῖν δεῖ τὸν ἄνδρα, καὶ καθάπερ ὁ Φωκίων, τοῦ Ἀντιπάτρου πρᾶξιν αὐτῷ προστάττοντος οὐ καλὴν οὐδὲ πρέπουσαν, 
<milestone unit="stephpage" xml:id="stephpage-142c" n="142c"/> εἶπεν <q>οὐ δύνασαί μοι καὶ φίλῳ χρῆσθαι καὶ κόλακι,</q> οὕτω λογίζεσθαι περὶ τῆς σώφρονος καὶ 
<milestone unit="tlnum" n="25"/> αὐστηρᾶς γυναικὸς <q>οὐ δύναμαι αὐτῇ καὶ ὡς γαμετῇ καὶ ὡς ἑταίρᾳ συνεῖναι</q> </p> </div> 
<div type="textpart" subtype="section" n="30"> <p rend="indent">ταῖς Αἰγυπτίαις ὑποδήμασι χρῆσθαι πάτριον οὐκ ἦν, ὅπως ἐν οἴκῳ διημερεύωσι. τῶν δὲ <pb xml:id="v.1.p.348"/> πλείστων γυναικῶν ἂν ὑποδήματα διάχρυσα περιέλῃς καὶ ψέλλια καὶ περισκελίδας καὶ πορφύραν καὶ μαργαρίτας, ἔνδον μένουσιν. <note xml:lang="eng" resp="ed" place="unspecified" anchored="true"> <foreign xml:lang="grc">μενοῦσιν</foreign> Duebnerus: <foreign xml:lang="grc">μένουσιν</foreign> </note> </p> </div> 
<div type="textpart" subtype="section" n="31"> <p rend="indent">ἡ Θεανὼ παρέφηνε τὴν χεῖρα περιβαλλομένη 
<milestone unit="tlnum" n="5"/> τὸ ἱμάτιον. εἰπόντος δέ τινος <note xml:lang="eng" resp="ed" place="unspecified" anchored="true"> <foreign xml:lang="grc">εἰπόντος δέ τινος</foreign> Stobaeus Floril. LXXIV 49: <foreign xml:lang="grc">τινὸς δʼ εἰπόντος</foreign> </note> <q>καλὸς ὁ πῆχυς, <q type="unspecified"/> ἀλλʼ οὐ δημόσιος</q> ἔφη. δεῖ δὲ μὴ μόνον τὸν 
<milestone unit="stephpage" xml:id="stephpage-142d" n="142d"/> πῆχυν ἀλλὰ μηδὲ τὸν λόγον δημόσιον εἶναι τῆς σώφρονος, <note xml:lang="lat" resp="ed" place="unspecified" anchored="true">post <foreign xml:lang="grc">σώφρονος</foreign> lacunam signavit H</note> καὶ τὴν φωνὴν ὡς ἀπογύμνωσιν αἰδεῖσθαι καὶ φυλάσσεσθαι πρὸς τοὺς ἐκτός· ἐνορᾶται γὰρ 
<milestone unit="tlnum" n="10"/> αὐτῇ καὶ πάθος καὶ ἦθος καὶ διάθεσις λαλούσης. </p> </div> 
<div type="textpart" subtype="section" n="32"> <p rend="indent">τὴν Ἠλείων ὁ Φειδίας Ἀφροδίτην ἐποίησε χελώνην πατοῦσαν, οἰκουρίας σύμβολον ταῖς γυναιξὶ καὶ σιωπῆς. δεῖ γὰρ ἢ πρὸς τὸν ἄνδρα λαλεῖν ἢ διὰ τοῦ ἀνδρός, μὴ δυσχεραίνουσαν εἰ διʼ ἀλλοτρίας 
<milestone unit="tlnum" n="15"/> γλώσσης ὥσπερ αὐλητὴς φθέγγεται σεμνότερον. </p> </div> 
<div type="textpart" subtype="section" n="33"> <p rend="indent">οἱ πλούσιοι καὶ οἱ βασιλεῖς τιμῶντες τοὺς φιλοσόφους αὑτούς τε, κοσμοῦσι κἀκείνους, οἱ δὲ 
<milestone unit="stephpage" xml:id="stephpage-142e" n="142e"/> φιλόσοφοι τοὺς πλουσίους θεραπεύοντες οὐκ ἐκείνους ποιοῦσιν ἐνδόξους ἀλλʼ αὑτοὺς ἀδοξοτέρους. 
<milestone unit="tlnum" n="20"/> τοῦτο συμβαίνει καὶ περὶ τὰς γυναῖκας. ὑποτάττουσαι μὲν γὰρ ἑαυτὰς τοῖς ἀνδράσιν ἐπαινοῦνται, κρατεῖν δὲ βουλόμεναι μᾶλλον τῶν κρατουμένων ἀσχημονοῦσι. κρατεῖν δὲ τὸν ἄνδρα τῆς γυναικὸς οὐχ ὡς δεσπότην κτήματος ἀλλʼ ὡς ψυχὴν σώματος, 
<milestone unit="tlnum" n="25"/> συμπαθοῦντα καὶ συμπεφυκότα τῇ εὐνοίᾳ δίκαιόν ἑστιν. ὥσπερ οὖν σώματος ἔστι κήδεσθαι μὴ <pb xml:id="v.1.p.349"/> δουλεύοντα ταῖς ἡδοναῖς αὐτοῦ καὶ ταῖς ἐπιθυμίαις, οὕτω γυναικὸς ἄρχειν εὐφραίνοντα καὶ χαριζόμενον. </p> </div> 
<div type="textpart" subtype="section" n="34"> <p rend="indent">τῶν σωμάτων οἱ φιλόσοφοι τὰ μὲν ἐκ διεστώτων 
<milestone unit="stephpage" xml:id="stephpage-142f" n="142f"/> λέγουσιν εἶναι καθάπερ στόλον καὶ στρατόπεδον, 
<milestone unit="tlnum" n="5"/> τὰ δʼ ἐκ συναπτομένων ὡς οἰκίαν καὶ ναῦν, τὰ δʼ ἡνωμένα καὶ συμφυᾶ καθάπερ ἐστὶ τῶν ζῴων ἕκαστον. σχεδὸν οὖν καὶ γάμος ὁ μὲν τῶν ἐρώντων ἡνωμένος καὶ συμφυής ἐστιν, ὁ δὲ τῶν διὰ προῖκας ἢ τέκνα γαμούντων ἐκ συναπτομένων, ὁ δὲ 
<milestone unit="tlnum" n="10"/> τῶν οὐ <note xml:lang="eng" resp="ed" place="unspecified" anchored="true"> <foreign xml:lang="grc">οὐ</foreign> Madvigius</note> συγκαθευδόντων ἐκ διεστώτων, οὓς συνοικεῖν ἄν τις ἀλλήλοις οὐ συμβιοῦν νομίσειε. δεῖ δέ, ὥσπερ οἱ φυσικοὶ τῶν ὑγρῶν λέγουσι διʼ ὅλων γενέσθαι 
<milestone unit="stephpage" xml:id="stephpage-143a" n="143a"/> τὴν κρᾶσιν, οὕτω τῶν γαμούντων καὶ σώματα καὶ χρήματα καὶ φίλους καὶ οἰκείους ἀναμιχθῆναι 
<milestone unit="tlnum" n="15"/> διʼ ἀλλήλων. καὶ γὰρ ὁ Ῥωμαῖος νομοθέτης ἐκώλυσε δῶρα διδόναι καὶ λαμβάνειν παρʼ ἀλλήλων τοὺς γεγαμηκότας, οὐχ ἵνα μηδενὸς μεταλαμβάνωσιν, ἀλλʼ ἵνα πάντα κοινὰ νομίζωσιν, </p> </div> 
<div type="textpart" subtype="section" n="35"> <p rend="indent">ἐν Λέπτει τῆς Λιβύης πόλει πάτριόν ἐστι 
<milestone unit="tlnum" n="20"/> τῇ μετὰ τὸν γάμον ἡμέρᾳ τὴν νύμφην πρὸς τὴν τοῦ νυμφίου μητέρα πέμψασαν αἰτεῖσθαι χύτραν· ἡ δʼ οὐ δίδωσιν οὐδέ φησιν ἔχειν, ὅπως ἀπʼ ἀρχῆς ἐπισταμένη τὸ τῆς ἑκυρᾶς μητρυιῶδες, ἂν ὕστερόν τι συμβαίνῃ τραχύτερον, μὴ ἀγανακτῇ μηδὲ δυσκολαίνῃ. 
<milestone unit="tlnum" n="25"/> τοῦτο δεῖ γιγνώσκουσαν τὴν γυναῖκα θεραπεύειν 
<milestone unit="stephpage" xml:id="stephpage-143b" n="143b"/> τὴν πρόφασιν· ἔστι δὲ ζηλοτυπία τῆς μητρὸς ὑπὲρ εὐνοίας πρὸς αὐτήν. θεραπεία δὲ μία τοῦ πάθους ἰδίᾳ μὲν εὔνοιαν τῷ ἀνδρὶ ποιεῖν πρὸς <pb xml:id="v.1.p.350"/> ἑαυτήν, τὴν δὲ τῆς μητρὸς μὴ περισπᾶν μηδʼ ἐλαττοῦν. </p> </div> 
<div type="textpart" subtype="section" n="36"> <p rend="indent">τοὺς υἱοὺς δοκοῦσι μᾶλλον ἀγαπᾶν αἱ μητέρες ὡς δυναμένους αὐταῖς βοηθεῖν, οἱ δὲ πατέρες 
<milestone unit="tlnum" n="5"/> τὰς θυγατέρας ὡς δεομένας αὐτῶν βοηθούντων ἴσως δὲ καὶ τιμῇ τῇ πρὸς ἀλλήλους ὁ ἕτερος τὸ μᾶλλον οἰκεῖον τῷ ἑτέρῳ βούλεται μᾶλλον ἀσπαζόμενος καὶ ἀγαπῶν φανερὸς εἶναι. καὶ τοῦτο μὲν ἴσως ἀδιάφορόν <note xml:lang="eng" resp="ed" place="unspecified" anchored="true"> <foreign xml:lang="grc">ἀδιαφορον</foreign> Meziriacus: <foreign xml:lang="grc">διάφορον</foreign> </note> ἐστιν, ἐκεῖνο δʼ ἀστεῖον, ἂν ἡ γυνὴ 
<milestone unit="tlnum" n="10"/> μᾶλλον ἀποκλίνασα τῇ τιμῇ πρὸς τοὺς γονεῖς τοῦ 
<milestone unit="stephpage" xml:id="stephpage-143c" n="143c"/> ἀνδρὸς ἢ τοὺς ἑαυτῆς βλέπηται, κἄν τι λυπῆται, πρὸς ἐκείνους ἀναφέρουσα, τοὺς δʼ ἑαυτῆς <note xml:lang="lat" resp="ed" place="unspecified" anchored="true"> <foreign xml:lang="grc">δʼ ἑαυτῆς</foreign> scripsi: <foreign xml:lang="grc">δὲ αὑτῆς</foreign> </note> λανθάνουσα. ποιεῖ γὰρ τὸ πιστεύειν δοκεῖν πιστεύεσθαι, καὶ τὸ φιλεῖν φιλεῖσθαι. 
<milestone unit="tlnum" n="15"/> </p> </div> 
<div type="textpart" subtype="section" n="37"> <p rend="indent">τοῖς περὶ τὸν Κῦρον Ἕλλησι παρήγγειλαν οἱ στρατηγοὶ τοὺς πολεμίους, ἂν μὲν βοῶντες ἐπίωσι, δέχεσθαι μετὰ σιωπῆς, ἂν δʼ ἐκεῖνοι σιωπῶσιν αὐτοὺς μετὰ βοῆς ἀντεξελαύνειν. αἱ δὲ νοῦν ἔχουσαι γυναῖκες ἐν ταῖς ὀργαῖς τῶν ἀνδρῶν κεκραγότων 
<milestone unit="tlnum" n="20"/> μὲν ἡσυχάζουσι, σιωπῶντας δὲ προσλαλοῦσαι καὶ παραμυθούμεναι καταπραΰνουσιν. 
<milestone unit="stephpage" xml:id="stephpage-143d" n="143d"/> </p> </div> 
<div type="textpart" subtype="section" n="38"> <p rend="indent">ὀρθῶς ὁ Εὐριπίδης <note xml:lang="eng" resp="ed" place="unspecified" anchored="true"> <foreign xml:lang="grc">Εὐριπίδης</foreign>] Med. 190</note> αἰτιᾶται τοὺς τῇ λύρᾳ χρωμένους παρʼ οἶνον· ἔδει γὰρ ἐπὶ τὰς ὀργὰς καὶ τὰ πένθη μᾶλλον τὴν μουσικὴν παρακαλεῖν ἢ προσεκλύειν 
<milestone unit="tlnum" n="25"/> τοὺς ἐν ταῖς ἡδοναῖς ὄντας. νομίζετε οὖν ὑμεῖς ἁμαρτάνειν τοὺς ἡδονῆς ἕνεκα συγκαθεύδοντας ἀλλήλοις ὅταν δʼ ἐν ὀργῇ τινι γένωνται καὶ ε . ργἶἳ Ψ <pb xml:id="v.1.p.351"/> διαφορᾷ, χωρὶς ἀναπαυομένους καὶ μὴ τότε μάλιστα τὴν Ἀφροδίτην παρακαλοῦντας, ἰατρὸν οὖσαν τῶν τοιούτων ἀρίστην. ὥς που καὶ ὁ ποιητὴς <note xml:lang="eng" resp="ed" place="unspecified" anchored="true"> <foreign xml:lang="grc">ὁ ποιητὴς</foreign>] <foreign xml:lang="grc">Ξ</foreign> 206. 209</note> διδάσκει, 
<milestone unit="tlnum" n="5"/> τὴν Ἥραν ποιῶν λέγουσαν 
<milestone unit="stephpage" xml:id="stephpage-143e" n="143e"/> οὐ κόσμος <quote rend="blockquote"> <l>καὶ σφʼ ἄκριτα νείκεα λύσω </l> <l>εἰς εὐνὴν ἀνέσασα ὁμωθῆναι φιλότητι</l> </quote> </p> </div> 
<div type="textpart" subtype="section" n="39"> <p rend="indent">ἀεὶ μὲν δεῖ καὶ πανταχοῦ φεύγειν τὸ προσκρούειν τῷ ἀνδρὶ τὴν γυναῖκα καὶ τῇ γυναικὶ τὸν ἄνδρα, μάλιστα δὲ φυλάττεσθαι τοῦτο ποιεῖν ἐν τῷ 
<milestone unit="tlnum" n="10"/> συναναπαύεσθαι καὶ συγκαθεύδειν. ἡ μὲν γὰρ ὠδίνουσα καὶ <note xml:lang="eng" resp="ed" place="unspecified" anchored="true"> <foreign xml:lang="grc">καὶ</foreign> del Madvigius</note> δυσφοροῦσα πρὸς τοὺς κατακλίνοντας αὐτὴν ἔλεγε <q>πῶς δʼ ἂν ἡ κλίνη ταῦτα θεραπεύσειεν οἷς ἐπὶ τῆς κλίνης περιέπεσον;ʼ</q> ἃς δʼ ἡ κλίνη γεννᾷ διαφορὰς καὶ λοιδορίας καὶ ὀργάς, οὐ ῥᾴδιόν ἐστιν 
<milestone unit="tlnum" n="15"/> ἐν ἄλλῳ τόπῳ καὶ χρόνῳ διαλυθῆναι. </p> </div> 
<div type="textpart" subtype="section" n="40"> <p rend="indent">ἡ Ἑρμιόνη δοκεῖ τι λέγειν ἀληθὲς λέγουσα 
<milestone unit="stephpage" xml:id="stephpage-143f" n="143f"/> <quote rend="blockquote"> <l>οὐ κόσμοσκακῶν γυναικῶν εἴσοδοὶ μʼ ἀπώλεσαν</l> <note xml:lang="eng" resp="ed" place="unspecified" anchored="true">Eurip. <title rend="italic">Andr.</title> 930</note> </quote> τοῦτο δʼ οὐχ ἁπλῶς γιγνόμενόν ἐστιν, ἀλλʼ ὅταν αἱ πρὸς τοὺς ἄνδρας διαφοραὶ καὶ ζηλοτυπίαι ταῖς τοιαύταις 
<milestone unit="tlnum" n="20"/> γυναιξὶ μὴ τὰς θύρας μόνον ἀλλὰ καὶ τὰς ἀκοὰς ἀνοίγωσι τότʼ οὖν δεῖ μάλιστα τὴν νοῦν ἔχουσαν ἀποκλείειν τὰ ὦτα καὶ φυλάττεσθαι τὸν ψιθυρισμόν, ἵνα πῦρ ἐπὶ πῦρ γένηται, καὶ πρόχειρον ἔχειν τὸ τοῦ Φιλίππου. λέγεται γὰρ ἐκεῖνος 
<milestone unit="tlnum" n="25"/> ὑπὸ τῶν φίλων παροξυνόμενος ἐπὶ τοὺς Ἕλληνας ὡς εὖ πάσχοντας καὶ κακῶς αὐτὸν λέγοντας εἰπεῖν <pb xml:id="v.1.p.352"/> <q>τί οὖν, ἂν καὶ <note xml:lang="eng" resp="ed" place="unspecified" anchored="true"> <foreign xml:lang="grc">ἂν καὶ</foreign>] <foreign xml:lang="grc">ἂν</foreign> H</note> κακῶς ποιῶμεν αὐτούς;ʼ</q> ὅταν οὖν αἱ διαβάλλουσαι λέγωσιν ὅτι <q>λυπεῖ σε φιλοῦσαν ὁ 
<milestone unit="stephpage" xml:id="stephpage-144a" n="144a"/> ἀνὴρ καὶ σωφρονοῦσαν, <q type="unspecified"/> τί οὖν, ἂν φαίης, <note xml:lang="lat" resp="ed" place="unspecified" anchored="true"> <foreign xml:lang="grc">ἂν φαίης</foreign> addidi</note> ἂν καὶ <note xml:lang="eng" resp="ed" place="unspecified" anchored="true"> <foreign xml:lang="grc">ἂν καὶ</foreign>] <foreign xml:lang="grc">ἂν</foreign> H</note> μισεῖν αὐτὸν ἄρξωμαι καὶ ἀδικεῖν;</q> 
<milestone unit="tlnum" n="5"/></p> </div> 
<div type="textpart" subtype="section" n="41"> <p rend="indent">ὁ τὸν δραπέτην ἰδὼν διὰ χρόνου καὶ διώκων, ὡς κατέφυγε φθάσας εἰς μυλῶνα, <note xml:lang="lat" resp="ed" place="unspecified" anchored="true"> <foreign xml:lang="grc">μυλῶνα</foreign> scripsi: <foreign xml:lang="grc">μύλωνα</foreign> </note> <q>ποῦ δʼ ἂν</q> ἔφη <q>σὲ μᾶλλον εὑρεῖν ἐβουλήθην ἢ ἐνταῦθα;ʼ</q> γυνὴ τοίνυν διὰ ζηλοτυπίαν ἀπόλειψιν γράφουσα καὶ χαλεπῶς ἔχουσα λεγέτω πρὸς ἑαυτὴν <q>ποῦ δʼ ἂν ἡ ζηλοῦσὰ 
<milestone unit="tlnum" n="10"/> με μᾶλλον ἡσθείη θεασαμένη καὶ τί ποιοῦσαν ἢ λυπουμένην καὶ στασιάζουσαν πρὸς τὸν ἄνδρα καὶ τὸν οἶκον αὐτὸν καὶ τὸν θάλαμον προϊεμένην;</q> </p> </div> 
<div type="textpart" subtype="section" n="42"> <p rend="indent">Ἀθηναῖοι τρεῖς ἀρότους ἱεροὺς ἄγουσι, πρῶτον 
<milestone unit="stephpage" xml:id="stephpage-144b" n="144b"/> ἐπὶ Σκίρῳ, τοῦ παλαιοτάτου τῶν σπόρων ὑπόμνημα, 
<milestone unit="tlnum" n="15"/> δεύτερον ἐν τῇ Ρ̓αρίᾳ, τρίτον ὑπὸ πόλιν <note xml:lang="eng" resp="ed" place="unspecified" anchored="true"> <foreign xml:lang="grc">πόλιν</foreign> Basileensis: <foreign xml:lang="grc">πέλιν</foreign> </note> τὸν καλούμενον Βουζύγιον. τούτων δὲ πάντων ἱερώτατός <note xml:lang="eng" resp="ed" place="unspecified" anchored="true"> <foreign xml:lang="grc">ἱερώτερός</foreign> Madvigius</note> ἐστιν ὁ γαμήλιος σπόρος καὶ ἄροτος ἐπὶ παίδων τεκνώσει. καλῶς τὴν Ἀφροδίτην ὁ Σοφοκλῆς <note xml:lang="eng" resp="ed" place="unspecified" anchored="true"> <foreign xml:lang="grc">Σοφοκλῆς</foreign> Nauck. p. 249</note> <q>εὔκαρπον Κυθέρειαν</q> προσηγόρευσε. διὸ δεῖ μάλιστα 
<milestone unit="tlnum" n="20"/> τούτῳ χρῆσθαι μετʼ εὐλαβείας τὸν ἄνδρα καὶ τὴν γυναῖκα, τῶν ἀνιέρων καὶ παρανόμων πρὸς ἑτέρους ἁγνεύοντας ὁμιλιῶν, καὶ μὴ σπείροντας ἐξ ὧν οὐδὲν αὐτοῖς φύεσθαι θέλουσιν ἀλλὰ κἂν γένηται καρπὸς αἰσχύνονται καὶ ἀποκρύπτουσι. 
<milestone unit="tlnum" n="25"/> </p> </div> 
<div type="textpart" subtype="section" n="43"> <p rend="indent">Γοργίου τοῦ ῥήτορος ἀναγνόντος ἐν Ὀλυμπίᾳ λόγον περὶ ὁμονοίας τοῖς Ἕλλησιν ὁ Μελάνθιος <note xml:lang="eng" resp="ed" place="unspecified" anchored="true"> <foreign xml:lang="grc">Μελάνθιος</foreign> Xylander: <foreign xml:lang="grc">μέλανθος</foreign> </note> <pb xml:id="v.1.p.353"/> <q>
<milestone unit="stephpage" xml:id="stephpage-144c" n="144c"/> οὗτος ἡμῖν</q> ἔφη <q>συμβουλεύει περὶ ὁμονοίας, ὃς αὑτὸν καὶ τὴν γυναῖκα καὶ τὴν θεράπαιναν ἰδίᾳ τρεῖς ὄντας ὁμονοεῖν οὐ πέπεικεν</q> ἦν γὰρ ὡς ἔοικέ τις ἔρως τοῦ Γοργίου καὶ ζηλοτυπία τῆς γυναικὸς 
<milestone unit="tlnum" n="5"/> πρὸς τὸ θεραπαινίδιον. εὖ τοίνυν ἡρμοσμένον τὸν οἶκον εἶναι δεῖ τῷ μέλλοντι ἁρμόζεσθαι πόλιν καὶ ἀγορὰν καὶ φίλους· μᾶλλον γὰρ ἔοικε τὰ τῶν γυναικῶν ἢ τὰ πρὸς γυναῖκας ἁμαρτήματα λανθάνειν τοὺς πολλούς. 
<milestone unit="tlnum" n="10"/> </p> </div> 
<div type="textpart" subtype="section" n="44"> <p rend="indent">εἰ καθάπερ τὸν αἴλουρον ὀσμῇ μύρων ἐκταράττεσθαι καὶ μαίνεσθαι λέγουσιν , οὕτω τὰς 
<milestone unit="stephpage" xml:id="stephpage-144d" n="144d"/> γυναῖκας ἀγριαίνειν καὶ παραφρονεῖν ὑπὸ μύρων συνέβαινε , δεινὸν ἦν μὴ ἀπέχεσθαι μύρου τοὺς ἄνδρας, ἀλλὰ διʼ ἡδονὴν αὑτῶν βραχεῖαν οὕτω κακουμένας 
<milestone unit="tlnum" n="15"/> περιορᾶν. ἐπεὶ τοίνυν ταῦτα πάσχουσιν οὐ μυριζομένων τῶν ἀνδρῶν ἀλλὰ συγγιγνομένων ἑτέραις, ἄδικόν ἐστιν ἡδονῆς ἕνεκα μικρᾶς ἐπὶ τοσοῦτο <note xml:lang="eng" resp="ed" place="unspecified" anchored="true"> <foreign xml:lang="grc">τοσοῦτο</foreign> R: <foreign xml:lang="grc">τοσούτῳ</foreign> </note> λυπεῖν καὶ συνταράττειν τὰς γυναῖκας καὶ μή, καθάπερ ταῖς μελίτταις ὅτι <note xml:lang="eng" resp="ed" place="unspecified" anchored="true"> <foreign xml:lang="grc">ὅτι</foreign>] <foreign xml:lang="grc">αἵ</foreign> H</note> δοκοῦσι δυσχεραίνειν 
<milestone unit="tlnum" n="20"/> καὶ μάχεσθαι τοῖς μετὰ γυναικῶν γενομένοις, ἁγνοὺς καὶ καθαρεύοντας ἑτέρων συνουσίας προσιέναι ταῖς γυναιξίν. </p> </div> 
<div type="textpart" subtype="section" n="45"> <p rend="indent">οἱ προσιόντες ἐλέφασιν ἐσθῆτα λαμπρὰν οὐ 
<milestone unit="stephpage" xml:id="stephpage-144e" n="144e"/> λαμβάνουσιν, οὐδὲ φοινικίδας οἱ ταύροις· διαγριαίνεται 
<milestone unit="tlnum" n="25"/> γὰρ ὑπὸ τῶν χρωμάτων τούτων μάλιστα τὰ ζῷα· τὰς δὲ τίγρεις φασὶ περιτυμπανιζομένας ἐκμαίνεσθαι παντάπασι καὶ διασπᾶν ἑαυτάς. ἐπεὶ τοίνυν καὶ τῶν ἀνδρῶν οἱ μὲν ἐσθῆτας κοκκίνας; <pb xml:id="v.1.p.354"/> καὶ πορφυρᾶς ὁρῶντες δυσανασχετοῦσιν, οἱ δὲ κυμβάλοις καὶ τυμπάνοις ἄχθονται, τί δεινὸν ἀπέχεσθαι τούτων τὰς γυναῖκας καὶ μὴ ταράττειν μηδὲ παροξύνειν τοὺς ἄνδρας, ἀλλὰ συνεῖναι μετʼ εὐσταθείας 
<milestone unit="tlnum" n="5"/> καὶ πραότητος; </p> </div> 
<div type="textpart" subtype="section" n="46"> <p rend="indent">γυνή τις πρὸς τὸν Φίλιππον ἄκουσαν ἐφελκόμενον αὐτὴν <q>ἄφες μʼ</q> εἶπε· <q>πᾶσα γυνὴ τοῦ λύχνου 
<milestone unit="stephpage" xml:id="stephpage-144f" n="144f"/> ἀρθέντος ἡ αὐτή ἐστι.ʼ</q> τοῦτο πρὸς τοὺς μοιχικοὺς καὶ ἀκολάστους εἴρηται καλῶς, τὴν δὲ 
<milestone unit="tlnum" n="10"/> γαμετὴν δεῖ μάλιστα τοῦ φωτὸς ἀρθέντος εἶναι μὴ τὴν αὐτὴν ταῖς τυχούσαις γυναιξίν, ἀλλὰ φαίνεσθαι τοῦ σώματος μὴ βλεπομένου τὸ σῶφρον αὐτῆς καὶ ἴδιον τῷ ἀνδρὶ καὶ τεταγμένον <note xml:lang="eng" resp="ed" place="unspecified" anchored="true"> <foreign xml:lang="grc">ὑποτεταγμένον</foreign> R</note> καὶ φιλόστοργον. </p> </div> 
<div type="textpart" subtype="section" n="47"> <p rend="indent">ὁ Πλάτων <note xml:lang="eng" resp="ed" place="unspecified" anchored="true"> <foreign xml:lang="grc">Πλάτων</foreign>] Legg. p. 729</note> τοῖς πρεσβύταις μᾶλλον παρῄνει 
<milestone unit="tlnum" n="15"/> <q>αἰσχύνεσθαι τοὺς νέους,</q> ἵνα κἀκεῖνοι πρὸς αὐτοὺς αἰδημόνως ἔχωσιν· <q>ὅπου</q> γὰρ <q>ἀναισχυντοῦσι γέροντες,</q> οὐδεμίαν αἰδῶ τοῖς νέοις οὐδʼ εὐλάβειαν ἐγγίγνεσθαι. τούτου δεῖ μεμνημένον τὸν ἄνδρα 
<milestone unit="stephpage" xml:id="stephpage-145a" n="145a"/> μηδένα μᾶλλον αἰδεῖσθαι τῆς γυναικός, ὡς τὸν 
<milestone unit="tlnum" n="20"/> θάλαμον αὐτῇ διδασκαλεῖον εὐταξίας ἢ ἀκολασίας γενησόμενον. ὁ δὲ τῶν αὐτῶν ἡδονῶν αὐτὸς μὲν ἀπολαύων ἐκείνην δʼ ἀποτρέπων οὐδὲν διαφέρει τοῦ κελεύοντος διαμάχεσθαι τὴν γυναῖκα πρὸς τοὺς πολεμίους, οἷς αὐτὸς ἑαυτὸν παρέδωκε. </p> </div> 
<div type="textpart" subtype="section" n="48"> <p rend="indent">περὶ δὲ φιλοκοσμίας σὺ μέν, ὦ Εὐρυδίκη, τὰ πρὸς Ἀρίστυλλαν ὑπὸ Τιμοξένας γεγραμμένα ἀναγνοῦσα πειρῶ διαμνημονεύειν σὺ δέ, ὦ Πολλιανέ, μὴ νόμιζε περιεργίας ἀφέξεσθαι τὴν γυναῖκα καὶ <pb xml:id="v.1.p.355"/> πολυτελείας, ἂν ὁρᾷ σε μὴ καταφρονοῦντα τούτων 
<milestone unit="stephpage" xml:id="stephpage-145b" n="145b"/> ἐν ἑτέροις, ἀλλὰ καὶ χαίροντα χρυσώσεσιν ἐκπωμάτων καὶ γραφαῖς οἰκηματίων καὶ χλίδωσιν <note xml:lang="eng" resp="ed" place="unspecified" anchored="true"> <foreign xml:lang="grc">χλίδωσιν</foreign> Stephanus <foreign xml:lang="grc">χλιδώσεσιν</foreign> </note> ἡμιόνων καὶ ἵππων περιδεραίοις. οὐ γὰρ ἔστιν ἐξελάσαι τῆς 
<milestone unit="tlnum" n="5"/> γυναικωνίτιδος ἐν μέσῃ τῇ ἀνδρωνίτιδι τὴν πολυτέλειαν ἀναστρεφομένην. καὶ σὺ μὲν ὥραν ἔχων ἤδη φιλοσοφεῖν τοῖς μετʼ ἀποδείξεως καὶ κατασκευῆς λεγομένοις ἐπικόσμει τὸ ἦθος, ἐντυγχάνων καὶ πλησιάζων τοῖς ὠφελοῦσι· 
<milestone unit="tlnum" n="10"/> τῇ γυναικὶ πανταχόθεν τὸ χρήσιμον συνάγων ὥσπερ αἱ μέλιτται καὶ φέρων αὐτὸς ἐν σεαυτῷ μεταδίδου καὶ προσδιαλέγου, φίλους αὐτῇ ποιῶν καὶ 
<milestone unit="stephpage" xml:id="stephpage-145c" n="145c"/> συνήθεις τῶν λόγων τοὺς ἀρίστους. <q>πατὴρ</q> <note xml:lang="eng" resp="ed" place="unspecified" anchored="true"> <foreign xml:lang="grc">πατὴρ</foreign>] Homer. Z 429</note> μὲν γάρ <q>ἐσσι</q> αὐτῇ <q>καὶ πότνια μήτηρ ἠδὲ κασίγνητος</q> 
<milestone unit="tlnum" n="15"/> οὐχ ἧττον σεμνὸν ἀκοῦσαι γαμετῆς λεγούσης <q>ἄνερ, <q>ἀτὰρ σὺ μοί ἐσσι</q> καθηγητὴς καὶ φιλόσοφος καὶ διδάσκαλος τῶν καλλίστων καὶ θειοτάτων,</q> τὰ τοιαῦτα μαθήματα πρῶτον ἀφίστησι τῶν ἀτόπων τὰς γυναῖκας· αἰσχυνθήσεται γὰρ ὀρχεῖσθαι 
<milestone unit="tlnum" n="20"/> γυνὴ γεωμετρεῖν μανθάνουσα, καὶ φαρμάκων ἐπῳδὰς οὐ προσδέξεται τοῖς Πλάτωνος ἐπᾳδομένη λόγοις καὶ τοῖς Ξενοφῶντος. ἂν δέ τις ἐπαγγέλληται καθαιρεῖν τὴν σελήνην, γελάσεται τὴν ἀμαθίαν καὶ τὴν ἀβελτερίαν τῶν ταῦτα πειθομένων γυναικῶν, 
<milestone unit="tlnum" n="25"/> ἀστρολογίας ἀνηκόως ἔχουσα καὶ περὶ Ἀγλαονίκης <note xml:lang="eng" resp="ed" place="unspecified" anchored="true"> <foreign xml:lang="grc">Ἀγλαονίκης</foreign> R: <foreign xml:lang="grc">ἀγανίκης</foreign> </note> ἀκηκουῖα τῆς Ἡγήτορος τοῦ Θεσσαλοῦ θυγατρὸς ὅτι 
<milestone unit="stephpage" xml:id="stephpage-145d" n="145d"/> τῶν ἐκλειπτικῶν ἔμπειρος οὖσα πανσελήνων καὶ <pb xml:id="v.1.p.356"/> προειδυῖα τὸν χρόνον, ἐν ᾧ συμβαίνει τὴν σελήνην ὑπὸ τῆς σκιᾶς ἁλίσκεσθαι, παρεκρούετο καὶ συνέπειθε τὰς γυναῖκας ὡς αὐτὴ καθαιροῦσα τὴν σελήνην. παιδίον μὲν γὰρ οὐδεμία ποτὲ γυνὴ λέγεται 
<milestone unit="tlnum" n="5"/> ποιῆσαι <note xml:lang="eng" resp="ed" place="unspecified" anchored="true"> <foreign xml:lang="grc">ποιῆσαι</foreign>] <foreign xml:lang="grc">κυῆσαι</foreign> W</note> δίχα κοινωνίας ἀνδρός, τὰ δʼ ἄμορφα κυήματα καὶ σαρκοειδῆ καὶ σύστασιν ἐν ἑαυτοῖς <note xml:lang="eng" resp="ed" place="unspecified" anchored="true"> <foreign xml:lang="grc">ἑαυτοῖς</foreign>] <foreign xml:lang="lat">cf.</foreign> Vit. Cleom. c. 39</note> ἐκ διαφθορᾶς λαμβάνοντα μύλας καλοῦσι. τοῦτο δὴ φυλακτέον ἐν ταῖς ψυχαῖς γίγνεσθαι τῶν γυναικῶν. ἂν γὰρ λόγων χρηστῶν σπέρματα μὴ δέχωνται μηδὲ 
<milestone unit="tlnum" n="10"/> 
<milestone unit="stephpage" xml:id="stephpage-145e" n="145e"/> κοινωνῶσι παιδείας· τοῖς ἀνδράσιν, αὐταὶ καθʼ αὑτὰς ἄτοπα πολλὰ καὶ φαῦλα βουλεύματα καὶ πάθη κυοῦσι. σὺ δʼ ὦ Εὐρυδίκη μάλιστα πειρῶ τοῖς τῶν σοφῶν καὶ ἀγαθῶν ἀποφθέγμασιν ὁμιλεῖν καὶ διὰ στόματος ἀεὶ τὰς φωνὰς ἔχειν ἐκείνας ὧν καὶ παρθένος 
<milestone unit="tlnum" n="15"/> οὖσα παρʼ ἡμῖν ἀνελάμβανες, ὅπως εὐφραίνῃς μὲν τὸν ἄνδρα, θαυμάζῃ δʼ ὑπὸ τῶν ἄλλων γυναικῶν, οὕτω κοσμουμένη περιττῶς καὶ σεμνῶς ἀπὸ μηδενός. τοὺς μὲν γὰρ τῆσδε τῆς πλουσίας μαργαρίτας καὶ τὰ τῆσδε τῆς ξένης σηρικὰ λαβεῖν 
<milestone unit="tlnum" n="20"/> οὐκ ἔστιν οὐδὲ περιθέσθαι μὴ πολλοῦ πριαμένην, τὰ δὲ Θεανοῦς κόσμια καὶ Κλεοβουλίνης καὶ Γοργοῦς 
<milestone unit="stephpage" xml:id="stephpage-145f" n="145f"/> τῆς Λεωνίδου γυναικὸς καὶ Τιμοκλείας τῆς Θεαγένους ἀδελφῆς καὶ Κλαυδίας τῆς παλαιᾶς, καὶ Κορνηλίας τῆς Σκιπίωνος καὶ ὅσαι ἐγένοντο θαυμασταὶ 
<milestone unit="tlnum" n="25"/> καὶ περιβόητοι, ταῦτα δʼ ἔξεστι περικειμένην προῖκα καὶ κοσμουμένην αὐτοῖς ἐνδόξως ἅμα βιοῦν καὶ μακαρίως. εἰ γὰρ ἡ Σαπφὼ <note xml:lang="eng" resp="ed" place="unspecified" anchored="true"> <foreign xml:lang="grc">Σαπφώ</foreign>] Bergk. 3 p. 111</note> διὰ τὴν ἐν τοῖς <pb xml:id="v.1.p.357"/> μέλεσι καλλιγραφίαν ἐφρόνει τηλικοῦτον ὥστε γράψαι 
<milestone unit="stephpage" xml:id="stephpage-146a" n="146a"/> πρός τινα πλουσίαν <quote rend="blockquote"> <l>κατθάνοισα <note xml:lang="eng" resp="ed" place="unspecified" anchored="true"> <foreign xml:lang="grc">κατθάνοισα</foreign> p. 646 f: <foreign xml:lang="grc">κατθανοῦσα</foreign> </note> δὲ κείσεαι, οὐδέ τις μναμοσύνα σέθεν </l> <l>ἔσεται· οὐ γὰρ πεδέχεις <note xml:lang="lat" resp="ed" place="unspecified" anchored="true"> <foreign xml:lang="grc">πεδέχεις</foreign> ibidem: <foreign xml:lang="grc">παῖδʼ ἔχεις</foreign> </note> ῥόδων 
<milestone unit="tlnum" n="5"/> </l> <l>τῶν ἐκ Πιερίας</l> </quote>, πῶς οὐχί σοι μᾶλλον ἐξέσται μέγα φρονεῖν ἐφʼ ἑαυτῇ καὶ λαμπρόν, ἂν μὴ τῶν ῥόδων ἀλλὰ καὶ τῶν καρπῶν μετέχῃς, ὧν αἱ Μοῦσαι φέρουσι καὶ χαρίζονται τοῖς παιδείαν καὶ φιλοσοφίαν θαυμάζουσιν;</p> </div> </div>
</body>
</text>
</TEI>
