<?xml version="1.0" encoding="UTF-8"?><TEI.2>
<teiHeader>
<fileDesc>
<titleStmt>
<title>De vitioso pudore</title>
<title type="sub">Machine readable text</title>
<author n="Plut.">Plutarch</author>
<editor>Gregorius N. Bernardakis</editor>
<sponsor>Perseus Project, Tufts University</sponsor>
<principal>Gregory Crane</principal>
<respStmt>
<resp>Prepared under the supervision of</resp>
<name>Lisa Cerrato</name>
<name>William Merrill</name>
<name>Elli Mylonas</name>
<name>David Smith</name>
</respStmt>
<funder n="org:NEH">The National Endosment for the Humanities</funder>
</titleStmt>
<extent/>
<publicationStmt>
<publisher>Trustees of Tufts University</publisher>
<pubPlace>Medford, MA</pubPlace>
<authority>Perseus Project</authority>
</publicationStmt>
<sourceDesc>
<biblStruct>
<analytic/>
<monogr>
<author>Plutarch</author>
<title>Moralia</title>
<editor>Gregorius N. Bernardakis</editor>
<imprint>
<pubPlace>Leipzig</pubPlace>
<publisher>Teubner</publisher>
<date>1891</date>
</imprint>
<biblScope type="volume">3</biblScope>
</monogr>
</biblStruct>
</sourceDesc>
</fileDesc>
<encodingDesc>
<editorialDecl>
<correction method="silent">
<p>optical character recognition</p>
</correction>
</editorialDecl>
<refsDecl doctype="TEI.2">
<state unit="section"/>
</refsDecl>
<refsDecl doctype="TEI.2">
<state unit="stephpage" n="chunk"/>
</refsDecl>
</encodingDesc>
<profileDesc>
<langUsage>
<language id="greek">Greek</language>
<language id="en">English</language>
</langUsage>
</profileDesc>
<revisionDesc>
<change>
<date>5/10</date>
<respStmt>
<name>RS</name>
<resp/>
</respStmt>
<item>tagged and parsed</item>
</change>
</revisionDesc>
</teiHeader>
<text>
<body>
<pb id="v.3.p.368"/>
<div1 type="section" n="1">
<milestone unit="stephpage" id="stephpage-528c" n="528c"/>
<p>ἔνια τῶν ἐκ τῆς γῆς φυομένων αὐτὰ μέν ἐστιν ἄγρια τῇ φύσει καὶ
               ἄκαρπα καὶ βλαβερὰν τοῖς ἡμέροις σπέρμασι καὶ φυτοῖς τὴν αὔξησιν
               ἔχοντα,
<milestone unit="stephpage" id="stephpage-528d" n="528d"/> σημεῖα δʼ
               αὐτὰ ποιοῦνται χώρας οἱ γεωργοῦντες οὐ πονηρᾶς ἀλλὰ γενναίας καὶ πίονος·
               οὕτω δὴ καὶ
<milestone unit="tlnum" n="5"/> πάθη ψυχῆς ἐστιν οὐ χρηστά,
               χρηστῆς δὲ φύσεως οἷον ἐξανθήματα καὶ λόγῳ παρασχεῖν ἐργάσιμον ἑαυτὴν
               ἐπιεικῶς δυναμένης. <note resp="ed" place="unspecified" anchored="yes">cf. Kock. 3 p. 494</note> ἐν τούτοις τίθεμαι καὶ τὴν λεγομένην δυσωπίαν, σημεῖον
               μὲν οὐ φαῦλον αἰτίαν δὲ μοχθηρίας οὖσαν. τὰ γὰρ αὐτὰ τοῖς
               ἀναισχύντοις
<milestone unit="tlnum" n="10"/> οἱ· αἰσχυνόμενοι πολλάκις
               ἁμαρτάνουσι, πλὴν ὅτι τὸ λυπεῖσθαι καὶ ἀλγεῖν ἐφʼ οἷς διαμαρτάνουσι
               τούτοις πρόσεστιν οὐχ ὡς ἐκείνοις τὸ ἥδεσθαι. ἀναλγὴς μὲν γὰρ ὁ
               ἀναιδὴς πρὸς τὸ αἰσχρόν,
<milestone unit="tlnum" n="15"/>
<milestone unit="stephpage" id="stephpage-528e" n="528e"/> εὐπαθὴς δὲ καὶ πρὸς
               τὸ φαινόμενον αἰσχρὸν ὁ εὐδυσώπητος. ὑπερβολὴ γὰρ τοῦ αἰσχύνεσθαι τὸ
               δυσωπεῖσθαι. διὸ καὶ οὕτω κέκληται, τρόπον τινὰ τοῦ προσώπου τῇ ψυχῇ
               συνδιατρεπομένου καὶ συνεξατονοῦντος. ὡς γὰρ τὴν κατήφειαν ὁρίζονται λύπην
               κάτω βλέπειν ποιοῦσαν, οὕτω τὴν αἰσχυντηλίαν μέχρι
<milestone unit="tlnum" n="20"/> τοῦ μηδʼ ἀντιβλέπειν τοῖς δεομένοις ὑπείκουσαν δυσωπίαν
               ὠνόμασαν. ὅθεν ὁ μὲν ῥήτωρ τὸν ἀναίσχυντον
<milestone unit="stephpage" id="stephpage-528f" n="528f"/> οὐκ ἔφη κόρας ἐν τοῖς ὄμμασιν ἔχειν
               ἀλλὰ <pb id="v.3.p.369"/> πόρνας· ὁ δʼ εὐδυσώπητος αὖ πάλιν ἄγαν τὸ <note resp="ed" place="unspecified" anchored="yes">
<foreign lang="greek">ἄγαν τὸ</foreign>] <foreign lang="greek">τὸ ἄγαν</foreign> Matthaeus</note> θῆλυ
               τῆς ψυχῆς καὶ τρυφερὸν ἐμφαίνει διὰ τῆς ὄψεως, τὴν ὑπὸ τῶν
               ἀναισχύντων ὄψιν αἰσχύνην ὑποκοριζόμενος. ὁ μὲν οὖν Κάτων ἔλεγε τῶν
               νέων μᾶλλον ἀγαπᾶν
<milestone unit="tlnum" n="5"/> τοὺς ἐρυθριῶντας ἢ τοὺς
               ὠχριῶντας, ὀρθῶς ἐθίζων καὶ διδάσκων τὸν ψόγον μᾶλλον ἢ τὸν ἔλεγχον
               δεδιέναι καὶ τὴν ὑποψίαν μᾶλλον ἢ τὸν κίνδυνον. οὐ
<milestone unit="stephpage" id="stephpage-529a" n="529a"/> μὴν ἀλλὰ καὶ τοῦ πρὸς τὸν
               ψόγον ὑπόπτου καὶ ψοφοδεοῦς τὸ ἄγαν ἀφαιρετέον, ὡς οὐχ ἧττον ἔνιοι
<milestone unit="tlnum" n="10"/> πολλάκις ἀκοῦσαι κακῶς ἢ παθεῖν·
               δείσαντες ἀπεδειλίασαν, καὶ προήκαντο τὸ καλὸν οὐ δυνηθέντες ὑπομεῖναι τὸ
               ἄδοξον. </p>
</div1>
<div1 type="section" n="2">
<p>οὔτε δὴ τούτους περιοπτέον οὕτως ἀσθενῶς ἔχοντας οὔτʼ αὖ πάλιν
               ἐκείνην ἐπαινετέον τὴν ἄτρεπτον
<milestone unit="tlnum" n="15"/> καὶ ἀτενῆ
               διάθεσιν, <quote rend="blockquote">
<l> ἐν δὲ τὸ θαρσαλέον τε καὶ ἐμμανὲς <note resp="ed" place="unspecified" anchored="yes">
<foreign lang="greek">ἐμμανὲς - ὀρούσαι</foreign> p. 446 b: <foreign lang="greek">ἐμμενὲς - ὀροῦσαι</foreign>
</note> ὅππη ὀρούσαι </l>
<l> φαίνετʼ Ἀναξάρχου κύνεον μένος· </l>
</quote> ἀλλʼ ἐμμελῆ τινα μηχανητέον σύγκρασιν ἀμφοῖν, τοῦ μὲν ἀτενοῦς
               ἄγαν τὴν ἀναίδειαν τοῦ δʼ ἐπιεικοῦς
<milestone unit="tlnum" n="20"/> σφόδρα
               τὴν ἀσθένειαν ἀφαιροῦσαν. ᾗ καὶ τὸ θεράπευμα
<milestone unit="stephpage" id="stephpage-529b" n="529b"/> δυσχερὲς καὶ οὐκ ἀκίνδυνος ἡ τῶν τοιούτων
               πλεονασμῶν κόλουσις· ὡς γὰρ ὁ γεωργὸς ἄγριον μὲν ἐκκόπτων βλάστημα καὶ
               ἀγεννές, αὐτόθεν ἀφειδῶς ἐμβαλὼν τὸ σκαφεῖον ἀνέτρεψε τὴν ῥίζαν ἢ
               πῦρ
<milestone unit="tlnum" n="25"/> προσαγαγὼν ἐπέκαυσεν ἀμπέλῳ δὲ προσιὼν
               τομῆς δεομένῃ καὶ μηλέας ἤ τινος ἐλαίας ἁπτόμενος, εὐλαβῶς ἐπιφέρει
               τὴν χεῖρα, δεδιὼς μή τι τοῦ <pb id="v.3.p.370"/> ὑγιαίνοντος ἀποτυφλώσῃ·
               οὕτως ὁ φιλόσοφος φθόνον μὲν ἐξαιρῶν νέου ψυχῆς, ἀγεννὲς βλάστημα καὶ
               δυστιθάσευτον, ἢ φιλαργυρίαν ἄωρον, ἢ φιληδονίαν ἐπικόπτων ἀκόλαστον
               αἱμάσσει καὶ πιέζει καὶ τομὴν
<milestone unit="tlnum" n="5"/>
<milestone unit="stephpage" id="stephpage-529c" n="529c"/> ποιεῖ καὶ οὐλὴν
               βαθεῖαν ὅταν δὲ τρυφερῷ μέρει ψυχῆς καὶ ἁπαλῷ κολούοντα προσαγάγῃ
               λόγον, οἷόν ἐστι τὸ δυσωπούμενον καὶ διατρεπόμενον, εὐλαβεῖται μὴ λάθῃ
               τούτοις συναποκόψας τὸ αἰδούμενον. καὶ γὰρ αἱ τίτθαι τῶν βρεφῶν
               ἐκτρίβουσαι πολλάκις
<milestone unit="tlnum" n="10"/> τὸν ῥύπον ἑλκοῦσιν
               ἐνίοτε τὴν σάρκα καὶ βασανίζουσιν. ὅθεν οὐ δεῖ τῶν νέων παντάπασιν ἐν
               χρῷ τὴν δυσωπίαν ἐκτρίβοντας ὀλιγώρους ποιεῖν καὶ λίαν ἀτρέπτους· ἀλλʼ
               ὥσπερ οἱ καταλύοντες οἰκίας ἱεροῖς γειτνιώσας τά γε συνεχῆ καὶ πλησίον
               ἐῶσι καὶ διερείδουσιν,
<milestone unit="tlnum" n="15"/> οὕτω δεῖ τὴν
               δυσωπίαν κινεῖν δεδιότας συνεφελκύσασθαι τὰ ὁμοροῦντα τῆς αἰδοῦς καὶ τῆς
<milestone unit="stephpage" id="stephpage-529d" n="529d"/> ἐπιεικείας; καὶ τῆς
               ἡμερότητος, οἷς ὑποδέδυκε καὶ προσπλέκεται κολακεύουσα τὸν εὐδυσώπητον
               ὡς φιλάνθρωπον καὶ πολιτικὸν καὶ κοινὸν ἔχοντα νοῦν
<milestone unit="tlnum" n="20"/> καὶ οὐκ ἄτεγκτον οὐδʼ αὐθέκαστον. ὅθεν εὐθὺς οἱ Στωικοὶ
               καὶ τῷ ῥήματι τὸ αἰσχύνεσθαι καὶ δυσωπεῖσθαι τοῦ αἰδεῖσθαι διέστησαν,
               ἵνα μηδὲ τὴν ὁμωνυμίαν τῷ πάθει πρόφασιν τοῦ βλάπτειν ἀπολίπωσιν. ἀλλʼ
               ἡμῖν χρῆσθαι τοῖς ὀνόμασιν ἀσυκοφαντήτως δότωσαν,
<milestone unit="tlnum" n="25"/> μᾶλλον δʼ Ὁμηρικῶς· καὶ γὰρ ἐκεῖνος εἶπεν <quote rend="blockquote">αἰδώς, <note resp="ed" place="unspecified" anchored="yes">
<foreign lang="greek">αἰδώς</foreign>] <foreign lang="greek">αἰδώς ι γίγνεται ἥτʼ ἄνδρας</foreign> cett. Homerus</note>  ἣτʼ ἄνδρας μέγα σίνεται ἠδʼ ὀνίνησι·</quote>
<note resp="ed" place="unspecified" anchored="yes">Hom. <foreign lang="greek">Ω</foreign> 45</note>
               καὶ οὐ κακῶς τὸ βλάπτον αὐτῆς πρότερον εἶπε. <pb id="v.3.p.371"/> γίγνεται
               γὰρ ὠφέλιμος ὑπὸ λόγου τὸ πλεονάζον ἀφελόντος καὶ τὸ μέτριον
               ἀπολιπόντος.
<milestone unit="stephpage" id="stephpage-529e" n="529e"/>
</p>
</div1>
<div1 type="section" n="3">
<p>πρῶτον οὖν τοῦτο δεῖ πείθεσθαι τὸν ὑπὸ πολλῆς δυσωπίας βιαζόμενον, ὅτι
               πάθει βλαβερῷ
<milestone unit="tlnum" n="5"/> συνέχεται· καλὸν δὲ τῶν
               βλαβερῶν οὐδέν· οὐδὲ δεῖ τοῖς ἐπαίνοις κηλούμενον ἥδεσθαι κομψὸν καὶ
               ἱλαρὸν ἀντὶ σεμνοῦ καὶ μεγάλου καὶ δικαίου προσαγορευόμενον μηδʼ, ὥσπερ
               ὁ Εὐριπίδου <note resp="ed" place="unspecified" anchored="yes">
<foreign lang="greek">Εὐριπίδου</foreign>] Nauck. p. 451</note> Πήγασος <quote rend="blockquote">ἔπτησσʼ ὑπείκων μᾶλλον εἱ
                  μᾶλλον <note resp="ed" place="unspecified" anchored="yes">
<foreign lang="greek">μᾶλλον εἰ μᾶλλον</foreign> [p. 807 a: <foreign lang="greek">μᾶλλον ἢ</foreign>
</note> θέλοι
<milestone unit="tlnum" n="10"/>
</quote> τῷ Βελλεροφόντῃ, τοῖς δεομένοις ἑαυτὸν ἐκδιδόναι ·,
<milestone unit="stephpage" id="stephpage-529f" n="529f"/> καὶ συνεκταπεινοῦν, φοβούμενον
               ἀκοῦσαι τὸ “σκληρὸς γε <note resp="ed" place="unspecified" anchored="yes">
<foreign lang="greek">γε</foreign>] <foreign lang="greek">τε</foreign> R</note> καὶ ἀπηνής.” τῷ μὲν γὰρ Αἰγυπτίῳ
               Βοκχόριδι φύσει χαλεπῷ γενομένῳ τὴν ἀσπίδα λέγουσιν ὑπὸ τῆς Ἴσιδος
               ἐπιπεμφθεῖσαν καὶ τῇ κεφαλῇ περιελιχθεῖσαν
<milestone unit="tlnum" n="15"/>
               ἄνωθεν ἐπισκιάζειν, ἵνα κρίνῃ δικαίως ἡ δέ γε δυσωπία τοῖς ἀτόνοις
               καὶ ἀνάνδροις ἐπικειμένη καὶ πρὸς μηδὲν ἀνανεῦσαι μηδʼ ἀντειπεῖν
               ἰσχύουσα, καὶ δικάζοντας ἀποτρέπει τοῦ δικαίου καὶ συμβουλεύοντας
               ἐπιστομίζει καὶ λέγειν πολλὰ καὶ
<milestone unit="tlnum" n="20"/>
<milestone unit="stephpage" id="stephpage-530a" n="530a"/> πράττειν ἀναγκάζει τῶν
               ἀβουλήτων ὁ δʼ ἀγνωμονέστατος ἀεὶ τοῦ τοιούτου δεσπότης ἐστὶ καὶ
               κρατεῖ, τῷ μὴ αἰδεῖσθαι τὸ αἰδούμενον ἐκβιαζόμενος. ὅθεν ὥσπερ χωρίον
               ὕπτιον καὶ μαλακὸν ἡ δυσωπία μηδεμίαν ἔντευξιν ἐξῶσαι μηδʼ ἀποστρέψαι
               δυναμένη
<milestone unit="tlnum" n="25"/> τοῖς αἰσχίστοις βάσιμός ἐστι πάθεσι
               καὶ πράγμασι· κακὴ μὲν γὰρ αὕτη παιδικῆς φρουρὸς ἡλικίας, ὡς <pb id="v.3.p.372"/> ἔλεγε Βροῦτος οὐ δοκεῖν αὐτῷ καλῶς τὴν ὥραν
               διατεθεῖσθαι τὸν πρὸς μηδὲν ἀρνούμενον κακὴ δὲ θαλάμου καὶ γυναικωνίτιδος
               ἐπίτροπος, ὥς φησιν ἡ παρὰ τῷ Σοφοκλεῖ <note resp="ed" place="unspecified" anchored="yes">
<foreign lang="greek">Σοφοκλεῖ</foreign>] Nauck. p. 312</note> μετανοοῦσα πρὸς τὸν μοιχὸν
<milestone unit="tlnum" n="5"/>
<quote rend="blockquote">ἔπεισας, ἐξέθωψας.</quote>
<milestone unit="stephpage" id="stephpage-530b" n="530b"/> ὥστʼ· ἡ δυσωπία
               προδιαφθείρουσα <note resp="ed" place="unspecified" anchored="yes">
<foreign lang="greek">προδιαφθείρασα</foreign> (malim <foreign lang="greek"> προδιαφθείρουσα</foreign>) <foreign lang="greek">τοῦ ἀκολάστου</foreign> Madvigius</note> τὸ ἀκόλαστον ἀνώχυρα πάντα καὶ ἄκλειστα καὶ κατάντη
               προδίδωσι τοῖς ἐπιτιθεμένοις. καὶ διδόντες μὲν αἱροῦσι τὰς βδελυρωτάτας;
               τῶν φύσεων, τῷ δὲ <note resp="ed" place="unspecified" anchored="yes">
<foreign lang="greek">δὲ</foreign> Emperius: <foreign lang="greek">δὴ</foreign>
</note> πείθειν καὶ δυσωπεῖν
<milestone unit="tlnum" n="10"/>
               πολλάκις κατεργάζονται καὶ τὰς ἐπιεικεῖς. ἐῶ δὲ τὰς εἰς τὰ χρήματα
               βλάβας ὑπὸ τοῦ δυσωπεῖσθαι, δανειζόντων οἷς ἀπιστοῦσιν ἐγγυωμένων οἷς
               οὐκ ἐθέλουσιν, ἐπαινούντων μὲν τὸ “ἐγγύα πάρα δʼ ἄτα” χρῆσθαι δʼ
               αὐτῷ παρὰ <note resp="ed" place="unspecified" anchored="yes">
<foreign lang="greek">παρὰ</foreign> R: <foreign lang="greek">περὶ</foreign>
</note> τὰ πράγματα μὴ δυναμένων.
<milestone unit="tlnum" n="15"/>
</p>
</div1>
<div1 type="section" n="4">
<p>ὅσους δʼ ἀνῄρηκε τοῦτο τὸ πάθος, οὐκ ἄν τις ἐξαριθμήσαιτο ῥᾳδίως.
               καὶ γὰρ ὁ Κρέων πρὸς τὴν Μήδειαν εἰπὼν
<milestone unit="stephpage" id="stephpage-530c" n="530c"/>
<quote rend="blockquote">
<l> κρεῖσσον δὲ μοι νῦν πρὸς σʼ ἀπέχθεσθαι, γύναι, </l>
<note resp="ed" place="unspecified" anchored="yes">Eur. Med. 290</note>
<l>ἢ μαλθακισθένθʼ ὕστερον μέγα στένειν </l>
</quote>
<milestone unit="tlnum" n="20"/> ἄλλοις ἐγνωμολόγησεν, αὐτὸς δὲ τῆς δυσωπίας
               ἥττων γενόμενος καὶ μίαν ἡμέραν αἰτουμένῃ δοὺς ἀπώλεσε τὸν οἶκον.
               ἔνιοι δὲ καὶ σφαγὰς ὑφορώμενοι καὶ φαρμακείας, διετράπησαν. οὕτω
               παραπώλετο Δίων, οὐκ ἀγνοήσας; ἐπιβουλεύοντα Κάλλιππον ἀλλʼ αἰσχυνθεὶς
<milestone unit="tlnum" n="25"/> φυλάττεσθαι φίλον ὄντα καὶ ξένον. οὕτως
                  <pb id="v.3.p.373"/> Ἀντίπατρος ὁ Κασάνδρου Δημήτριον καλέσας ἐπὶ
               δεῖπνον εἶτα κληθεὶς τῇ ὑστεραίᾳ πρὸς αὐτὸν ᾐδέσθη πεπιστευμένος
               ἀπιστεῖν, καὶ πορευθεὶς ἐσφάγη μετὰ τὸ
<milestone unit="stephpage" id="stephpage-530d" n="530d"/> δεῖπνον. Ἡρακλέα δὲ τὸν Ἀλεξάνδρῳ
               γενόμενον ἐκ
<milestone unit="tlnum" n="5"/>Βαρσίνης ὡμολόγησε μὲν Κασάνδρῳ
               Πολυσπέρχων ἀναιρήσειν ἐπὶ ταλάντοις ἑκατὸν εἶτʼ ἐπὶ δεῖπνον ἐκάλει·
               τοῦ δὲ μειρακίου τὴν κλῆσιν ὑφορωμένου καὶ δεδοικότος ἄλλως δὲ
               προφασιζομένου μαλακώτερον ἔχειν, ἐλθὼν ὁ Πολυσπέρχων “πρῶτον” <note resp="ed" place="unspecified" anchored="yes">
<foreign lang="greek">πρῶτον</foreign>] <foreign lang="greek">πρὸς αὐτὸν</foreign> Stegmannus</note> εἶπεν
<milestone unit="tlnum" n="10"/> “ὦ παῖ, μιμοῦ τοῦ πατρὸς τὸ εὔκολον καὶ φιλέταιρον, εἰ μὴ νὴ Δία
                  δέδοικας ἡμᾶς ὡς ἐπιβουλεύοντας.” αἰδεσθεὶς; οὖν ἠκολούθησεν ὁ
               νεανίσκος, οἱ δὲ δειπνίσαντες αὐτὸν ἐστραγγάλισαν. οὐ γελοῖον οὖν, ὥς
               φασί τινες, οὐδʼ ἀβέλτερον ἀλλὰ σοφὸν τὸ τοῦ
<milestone unit="tlnum" n="15"/>Ἡσιόδου <note resp="ed" place="unspecified" anchored="yes">
<foreign lang="greek">Ἡσιόδου</foreign>] OD 342</note>
<quote rend="blockquote"> τὸν φιλέοντʼ ἐπὶ δαῖτα καλεῖν τὸν δʼ
                  ἐχθρὸν ἐᾶσαι.
<milestone unit="stephpage" id="stephpage-530e" n="530e"/>
</quote> μὴ δυσωποῦ τὸν μισοῦντα μηδʼ ὑπαίκαλλε <note resp="ed" place="unspecified" anchored="yes">
<foreign lang="greek">ὑπαίκαλλε</foreign> *: <foreign lang="greek">ὑπέκβαλε</foreign>
</note> πιστεύειν δοκοῦντα· κληθήσῃ
               γὰρ καλέσας καὶ δειπνήσεις, ἂν δειπνίσῃς, ὥσπερ βαφὴν τὴν φυλάττουσαν
               ἀπιστίαν
<milestone unit="tlnum" n="20"/> μαλαχθεῖσαν αἰσχύνῃ προέμενος </p>
</div1>
<div1 type="section" n="5">
<p>ὡς οὖν πολλῶν κακῶν αἴτιον τὸ νόσημα τοῦτʼ ὂν πειρατέον ἀποβιάζεσθαι
               τῇ ἀσκήσει, πρῶτον ἀρξαμένους ὥσπερ οἱ τἄλλα μελετῶντες ἀπὸ τῶν
               μικρῶν καὶ μὴ σφόδρα δυσαντιβλέπτων· οἷον ἐν δείπνῳ προπίνει
<milestone unit="tlnum" n="25"/>
<milestone unit="stephpage" id="stephpage-530f" n="530f"/> τις ἅδην ἔχοντι· μὴ
               δυσωπηθῇς μηδὲ προσβιάσῃ σαυτόν, ἀλλὰ κατάθου τὸ ποτήριον. αὖθις <pb id="v.3.p.374"/> ἕτερος παρακαλεῖ κυβεύειν παρὰ πότον· μὴ δυσωπηθῇς·
               μηδὲ δείσῃς σκωπτόμενος· ἀλλʼ ὥσπερ Ξενοφάνης, Λάσου τοῦ Ἑρμιονέως μὴ
               βουλόμενον αὐτῷ συγκυβεύειν δειλὸν ἀποκαλοῦντος, ὡμολόγει καὶ πάνυ
<milestone unit="tlnum" n="5"/> δειλὸς εἶναι πρὸς τὰ αἰσχρὰ καὶ ἄτολμος.
               πάλιν ἀδολέσχῳ συνήντηκας ἐπιλαμβανομένῳ· καὶ περιπλεκομένῳ· μὴ
               δυσωπηθῇς ἀλλὰ διακόψας ἐπείγου καὶ
<milestone unit="stephpage" id="stephpage-531a" n="531a"/> πέραινε τὸ προκείμενον. αἱ γὰρ τοιαῦται
               φυγαὶ καὶ διακρούσεις, ἐν ἐλαφραῖς μέμψεσι τὴν μελέτην ἔχουσαι
<milestone unit="tlnum" n="10"/> τοῦ ἀδυσωπήτου, προεθίζουσιν ἡμᾶς ἐπὶ τὰ μείζονα.
               καὶ τὸ τοῦ Δημοσθένους ἐνταῦθα καλῶς ἔχει διαμνημονεύειν · τῶν γὰρ
               Ἀθηναίων ὡρμημένων Ἁρπάλῳ βοηθεῖν καὶ κορυσσομένων ἐπὶ τὸν
               Ἀλέξανδρον, ἐξαίφνης ἐπεφάνη Φιλόξενος ὁ τῶν ἐπὶ
<milestone unit="tlnum" n="15"/> θαλάττῃ πραγμάτων Ἀλεξάνδρου στρατηγός. ἐκπλαγέντος δὲ τοῦ
               δήμου καὶ σιωπῶντος διὰ τὸν φόβον, ὁ Δημοσθένης “τί ποιήσουσιν” ἔφη “τὸν ἥλιον ἰδόντες οἱ μὴ δυνάμενοι πρὸς τὸν λύχνον ἀντιβλέπειν;” τί γὰρ ποιήσεις ἐν πράγμασι μεγάλοις, βασιλέως
<milestone unit="tlnum" n="20"/> ἐντυγχάνοντος ἢ δήμου δυσωποῦντος, εἰ ποτήριον
<milestone unit="stephpage" id="stephpage-531b" n="531b"/> ἀπώσασθαι μὴ δύνασαι προπίνοντος συνήθους
               μηδʼ ἀδολέσχου λαβὴν διαφυγεῖν, ἀλλὰ παρέχεις ἐμπεριπατεῖν φλυάρῳ σαυτόν,
               οὐκ εὐτονῶν εἰπεῖν “ὄψομαί σʼ αὖθις, νῦν δʼ οὐ σχολάζω ;
<milestone unit="tlnum" n="25"/>” </p>
</div1>
<div1 type="section" n="6">
<p>καὶ μὴν οὐδʼ ἡ πρὸς τοὺς ἐπαίνους τοῦ ἀδυσωπήτου μελέτη καὶ ἄσκησις
               ἐν μικροῖς καὶ ἐλαφροῖς ἄχρηστός ἐστιν. οἷον ἐν συμποσίῳ φίλου
               κιθαρῳδὸς ᾄδει κακῶς ἢ πολλοῦ κωμῳδὸς ἐωνημένος ἐπιτρίβει Μένανδρον,
               οἱ δὲ πολλοὶ κροτοῦσι καὶ <pb id="v.3.p.375"/> θαυμάζουσιν·
<milestone unit="stephpage" id="stephpage-531c" n="531c"/> · οὐδὲν οἶμαι χαλεπὸν οὐδὲ
               δύσκολον ἀκούειν σιωπῇ καὶ μὴ παρὰ τὸ φαινόμενον ἀνελευθέρως ἐπαινεῖν.
               ἐὰν γὰρ ἐν τούτοις μὴ κρατῇς σαυτοῦ, τί ποιήσεις φίλου ποίημα φαῦλον
               ἀναγιγνώσκοντος ἢ
<milestone unit="tlnum" n="5"/> λόγον ἐπιδεικνυμένου
               γεγραμμένον ἀβελτέρως καὶ γελοίως; ἐπαινέσεις δηλονότι καὶ συνεπιθορυβήσεις
               τοῖς κολακεύουσι. πῶς οὖν ἐν πράγμασιν ἁμαρτάνοντος ἐπιλήψῃ; πῶς δὲ
               περὶ ἀρχὴν ἢ γάμον ἢ πολιτείαν ἀγνωμονοῦντα νουθετήσεις; ἐγὼ μὲν γὰρ
               οὐδὲ
<milestone unit="tlnum" n="10"/> τὸ τοῦ Περικλέους ἀποδέχομαι, πρὸς
               τὸν ἀξιοῦντα
<milestone unit="stephpage" id="stephpage-531d" n="531d"/> μαρτυρίαν
               ψευδῆ μαρτυρῆσαι φίλον, προσῆν καὶ ὅρκος, εἰπόντος “μέχρι τοῦ βωμοῦ
                  φίλος εἰμί·” λίαν γὰρ ἐγγὺς ἦλθεν. ὁ δὲ πόρρωθεν ἑαυτὸν ἐθίσας
               μήτε λέγοντος ἐπαινεῖν παρὰ γνώμην μήτε ᾅδοντος
<milestone unit="tlnum" n="15"/> κροτεῖν μήτε σκώπτοντος ἀφυῶς ἐπιγελᾶν, οὐκ ἐάσει μέχρι
               τούτου προελθεῖν οὐδʼ εἰπεῖν πρὸς τὸν ἐν ἐκείνοις ἀδυσώπητον “ὄμοσον
                  ὑπὲρ ἐμοῦ καὶ τὰ ψευδῆ μαρτύρησον καὶ ἀπόφηναι παρὰ τὸ δίκαιον.” </p>
</div1>
<div1 type="section" n="7">
<p>οὕτω δὲ δεῖ καὶ πρὸς τοὺς αἰτοῦντας ἀργύριον
<milestone unit="tlnum" n="20"/> ἀνταίρειν, προεθιζόμενον ἐν τοῖς μήτε μεγάλοις μήτε
               δυσπαραιτήτοις. Ἀρχέλαος μὲν γὰρ ὁ τῶν Μακεδόνων βασιλεὺς παρὰ δεῖπνον
               αἰτηθεὶς ἔκπωμα χρυσοῦν ὑπʼ ἀνθρώπου μηδὲν ἡγουμένου καλὸν ἢ
<milestone unit="stephpage" id="stephpage-531e" n="531e"/> τὸ λαμβάνειν, ἐκέλευσεν
               Εὐριπίδῃ τὸν παῖδα δοῦναι,
<milestone unit="tlnum" n="25"/> καὶ πρὸς τὸν
               ἄνθρωπον ἐκεῖνον ἀποβλέψας “σὺ μὲν” εἶπεν “αἰτεῖν ἐπιτήδειος
                  εἶ καὶ μὴ λαμβάνων, <note resp="ed" place="unspecified" anchored="yes">
<foreign lang="greek">λαμβάνων</foreign> *: <foreign lang="greek">λαμβάνειν</foreign>
</note> οὗτος δὲ λαμβάνειν καὶ μὴ αἰτῶν ἄριστα τοῦ <pb id="v.3.p.376"/> διδόναι καὶ χαρίζεσθαι κύριον ποιῶν τὸ κρῖνον ἀλλὰ
                  μὴ τὸ δυσωπούμενον. ἡμεῖς δὲ πολλάκις ἀνθρώπους ἐπιεικεῖς καὶ
                  οἰκείους καὶ δεομένους περιορῶντες ἑτέροις αἰτοῦσιν ἐνδελεχῶς καὶ
                  ἰταμῶς ἐδώκαμεν, οὐ
<milestone unit="tlnum" n="5"/> δοῦναι θελήσαντες ἀλλʼ
                  ἀρνήσασθαι μὴ δυνηθέντες. ὥσπερ Ἀντίγονος ὁ γέρων ὑπὸ Βίαντος
                  ἐνοχληθεὶς πολλάκις “δότ” ” εἶπε “Βίαντι <note resp="ed" place="unspecified" anchored="yes">
<foreign lang="greek">Βίαντος - Βίαντι</foreign>] <foreign lang="greek">Βίωνος - Βίωνι</foreign> Casaubonus</note> τάλαντον καὶ ἀνάγκῃ·
<milestone unit="stephpage" id="stephpage-531f" n="531f"/>” καίτοι μάλιστα τῶν βασιλέων ἐμμελὴς ἦν καὶ πιθανὸς ἀποτρίβεσθαι τὰ
               τοιαῦτα. κυνικοῦ γάρ ποτε
<milestone unit="tlnum" n="10"/> δραχμὴν αἰτήσαντος
               αὐτόν “ἀλλʼ οὐ βασιλικόν” ἔφη “τὸ δόμα·” τοῦ δʼ ὑποτυχόντος “δὸς οὖν μοι τάλαντον” ἀπήντησεν “ἀλλʼ οὐ κυνικὸν τὸ λῆμμα” Διογένης μὲν οὖν τοὺς ἀνδριάντας ᾔτει περιιὼν ἐν Κεραμεικῷ καὶ πρὸς
               τοὺς θαυμάζοντας ἔλεγεν ἀποτυγχάνειν
<milestone unit="tlnum" n="15"/> μελετᾶν
               ἡμῖν δὲ πρῶτον ἐμμελετητέον ἐστὶ τοῖς φαύλοις καὶ γυμναστέον περὶ τὰ
               μικρά, πρὸς τὸ ἀρνεῖσθαι <note resp="ed" place="unspecified" anchored="yes">
<foreign lang="greek">πρὸς τὸ ἀρνεῖσθαι περὶ τὰ μικρὰ</foreign> legisse vid. Amyotus</note> τοῖς <note resp="ed" place="unspecified" anchored="yes">
<foreign lang="greek">τοῖς</foreign>] <foreign lang="greek">τοῖς ἃ</foreign> Madvigius</note> αἰτοῦσιν οὐ προσηκόντως <note resp="ed" place="unspecified" anchored="yes">
<foreign lang="greek">οὐ προσηκόντως δὲ</foreign> an <foreign lang="greek">καὶ οῡ προσηκόντως</foreign>? Sed fortasse verba <foreign lang="greek">ληψομένοις - ἔχωμεν</foreign> omittenda sunt cum optimo codice D</note>
<milestone unit="stephpage" id="stephpage-532a" n="532a"/> ληψομένοις· ὡς ἂν μείζοσιν
               ἀποτεύξεσιν ἐπικουρεῖν ἔχωμεν. οὐδεὶς γάρ ὡς ὁ Δημοσθένης <note resp="ed" place="unspecified" anchored="yes">
<foreign lang="greek">Δημοσθένης</foreign>] 3, 19</note> φησὶν “εἰς
<milestone unit="tlnum" n="20"/> ἃ μὴ δεῖ καταναλώσας τὰ παρόντα τῶν
                  μὴ παρόντων εὐπορήσει πρὸς ἃ δεῖ.” γίγνεται δʼ ἡμῖν πολλαπλάσιον
               τὸ αἰσχρόν, ὅταν ἐλλίπωμεν πρὸς τὰ καλά, πλεονάσαντες τοῖς περιττοῖς.
            </p>
</div1>
<div1 type="section" n="8">
<p>ἐπεὶ δʼ οὐ χρημάτων μόνον ἡ δυσωπία κακὴ
<milestone unit="tlnum" n="25"/>
               καὶ ἀγνώμων οἰκονόμος ἐστίν, ἀλλὰ καὶ περὶ τὰ <pb id="v.3.p.377"/>
               μείζονα παραιρεῖται τὸ συμφέρον τοῦ λογισμοῦ· <note resp="ed" place="unspecified" anchored="yes">
<foreign lang="greek">τοῦ λογισμοῦ</foreign>] <foreign lang="greek">τὸν λογισμόν</foreign> R</note> καὶ γὰρ ἰατρὸν νοσοῦντες οὐ
               παρακαλοῦμεν τὸν ἔμπειρον αἰσχυνόμενοι τὸν συνήθη, καὶ παισὶ διδασκάλους
<milestone unit="stephpage" id="stephpage-532b" n="532b"/> ἀντὶ τῶν χρηστῶν
               τοὺς παρακαλοῦντας αἱρούμεθα,
<milestone unit="tlnum" n="5"/> καὶ δίκην
               ἔχοντες πολλάκις οὐκ ἐῶμεν εἰπεῖν τὸν ὠφέλιμον καὶ ἀγοραῖον, ἀλλʼ
               οἰκείου τινὸς ἢ συγγενοῦς υἱῷ χαριζόμενοι παρεδώκαμεν ἐμπανηγυρίσαι·
               τέλος δὲ πολλοὺς ἔστιν ἰδεῖν καὶ τῶν φιλοσοφεῖν λεγομένων, Ἐπικουρείους
               καὶ Στωικοὺς ὄντας, οὐχ
<milestone unit="tlnum" n="10"/> ἑλομένους οὐδὲ
               κρίναντας ἀλλὰ προσθεμένους δυσωποῦσιν οἰκείοις καὶ φίλοις· φέρε δὴ καὶ
               πρὸς ταῦτα πόρρωθεν ἐν τοῖς ἐπιτυχοῦσι καὶ μικροῖς γυμνάζωμεν ἑαυτούς,
               ἐθίζοντες μήτε κουρεῖ μήτε γναφεῖ κατὰ δυσωπίαν χρῆσθαι μηδὲ <note resp="ed" place="unspecified" anchored="yes">
<foreign lang="greek">μηδὲ</foreign> *: <foreign lang="greek">μήτε</foreign>
</note> καταλύειν·
               ἐν φαύλῳ
<milestone unit="tlnum" n="15"/> πανδοκείῳ, βελτίονος παρόντος, ὅτι
               πολλάκις ὁ πανδοκεὺς
<milestone unit="stephpage" id="stephpage-532c" n="532c"/>
               ἠσπάσαθʼ ἡμᾶς· ἀλλʼ ἔθους ἕνεκα, κἂν ᾖ παρὰ μικρόν, αἱρεῖσθαι τὸ
               βέλτιον· ὥσπερ οἱ Πυθαγορικοὶ παρεφύλαττον ἀεὶ μηδέποτε τῷ δεξιῷ μηρῷ
               τὸν εὐώνυμον ἐπιτιθέναι, μηδὲ τὸν ἄρτιον ἀντὶ τοῦ
<milestone unit="tlnum" n="20"/> περιττοῦ λαβεῖν, τῶν ἄλλων ἐπʼ ἴσης ἐχόντων. ἐθιστέον δέ,
               καὶ θυσίαν ποιούμενον ἢ γάμον ἤ τινα ἄλλην τοιαύτην ὑποδοχὴν μὴ τὸν
               ἀσπασάμενον καλεῖν ἢ προσδραμόντα μᾶλλον ἢ τὸν εὔνουν καὶ χρηστόν· ὁ
               γὰρ οὕτως ἐθισθεὶς καὶ ἀσκήσας δυσάλωτος
<milestone unit="tlnum" n="25"/>
               ἔσται, μᾶλλον δʼ ὅλως ἀνεπιχείρητος ἐν τοῖς μείζοσι.
<milestone unit="stephpage" id="stephpage-532d" n="532d"/>
</p>
</div1>
<div1 type="section" n="9">
<p>περὶ μὲν οὖν ἀσκήσεως ἱκανὰ καὶ ταῦτα· τῶν δὲ χρησίμων ἐπιλογισμῶν
               πρῶτός ἐστιν ὁ διδάσκων <pb id="v.3.p.378"/> καὶ ὑπομιμνήσκων, ὅτι πᾶσι
               μὲν τοῖς πάθεσιν ἀκολουθεῖ καὶ τοῖς νοσήμασιν ἃ φεύγειν διʼ αὐτῶν
               δοκοῦμεν, ἀδοξίαι φιλοδοξίαις καὶ λῦπαι φιληδονίαις καὶ πόνοι μαλακίαις
               καὶ φιλονικίαις <note resp="ed" place="unspecified" anchored="yes">
<foreign lang="greek">φιλονικίαις</foreign> *: <foreign lang="greek">φιλονεικίαις</foreign>
</note> ἧτται καὶ καταδίκαι·
<milestone unit="tlnum" n="5"/> τῇ δὲ
               δυσωπίᾳ συμβέβηκεν ἀτεχνῶς φευγούσῃ καπνὸν ἀδοξίας <note resp="ed" place="unspecified" anchored="yes">
<foreign lang="greek">ἀδοξίας</foreign>] del. Stegmannus</note> εἰς πῦρ ἐμβάλλειν
               ἑαυτήν. αἰσχυνόμενοι γὰρ ἀντιλέγειν τοῖς ἀγνωμόνως δυσωποῦσιν ὕστερον
               δυσωποῦνται τοὺς δικαίως ἐγκαλοῦντας, καὶ
<milestone unit="tlnum" n="10"/>
<milestone unit="stephpage" id="stephpage-532e" n="532e"/> δεδιότες μέμψιν
               ἐλαφρὰν πολλάκις αἰσχύνην ὁμολογουμένην ὑπομένουσι. καὶ γὰρ αἰτοῦντος
               ἀργύριον φίλου δυσωπηθέντες ἀντειπεῖν οὐκ ἔχοντες, ἀσχημονοῦσι μετʼ
               ὀλίγον ἐξελεγχόμενοι καὶ βοηθήσειν ὁμολογήσαντες ἐνίοις δίκην ἔχουσιν,
               εἶτα τοὺς ἑτέρους διατραπέντες ἀποκρύπτονται καὶ δραπετεύουσι.
<milestone unit="tlnum" n="15"/> πολλοὺς δὲ καὶ περὶ γάμου θυγατρὸς <note resp="ed" place="unspecified" anchored="yes">
<foreign lang="greek">θυγατρὸς</foreign> *: <foreign lang="greek">καὶ θυγατρὸς</foreign>
</note> ἢ ἀδελφῆς εἰς
               ὁμολογίαν ἀλυσιτελῆ κατακλείσασα δυσωπία ψεύδεσθαι πάλιν ἀναγκάζει
               μετατιθεμένους. </p>
</div1>
<div1 type="section" n="10">
<p>ὁ μὲν γὰρ εἰπών, ὅτι πάντες οἱ τὴν Ἀσίαν κατοικοῦντες ἑνὶ
               δουλεύουσιν ἀνθρώπῳ διὰ τὸ μὴ
<milestone unit="tlnum" n="20"/>
<milestone unit="stephpage" id="stephpage-532f" n="532f"/> δύνασθαι μίαν εἰπεῖν
               τὴν “οὐ” συλλαβήν, οὐκ ἐσπούδασεν ἀλλʼ ἔσκωψε· τοῖς δὲ
               δυσωπουμένοις, κἂν μηδὲν εἴπωσιν, ἔξεστιν ὀφρῦν ἐπάρασι μόνον ἢ κάτω
               κύψασι πολλὰς ἀβουλήτους καὶ ἀτόπους ὑπουργίας διαφυγεῖν. “τὴν γὰρ
                  σιωπὴν” ὁ μὲν Εὐριπίδης <note resp="ed" place="unspecified" anchored="yes">
<foreign lang="greek">Εὐριπίδης</foreign>] Nauck. p. 675</note> φησὶ
<milestone unit="tlnum" n="25"/> “τοῖς σοφοῖς ἀπόκρισιν” εἶναι· κινδυνεύομεν δὲ μᾶλλον αὐτῆς δεῖσθαι
               πρὸς τοὺς ἀγνώμονας· ἐπεὶ τοὺς <pb id="v.3.p.379"/>. χαρίεντας ἔστι καὶ
               παρηγορῆσαι· καὶ πρόχειρά γε δεῖ καὶ συχνὰ τῶν ἐπιφανῶν καὶ ἀγαθῶν
               ἀνδρῶν ἔχειν ἀποφθέγματα καὶ μνημονεύειν πρὸς τοὺς δυσωποῦντας·
<milestone unit="stephpage" id="stephpage-533a" n="533a"/> οἷον τὸ Φωκίωνος πρὸς
               Ἀντίπατρον “οὐ
<milestone unit="tlnum" n="5"/> δύνασαί μοι καὶ φίλῳ
                  χρῆσθαι καὶ κόλακι” καὶ πρὸς τοὺς Ἀθηναίους ἐπιδοῦναι κελεύοντας
               αὐτὸν ἐν ἑορτῇ καὶ κροτοῦντας “αἰσχύνομαι” εἶπεν ὑμῖν “μὲν
                  ἐπιδιδοὺς τούτῳ δὲ μὴ ἀποδιδούσ” Καλλικλέα δείξας τὸν δανειστήν· “πενίαν γὰρ οὐχ ὁμολογεῖν αἰσχρὸν
<milestone unit="tlnum" n="10"/>” ὡς Θουκυδίδης <note resp="ed" place="unspecified" anchored="yes">
<foreign lang="greek">Θουκυδίδης</foreign>] 2, 40</note> φησὶν “ἀλλʼ ἔργῳ μὴ διαφεύγειν αἴσχιον” ὁ δʼ
               ἀβελτερίᾳ καὶ μαλακίᾳ πρὸς τὸν αἰτοῦντα δυσωπούμενος εἰπεῖν <quote rend="blockquote"> οὐκ ἔστʼ ἐν ἄντροις λευκός, ὦ ξένʼ, ἄργυρος·
               </quote>
<note resp="ed" place="unspecified" anchored="yes">Nauck. p. 913. Kock. 3 p. 613</note> εἶθʼ ὥσπερ ἐνέχυρον προέμενος; τὴν ἐπαγγελίαν,
<milestone unit="tlnum" n="15"/>
<quote rend="blockquote"> αἰδοῦς ἀχαλκεύτοισιν ἔζευκται πέδαις. <note resp="ed" place="unspecified" anchored="yes">Nauck. p. 549</note>
<milestone unit="stephpage" id="stephpage-533b" n="533b"/>
</quote> ὁ δὲ Περσαῖος ἀργύριόν τινι τῶν γνωρίμων δανείζων διʼ ἀγορᾶς
               καὶ τραπέζης ἐποιεῖτο τὸ συμβόλαιον μεμνημένος δηλονότι τοῦ Ἡσιόδου <note resp="ed" place="unspecified" anchored="yes">
<foreign lang="greek">Ἡσιόδου</foreign>] OD 371</note>
               λέγοντος; <quote rend="blockquote"> καί τε κασιγνήτῳ γελάσας ἐπὶ μάρτυρα
                  θέσθαι.
<milestone unit="tlnum" n="20"/>
</quote> θαυμάσαντος δʼ ἐκείνου καὶ εἰπόντος “οὕτως, ὦ Περσαῖε,
                  νομικῶς;ʼ” “ναί” εἶπεν “ἵνα φιλικῶς ἀπολάβω καὶ μὴ νομικῶς ἀπαιτήσω” πολλοὶ γὰρ ἐν ἀρχῇ διὰ δυσωπίαν προέμενοι τὸ πιστόν, ὕστερον ἐχρήσαντο
               τοῖς νομίμοις μετʼ ἔχθρας
<milestone unit="tlnum" n="25"/>
</p>
</div1>
<div1 type="section" n="11">
<p> πάλιν ὁ Πλάτων <note resp="ed" place="unspecified" anchored="yes">
<foreign lang="greek">Πλάτων</foreign>] Epist. 13, 360d</note> Ἑλίκωνι τῷ Κυζικηνῷ διδοὺς πρὸς Διονύσιον ἐπιστολὴν
               ἐπῄνεσεν αὐτὸν ὡς <pb id="v.3.p.380"/>
<milestone unit="stephpage" id="stephpage-533c" n="533c"/> ἐπιεικῆ καὶ μέτριον,
               εἶτα προσέγραψε τῇ ἐπιστολῇ τελευτώσῃ “γράφω δέ σοι ταῦτα περὶ
                  ἀνθρώπου, ζῴου φύσει εὐμεταβόλου” Ξενοκράτης δὲ καίπερ αὐστηρὸς
               ὢν τὸν τρόπον ὅμως ὑπὸ δυσωπίας ἐκάμφθη,
<milestone unit="tlnum" n="5"/>
               καὶ συνέστησε Πολυσπέρχοντι διʼ ἐπιστολῆς ἄνθρωπον οὐ χρηστόν, ὡς τὸ
               ἔργον ἔδειξε· δεξιωσαμένου δʼ αὐτὸν τοῦ Μακεδόνος καὶ πυθομένου μή τινος
               ἔχοι χρείαν, ᾔτησε τάλαντον· ὁ δʼ ἐκείνῳ μὲν ἔδωκε Ξενοκράτει δʼ
               ἔγραψε, παραινῶν ἐπιμελέστερον τὸ
<milestone unit="tlnum" n="10"/> λοιπὸν
               ἐξετάζειν οὓς συνίστησιν. ὁ μὲν οὖν Ξενοκράτης ἠγνόησεν, ἡμεῖς δὲ
               καὶ πάνυ πολλάκις ἐπιστάμενοι τοὺς πονηροὺς καὶ γράμματα καὶ χρήματα
<milestone unit="stephpage" id="stephpage-533d" n="533d"/> προϊέμεθα,
               βλάπτοντες ἑαυτούς, οὐ μεθʼ ἡδονῆς ὥσπερ οἱ ταῖς ἑταίραις χαριζόμενοι
               καὶ τοῖς κόλαξιν,
<milestone unit="tlnum" n="15"/> ἀλλὰ δυσχεραίνοντες καὶ
               βαρυνόμενοι τὴν ἀναίδειαν ἀνατρέπουσαν ἡμῶν καὶ καταβιαζομένην τὸν
               λογισμόν. εἰ γὰρ πρὸς ἄλλο τι καὶ πρὸς τοὺς δυσωποῦντας ἔξεστιν εἰπεῖν
               τὸ <quote rend="blockquote"> μανθάνω μὲν οἷα δρᾶν μέλλω κακά </quote>
<note resp="ed" place="unspecified" anchored="yes">Eur. Med. 1078</note>
<milestone unit="tlnum" n="20"/> τὰ ψευδῆ μαρτυρῶν ἢ τὰ μὴ δίκαια κρίνων ἢ
               τὰ μὴ συμφέροντα χειροτονῶν ἢ δανειζόμενος ὑπὲρ τοῦ μὴ ἀποδώσοντος. </p>
</div1>
<div1 type="section" n="12">
<p> διὸ τῶν παθῶν μάλιστα τῷ δυσωπεῖσθαι τὸ μετανοεῖν οὐχ ὕστερον, ἀλλʼ
               εὐθὺς ἐν οἷς πράττει
<milestone unit="tlnum" n="25"/> πάρεστι· καὶ γὰρ
               διδόντες ἀχθόμεθα καὶ μαρτυροῦντες αἰσχυνόμεθα καὶ συνηγοροῦντες <note resp="ed" place="unspecified" anchored="yes">
<foreign lang="greek">συνηγοροῦντες</foreign> W: <foreign lang="greek">συνεργοῦντες</foreign>
</note> ἀδοξοῦμεν
<milestone unit="stephpage" id="stephpage-533e" n="533e"/> καὶ μὴ παρέχοντες
               ἐλεγχόμεθα. πολλὰ γὰρ ὑπʼ <pb id="v.3.p.381"/> ἀσθενείας τοῦ ἀντιλέγειν
               καὶ τῶν ἀδυνάτων ἡμῖν ὑπισχνούμεθα τοῖς λιπαροῦσιν <note resp="ed" place="unspecified" anchored="yes">
<foreign lang="greek">λιπαροῦσν</foreign> M: <foreign lang="greek">ἀεὶ παροῦσιν</foreign>
</note> ὡς συστάσεις ἐν
               αὐλαῖς καὶ πρὸς ἡγεμόνας ἐντεύξεις, μὴ βουλόμενοι μηδʼ εὐτονοῦντες
               εἰπεῖν “οὐκ οἶδεν ἡμᾶς ὁ βασιλεύς, ἀλλʼ
<milestone unit="tlnum" n="5"/>
                  ἑτέρους ὅρα <note resp="ed" place="unspecified" anchored="yes">
<foreign lang="greek">ὅρα</foreign> Madvigius: <foreign lang="greek">ὁρᾷ</foreign>
</note> μᾶλλον,” <note resp="ed" place="unspecified" anchored="yes">cf. Kock. 3 p. 447</note> ὡς Λύσανδρος Ἀγησιλάῳ προσκεκρουκὼς
<milestone unit="stephpage" id="stephpage-533f" n="533f"/> ἀξιούμενος δὲ
               μέγιστον δύνασθαι παρʼ αὐτῷ διὰ τὴν δόξαν, οὐκ ᾐσχύνετο παραιτεῖσθαι
               τοὺς ἐντυγχάνοντας, ἀπιέναι πρὸς ἑτέρους κελεύων καὶ πειρᾶσθαι τῶν
               μᾶλλον αὐτοῦ παρὰ τῷ βασιλεῖ
<milestone unit="tlnum" n="10"/> δυναμένων. οὐ
               γὰρ αἰσχρὸν τὸ μὴ πάντα δύνασθαι· τὸ δὲ μὴ δυναμένους ἢ μὴ πεφυκότας
               ἀναδέχεσθαι τὰ τοιαῦτα καὶ παραβιάζεσθαι, πρὸς τῷ αἰσχρῷ καὶ
               λυπηρότατόν ἐστιν. </p>
</div1>
<div1 type="section" n="13">
<p>ἀπʼ ἄλλης δʼ ἀρχῆς· τὰ μὲν μέτρια καὶ πρέποντα
<milestone unit="tlnum" n="15"/>
<milestone unit="stephpage" id="stephpage-534a" n="534a"/> δεῖ προθύμως ὑπουργεῖν
               τοῖς ἀξιοῦσι, μὴ δυσωπουμένους ἀλλʼ ἑκόντας· <note resp="ed" place="unspecified" anchored="yes">
<foreign lang="greek">ἑκόντας</foreign> M: <foreign lang="greek">εἰκοντας</foreign>
</note> ἐν δὲ τοῖς βλαβεροῖς καὶ
               ἀτόποις τὸ τοῦ Ζήνωνος ἀεὶ πρόχειρον ἔχειν, ὃς ἀπαντήσας τινὶ
               νεανίσκῳ τῶν συνήθων παρὰ τὸ τεῖχος ἡσυχῆ βαδίζοντι, καὶ πυθόμενος ὅτι
               φεύγει
<milestone unit="tlnum" n="20"/> φίλον ἀξιοῦντα μαρτυρεῖν αὐτῷ τὰ
               ψευδῆ “τί λέγεισ” φησὶν “ἀβέλτερε; σὲ μὲν ἐκεῖνος ἀγνωμονῶν καὶ
                  ἀδικῶν οὐ δέδιεν οὐδʼ αἰσχύνεται, σὺ δʼ ἐκεῖνον ὑπὲρ τῶν δικαίων οὐ
                  θαρρεῖς ὑποστῆναι;ʼ” ὁ μὲν γὰρ εἰπὼν
<milestone unit="tlnum" n="25"/>
<quote rend="blockquote">ποτὶ πονηρὸν οὐκ ἄχρηστον ὅπλον ἁ πονηρία
<milestone unit="stephpage" id="stephpage-534b" n="534b"/>
</quote>
<note resp="ed" place="unspecified" anchored="yes">Lorenz. p. 302</note> κακῶς ἐθίζει μιμούμενον ἀμύνεσθαι τὴν κακίαν· τὸ <pb id="v.3.p.382"/> δὲ τοὺς ἀναιδῶς καὶ ἀδυσωπήτως ἐνοχλοῦντας ἀποτρίβεσθαι τῷ
               ἀδυσωπήτῳ καὶ μὴ χαρίζεσθαι τὰ αἰσχρὰ τοῖς ἀναισχύντοις αἰσχυνόμενον,
               ὀρθῶς καὶ δικαίως γιγνόμενόν ἐστιν ὑπὸ τῶν νοῦν ἐχόντων.
<milestone unit="tlnum" n="5"/>
</p>
</div1>
<div1 type="section" n="14">
<p>ἔτι τοίνυν τῶν δυσωπούντων τοῖς μὲν ἀδόξοις καὶ ταπεινοῖς καὶ μηδενὸς
               ἀξίοις οὐ μέγʼ ἔργον ἀντισχεῖν, ἀλλὰ καὶ μετὰ γέλωτος ἔνιοι καὶ
               σκώμματος ἐκκλίνουσι τοὺς τοιούτους ὡς Θεόκριτος, δυεῖν παρʼ αὐτοῦ ἐν
               βαλανείῳ στλεγγίδα κιχραμένων,
<milestone unit="tlnum" n="10"/> τοῦ μὲν ξένου
               τοῦ δὲ γνωρίμου κλέπτου, μετὰ παιδιᾶς ἀμφοτέρους διεκρούσατʼ εἰπών “σὲ
                  μὲν οὐκ
<milestone unit="stephpage" id="stephpage-534c" n="534c"/> οἶδα σὲ δʼ
                  οἶδα” Λυσιμάχη δʼ Ἀθήνησιν, ἡ τῆς Πολιάδος; ἱέρεια, τῶν τὰ
               ἱερὰ προσαγαγόντων ὀρεωκόμων ἐγχέαι κελευόντων, “ἀλλʼ ὀκνῶ” εἶπε “μὴ καὶ
<milestone unit="tlnum" n="15"/> τοῦτο πάτριον γένηται” καὶ
               Ἀντίγονος πρός τινα νεανίσκον, γεγονότα μὲν ἐκ λοχαγοῦ χαρίεντος αὐτὸν δʼ
               ἄτολμον ὄντα καὶ μαλακὸν ἀξιοῦντα δὲ προαχθῆναι, “παρʼ ἐμοί” φησὶν “ὦ μειράκιον, ἀνδραγαθίας εἰσὶν οὐ πατραγαθίας τιμαί.
<milestone unit="tlnum" n="20"/>” </p>
</div1>
<div1 type="section" n="15">
<p>καὶ μὴν ἐάνπερ ὁ δυσωπῶν ἔνδοξος καὶ δυνατὸς ʽ οἳ δὴ μάλιστα
               δυσπαραίτητοι καὶ δυσαπότριπτοι <note resp="ed" place="unspecified" anchored="yes">
<foreign lang="greek">δυσαπότριπτοι</foreign> R: <foreign lang="greek">δυσαπότρεπτοι</foreign>
</note> περὶ τὰς κρίσεις καὶ τὰς χειροτονίας
               ἐντυγχάνοντὲς εἰσιν̓, ὃ μὲν ἔπραξεν ὁ Κάτων νέος ὢν
<milestone unit="stephpage" id="stephpage-534d" n="534d"/> ἔτι πρὸς Κάτλον,
               οὐκ ἄν τινι φανείη ῥᾴδιον ἴσως
<milestone unit="tlnum" n="25"/> οὐδʼ
               ἀναγκαῖον. ὁ γὰρ Κάτλος ἦν μὲν ἐν ἀξιώματι τῶν Ῥωμαίων μεγίστῳ καὶ
               τότε τὴν τιμητικὴν ἀρχὴν εἶχεν ἀνέβη δὲ πρὸς τὸν Κάτωνα τεταγμένον
               ἐπὶ τοῦ δημοσίου ταμιείου παραιτησόμενός τινα τῶν <pb id="v.3.p.383"/>
               ἐζημιωμένων ὑπʼ αὐτοῦ, καὶ λιπαρὴς ἐγίγνετο ταῖς δεήσεσι προσβιαζόμενος·
               ἄχρι οὗ δυσανασχετήσας ἐκεῖνος “αἰσχρόν ἐστιν” ἔφη “Κάτλε, σὲ
                  τὸν τιμητὴν ἀπαλλαγῆναι μὴ βουλόμενον ἐντεῦθεν ὑπὸ τῶν ἐμῶν
<milestone unit="tlnum" n="5"/> ὑπηρετῶν ἕλκεσθαι·” καὶ ὁ Κάτλος
               αἰσχυνθείς, πρὸς ὀργὴν ἀπῆλθε. σκόπει δὲ μὴ τὸ τοῦ Ἀγησιλάου καὶ
<milestone unit="stephpage" id="stephpage-534e" n="534e"/> τὸ τοῦ
               Θεμιστοκλέους ἐπιεικέστερόν ἐστι, καὶ μετριώτερον. ὁ μὲν γὰρ Ἀγησίλαος
               ὑπὸ τοῦ πατρὸς κελευόμενος κρῖναί τινα δίκην παρὰ τὸν νόμον, “ἀλλʼ
                  ὑπὸ
<milestone unit="tlnum" n="10"/> σοῦ·” ἔφη “πάτερ, πείθεσθαι τοῖς
                     νόμοις ἐδιδασκόμην ἀπʼ ἀρχῆς· διὸ καὶ νῦν σοι πείθομαι μηδὲν ποιεῖν <note resp="ed" place="unspecified" anchored="yes">
<foreign lang="greek">ποιῶν</foreign> Matthaeus</note>
                  παράνομον” ὁ δὲ Θεμιστοκλῆς πρὸς τὸν Σιμωνίδην ἀξιοῦντά τι τῶν μὴ
               δικαίων “οὔτʼ ἂν σὺ ποιητὴς ἀγαθὸς εἴησ” ἔφη “παρὰ μέλος·
                  ᾄδων, οὔτʼ
<milestone unit="tlnum" n="15"/> ἂν ἐγὼ χρηστὸς ἄρχων παρὰ
                  νόμον κρίνων.” </p>
</div1>
<div1 type="section" n="16">
<p> καίτοι οὐ διὰ τὴν τοῦ ποδὸς πρὸς τὴν λύραν ἀμετρίαν, <note resp="ed" place="unspecified" anchored="yes">
<foreign lang="greek">τοῦ ποδὸς - ἀμετρίαν</foreign>] vid. p. 439 c</note> ὡς Πλάτων
               ἔλεγε, καὶ πόλεις πόλεσι
<milestone unit="stephpage" id="stephpage-534f" n="534f"/> καὶ φίλοι φίλοις διαφερόμενοι τὰ κάκιστα δρῶσί τε καὶ
               πάσχουσιν ἀλλὰ διὰ τὴν περὶ τὰ νόμιμα καὶ
<milestone unit="tlnum" n="20"/>
               δίκαια πλημμέλειαν. ἀλλʼ ὅμως ἔνιοι τὴν ἐν μέλεσι καὶ γράμμασι καὶ
               μέτροις ἀκρίβειαν αὐτοὶ φυλάττοντες ἑτέρους ἐν ἀρχαῖς καὶ κρίσεσι καὶ
               πράξεσιν ἀξιοῦσιν ὀλιγωρεῖν τοῦ καλῶς ἔχοντος. διὸ καὶ τούτῳ μάλιστα
               χρηστέον πρὸς αὐτούς. ἐντυγχάνει σοι δικάζοντι
<milestone unit="tlnum" n="25"/> ῥήτωρ ἢ βουλεύοντι δημαγωγός· ὁμολόγησον, ἐὰν ἐκεῖνος σολοικίσῃ
               προοιμιαζόμενος ἢ βαρβαρίσῃ διηγούμενος· οὐ γὰρ ἐθελήσει διὰ τὸ
               φαινόμενον αἰσχρόν· ἐνίους γοῦν ὁρῶμεν οὐδὲ φωνήεντι <pb id="v.3.p.384"/>
               συγκροῦσαι
<milestone unit="stephpage" id="stephpage-535a" n="535a"/> φωνῆεν ἐν
               τῷ λέγειν ὑπομένοντας. ἕτερον πάλιν δυσωποῦντα τῶν ἐπιφανῶν καὶ
               ἐνδόξων κέλευσον ὀρχούμενον διʼ ἀγορᾶς ἐξελθεῖν ἢ διαστρέψαντα τὸ
               πρόσωπον · ἐὰν δʼ ἀρνῆται , σός ἐστιν ὁ
<milestone unit="tlnum" n="5"/>
               καιρὸς εἰπεῖν καὶ πυθέσθαι, τί αἴσχιόν ἐστι; τὸ σολοικίσαι καὶ
               διαστρέψαι τὸ πρόσωπον ἢ τὸ λῦσαι τὸν νόμον καὶ παραβῆναι τὸν ὅρκον
               καὶ πλέον νεῖμαι τῷ πονηρῷ τοῦ ἀγαθοῦ παρὰ τὸ δίκαιον. ἔτι τοίνυν,
               ὥσπερ Νικόστρατος ὁ Ἀργεῖος, Ἀρχιδάμου
<milestone unit="tlnum" n="10"/>
               παρακαλοῦντος αὐτὸν ἐπὶ χρήμασι πολλοῖς καὶ γάμῳ γυναικὸς ἧς βούλεται
               Λακαίνης προδοῦναι Κρῶμνον, οὐκ ἔφη γεγονέναι τὸν Ἀρχίδαμον ἀφʼ
               Ἡρακλέους
<milestone unit="stephpage" id="stephpage-535b" n="535b"/> ἐκεῖνον
               μὲν γὰρ ἀποκτιννύναι περιιόντα τοὺς πονηρούς, τοῦτον δὲ τοὺς χρηστοὺς
               ποιεῖν πονηρούς·
<milestone unit="tlnum" n="15"/> οὕτω καὶ ἡμῖν πρὸς
               ἄνθρωπον ἀξιοῦντα καλὸν κἀγαθὸν λέγεσθαι ῥητέον, ἂν βιάζηται καὶ
               δυσωπῇ, μὴ πρέποντα ποιεῖν μηδʼ ἄξια τῆς περὶ αὐτὸν εὐγενείας τε καὶ
               ἀρετῆς. </p>
</div1>
<div1 type="section" n="17">
<p>ἐπὶ δὲ τῶν φαύλων ὁρᾶν χρὴ καὶ διανοεῖσθαι,
<milestone unit="tlnum" n="20"/> τὸν φιλάργυρον εἰ δυσωπήσεις ἄνευ συμβολαίου δανεῖσαι τάλαντον ἢ τὸν
               φιλότιμον ἐκστῆναι τῆς προεδρίας, ἢ τὸν φίλαρχον τῆς παραγγελίας
               ἐπίδοξον ὄντα κρατήσειν. δεινὸν γὰρ ἂν ἀληθῶς φανείη
<milestone unit="stephpage" id="stephpage-535c" n="535c"/> τούτους μὲν ἐν νοσήμασι καὶ
               παθήμασιν ἀκάμπτους
<milestone unit="tlnum" n="25"/> διαμένειν καὶ ἐχυροὺς
               καὶ δυσμεταθέτους, ἡμᾶς δὲ βουλομένους καὶ φάσκοντας εἶναι φιλοκάλους καὶ
               φιλοκάλους μὴ κρατεῖν ἑαυτῶν ἀλλʼ ἀνατρέπεσθαι καὶ προΐεσθαι τὴν
               ἀρετήν. καὶ γάρ, εἰ μὲν οἱ δυσωποῦντες ἐπὶ δόξῃ καὶ δυνάμει τοῦτο
               ποιοῦσιν <pb id="v.3.p.385"/> ἄτοπόν ἐστι κοσμοῦντας ἑτέρους καὶ αὔξοντας
               ἀσχημονεῖν αὐτοὺς καὶ κακῶς ἀκούειν· ὥσπερ οἱ παραβραβεύοντες ἐν τοῖς
               ἀγῶσι καὶ χαριζόμενοι περὶ τὰς χειροτονίας, ἐξ οὐ προσηκόντων ἀρχεῖα καὶ
               στεφάνους
<milestone unit="tlnum" n="5"/> ἄλλοις διδόντες <note resp="ed" place="unspecified" anchored="yes">
<foreign lang="greek">διδόντες</foreign> addidi cum R</note> καὶ δόξαν,
               ἀφαιροῦνται τὸ ἔνδοξον αὑτῶν καὶ τὸ καλόν· εἰ δὲ χρημάτων ἕνεκα
<milestone unit="stephpage" id="stephpage-535d" n="535d"/> προσκείμενον ὁρῶμεν
               τὸν δυσωποῦντα, πῶς οὐ παρίσταται δεινὸν εἶναι τὸ τῆς ἰδίας δόξης καὶ
               ἀρετῆς ἀφειδεῖν, ἵνα τὸ τοῦ δεῖνος βαλλάντιον βαρύτερον
<milestone unit="tlnum" n="10"/> γένηται; καίτοι παρίσταταί γε τοῖς πολλοῖς τὰ
               τοιαῦτα καὶ οὐ λανθάνουσιν ἑαυτοὺς ἐξαμαρτάνοντες· ὥσπερ οἱ τὰς μεγάλας
               κύλικας ἐκπιεῖν ἀναγκαζόμενοι, μόλις καὶ στένοντες καὶ τὰ πρόσωπα
               διαστρέφοντες ἐκτελοῦσι τὸ προσταττόμενον.
<milestone unit="tlnum" n="15"/>
</p>
</div1>
<div1 type="section" n="18">
<p> ἀλλʼ ἔοικεν ἡ τῆς ψυχῆς ἀτονία σώματος κράσει καὶ πρὸς ἀλέαν κακῶς
               πεφυκυίᾳ καὶ πρὸς κρύος· ἐπαινούμενοί τε γὰρ ὑπὸ τῶν δυσωπούντων
               παντάπασι θρύπτονται καὶ χαλῶνται, πρός τε τὰς μέμψεις καὶ ὑφοράσεις τῶν
               ἀποτυγχανόντων ψοφοδεῶς
<milestone unit="tlnum" n="20"/>
<milestone unit="stephpage" id="stephpage-535e" n="535e"/> καὶ δειλῶς ἔχουσι.
               δεῖ δʼ ἀντισχυρίζεσθαι πρὸς· ἀμφότερα, μήτε τοῖς δεδιττομένοις μήτε τοῖς
               κολακεύουσιν ἐνδιδόντας. ὁ μὲν οὖν Θουκυδίδης, <note resp="ed" place="unspecified" anchored="yes">
<foreign lang="greek">Θουκυδίδης</foreign>] 2, 64</note> ὡς ἀναγκαίως ἑπομένου
               τῷ δύνασθαι τοῦ φθονεῖσθαι, “καλῶσ” φησὶ “βουλεύεσθαι τὸν ἐπὶ·
                  μεγίστοις λαμβάνοντα
<milestone unit="tlnum" n="25"/> τὸ ἐπίφθονον·” ἡμεῖς δὲ τὸν μὲν φθόνον διαφεύγειν οὐ <note resp="ed" place="unspecified" anchored="yes">
<foreign lang="greek">οὐ</foreign>] del. primus Erasmus, male</note> χαλεπὸν ἡγούμενοι, τὸ· δὲ μέμψει
               μὴ περιπεσεῖν μηδὲ λυπηρόν τινι γενέσθαι τῶν <pb id="v.3.p.386"/> χρωμένων
<milestone unit="stephpage" id="stephpage-535f" n="535f"/> ἀδύνατον παντάπασιν
               ὁρῶντες, ὀρθῶς βουλευσόμεθα τὰς τῶν ἀγνωμόνων ἀπεχθείας ἐκδεχόμενοι
               μᾶλλον ἢ τὰς τῶν δικαίως ἐγκαλούντων, ἐὰν ἐκείνοις μὴ δικαίως
               ὑπουργῶμεν. καὶ μὴν ἔπαινόν
<milestone unit="tlnum" n="5"/> γε τὸν παρὰ τῶν
               δυσωπούντων κίβδηλον ὄντα παντάπασι δεῖ φυλάττεσθαι, καὶ μὴ πάθος πάσχειν
               ὑῶδες, ὑπὸ κνησμοῦ καὶ γαργαλισμοῦ παρέχοντα χρῆσθαι ῥᾷστα τῷ δεομένῳ
               καὶ καταβάλλειν ἑαυτὸν ὑποκατακλινόμενον . οὐδὲν γὰρ διαφέρουσι τῶν τὰ
               σκέλη
<milestone unit="tlnum" n="10"/> τοῖς ὑποσπῶσι παρεχόντων οἱ τὰ ὦτα
               τοῖς κολακεύουσι
<milestone unit="stephpage" id="stephpage-536a" n="536a"/>
               παραδιδόντες, ἀλλʼ αἴσχιον ἀνατρέπονται καὶ πίπτουσιν, οἱ μὲν ἔχθρας καὶ
               κολάσεις ἀνιέντες ἀνθρώποις πονηροῖς, ἵνʼ ἐλεήμονες καὶ φιλάνθρωποι καὶ
               συμπαθεῖς κληθῶσιν οἱ δὲ τοὐναντίον ἀπεχθείας
<milestone unit="tlnum" n="15"/> καὶ κατηγορίας οὐκ ἀναγκαίας οὐδʼ ἀκινδύνους ἀναδέξασθαι πεισθέντες
               ὑπὸ τῶν ἐπαινούντων ὡς μόνους ἄνδρας καὶ μόνους ἀκολακεύτους καὶ νὴ
               Δία στόματα καὶ φωνὰς προσαγορευόντων. διὸ καὶ Βίων ἀπείκαζε τοὺς
               τοιούτους ἀμφορεῦσιν, ἀπὸ τῶν ὤτων
<milestone unit="tlnum" n="20"/> ῥᾳδίως
               μεταφερομένοις. ὥσπερ Ἀλεξῖνον ἱστοροῦσι τὸν σοφιστὴν πολλὰ φαῦλα λέγειν
               ἐν τῷ περιπάτῳ
<milestone unit="stephpage" id="stephpage-536b" n="536b"/> περὶ
               Στίλπωνος τοῦ Μεγαρέως· εἰπόντος δέ τινος τῶν παρόντων “ἀλλὰ μὴν
                  ἐκεῖνός σε πρῴην ἐπῄνει,” “νὴ Δία” φάναι· “βέλτιστος γὰρ ἀνδρῶν ἐστι καὶ
<milestone unit="tlnum" n="25"/> γενναιότατος.” ἀλλὰ Μενέδημος τοὐναντίον,
               ἀκούσας ὡς Ἀλεξῖνος αὐτὸν ἐπαινεῖ πολλάκις “ἐγὼ δʼ” εἶπεν “ἀεὶ ψέγω Ἀλεξῖνον· ὥστε κακός ἐστιν ἄνθρωπος ἢ κακὸν ἐπαινῶν,
                  ἢ ὑπὸ χρηστοῦ ψεγόμενος.” οὕτως ἄτρεπτος ἦν καὶ ἀνάλωτος ὑπὸ
               τῶν τοιούτων <pb id="v.3.p.387"/> καὶ κρατῶν ἐκείνης τῆς παραινέσεως, ἣν ὁ
               Ἀντισθένειος Ἡρακλῆς παρῄνει, τοῖς παισὶ διακελευόμενος μηδενὶ χάριν
               ἔχειν ἐπαινοῦντι αὐτούς· <note resp="ed" place="unspecified" anchored="yes">
<foreign lang="greek">αὐτοὺς ἐπαινοῦντι</foreign> Benselerus; deleverim <foreign lang="greek">αὐτούς</foreign>
</note> τοῦτο δʼ ἦν οὐδὲν ἄλλο ἢ μὴ δυσωπεῖσθαι
               μηδʼ ἀντικολακεύειν
<milestone unit="tlnum" n="5"/>
<milestone unit="stephpage" id="stephpage-536c" n="536c"/> τοὺς ἐπαινοῦντας.
               ἀρκεῖ γὰρ οἶμαι τὸ τοῦ Πινδάρου, <note resp="ed" place="unspecified" anchored="yes">
<foreign lang="greek">Πινδάρου</foreign>] <foreign lang="greek">σπινδάρου</foreign> codex D, unde fort. <foreign lang="greek">Σπινθάρου</foreign>
</note> πρὸς τὸν λέγοντα πανταχοῦ καὶ πρὸς
               πάντας ἐπαινεῖν αὐτὸν εἰπόντος “κἀγώ σοι χάριν ἀποδίδωμι· ποιῶ γάρ σʼ
                  ἀληθεύειν.” </p>
</div1>
<div1 type="section" n="19">
<p>ὃ τοίνυν πρὸς πάντα τὰ πάθη χρήσιμόν ἐστι,
<milestone unit="tlnum" n="10"/>
               τούτου δεῖ μάλιστα τοῖς εὐδυσωπήτοις, ὅταν ἐκβιασθέντες ὑπὸ τοῦ, πάθους
               παρὰ γνώμην ἁμάρτωσι καὶ διατραπῶσιν, ἰσχυρῶς μνημονεύειν, καὶ τὰ σημεῖα
               τοῦ δηγμοῦ καὶ τῆς μεταμελείας θεμένους ἐν ἑαυτοῖς ἀναλαμβάνειν καὶ
               φυλάττειν ἐπὶ πλεῖστον χρόνον,
<milestone unit="tlnum" n="15"/> ὡς γὰρ οἱ
               λίθῳ προσπταίσαντες ὁδοιπόροι ἢ περὶ
<milestone unit="stephpage" id="stephpage-536d" n="536d"/> ἄκραν ἀνατραπέντες κυβερνῆται, ἂν
               μνημονεύωσιν, οὐκ ἐκεῖνα μόνον ἀλλὰ καὶ τὰ προσόμοια φρίττοντες καὶ
               φυλαττόμενοι διατελοῦσιν οὕτως οἱ τὰ τῆς δυσωπίας αἰσχρὰ καὶ βλαβερὰ
               συνεχῶς τῷ μετανοοῦντι
<milestone unit="tlnum" n="20"/> καὶ δακνομένῳ
               προβάλλοντες ἀντιλήψονται πάλιν ἑαυτῶν ἐν τοῖς ὁμοίοις καὶ οὐ προήσονται
               ῥᾳδίως ὑποφερομένους.</p>
</div1>
</body>
</text>
</TEI.2>
