<?xml version="1.0" encoding="UTF-8"?>
<?xml-model href="http://www.stoa.org/epidoc/schema/latest/tei-epidoc.rng" schematypens="http://relaxng.org/ns/structure/1.0"?>
<TEI xmlns="http://www.tei-c.org/ns/1.0">
<teiHeader>
<fileDesc>
<titleStmt>
<title type="work">Comparison of Solon and Publicola</title>
<author>Plutarch</author>
<editor>Bernadotte Perrin</editor>
<sponsor>Perseus Project, Tufts University</sponsor>
<principal>Gregory Crane</principal>
<respStmt>
<resp>Prepared under the supervision of</resp>
<name>Lisa Cerrato</name>
<name>William Merrill</name>
<name>Elli Mylonas</name>
<name>David Smith</name>
</respStmt>
<funder n="org:NEH">The National Endowment for the Humanities</funder>
</titleStmt>
<extent/>
<publicationStmt>
<publisher>Trustees of Tufts University</publisher>
<pubPlace>Medford, MA</pubPlace>
<authority>Perseus Project</authority>
</publicationStmt>
<sourceDesc>
<biblStruct>

<monogr>
<author>Plutarch</author>
<title>Plutarch's Lives</title><idno type="ISBN">0674990528</idno>
<respStmt>
<resp>with an English Translation by</resp>
<name>Bernadotte Perrin</name>
</respStmt>
<imprint>
<pubPlace>Cambridge, MA</pubPlace>
<publisher>Harvard University Press</publisher>
<pubPlace>London</pubPlace>
<publisher>William Heinemann Ltd.</publisher>
<date>1914</date>
</imprint>
<biblScope unit="volume">1</biblScope>
</monogr>

</biblStruct>
</sourceDesc>
</fileDesc>
<encodingDesc>
<editorialDecl>
    <quotation marks="none"/>
<correction method="silent">
<p>optical character recognition</p>
</correction>
</editorialDecl>
    <refsDecl n="CTS">
        <cRefPattern n="section"
            matchPattern="(\w+).(\w+)"
            replacementPattern="#xpath(/tei:TEI/tei:text/tei:body/tei:div/tei:div[@n='$1']/tei:div[@n='$2'])">
            <p>This pointer pattern extracts chapter and section</p>
        </cRefPattern>
        <cRefPattern n="chapter"
            matchPattern="(\w+)"
            replacementPattern="#xpath(/tei:TEI/tei:text/tei:body/tei:div/tei:div[@n='$1'])">
            <p>This pointer pattern extracts chapter</p>
        </cRefPattern>
    </refsDecl>
<!--<refsDecl doctype="TEI.2">
<state unit="chapter" delim="."/>
<state unit="section"/>
</refsDecl>-->
</encodingDesc>
<profileDesc>
<langUsage>
<language ident="grc">Greek</language>
    <language ident="eng">English</language>
</langUsage>
</profileDesc>
<revisionDesc>
    <change who="Lisa Cerrato" when="2016-12-14">review of EpiDoc and CTS compliance; minor cleanup; bumped URN</change>
    <change who="RS" when="2010-03-01">tagged and parsed</change>
</revisionDesc>
</teiHeader>
    
<text xml:lang="grc">
<body>
    <div type="edition" n="urn:cts:greekLit:tlg0007.tlg009.perseus-grc2" xml:lang="grc">
        <head>Σόλωνος καὶ Ποπλικόλα σύγκρισις</head>
<pb n="p.564"/>
<div type="textpart" subtype="chapter" n="1">
<div type="textpart" subtype="section" n="1">
<p>
ἆρʼ οὖν ἴδιόν τι περὶ ταύτην τὴν σύγκρισιν ὑπάρχει καὶ μὴ πάνυ συμβεβηκὸς ἑτέρᾳ τῶν ἀναγεγραμμένων, τὸν ἕτερον γεγονέναι μιμητὴν τοῦ ἑτέρου, τὸν ἕτερον δὲ μάρτυν; ὅρα γάρ ἣν ὁ Σόλων ἐξήνεγκε περὶ εὐδαιμονίας ἀπόφασιν πρὸς Κροῖσον, ὡς Ποπλικόλᾳ μᾶλλον ἢ Τέλλῳ προσήκει·
</p>
</div>
<div type="textpart" subtype="section" n="2">
<p>Τέλλου μὲν γὰρ, ὃν εἶπε γεγονέναι μακαριώτατον διʼ εὐποτμίαν καὶ ἀρετὴν καὶ εὐτεκνίαν, οὔτʼ αὐτὸς ἐν τοῖς ποιήμασιν ὡς ἀνδρὸς ἀγαθοῦ λόγον ἔσχεν οὔτε παῖδες οὔτʼ ἀρχή τις εἰς δόξαν ἦλθεν Ποπλικόλας δὲ καὶ ζῶν ἐπρώτευσε δυνάμει καὶ δόξῃ διʼ ἀρετὴν Ῥωμαίων, καὶ 
<pb n="p.566"/>
τεθνηκότος ἐν τοῖς ἐπιφανεστάτοις γένεσι καὶ στέμμασιν ἔτι καθʼ ἡμᾶς Ποπλικόλαι καὶ Μεσσάλαι καὶ Οὐαλλέριοι διʼ ἐτῶν ἑξακοσίων τῆς εὐγενείας τὴν δόξαν ἀναφέρουσι.
</p>
</div>
<div type="textpart" subtype="section" n="3">
<p>
καὶ Τέλλος μὲν ὑπὸ τῶν πολεμίων ὡς ἀνὴρ ἀγαθὸς ἐν τάξει μένων καὶ μαχόμενος κατέστρεψε· Ποπλικόλας δὲ τοὺς μὲν πολεμίους κτείνας, ὃ τοῦ πεσεῖν εὐτυχέστερόν ἐστι, τὴν δὲ πατρίδα νικῶσαν ἐπιδὼν διʼ αὐτόν ἄρχοντα καὶ στρατηγοῦντα, τιμηθεὶς δὲ καὶ θριαμβεύσας ἔτυχε τῆς ζηλουμένης ὑπὸ Σόλωνος καὶ μακαριζομένης τελευτῆς.
</p>
</div>
<div type="textpart" subtype="section" n="4">
<p>
ἔτι τοίνυν οἷς πρὸς Μίμνερμον ἀντειπὼν περὶ χρόνου ζωῆς ἐπιπεφώνηκε, <quote rend="blockquote">
<l>μηδέ μοι ἄκλαυστος θάνατος μόλοι, ἀλλὰ φίλοισι </l>
<l>ποιήσαιμι θανὼν ἄλγεα καὶ στοναχάς</l>
</quote> ποιεῖ, τελευτήσας 
<pb n="paris.1624.110"/> γὰρ οὐ φίλοις οὐδʼ οἰκείοις μόνον, ἀλλὰ τῇ πόλει πάσῃ, μυριάσι πολλαῖς, δάκρυα καὶ πόθον καὶ κατήφειαν ἐφʼ  αὑτῷ παρέσχεν αἱ γάρ Ῥωμαίων γυναῖκες ἐπένθησαν αὐτόν ὥσπερ υ ἱὸν ἢ ἀδελφὸν ἢ πατέρα κοινὸν ἀποβαλοῦσαι.
</p>
</div>
<div type="textpart" subtype="section" n="5">
<p> <q>χρήματα δʼ ἱμείρω μὲν ἔχειν,</q> φησὶν ὁ Σόλων, <q>ἀδίκως δὲ πεπᾶσθαι οὐκ ἐθέλω,</q> ὡς δίκης
                            ἐπιούσης Ποπλικόλᾳ δʼ ὑπῆρχεν οὐ μόνον μὴ κακῶς πλουτεῖν, ἀλλὰ καὶ καλῶς
                            ἀναλίσκειν εὖ ποιοῦντι τοὺς δεομένους, ὥστʼ εἰ σοφώτατος ἁπάντων ὁ
                            Σόλων, εὐδαιμονέστατος ὁ Ποπλικόλας. ἃ γὰρ εὔξατο τῶν ἀγαθῶν ἐκεῖνος ὡς
                            μέγιστα καὶ <pb n="p.568"/> κάλλιστα, ταῦτα καὶ κτήσασθαι Ποπλικόλᾳ καὶ
                            φυλάξαι χρωμένῳ μέχρι τέλους ὑπῆρξεν. </p>
</div>
</div>
<div type="textpart" subtype="chapter" n="2">
<div type="textpart" subtype="section" n="1">
<p>
οὕτω μὲν ὁ Σόλων κεκόσμηκε τὸν Ποπλικόλαν, τὸν Σόλωνα δʼ αὖ πάλιν ἐκεῖνος ἐν τῇ πολιτείᾳ παραδειγμάτων κάλλιστον ἀνδρὶ κοσμοῦντι δημοκρατίαν θέμενος· τῆς μὲν γὰρ ἀρχῆς τὸν ὄγκον ἀφελών εὐμενῆ πᾶσι καὶ ἄλυπον κατέστησε, νόμοις δὲ πολλοῖς ἐχρήσατο τῶν ἐκείνου, καὶ γὰρ ἀρχόντων καταστάσεως κυρίους ἐποίησε τοὺς πολλούς, καὶ τοῖς φεύγουσι δίκην ἐπικαλεῖσθαι τὸν δῆμον, ὥσπερ ὁ Σόλων τοὺς δικαστάς, ἔδωκε. καὶ βουλὴν μὲν ἑτέραν οὐκ ἐποίησεν, ὥσπερ ὁ Σόλων, τὴν δʼ οὖσαν ηὔξησεν ἀριθμῷ μικροῦ διπλασιάσας.
</p>
</div>
<div type="textpart" subtype="section" n="2">
<p> ἥ τε τᾶν
ταμιῶν ἐπὶ τοῖς χρήμασι κατάστασις ἐκεῖθεν ἦλθεν, ὅπως ὁ ἄρχων μήτʼ εἰ χρηστός ἐστιν ἀσχολίαν ἔχῃ πρὸς τὰ μείζω, μήτʼ εἰ φαῦλος ἀφορμὰς τοῦ ἀδικεῖν μᾶλλον, καὶ τῶν πράξεων καὶ τῶν χρημάτων κύριος γενόμενος. τὸ δὲ μισοτύραννον ἐν τῷ Ποπλικόλᾳ σφοδρότερον. εἰ γάρ τις ἐπιχειροίη τυραννεῖν, ὁ μὲν ἁλόντι τὴν δίκην ἐπιτίθησιν, ὁ δὲ καὶ πρὸ τῆς κρίσεως ἀνελεῖν δίδωσι.
</p>
</div>
<div type="textpart" subtype="section" n="3">
<p>
σεμνυνομένου δὲ τοῦ Σόλωνος ὀρθῶς καὶ δικαίως ὅτι καὶ τῶν πραγμάτων αὐτῷ διδόντων τυραννεῖν καὶ τῶν πολιτῶν οὐκ ἀκουσίως δεχομένων ἀπεῖπεν, οὐχ ἧττον ὑπάρχει καλὸν τῷ Ποπλικόλᾳ τὸ λαβόντα τυραννικὴν ἀρχὴν ποιῆσαι δημοτικωτέραν καὶ μηδʼ οἷς ἐξῆν ἔχοντα χρήσασθαι. καὶ τοῦτο δʼ 
<pb n="p.570"/>
ἔοικε συνιδεῖν πρότερος ὁ Σόλων, ὅτι δῆμος <quote rend="blockquote">
<l>ὧδʼ ἂν ἄριστα σὺν ἡγεμόνεσσιν ἕποιτο, </l>
<l>μήτε λίην ἀνεθεὶς μήτε πιεζόμενος.</l>
</quote>
</p>
</div>
</div>
<div type="textpart" subtype="chapter" n="3">
<div type="textpart" subtype="section" n="1">
<p>
ἴδιον δὲ τοῦ Σόλωνος ἡ τῶν χρεῶν ἄνεσις, ᾗ μάλιστα τὴν ἐλευθερίαν ἐβεβαίωσε τοῖς πολίταις. οὐδὲν γὰρ ὄφελος νόμων ἰσότητα παρεχόντων, ἣν ἀφαιρεῖται τὰ χρέα τοὺς πένητας· ἀλλʼ ὅποι· μάλιστα χρῆσθαι τῇ ἐλευθερίᾳ δοκοῦσι, δουλεύουσι μάλιστα τοῖς πλουσίοις, ἐν τῷ δικάζειν καὶ ἄρχειν καὶ λέγειν ἐπιταττόμενοι καὶ ὑπηρετοῦντες.
</p>
</div>
<div type="textpart" subtype="section" n="2">
<p>
τούτου δὲ μεῖζον, ὅτι πάσῃ χρεῶν ἀποκοπῇ στάσεως ἑπομένης, ἐκείνῃ μόνῃ, καθάπερ φαρμάκῳ παραβόλῳ μέν, ἰσχυρῷ δὲ χρησάμενος εὐκαίρως, καὶ τὴν οὖσαν στάσιν ἔλυσε, τῇ περὶ αὐτὸν ἀρετῇ καὶ δόξῃ τῆς τοῦ πράγματος ἀδοξίας καὶ διαβολῆς περιγενόμενος. 
<milestone unit="para" resp="editor"/>τῆς δʼ ὅλης πολιτείας τῇ μὲν ἀρχῇ λαμπρότερος ὁ Σόλων· ἡγήσατο γὰρ καὶ οὐκ ἠκολούθησε, καὶ καθʼ αὑτόν, οὐ μεθʼ ἑτέρων, ἔπραξε τὰ πλεῖστα καὶ μέγιστα τῶν κοινῶν τῷ τέλει δὲ ἅτερος εὐτυχὴς καὶ ζηλωτός.
</p>
</div>
<div type="textpart" subtype="section" n="3">
<p>
τὴν μὲν γὰρ Σόλωνος πολιτείαν αὐτὸς ἐπεῖδε Σόλων καταλυθεῖσαν, ἡ δὲ Ποπλικόλα μέχρι τῶν ἐμφυλίων πολέμων διεφύλαξεν ἐν κόσμῳ τὴν πόλιν ὁ μὲν γὰρ ἅμα τῷ θέσθαι τοὺς νόμους ἀπολιπὼν ἐν ξύλοις καὶ 
<pb n="p.572"/>
γράμμασιν
ἐρήμους τοῦ βοηθοῦντος ᾤχετʼ ἀπιὼν ἐκ τῶν Ἀθηνῶν, ὁ δὲ μένων καὶ ἄρχων καὶ πολιτευόμενος ἵδρυσε καὶ κατέστησεν εἰς ἀσφαλὲς τὴν πολιτείαν.
</p>
</div>
<div type="textpart" subtype="section" n="4">
<p>
ἔτι δʼ ἐκείνῳ μὲν οὐδὲ μέλλοντα κωλῦσαι προαισθομένῳ Πεισίστρατον ὑπῆρξεν, ἀλλʼ ἡττήθη συνισταμένης τῆς τυραννίδος· οὗτος 
<pb n="paris.1624.111"/> δὲ βασιλείαν ἰσχύουσαν ἐκ πολλῶν χρόνων ἤδη καὶ κρατοῦσαν ἐξέβαλε καὶ κατέλυσεν, ἀρετὴν μὲν ἴσην καὶ προαίρεσιν ὁμοίαν παρασχόμενος, τύχῃ δὲ καὶ δυνάμει τελεσιουργῷ πρὸς τὴν ἀρετὴν χρησάμενος. </p>
</div>
</div>
<div type="textpart" subtype="chapter" n="4">
<div type="textpart" subtype="section" n="1">
<p>
    τῶν μέντοι πολεμικῶν Σόλωνι μὲν οὐδὲ τὰ πρὸς Μεγαρεῖς Δαΐμαχος ὁ Πλαταιεὺς μεμαρτύρηκεν, ὥσπερ ἡμεῖς διεληλύθαμεν· Ποπλικόλας δὲ τοὺς μεγίστους ἀγῶνας αὐτὸς καὶ μαχόμενος καὶ στρατηγῶν κατώρθωσε, καὶ μὴν ἔτι πρὸς τὰς πολιτικὰς πράξεις ὁ μὲν ἐν παιδιᾶς τινι τρόπῳ καὶ προσποίημα μανίας ἀναλαβὼν, ὑπὲρ Σαλαμῖνος ἐρῶν προῆλθεν· 
</p>
</div>
<div type="textpart" subtype="section" n="2">
<p>ὁ δʼ αὐτόθεν ἀναρρίψας τὸν περὶ τῶν μεγίστων κίνδυνον ἐπανέστη τε Ταρκυνίοις καὶ τὴν προδοσίαν ἐφώρασε· καὶ τοῦ κολασθῆναι καὶ μὴ διαφυγεῖν τοὺς πονηροὺς αἰτιώτατος γενόμενος οὐ τὰ σώματα μόνον τῶν τυράννων ἐξέβαλε τῆς πόλεως, ἀλλὰ καὶ τὰς ἐλπίδας ἐξέκοψεν. οὕτω δὲ τοῖς δεχομένοις πράγμασιν ἀγῶνα καὶ θυμὸν καὶ ἀντίταξιν ἐρρωμένως καὶ ἀτενῶς ἀπαντήσας, ἔτι βέλτιον ἐχρήσατο τοῖς ὁμιλίας ἀπολέμου καὶ πειθοῦς 
<pb n="p.574"/>
ὑπεικούσης δεομένοις, Πορσίναν ἄμαχον ἄνδρα καὶ φοβερὸν ἐμμελῶς προσαγαγόμενος καὶ μεταστήσας εἰς φιλίαν. 
</p>
</div>
<div type="textpart" subtype="section" n="3">
<p>καίτοι φήσει τις ἐνταῦθα τὸν μὲν Σόλωνα 
προεμένοις ἀναλαβεῖν Ἀθηναίοις Σαλαμῖνα, τὸν 
δὲ Ποπλικόλαν ἧς ἐκέκτηντο Ῥωμαῖοι χώρας 
ἀποστῆναι. δεῖ δὲ πρὸς τοὺς ὑποκειμένους 
καιροὺς τὰς πράξεις θεωρεῖν. ποικίλος γὰρ ὢν 
ὁ πολιτικὸς ᾧ τρόπῳ τῶν ὄντων ἕκαστον εὔληπτόν 
ἐστι μεταχειρίσεται,<note anchored="true" place="unspecified" resp="ed" xml:lang="eng"><foreign xml:lang="grc">μεταχειρ́σεται</foreign> with two Paris MSS., Coraës, and Bekker: <foreign xml:lang="grc">μεταχειρίσασθαι.</foreign>
</note> καὶ μέρους ἀφέσει 
πολλάκις ἔσωσε τὸ πᾶν καὶ μικρῶν ἀποστὰς μειζόνων ἔτυχεν,
</p>
</div>
<div type="textpart" subtype="section" n="4">
<p>
ὥσπερ ἐκεῖνος ὁ ἀνὴρ τότε τῆς μὲν ἀλλοτρίας χώρας ἀποστὰς ἔσωσε τὴν ἑαυτοῦ βεβαίως ἅπασαν, οἷς δʼ ἦν μέγα τὴν πόλιν διαφυλάξαι προσεκτήσατο τὸ τῶν πολιορκούντων στρατόπεδον, ἐπιτρέψας δὲ τῷ πολεμίῳ δικαστῇ γενέσθαι, καὶ περιγενόμενος τῇ δίκῃ, προσέλαβεν ὅσα δόντας ἀγαπητὸν ἦν νικῆσαι· καὶ γὰρ τὸν πόλεμον διέλυσε καὶ τὴν παρασκευὴν τοῦ πολέμου κατέλιπεν αὐτοῖς διὰ πίστιν ἀρετῆς καὶ καλοκαγαθίας, ἣν ὁ ἄρχων ὑπὲρ ἁπάντων ἐνεποίησεν αὐτῷ. </p>
</div>
</div>
    </div>
</body>
</text>
</TEI>
