<ti:work xml:lang="lat" xmlns:ti="http://chs.harvard.edu/xmlns/cts" urn="urn:cts:latinLit:phi0474.phi047" groupUrn="urn:cts:latinLit:phi0474">
            <ti:title xml:lang="lat">Paradoxa Stoicorum</ti:title>
            <ti:edition urn="urn:cts:latinLit:phi0474.phi047.perseus-lat1" workUrn="urn:cts:latinLit:phi0474.phi047">
              <ti:label xml:lang="eng">Paradoxa Stoicorum, M. Tullii Ciceronis De officiis ad Marcum filium libri tres, Paradoxa stoicorum, Timaeus</ti:label>
              <ti:description xml:lang="eng">Cicero, Marcus Tullius, creator; Baiter, J. G. (Johann Georg), 1801-1877, editor; Kayser, C. L. (Carl Ludwig), 1808-1872, editor</ti:description>
            </ti:edition>
          </ti:work>
        