<?xml version="1.0" encoding="UTF-8"?>
<ti:work xmlns:ti="http://chs.harvard.edu/xmlns/cts" groupUrn="urn:cts:greekLit:tlg0007" projid="greekLit:tlg093" urn="urn:cts:greekLit:tlg0007.tlg093" xml:lang="grc">
    <ti:title xml:lang="lat">An Virtus Doceri Possit</ti:title>
    
    <ti:translation urn="urn:cts:greekLit:tlg0007.tlg093.perseus-eng3" workUrn="urn:cts:greekLit:tlg0007.tlg093" xml:lang="eng">
        <ti:label xml:lang="eng">Can Virtue Be Taught?</ti:label>
        <ti:description xml:lang="mul">Plutarch. Moralia, Vol. VI. Helmbold, William Clark, translator. Cambridge, MA: Harvard University Press. London: William Heinemann Ltd. 1939 (printing).</ti:description>
    </ti:translation>
    
    <ti:translation urn="urn:cts:greekLit:tlg0007.tlg093.perseus-eng4" workUrn="urn:cts:greekLit:tlg0007.tlg093" xml:lang="eng">
        <ti:label xml:lang="eng">That Virtue May Be Taught</ti:label>
        <ti:description xml:lang="eng">Plutarch. Plutarch's Morals, Vol. I. Goodwin, William W., editor; Patrick, John translator. Boston: Little, Brown, and Company. Cambridge. 1874.</ti:description>
    </ti:translation>
    
    <ti:edition urn="urn:cts:greekLit:tlg0007.tlg093.perseus-grc2" workUrn="urn:cts:greekLit:tlg0007.tlg093" xml:lang="grc">
        <ti:label xml:lang="grc">Εἰ διδακτὸν ἡ ἀρετή</ti:label>
        <ti:description xml:lang="mul">Plutarch. Plutarchi Chaeronensis Moralia, Vol IΙI. Vernardakēs, Grēgorios N., editor. 
            Leipzig: Teubner. 1891.</ti:description>
    </ti:edition>
</ti:work>

