<ti:work xml:lang="lat" xmlns:ti="http://chs.harvard.edu/xmlns/cts" urn="urn:cts:latinLit:phi0474.phi052" groupUrn="urn:cts:latinLit:phi0474">
            <ti:title xml:lang="lat">De Amicitia</ti:title>
  <ti:title xml:lang="eng">On Friendship</ti:title>
            <ti:edition urn="urn:cts:latinLit:phi0474.phi052.perseus-lat2" workUrn="urn:cts:latinLit:phi0474.phi052" xml:lang="lat">
              <ti:label xml:lang="lat">Laelius De Amicitia</ti:label>
              <ti:description xml:lang="mul">Cicero. De Senectute, De Amicitia, De Divinatione. Falconer, William Armistead, editor. Cambridge, MA: Harvard University Press. London: William Heinemann Ltd. 1923 (printing).</ti:description>
            </ti:edition>
          <ti:translation xml:lang="eng" urn="urn:cts:latinLit:phi0474.phi052.perseus-eng2" workUrn="urn:cts:latinLit:phi0474.phi052">
              <ti:label xml:lang="eng">Laelius on Friendship</ti:label>
            <ti:description xml:lang="mul">Cicero. De Senectute, De Amicitia, De Divinatione. Falconer, William Armistead, translator. Cambridge, MA: Harvard University Press. London: William Heinemann Ltd. 1923 (printing).</ti:description>
            </ti:translation>
          </ti:work>