<?xml version="1.0" encoding="UTF-8"?>
<?xml-model href="http://www.stoa.org/epidoc/schema/latest/tei-epidoc.rng"
schematypens="http://relaxng.org/ns/structure/1.0"?>
<TEI xmlns="http://www.tei-c.org/ns/1.0">
   <teiHeader xml:lang="eng">
      <fileDesc >
         <titleStmt>
            <title xml:lang="lat">Laelius De Amicitia</title>
            <title type="sub">Machine readable text</title>
            <author>M. Tullius Cicero</author>
            <editor>William Armistead Falconer</editor>
            <sponsor>Perseus Project, Tufts University</sponsor>
            <principal>Gregory Crane</principal>
            <respStmt>
               <resp>Prepared under the supervision of</resp>
               <name>Bridget Almas</name>
               <name>Lisa Cerrato</name>
               <name>David Mimno</name>
               <name>Rashmi Singhal</name>
            </respStmt>
            <funder n="org:NEH">The National Endowment for the Humanities</funder>
         </titleStmt>
         <extent>About 100Kb</extent>
         <publicationStmt>
            <publisher>Trustees of Tufts University</publisher>
            <pubPlace>Medford, MA</pubPlace>
            <authority>Perseus Project</authority>
            <date type="release">2009-10-07</date>
         </publicationStmt>
         <sourceDesc xmlns="http://www.tei-c.org/ns/1.0">
            <biblStruct >
               <monogr>
                  <author>Cicero (Marcus Tullius)</author>
                  <title xml:lang="mul">De Senectute De Amicitia De Divinatione, With An English Translation</title>
                  <editor>William Armistead Falconer</editor>
                  <imprint>
                     <pubPlace>Cambridge</pubPlace>
                     <publisher>Harvard University Press; Cambridge, Mass., London, England</publisher>
                     <date type="printing">1923</date>
                  </imprint>
               </monogr>
               <ref target="https://archive.org/details/desenectutedeami0000cice/page/108">The Internet Archive</ref>
            </biblStruct>
         </sourceDesc>
      </fileDesc>
      <encodingDesc>
         <refsDecl n="CTS">
            <cRefPattern n="section"
                         matchPattern="(\w+)"
                         replacementPattern="#xpath(/tei:TEI/tei:text/tei:body/tei:div/tei:div[@n='$1'])">
               <p>This pointer pattern extracts section</p>
            </cRefPattern>
         </refsDecl>
        <!-- <refsDecl n="TEI.2">
            <refState unit="section"/>
         </refsDecl>-->
      </encodingDesc>
      <profileDesc >
         <langUsage>
            <language ident="lat">Latin</language>
            <language ident="eng">English</language>
            <language ident="grc">Greek</language>
         </langUsage>
         <particDesc>
            <person><persName>Gaius Fannius</persName></person>
            <person><persName>Quintus Mucius Scaevola</persName></person>
            <person><persName>Gaius Laelius</persName></person>
         </particDesc>
      </profileDesc>
      
      <revisionDesc>
         <change when="2019-09-11" who="Lisa Cerrato">updates to CTS and header; file bumping, etc.</change>
         <change when="2016-11-20" who="Thibault Clérice">CapiTainS and Epidoc</change>
      </revisionDesc>
   </teiHeader>
   <text xml:lang="lat">
      <body>
         <div xml:lang="lat" type="edition" n="urn:cts:latinLit:phi0474.phi052.perseus-lat2">
            <head>Laelius de Amicitia</head> <pb xml:id="p.108"/> 
<div type="textpart" n="1" subtype="section"><p rend="indent"><milestone unit="chapter" n="1"/>Q. Mucius augur multa narrare de C. Laelio socero suo memoriter et iucunde solebat nec dubitare illum in omni sermone appellare sapientem. <reg>ego</reg> autem a patre ita eram deductus ad Scaevolam sumpta virili toga, ut, quoad possem et liceret, a senis latere numquam discederem. <reg>itaque</reg> multa ab eo prudenter disputata, multa etiam breviter et commode dicta memoriae mandabam, fierique studebam eius prudentia doctior. <reg>quo</reg> mortuo me ad pontificem Scaevolam contuli, quem unum nostrae civitatis et ingenio et iustitia praestantissimum audeo dicere. <reg>sed</reg> de hoc alias, nunc redeo ad augurem.</p></div> 
            <div type="textpart" n="2" subtype="section"><p rend="indent"><reg>cum</reg> saepe multa, tum memini domi in hemicyclio sedentem, ut solebat, cum et ego essem una et pauci admodum familiares, in eum sermonem illum incidere, qui tum fere multis<note>tum fere multis <emph rend="italic">MSS.;</emph> tum forte <emph rend="italic">Müller; Nauck om.</emph> multis</note> erat in ore. <reg>memi</reg>nisti <pb xml:id="p.110"/>  enim profecto, Attice, et eo magis, quod P. Sulpicio utebare multum, cum is tribunus plebis capitali odio a Q. Pompeio, qui tum erat consul, dissideret, quocum coniunctissime et amantissime vixerat, quanta esset hominum vel admiratio vel querella.</p></div> 
<div type="textpart" n="3" subtype="section"><p><reg>itaque</reg> tum Scaevola, cum in eam ipsam mentionem incidisset, exposuit nobis sermonem Laeli de amicitia habitum ab illo secum et cum altero genero C. Fannio, Marci filio, paucis diebus post mortem Africani. <reg>eius</reg> disputationis sententias memoriae mandavi, quas hoc libro exposui arbitratu meo; quasi enim ipsos induxi loquentis, ne <q>inquam</q> et <q>inquit</q> saepius interponeretur atque ut tamquam a praesentibus coram haberi sermo videretur.</p></div> 
<div type="textpart" n="4" subtype="section"><p><reg>cum</reg> enim saepe mecum ageres, ut de amicitia scriberem aliquid, digna mihi res cum omnium cognitione tum nostra familiaritate visa est; itaque feci non invitus ut prodessem multis rogatu tuo. <reg>sed</reg> ut in Catone maiore, qui est scriptus ad te de senectute, Catonem induxi senem disputantem, quia nulla videbatur aptior persona quae de illa aetate loqueretur, quam eius, qui et diutissime senex fuisset et in ipsa senectute praeter ceteros floruisset; sic, cum accepissemus a patribus maxime memorabilem C. Laeli et P. Scipionis familiaritatem fuisse, idonea mihi Laeli <pb xml:id="p.112"/> persona visa est quae de amicitia ea ipsa dissereret, quae disputata ab eo meminisset Scaevola. <reg>genus</reg> autem hoc sermonum positum in hominum veterum auctoritate et eorum illustrium plus nescio quo pacto videtur habere gravitatis: itaque ipse mea legens sic afficior interdum, ut Catonem, non me, loqui existimem.</p></div> 
<div type="textpart" n="5" subtype="section"><p><reg>sed</reg> ut tum ad senem senex de senectute, sic hoc libro ad amicum amicissimus scripsi de amicitia. <reg>tum</reg> est Cato locutus, quo erat nemo fere senior temporibus illis, nemo prudentior; nunc Laelius et sapiens, sic enim est habitus, et amicitiae gloria excellens de amicitia loquetur. <reg>tu</reg> velim a me animum parumper avertas, Laelium loqui ipsum putes. C. Fannius et Q. Mucius ad socerum veniunt post mortem Africani; ab his sermo oritur, respondet Laelius, cuius tota disputatio est de amicitia, quam legens te ipse<note>te ipse <emph rend="italic">PDE Lahmr., Nauck;</emph> te ipsum <emph rend="italic">GBS V Hlalm.</emph> </note> cognosces</p></div> 
            <div type="textpart" n="6" subtype="section"><p rend="indent"><milestone unit="chapter" n="2"/><said who="#Gaius Fannius"><label>FANNIUS.</label> Sunt ista, Laeli; nec enim melior vir fuit Africano quisquam nec clarior. <reg>sed</reg> existimare debes omnium oculos in te esse coniectos unum; te sapientem et appellant et existimant Tribuebatur hoc modo M. Catoni, scimus L. Acilium apud patres nostros appellatum esse sapientem, sed <pb xml:id="p.114"/> uterque alio quodam modo: Acilius quia prudens esse in iure civili putabatur, Cato quia multarum rerum usum habebat et multa eius et in senatu et in foro vel provisa prudenter vel acta constanter vel responsa acute ferebantur; propterea quasi cognomen iam habebat in senectute sapientis.</said></p></div> 
            <div type="textpart" n="7" subtype="section"><p><said who="#Gaius Fannius" rend="merge">Te autem alio quodam modo non solum natura et moribus, verum etiam studio et doctrina esse sapientem, nec sicut volgus, sed ut eruditi solent appellare sapientem, qualem in Graecia reliqua neminem—nam qui septem appellantur, eos qui ista subtilius quaerunt in numero sapientium non habent—Athenis unum accepimus et eum quidem etiam Apollinis oraculo sapientissimum iudicatum. <reg>hanc</reg> esse in te sapientiam existimant, ut omnia tua in te posita esse ducas humanosque casus virtute inferiores putes. <reg>itaque</reg> ex me quaerunt, credo ex hoc item Scaevola, quonam pacto mortem Africani feras, eoque magis quod proximis Nonis, cum in hortos D. Bruti auguris commentandi causa, ut assolet, venissemus, tu non affuisti, qui diligentissime semper ilium diem et illud munus solitus esses obire.</said></p></div> 
            <div type="textpart" n="8" subtype="section"><p rend="indent"><said who="#Quintus Mucius Scaevola"><label>SCAEVOLA.</label> Quaerunt quidem, C. Laeli, multum, <pb xml:id="p.116"/> ut est a Fannio dictum, sed ego id respondeo, quod animum adverti, te dolorem quem acceperis cum summi viri tum amicissimi morte ferre moderate; nec potuisse non commoveri, nec fuisse id humanitatis tuae: quod autem Nonis in collegio nostro non affuisses, valetudinem respondeo causam, non maestitiam fuisse.</said></p>
               <p rend="indent"><said who="#Gaius Laelius"><label>LAELIUS.</label> Recte tu quidem, Scaevola, et vere; nec enim ab isto officio, quod semper usurpavi cum valerem, abduci incommodo meo debui, nec ullo casu arbitror hoc constanti homini posse contingere, ut ulla intermissio fiat offici.</said></p></div> 
            <div type="textpart" n="9" subtype="section"><p><said who="#Gaius Laelius" rend="merge"><reg>tu</reg> autem, Fanni, quod mihi tantum tribui dicis, quantum ego nec agnosco nec postulo, facis amice, sed, ut mihi videris, non recte iudicas de Catone. <reg>aut</reg> enim nemo, quod quidem magis credo, aut, si quisquam, ille sapiens fuit. <reg>quo</reg> modo, ut alia omittam, mortem fili tulit! <reg>memineram</reg> Paulum, videram Gallum; sed hi in pueris, Cato in perfecto et spectato viro.</said></p></div> 
            <div type="textpart" n="10" subtype="section"><p><said who="#Gaius Laelius" rend="merge"><reg>quam</reg> ob rem cave Catoni anteponas ne istum quidem ipsum, quem Apollo, ut ais, sapientissimum iudicavit; huius enim facta, illius dicta laudantur.</said></p> 
               <p rend="indent"><said who="#Gaius Laelius" rend="merge">De me autem, ut iam cum utroque vestrum loquar, <pb xml:id="p.118"/> sic habetote: <milestone unit="chapter" n="3"/> <reg>ego</reg> si Scipionis desiderio me moveri negem, quam id recte faciam viderint sapientes, sed certe mentiar. <reg>moveor</reg> enim tali amico orbatus, qualis, ut arbitror, nemo umquam erit, ut confirmare possum, nemo certe fuit. <reg>sed</reg> non egeo medicina: me ipse consolor et maxime illo solacio, quod eo errore careo, quo amicorum decessu plerique angi solent. <reg>nihil</reg> mali accidisse Scipioni puto; mihi accidit, si quid accidit; suis autem incommodis graviter angi non amicum, sed se ipsum amantis est.</said></p></div> 
            <div type="textpart" n="11" subtype="section"><p rend="indent"><said who="#Gaius Laelius" rend="merge"><reg>cum</reg> illo vero quis neget actum esse praeclare? <reg>nisi</reg> enim, quod ille minime putabat, immortalitatem optare vellet, quid non adeptus est, quod homini fas esset optare, qui summam spem civium, quam de eo iam puero habuerant, continuo adulescens incredibili virtute superavit; qui consulatum petivit numquam, factus consul est bis, primum ante tempus, iterum sibi suo tempore, rei publicae paene sero; qui duabus urbibus eversis inimicissimis huic imperio non modo praesentia, verum etiam futura bella delevit? <reg>quid</reg> dicam de moribus facillimis, de pietate in matrem, liberalitate in sorores, bonitate <pb xml:id="p.120"/> in suos, iustitia in omnis? <reg>nota</reg> sunt vobis. <reg>quam</reg> autem civitati carus fuerit, maerore funeris indicatum est. <reg>quid</reg> igitur hunc paucorum annorum accessio iuvare potuisset? <reg>senectus</reg> enim quamvis non sit gravis, ut memini Catonem anno ante quam est mortuus, mecum et cum Scipione disserere, tamen aufert eam viriditatem, in qua etiam nunc erat Scipio.</said></p></div> 
            <div type="textpart" n="12" subtype="section"><p rend="indent"><said who="#Gaius Laelius" rend="merge"><reg>quam</reg> ob rem vita quidem talis fuit vel fortuna vel gloria, ut nihil posset accedere; moriendi autem sensum celeritas abstulit. <reg>quo</reg> de genere mortis difficile dictu est; quid homines suspicentur videtis: hoc vere tamen licet dicere, P. Scipioni ex multis diebus, quos in vita celeberrimos laetissimosque viderit, illum diem clarissimum fuisse, cum senatu dimisso domum reductus ad vesperum est a patribus conscriptis, populo Romano, sociis et Latinis, pridie quam excessit e vita, ut ex tam alto dignitatis gradu ad superos videatur deos potius quam ad inferos pervenisse.</said></p></div> 
            <div type="textpart" n="13" subtype="section"><p rend="indent"><milestone unit="chapter" n="4"/><said who="#Gaius Laelius" rend="merge"><reg>neque</reg> enim adsentior eis, qui nuper haec disserere coeperunt, cum corporibus simul animos interire atque omnia morte deleri. <reg>plus</reg> apud me antiquorum auctoritas valet, vel nostrorum maiorum, qui mortuis tam religiosa iura tribuerunt, quod non fecissent, profecto, si nihil ad eos pertinere arbitrarentur, <pb xml:id="p.122"/>  vel eorum qui in hac terra fuerunt magnamque Graeciam, quae nunc quidem deleta est, tum florebat, institutis et praeceptis suis erudierunt, vel eius, qui Apollinis oraculo sapientissimus est iudicatus, qui<note>qui <emph rend="italic">MSS.;</emph> †qui <emph rend="italic">Müller;</emph> cui <emph rend="italic">Halm., Bait., Lahm.</emph> </note> non tum hoc tum illud, ut in plerisque, sed idem semper, animos hominum esse divinos eisque, cum ex corpore excessissent, reditum in caelum patere optimoque et iustissimo cuique expeditissimum.</said></p></div> 
            <div type="textpart" n="14" subtype="section"><p rend="indent"><said who="#Gaius Laelius" rend="merge"><reg>quod</reg> idem Scipioni videbatur, qui quidem, quasi praesagiret, perpaucis ante mortem diebus, cum et Philus et Manilius adesset et alii plures, tuque etiam Scaevola, mecum venisses, triduum disseruit de re publica, cuius disputationis fuit extremum fere de immortalitate animorum, quae se in quiete per visum ex Africano audisse dicebat. <reg>id</reg> si ita est, ut optimi cuiusque animus in morte facillime evolet tanquam e custodia vinclisque corporis, cui censemus cursum ad deos faciliorem fuisse quam Scipioni? <reg>quocirca</reg> maerere hoc eius eventu vereor ne invidi magis quam amici sit. <reg>sin</reg> autem illa veriora, ut idem interitus sit animorum et corporum nec ullus sensus maneat, ut nihil boni est in morte, sic certe nihil mali. <reg>sensu</reg> enim amisso fit idem, quasi natus <pb xml:id="p.124"/> non esset omnino, quem tamen osse natum et nos gaudemus et haec civitas, dum erit, laetabitur.</said></p></div> 
            <div type="textpart" n="15" subtype="section"><p rend="indent"><said who="#Gaius Laelius" rend="merge"><reg>quam</reg> ob rem cum illo quidem, ut supra dixi, actum optime est, mecum incommodius, quem fuerat aequius, ut prius introieram, sic prius exire de vita. <reg>sed</reg> tamen recordatione nostrae amicitiae sic fruor, ut beate vixisse videar, quia cum Scipione vixerim, quocum mihi coniuncta cura de publica re et de privata fuit, quocum et domus fuit et militia communis et, id in quo omnis vis est amicitiae, voluntatum studiorum sententiarum summa consensio. <reg>itaque</reg> non tam ista me sapientiae, quam modo Fannius commemoravit, fama delectat, falsa praesertim, quam quod amicitiae nostrae memoriam spero sempiternam fore, idque eo mihi magis est cordi, quod ex omnibus saeculis vix tria aut quattuor nominantur paria amicorum, quo in genere sperare videor Scipionis et Laeli amicitiam notam posteritati fore</said>.</p></div> 
            <div type="textpart" n="16" subtype="section"><p rend="indent"><said who="#Gaius Fannius"><label>FANNIUS.</label> Istuc quidem, Laeli, ita necesse est. <reg>sed</reg> quoniam amicitiae mentionem fecisti et sumus otiosi, pergratum mihi feceris—spero item Scaevolae —si, quem ad modum soles de ceteris rebus, cum ex te quaeruntur, sic de amicitia disputaris quid sentias, qualem existimes, quae praecepta des.</said></p>
<p><said who="#Quintus Mucius Scaevola"><label>SCAEVOLA.</label> Mihi vero erit gratum, atque id ipsum <pb xml:id="p.126"/> cum tecum agere conarer, Fannius antevertit. <reg>quam</reg> ob rem utrique nostrum gratum admodum feceris.</said></p></div> 
<div type="textpart" n="17" subtype="section"><p><milestone unit="chapter" n="5"/><said who="#Gaius Laelius"><label>LAELIUS.</label> Ego vero non gravarer, si mihi ipse confiderem, nam et praeclara res est et sumus, ut dixit Fannius, otiosi. <reg>sed</reg> quis ego sum aut quae est in me facultas? <reg>doctorum</reg> est ista consuetudo eaque. Graecorum, ut eis ponatur de quo disputent quamvis subito. <reg>magnum</reg> opus est egetque exercitatione non parva. <reg>quam</reg> ob rem quae disputari de amicitia possunt, ab eis censeo petatis, qui ista profitentur; ego vos hortari tantum possum, ut amicitiam omnibus rebus humanis anteponatis; nihil est enim tam naturae aptum, tam conveniens ad res vel secundas vel adversas.</said></p></div> 
            <div type="textpart" n="18" subtype="section"><p rend="indent"><said who="#Gaius Laelius" rend="merge"><reg>sed</reg> hoc primum sentio, nisi in bonis amicitiam esse non posse; neque id ad vivum reseco, ut illi, qui haec subtilius disserunt, fortasse vere, sed ad communem utilitatem parum; negant enim quemquam esse virum bonum nisi sapientem. <reg>sit</reg> ita sane: sed eam sapientiam interpretantur, quam adhuc mortalis nemo est consecutus. <reg>nos</reg> autem ea quae sunt in usu vitaque communi, non ea quae finguntur aut optantur, spectare debemus. <reg>numquam</reg> ego dicam C. Fabricium, M’. Curium, Ti. Coruncanium, quos sapientis nostri maiores iudicabant, ad istorum normam fuisse sapientis. <reg>qua</reg> re <pb xml:id="p.128"/> sibi habeant sapientiae nomen et invidiosum et obscurum, concedant ut viri boni fuerint. <reg>ne</reg> id quidem facient; negabunt id nisi sapienti posse concedi.</said></p></div> 
            <div type="textpart" n="19" subtype="section"><p><said who="#Gaius Laelius" rend="merge"><reg>agamus</reg> igitur pingui, ut aiunt, Minerva. <reg>qui</reg> ita se gerunt, ita vivunt, ut eorum probetur fides integritas aequitas<note>aequitas <emph rend="italic">edd.;</emph> aequalitas <emph rend="italic">MSS.</emph> </note> liberalitas, nec sit in eis ulla cupiditas libido audacia, sintque magna constantia, ut ei fuerunt, modo quos nominavi, hos viros bonos, ut habiti sunt, sic etiam appellandos putemus, quia sequantur, quantum homines possunt, naturam optimam bene vivendi ducem.</said></p>
               <p rend="indent"><said who="#Gaius Laelius" rend="merge">Sic enim mihi perspicere videor, ita natos esse nos, ut inter omnis esset societas quaedam, maior autem, ut quisque proxime accederet. <reg>itaque</reg> cives potiores quam peregrini, propinqui quam alieni; cum his enim amicitiam natura ipsa peperit, sed ea non satis habet firmitatis. <reg>namque</reg> hoc praestat amicitia propinquitati, quod ex propinquitate benevolentia tolli potest, ex amicitia non potest; sublata enim benevolentia amicitiae nomen tollitur, propinquitatis manet.</said></p></div> 
            <div type="textpart" n="20" subtype="section"><p><said who="#Gaius Laelius" rend="merge"><reg>quanta</reg> autem vis amicitiae sit ex hoc intellegi maxime potest, quod ex infinita societate generis humani, quam conciliavit ipsa natura, ita contracta res est et adducta in angustum, ut omnis caritas aut inter duos aut inter paucos iungeretur.</said></p> <pb xml:id="p.130"/>
               <p rend="indent"><milestone unit="chapter" n="6"/> <said who="#Gaius Laelius" rend="merge"><reg>est</reg> enim amicitia nihil aliud<note>nihil aliud <emph rend="italic">Müller;</emph> nil unquam <emph rend="italic">Reid;</emph> quicquam <emph rend="italic">Halm’s MSS. </emph> </note> nisi omnium divinarum humanarumque rerum cum benevolentia et caritate consensio, qua quidem haud scio an excepta sapientia nil quicquam melius homini sit a dis immortalibus datum. <reg>divitias</reg> alii praeponunt, bonam alii valetudinem, alii potentiam, alii honores, multi etiam voluptates. <reg>beluarum</reg> hoc quidem extremum, illa autem superiora caduca et incerta, posita non tam in consiliis nostris quam in fortunae temeritate. <reg>qui</reg> autem in virtute summum bonum ponunt, praeclare illi quidem, sed haec ipsa virtus amicitiam et gignit et continet, nec sine virtute amicitia esse ullo pacto potest.</said></p></div> 
            <div type="textpart" n="21" subtype="section"><p><said who="#Gaius Laelius" rend="merge"><reg>iam</reg> virtutem ex consuetudine vitae nostrae sermonisque nostri interpretemur nec eam, ut quidam docti, verborum magnificentia metiamur, virosque bonos eos qui habentur numeremus—Paulos Catones Gallos Scipiones Philos—his communis vita contenta est; eos autem omittamus, qui omnino nusquam reperiuntur.</said></p></div> 
            <div type="textpart" n="22" subtype="section"><p rend="indent"><said who="#Gaius Laelius" rend="merge"><reg>talis</reg> igitur inter viros amicitia tantas opportunitates habet, quantas vix queo dicere. <reg>principio</reg> qui potest esse vita vitalis, ut ait Ennius, quae non in amici mutua benevolentia conquiescit? <reg>quid</reg> dulcius quam habere quicum omnia audeas sic loqui ut tecum? <reg>qui</reg> esset tantus fructus in prosperis rebus, nisi haberes qui illis aeque ac tu ipse gauderet? <pb xml:id="p.132"/> Adversas vero ferre difficile esset sine eo, qui illas gravius etiam quam tu ferret. <reg>denique</reg> ceterae res, quae expetuntur, opportunae sunt singulae rebus fere singulis—divitiae, ut utare; opes, ut colare; honores, ut laudere; voluptates, ut gaudeas; valetudo, ut dolore careas et muneribus fungare corporis; amicitia res plurimas continet: quoquo te verteris praesto est, nullo loco excluditur, numquam intempestiva, numquam molesta est. <reg>itaque</reg> non aqua, non igni, ut aiunt, pluribus locis utimur quam amicitia. <reg>neque</reg> ego nunc de volgari aut de mediocri, quae tamen ipsa et delectat et prodest, sed de vera et perfecta loquor, qualis eorum, qui pauci nominantur, fuit. <reg>nam</reg> et secundas res splendidiores facit amicitia, et adversas, partiens communicansque, leviores.</said></p></div> 
            <div type="textpart" n="23" subtype="section"><p rend="indent"><milestone unit="chapter" n="7"/> <said who="#Gaius Laelius" rend="merge"><reg>cumque</reg> plurimas et maximas commoditates amicitia contineat, tum illa nimirum praestat omnibus, quod bonam spem praelucet in posterum, nec debilitari animos aut cadere patitur. <reg>verum</reg> etiam amicum qui intuetur, tamquam exemplar aliquod intuetur sui. <reg>quocirca</reg> et absentes adsunt et egentes abundant et imbecilli valent et, quod difficilius dictu est, mortui vivunt; tantus eos honos memoria desiderium prosequitur amicorum, ex quo illorum beata mors videtur, horum vita laudabilis. <reg>quod</reg> si exemeris <pb xml:id="p.134"/> ex rerum natura benevolentiae coniunctionem, nec domus ulla nec urbs stare poterit, ne agri quidem cultus permanebit. <reg>id</reg> si minus intellegitur, quanta vis amicitiae concordiaeque sit, ex dissensionibus atque discordiis percipi potest. <reg>quae</reg> enim domus tam stabilis, quae tam firma civitas est, quae non odiis et discidiis funditus possit everti?</said></p>
               <p rend="indent"><said who="#Gaius Laelius" rend="merge"><reg>ex</reg> quo, quantum boni sit in amicitia, iudicari potest.</said></p></div> 
            <div type="textpart" n="24" subtype="section"><p><said who="#Gaius Laelius" rend="merge"><reg>agrigentinum</reg> quidem doctum quendam virum carminibus Graecis vaticinatum ferunt, quae in rerum natura totoque mundo constarent quaeque moverentur, ea contrahere amicitiam, dissipare discordiam. <reg>atque</reg> hoc quidem omnes mortales et intellegunt et re probant. <reg>itaque</reg>, si quando aliquod officium exstitit amici in periculis aut adeundis aut communicandis, quis est qui id non maximis efferat laudibus? <reg>qui</reg> clamores tota cavea nuper in hospitis et amici mei M. Pacuvi nova fabula, cum ignorante rege uter Orestes esset, Pylades Orestem se esse diceret, ut pro illo necaretur, Orestes autem, ita ut erat, Orestem se esse perseveraret! <reg>stantes</reg> plaudebant in re ficta; quid arbitramur in vera facturos fuisse? <reg>facile</reg> indicabat ipsa natura vim suam, cum homines, quod facere ipsi non possent, id recte fieri in altero iudicarent.</said></p> <pb xml:id="p.136"/>
               <p><said who="#Gaius Laelius" rend="merge"><reg>hactenus</reg> mihi videor de amicitia quid sentirem potuisse dicere; si quae praeterea sunt—credo autem esse multa—ab eis, si videbitur, qui ista disputant, quaeritote.</said></p></div> 
            <div type="textpart" n="25" subtype="section"><p rend="indent"><said who="#Gaius Fannius"><label>FANNIUS.</label> Nos autem ate potius. <reg>quamquam</reg> etiam ab istis saepe quaesivi et audivi non invitus equidem, sed aliud quoddam filum orationis tuae.</said></p>
               <p rend="indent"><said who="#Quintus Mucius Scaevola"><label>SCAEVOLA.</label> Tum magis id diceres, Fanni, si nuper in hortis Scipionis, cum est de re publica disputatum, affuisses. <reg>qualis</reg> tum patronus iustitiae fuit contra accuratam orationem Phili!</said></p>
               <p rend="indent"><said who="#Gaius Fannius"><label>FANNIUS.</label> Facile id quidem fuit iustitiam iustissimo viro defendere.</said></p>
               <p rend="indent"><said who="#Quintus Mucius Scaevola"><label>SCAEVOLA.</label> Quid? amicitiam nonne facile ei, qui ob eam summa fide, constantia iustitiaque servatam maximam gloriam ceperit?</said></p></div> 
            <div type="textpart" n="26" subtype="section"><p rend="indent"><milestone unit="chapter" n="8"/><said who="#Gaius Laelius"><label>LAELIUS.</label> Vim hoc quidem est afferre; quid enim refert qua me ratione cogatis? <reg>cogitis</reg> certe. <reg>studiis</reg> enim generorum, praesertim in re bona, cum difficile est tum ne aequum quidem obsistere.</said></p>
               <p rend="indent"><said who="#Gaius Laelius" rend="merge"><reg>saepissime</reg> igitur mihi de amicitia cogitanti maxime illud considerandum videri solet, utrum propter imbecillitatem atque inopiam desiderata sit amicitia, ut dandis recipiendisque meritis, quod quisque minus per se ipse posset, id acciperet ab alio vicissimque redderet, an esset hoc quidem <pb xml:id="p.138"/> proprium amicitiae, sed antiquior et pulchrior et magis a natura ipsa profecta alia causa. <reg>amor</reg> enim, ex quo amicitia nominata est, princeps est ad benevolentiam coniungendam. <reg>nam</reg> utilitates quidem etiam ab eis percipiuntur saepe, qui simulatione amicitiae coluntur et observantur temporis causa; in amicitia autem nihil fictum, nihil simulatum est et, quidquid est, id est verum et voluntarium.</said> </p></div> 
            <div type="textpart" n="27" subtype="section"><p><said who="#Gaius Laelius" rend="merge"><reg>quapropter</reg> a natura mihi videtur potius quam indigentia orta amicitia, applicatione magis animi cum quodam sensu amandi, quam cogitatione quantum illa res utilitatis esset habitura. <reg>quod</reg> quidem quale sit, etiam in bestiis quibusdam animadverti potest, quae ex se natos ita amant ad quoddam tempus et ab eis ita amantur, ut facile earum sensus appareat. <reg>quod</reg> in homine multo est evidentius, primum ex ea caritate quae est inter natos et parentis, quae dirimi nisi detestabili scelere non potest, deinde cum similis sensus exstitit amoris, si aliquem nacti sumus, cuius cum moribus et natura congruamus, quod in eo quasi lumen aliquod probitatis et virtutis perspicere videamur.</said></p></div> 
            <div type="textpart" n="28" subtype="section"><p><said who="#Gaius Laelius" rend="merge"><reg>nihil</reg> est enim virtute amabilius, nihil quod magis alliciat ad diligendum, quippe cum propter virtutem et probitatem etiam eos, quos numquam vidimus, quodam modo diligamus. <reg>quis</reg> est qui C. Fabrici, M’. Curi non cum caritate aliqua <pb xml:id="p.140"/> benevola memoriam usurpet, quos numquam viderit? <reg>quis</reg> autem est qui Tarquinium Superbum, qui Sp. Cassium, Sp. Maelium non oderit? <reg>cum</reg> duobus ducibus de imperio in Italia est decertatum, Pyrrho et Hannibale; ab altero propter probitatem eius non nimis alienos animos habemus; alterum propter crudelitatem semper haec civitas oderit.</said></p></div> 
            <div type="textpart" n="29" subtype="section"><p rend="indent"><milestone unit="chapter" n="9"/><said who="#Gaius Laelius" rend="merge"><reg>quod</reg> si tanta vis probitatis est, ut eam vel in eis, quos numquam vidimus, et, quod maius est, in hoste etiam diligamus, quid mirum est, si animi hominum moveantur, cum eorum, quibuscum usu coniuncti esse possunt, virtutem et bonitatem perspicere videantur? <reg>quamquam</reg> confirmatur amor et beneficio accepto et studio perspecto et consuetudine adiuncta, quibus rebus ad illum primum motum animi et amoris adhibitis admirabilis quaedam exardescit benevolentiae magnitudo.</said></p>
               <p rend="indent"><said who="#Gaius Laelius" rend="merge"><reg>quam</reg> si qui putant ab imbecillitate proficisci, ut sit per quem adsequatur quod quisque desideret, humilem sane relinquunt et minime generosum, ut ita dicam, ortum amicitiae, quam ex inopia atque indigentia natam volunt. <reg>quod</reg> si ita esset, ut quisque minimum esse in se arbitraretur, ita ad amicitiam esset aptissimus; quod longe secus est. </said></p></div> 
            <div type="textpart" n="30" subtype="section"><p><said who="#Gaius Laelius" rend="merge"><reg>ut</reg> enim quisque sibi plurimum confidit et ut quisque maxime virtute et sapientia sic munitus est, ut nullo egeat suaque omnia in se ipso posita iudicet, ita <pb xml:id="p.142"/> in amicitiis expetendis colendisque maxime excellit. <reg>quid</reg> enim? Africanus indigens mei? <reg>minime</reg> hercule! <reg>ac</reg> ne ego quidem illius, sed ego admiratione quadam virtutis eius, ille vicissim opinione fortasse non nulla quam de meis moribus habebat, me dilexit; auxit benevolentiam consuetudo. <reg>sed</reg> quamquam utilitates multae et magnae consecutae sunt, non sunt tamen ab earum spe causae diligendi profectae.</said></p></div> 
            <div type="textpart" n="31" subtype="section"><p><said who="#Gaius Laelius" rend="merge"><reg>ut</reg> enim benefici liberalesque sumus, non ut exigamus gratiam—neque enim beneficium faeneramur, sed natura propensi ad liberalitatem sumus—sic amicitiam non spe mercedis adducti, sed quod omnis eius fructus in ipso amore inest, expetendam putamus.</said></p></div> 
            <div type="textpart" n="32" subtype="section"><p rend="indent"><said who="#Gaius Laelius" rend="merge"><reg>ab</reg> his, qui pecudum ritu ad voluptatem omnia referunt, longe dissentiunt; nec mirum; nihil enim altum, nihil magnificum ac divinum suspicere possunt, qui suas omnis cogitationes abiecerunt in rem tam humilem tamque contemptam. <reg>quam</reg> ob rem hos quidem ab hoc sermone removeamus, ipsi autem intellegamus natura gigni sensum diligendi et benevolentiae caritatem facta significatione probitatis, quam qui appetiverunt, applicant sese et propius admovent, ut et usu eius, quem diligere coeperunt, fruantur et moribus, sintque pares in amore et aequales propensioresque ad bene merendum quam ad reposcendum, atque haec inter eos sit honesta <pb xml:id="p.144"/> certatio. Sic et utilitates ex amicitia maximae capientur, et erit eius ortus a natura quam ab imbecillitate gravior et verior. <reg>nam</reg> si utilitas conglutinaret amicitias, eadem commutata dissolveret; sed quia natura mutari non potest, idcirco verae amicitiae sempiternae sunt.</said></p>
               <p rend="indent"><said who="#Gaius Laelius" rend="merge"><reg>ortum</reg> quidem amicitiae videtis, nisi quid ad haec forte vultis.</said></p>
               <p  rend="indent"><said who="#Gaius Fannius"><label>FANNIUS.</label> Tu vero perge, Laeli! <reg>pro</reg> hoc enim, qui minor est natu, meo iure respondeo.</said></p></div> 
            <div type="textpart" n="33" subtype="section"><p  rend="indent"><said who="#Quintus Mucius Scaevola"><label>SCAEVOLA.</label> Recte tu quidem: quam ob rem audiamus.</said></p>
               <p rend="indent"><milestone unit="chapter" n="10"/><said who="#Gaius Laelius"><label>LAELIUS.</label> Audite vero, optimi viri, ea quae saepissime inter me et Scipionem de amicitia disserebantur. <reg>quamquam</reg> ille quidem nihil difficilius esse dicebat quam amicitiam usque ad extremum vitae diem permanere: nam vel ut non idem expediret incidere saepe, vel ut de re publica non idem sentiretur; mutari etiam mores hominum saepe dicebat, alias adversis rebus, alias aetate ingravescente. <reg>atque</reg> earum rerum exemplum ex similitudine capiebat ineuntis aetatis, quod summi puerorum amores saepe una cum praetexta toga deponerentur; </said></p></div> 
<div type="textpart" n="34" subtype="section"><p><said who="#Gaius Laelius" rend="merge">sin autem ad adulescentiam perduxissent, dirimi tamen interdum contentione vel uxoriae condicionis vel commodi alicuius, quod idem adipisci uterque <pb xml:id="p.146"/> non posset. <reg>quod</reg> si qui longius in amicitia provecti essent, tamen saepe labefactari, si in honoris contentionem incidissent; pestem enim nullam maiorem esse amicitiis quam in plerisque pecuniae cupiditatem, in optimis quibusque honoris certamen et gloriae, ex quo inimicitias maximas saepe inter amicissimos exstitisse.</said></p></div> 
            <div type="textpart" n="35" subtype="section"><p rend="merge"><said who="#Gaius Laelius" rend="merge"><reg>magna</reg> etiam discidia et plerumque iusta nasci, cum aliquid ab amicis quod rectum non esset postularetur, ut aut libidinis ministri aut adiutores essent ad iniuriam, quod qui recusarent, quamvis honeste id facerent, ius tamen amicitiae deserere arguerentur ab eis, quibus obsequi nollent; illos autem, qui quidvis ab amico auderent postulare, postulatione ipsa profiteri omnia se amici causa esse facturos. <reg>eorum</reg> querella inveterata non modo familiaritates exstingui solere, sed odia etiam gigni sempiterna. <reg>haec</reg> ita multa quasi fata impendere amicitiis, ut omnia subterfugere non modo sapientiae, sed etiam felicitatis diceret sibi videri.</said></p></div> 
            <div type="textpart" n="36" subtype="section"><p rend="indent"><milestone unit="chapter" n="11"/><said who="#Gaius Laelius" rend="merge"><reg>quam</reg> ob rem id primum videamus, si placet, quatenus amor in amicitia progredi debeat. <reg>numne</reg>, si Coriolanus habuit amicos, ferre contra patriam arma illi cum Coriolano debuerunt? <reg>num</reg> Vecellinum amici regnum appetentem, num Maelium debuerunt iuvare?</said></p></div> 
<div type="textpart" n="37" subtype="section"><p><said who="#Gaius Laelius" rend="merge"><reg>tiberium</reg> quidem Gracchum <pb xml:id="p.148"/> rem publicam vexantem a Q. Tuberone aequalibusque amicis derelictum videbamus. At C. Blossius Cumanus, hospes familiae vestrae, Scaevola, cum ad me, quod aderam Laenati et Rupilio consulibus in consilio, deprecatum venisset, hanc ut sibi ignoscerem causam afferebat, quod tanti Tib. Gracchum fecisset, ut quidquid ille vellet sibi faciendum putaret. <reg>tum</reg> ego, <q>etiamne,</q> inquam, <q>si te in Capitolium faces ferre vellet?</q> <q><reg>numquam</reg> voluisset id quidem, sed, si voluisset, paruissem.</q> <reg>videtis</reg>, quam nefaria vox. <reg>et</reg> hercule ita fecit, vel plus etiam quam dixit; non enim paruit ille Tib. Gracchi temeritati, sed praefuit, nec se comitem illius furoris, sed ducem praebuit. <reg>itaque</reg> hac amentia, quaestione nova perterritus, in Asiam profugit, ad hostis se contulit, poenas rei publicae gravis iustasque persolvit.</said></p>
   <p rend="merge"><said who="#Gaius Laelius" rend="merge"><reg>nulla</reg> est igitur excusatio peccati, si amici causa peccaveris; nam, cum conciliatrix amicitiae virtutis opinio fuerit, difficile est amicitiam manere, si a virtute defeceris.</said></p></div> 
<div type="textpart" n="38" subtype="section"><p><said who="#Gaius Laelius" rend="merge"><reg>quod</reg> si rectum statuerimus vel concedere amicis quidquid velint vel impetrare ab eis quidquid velimus, perfecta quidem sapientia si simus, nihil habeat res viti; sed loquimur de eis amicis qui ante oculos sunt, quos videmus<note>videmus <emph rend="italic">P Reid;</emph> vidimus <emph rend="italic">ER Müller.</emph> </note> aut de quibus memoriam accepimus, quos novit vita communis. <pb xml:id="p.150"/> <reg>ex</reg> hoc numero nobis exempla sumenda sunt, et eorum quidem maxime, qui ad sapientiam proxime accedunt.</said></p></div> 
<div type="textpart" n="39" subtype="section"><p><said who="#Gaius Laelius" rend="merge"><reg>videmus</reg> Papum Aemilium C. Luscino familiarem fuisse (sic a patribus accepimus) bis una consules, collegas in censura; tum et cum eis et inter se coniunctissimos fuisse M’. Curium, Tib. Coruncanium memoriae proditum est. <reg>igitur</reg> ne suspicari quidem possumus quemquam horum ab amico quidpiam contendisse, quod contra fidem. contra ius iurandum, contra rem publicam esset. <reg>nam</reg> hoc quidem in talibus viris quid attinet dicere, si contendisset impetraturum non fuisse, cum illi sanctissimi viri fuerint, aeque autem nefas sit tale aliquid et facere rogatum et rogare? At vero Tib. Gracchum sequebantur C. Carbo, C. Cato, et minime tum quidem Gaius frater, nunc idem acerrimus.</said></p></div> 
            <div type="textpart" n="40" subtype="section"><p rend="indent"><milestone unit="chapter" n="12"/><said who="#Gaius Laelius" rend="merge"><reg>haec</reg> igitur lex in amicitia sanciatur, ut neque rogemus res turpis nec faciamus rogati. <reg>turpis</reg> enim excusatio est et minime accipienda cum in ceteris peccatis, tum si quis contra rem publicam <emph rend="italic">se</emph> amici causa fecisse fateatur. <reg>etenim</reg> eo loco, Fanni et Scaevola, locati sumus, ut nos longe prospicere oporteat futuros casus rei publicae. <reg>deflexit</reg> iam aliquantulum de spatio curriculoque consuetudo <pb xml:id="p.152"/> maiorum.</said></p></div> 
<div type="textpart" n="41" subtype="section"><p><said who="#Gaius Laelius" rend="merge">Tib. Gracchus regnum occupare conatus est, vel regnavit is quidem paucos menses. <reg>num</reg> quid simile populus Romanus audierat aut viderat? <reg>hunc</reg> etiam post mortem secuti amici et propinqui quid in P. Scipione effecerint, sine lacrimis non queo dicere. <reg>nam</reg> Carbonem, quocumque modo potuimus, propter recentem poenam Tib. Gracchi sustinuimus. De C. Gracchi autem tribunatu quid exspectem non libet augurari; serpit deinde res,<note>serpit deinde res <emph rend="italic">MSS.;</emph> serpit clam ea res <emph rend="italic">Deiter, Bennett. The passage is probably corrupt, as Müller thinks.</emph> </note> quae proclivis ad perniciem, cum semel coepit, labitur. <reg>videtis</reg> in tabella iam ante quanta sit facta labes, primo Gabinia lege, biennio autem post Cassia. <reg>videre</reg> iam videor populum a senatu disiunctum, multitudinis arbitrio res maximas agi. <reg>plures</reg> enim discent quem ad modum haec fiant, quam quem ad modum his resistatur.</said></p></div> 
            <div type="textpart" n="42" subtype="section"><p rend="merge"><said who="#Gaius Laelius" rend="merge"><reg>quorsum</reg> haec? <reg>quia</reg> sine sociis nemo quicquam <pb xml:id="p.154"/> tale conatur. <reg>praecipiendum</reg> est igitur bonis, ut; si in eius modi amicitias ignari casu aliquo inciderint, ne existiment ita se alligatos, ut ab amicis in magna aliqua re publica peccantibus non discedant; improbis autem poena statuenda est, nec vero minor eis qui secuti erunt alterum, quam eis qui ipsi fuerint impietatis duces. <reg>quis</reg> clarior in Graecia Themistocle, quis potentior? <reg>qui</reg> cum imperator bello Persico servitute Graeciam liberavisset propterque invidiam in exsilium expulsus esset, ingratae patriae iniuriam non tulit, quam ferre debuit: fecit idem quod viginti annis ante apud nos fecerat Coriolanus. His adiutor contra patriam inventus est nemo; itaque mortem sibi uterque conscivit.</said></p></div> 
<div type="textpart" n="43" subtype="section"><p><said who="#Gaius Laelius" rend="merge"><reg>qua</reg> re talis improborum consensio non modo excusatione amicitiae tegenda non est, sed potius supplicio omni vindicanda est, ut ne quis concessum putet amicum vel bellum patriae inferentem sequi. <reg>quod</reg> quidem, ut res ire coepit, haud scio an aliquando futurum sit; mihi autem non minori curae est, qualis res publica post mortem meam futura sit, quam qualis hodie sit.</said></p></div> 
            <div type="textpart" n="44" subtype="section"><p rend="indent"><milestone unit="chapter" n="13"/><said who="#Gaius Laelius" rend="merge"><reg>haec</reg> igitur prima lex amicitiae sanciatur, ut ab amicis honesta petamus, amicorum causa honesta faciamus, ne exspectemus quidem dum <pb xml:id="p.156"/> rogemur, studium semper adsit, cunctatio absit, consilium verum dare audeamus libere, plurimum in amicitia amicorum bene suadentium valeat auctoritas, eaque et adhibeatur ad monendum non modo aperte, sed etiam acriter, si res postulabit, et adhibitae pareatur.</said></p></div> 
<div type="textpart" n="45" subtype="section"><p><said who="#Gaius Laelius" rend="merge"><reg>nam</reg> quibusdam, quos audio sapientes habitos in Graecia, placuisse opinor mirabilia quaedam—sed nihil est, quod illi non persequantur argutiis—partim fugiendas esse nimias amicitias, ne necesse sit unum sollicitum esse pro pluribus; satis superque esse sibi suarum cuique rerum; alienis nimis implicari molestum esse; commodissimum esse quam laxissimas habenas habere amicitiae, quas vel adducas cum velis vel remittas; caput enim esse ad beate vivendum securitatem, qua frui non possit animus, si tamquam parturiat unus pro pluribus.</said></p></div> 
            <div type="textpart" n="46" subtype="section"><p rend="merge"><said who="#Gaius Laelius" rend="merge"><reg>alios</reg> autem dicere aiunt multo etiam inhumanius, quem locum breviter paulo ante perstrinxi, praesidi adiumentique causa, non benevolentiae neque caritatis amicitias esse expetendas; itaque ut quisque minimum firmitatis haberet minimumque virium, ita amicitias appetere maxime: ex eo fieri ut mulierculae magis amicitiarum praesidia quaerant quam viri, et inopes quam opulenti, et calamitosi quam ei <pb xml:id="p.158"/> qui putentur beati.</said></p></div> 
<div type="textpart" n="47" subtype="section"><p><said who="#Gaius Laelius" rend="merge">O praeclaram sapientiam! <reg>solem</reg> enim e mundo tollere videntur ei, qui amicitiam e vita tollunt, qua nihil a dis immortalibus melius habemus, nihil iucundius. <reg>quae</reg> est enim ista securitas? <reg>specie</reg> quidem blanda, sed reapse multis locis repudianda. <reg>neque</reg> enim est consentaneum ullam honestam rem actionemve, ne sollicitus sis, aut non suscipere aut susceptam deponere. <reg>quod</reg> si curam fugimus, virtus fugienda est, quae necesse est cum aliqua cura res sibi contrarias aspernetur atque oderit, ut bonitas malitiam, temperantia libidinem, ignaviam fortitudo. <reg>itaque</reg> videas rebus iniustis iustos maxime dolere, imbellibus fortis, flagitiosis modestos. <reg>ergo</reg> hoc proprium est animi bene constituti, et laetari bonis rebus et dolere contrariis.</said></p></div> 
            <div type="textpart" n="48" subtype="section"><p rend="merge"><said who="#Gaius Laelius" rend="merge"><reg>quam</reg> ob rem si cadit in sapientem animi dolor, qui profecto cadit, nisi ex eius animo exstirpatam humanitatem arbitramur, quae causa est cur amicitiam funditus tollamus e vita, ne aliquas propter eam suscipiamus molestias? <reg>quid</reg> enim interest motu animi sublato, non dico inter pecudem et hominem, sed inter hominem et truncum aut saxum aut quidvis generis eiusdem? <reg>neque</reg> enim sunt isti audiendi, qui virtutem duram et quasi ferream esse quandam volunt; quae quidem est cum multis in rebus tum in amicitia tenera atque tractabilis, ut et bonis amici quasi diffundatur et incommodis <pb xml:id="p.160"/> contrahatur. <reg>quam</reg> ob rem angor iste, qui pro amico saepe capiendus est, non tantum valet, ut tollat e vita amicitiam, non plus quam ut virtutes, quia non nullas curas et molestias afferunt, repudientur.</said></p>       
             <p rend="indent"><milestone unit="chapter" n="14"/><said who="#Gaius Laelius" rend="merge"> <reg>cum</reg> autem contrahat amicitiam, ut supra dixi, si qua<note>si qua <emph rend="italic">M;</emph> si quasi <emph rend="italic">Reid;</emph> sic quasi <emph rend="italic">GBS;</emph> si qua quasi D.</note> significatio virtutis eluceat, ad quam se similis animus applicet et adiungat, id cum contigit, amor exoriatur necesse est.</said></p></div> 
<div type="textpart" n="49" subtype="section"><p><said who="#Gaius Laelius" rend="merge"><reg>quid</reg> enim tam absurdum quam delectari multis inanibus rebus, ut honore, ut gloria, ut aedificio, ut vestitu cultuque corporis, animante virtute praedito, eo qui vel amare vel, ut ita dicam, redamare possit, non admodum delectari? <reg>nihil</reg> est enim remuneratione benevolentiae, nihil vicissitudine studiorum officiorumque iucundius. </said></p></div> 
<div type="textpart" n="50" subtype="section"><p><said who="#Gaius Laelius" rend="merge"><reg>quid</reg>? si illud etiam addimus, quod recte addi potest, nihil esse quod ad se rem ullam tam illiciat et tam trahat quam ad amicitiam similitudo, concedetur profecto verum esse, ut bonos boni diligant asciscantque sibi quasi propinquitate coniunctos atque natura. <reg>nihil</reg> est enim appetentius similium sui nec rapacius quam natura. <reg>quam</reg> ob rem hoc quidem, Fanni et Scaevola, constet, ut opinor, bonis inter bonos quasi necessariam benevolentiam, qui est amicitiae fons a natura constitutus. <reg>sed</reg> eadem bonitas etiam ad multitudinem pertinet. <reg>non</reg> enim est inhumana virtus neque immunis neque superba, quae etiam populos universos tueri eisque optime <pb xml:id="p.162"/> consulere soleat, quod non faceret profecto, si a caritate volgi abhorreret.</said></p></div> 
            <div type="textpart" n="51" subtype="section"><p rend="merge"><said who="#Gaius Laelius" rend="merge"><reg>atque</reg> etiam mihi quidem videntur, qui utilitatis causa fingunt amicitias, amabilissimum nodum amicitiae tollere. <reg>non</reg> enim tam utilitas parta per amicum quam amici amor ipse delectat, tumque illud fit, quod ab amico est profectum, iucundum, si cum studio est profectum. <reg>tantumque</reg> abest ut amicitiae propter indigentiam colantur, ut ei, qui opibus et copiis maximeque virtute, in qua plurimum est praesidi, minime alterius indigeant, liberalis simi sint et beneficentissimi. <reg>atque</reg> haud sciam an ne opus sit quidem nihil umquam omnino deesse amicis. <reg>ubi</reg> enim studia nostra viguissent, si numquam consilio, numquam opera nostra nec domi nec militiae Scipio eguisset? <reg>non</reg> igitur utilitatem amicitia, sed utilitas amicitiam secuta est.</said></p></div> 
            <div type="textpart" n="52" subtype="section"><p rend="indent"><milestone unit="chapter" n="15"/><said who="#Gaius Laelius" rend="merge"><reg>non</reg> ergo erunt homines deliciis diffluentes audiendi, si quando de amicitia, quam nec usu nec ratione habent cognitam, disputabunt. <reg>nam</reg> quis est, pro deorum fidem atque hominum! qui velit, ut neque diligat quemquam nec ipse ab ullo diligatur, circumfluere omnibus copiis atque in omnium rerum abundantia vivere? <reg>haec</reg> enim est tyrannorum vita, nimirum in qua nulla fides, nulla caritas, nulla <pb xml:id="p.164"/> stabilis benevolentiae potest esse fiducia, omnia semper suspecta atque sollicita, nullus locus amicitiae. </said></p></div> 
<div type="textpart" n="53" subtype="section"><p><said who="#Gaius Laelius" rend="merge"><reg>quis</reg> enim aut eum diligat, quem metuat, aut eum, a quo se metui putet? <reg>coluntur</reg> tamen simulatione dumtaxat ad tempus. <reg>quod</reg> si forte, ut fit plerumque, ceciderint, tum intellegitur quam fuerint inopes amicorum. <reg>quod</reg> Tarquinium dixisse ferunt exulantem, tum se intellexisse, quos fidos amicos habuisset, quos infidos, cum iam neutris gratiam referre posset.</said></p></div> 
            <div type="textpart" n="54" subtype="section"><p rend="merge"><said who="#Gaius Laelius" rend="merge"><reg>quamquam</reg> miror, illa superbia et importunitate, si quemquam amicum habere potuit. <reg>atque</reg> ut huius, quem dixi, mores veros amicos parare non potuerunt, sic multorum opes praepotentium excludunt amicitias fidelis. <reg>non</reg> enim solum ipsa fortuna caeca est, sed eos etiam plerumque efficit caecos, quos complexa est; itaque efferuntur fere fastidio et contumacia, nec quicquam insipiente fortunato intolerabilius fieri potest. <reg>atque</reg> hoc quidem videre licet, eos, qui antea commodis fuerint moribus, imperio potestate prosperis rebus immutari, sperni ab eis veteres amicitias, indulgeri novis.</said></p></div> 
<div type="textpart" n="55" subtype="section"><p><said who="#Gaius Laelius" rend="merge"><reg>quid</reg> autem stultius quam, cum plurimum copiis facultatibus opibus possint, cetera parare, quae parantur pecunia, equos famulos vestem egregiam vasa pretiosa, amicos non parare, optimam et pulcherrimam vitae, ut ita dicam, supellectilem? <reg>etenim</reg> cetera cum parant, cui parent <pb xml:id="p.166"/> nesciunt nec cuius causa laborent; eius enim est istorum quidque qui vicit viribus; amicitiarum sua cuique permanet stabilis et certa possessio, ut etiam si illa maneant, quae sunt quasi dona fortunae, tamen vita inculta et deserta ab amicis non possit esse iucunda. <reg>sed</reg> haec hactenus.</said></p></div> 
            <div type="textpart" n="56" subtype="section"><p rend="indent"><milestone unit="chapter" n="16"/><said who="#Gaius Laelius" rend="merge"><reg>constituendi</reg> autem sunt, qui sint in amicitia fines et quasi termini diligendi. De quibus tris video sententias ferri, quarum nullam probo: unam, ut eodem modo erga amicum affecti simus quo erga nosmet ipsos; alteram, ut nostra in amicos benevolentia illorum erga nos benevolentiae pariter aequaliterque respondeat; tertiam, ut, quanti quisque se ipse facit, tanti fiat ab amicis.</said></p></div> 
<div type="textpart" n="57" subtype="section"><p><said who="#Gaius Laelius" rend="merge"><reg>harum</reg> trium sententiarum nulli prorsus assentior. <reg>nec</reg> enim illa prima vera est, ut, quem ad modum in se quisque, sic in amicum sit animatus. <reg>quam</reg> multa enim, quae nostra causa numquam faceremus, facimus causa amicorum! <reg>precari</reg> ab indigno, supplicare, tum acerbius in aliquem invehi insectarique vehementius, quae in nostris rebus non satis honeste, in amicorum fiunt honestissime; multaeque res sunt, in quibus de suis commodis viri boni multa detrahunt detrahique patiuntur, ut eis amici potius quam ipsi fruantur.</said></p></div> 
            <div type="textpart" n="58" subtype="section"><p rend="merge"><said who="#Gaius Laelius" rend="merge"><reg>altera</reg> sententia est quae definit amicitiam paribus <pb xml:id="p.168"/> officiis ac voluntatibus. <reg>hoc</reg> quidem est nimis exigue et exiliter ad calculos vocare amicitiam, ut par sit ratio acceptorum et datorum. <reg>divitior</reg> mihi et affluentior videtur esse vera amicitia nec observare restricte ne plus reddat quam acceperit: neque enim verendum est ne quid excidat aut ne quid in terram defluat aut ne plus aequo quid in amicitiam congeratur.</said></p></div> 
            <div type="textpart" n="59" subtype="section"><p rend="merge"><said who="#Gaius Laelius" rend="merge"><reg>tertius</reg> vero ille finis deterrimus, ut, quanti quisque se ipse faciat, tanti fiat ab amicis. <reg>saepe</reg> enim in quibusdam aut animus abiectior est aut spes amplificandae fortunae fractior. <reg>non</reg> est igitur amici talem esse in eum, qualis ille in se est, sed potius eniti et efficere ut amici iacentem animum excitet inducatque spem cogitationemque meliorem. <reg>alius</reg> igitur finis verae amicitiae constituendus est, si prius, quid maxime reprehendere Scipio solitus sit, dixero. <reg>negabat</reg> ullam vocem inimiciorem amicitiae potuisse reperiri quam eius qui dixisset ita amare oportere ut si aliquando esset osurus; nec vero se adduci posse ut hoc, quem ad modum putaretur, a Biante esse dictum crederet, qui sapiens habitus esset unus e septem; impuri cuiusdam aut ambitiosi aut omnia ad suam potentiam revocantis <pb xml:id="p.170"/> esse sententiam. <reg>quonam</reg> enim modo quisquam amicus esse poterit ei, cui se putabit inimicum esse posse? <reg>quin</reg> etiam necesse erit cupere et optare ut quam saepissime peccet amicus, quo pluris det sibi tamquam ansas ad reprehendendum: rursum autem recte factis commodisque amicorum necesse erit angi dolere invidere.</said></p></div> 
<div type="textpart" n="60" subtype="section"><p><said who="#Gaius Laelius" rend="merge"><reg>qua</reg> re hoc quidem praeceptum, cuiuscumque est, ad tollendam amicitiam valet: illud potius praecipiendum fuit, ut eam diligentiam adhiberemus in amicitiis comparandis, ut ne quando amare inciperemus eum, quem aliquando odisse possemus. <reg>quin</reg> etiam si minus felices in deligendo fuissemus, ferendum id Scipio potius quam inimicitiarum tempus cogitandum putabat.</said></p></div> 
            <div type="textpart" n="61" subtype="section"><p rend="indent"><milestone unit="chapter" n="17"/><said who="#Gaius Laelius" rend="merge">His igitur finibus utendum arbitror, ut, cum emendati mores amicorum sint, tum sit inter eos omnium rerum consiliorum voluntatum sine ulla exceptione communitas, ut etiam si qua fortuna accident ut minus iustae amicorum voluntates adiuvandae sint, in quibus eorum aut caput agatur aut fama, declinandum de via sit, modo ne summa turpitudo sequatur; est enim quatenus amicitiae dari venia possit. <reg>nec</reg> vero neglegenda est fama, nec mediocre telum ad res gerendas existimare oportet benevolentiam civium, quam blanditiis et assentando colligere turpe est; virtus, quam sequitur caritas, minime repudianda est.</said></p> <pb xml:id="p.172"/> </div> 
            <div type="textpart" n="62" subtype="section"><p rend="merge"><said who="#Gaius Laelius" rend="merge"><reg>sed</reg>—saepe enim redeo ad Scipionem, cuius omnis sermo erat de amicitia—querebatur quod omnibus in rebus homines diligentiores essent; capras et ovis quot quisque haberet dicere posse, amicos quot haberet non posse dicere; et in illis quidem parandis adhibere curam, in amicis eligendis neglegentis esse nec habere quasi signa quaedam et notas, quibus eos, qui ad amicitiam essent idonei, iudicarent. <reg>sunt</reg> igitur firmi et stabiles et constantes eligendi, cuius generis est magna penuria; et iudicare difficile est sane nisi expertum, experiendum autem est in ipsa amicitia: ita praecurrit amicitia iudicium tollitque experiendi potestatem.</said></p></div> 
<div type="textpart" n="63" subtype="section"><p><said who="#Gaius Laelius" rend="merge"><reg>est</reg> igitur prudentis sustinere ut cursum, sic impetum benevolentiae, quo utamur, quasi equis temptatis, sic amicitia, aliqua parte periclitatis moribus amicorum. <reg>quidam</reg> saepe in parva pecunia perspiciuntur quam sint leves; quidam autem, quos parva movere non potuit, cognoscuntur in magna. <reg>sin</reg> vero erunt aliqui reperti qui pecuniam praeferre amicitiae sordidum existiment, ubi eos inveniemus, qui honores magistratus imperia potestates opes amicitiae non anteponant, ut, cum ex altera parte proposita haec sint, ex altera ius amicitiae, non multo illa malint? <reg>imbecilla</reg> enim est natura ad contemnendam potentiam, quam etiam si neglecta amicitia consecuti sint, obscuratum <pb xml:id="p.174"/> iri arbitrantur, quia non sine magna causa sit neglecta amicitia.</said></p></div> 
<div type="textpart" n="64" subtype="section"><p><said who="#Gaius Laelius" rend="merge"><reg>itaque</reg> verae amicitiae difficillime reperiuntur in eis, qui in honoribus reque publica versantur. <reg>ubi</reg> enim istum invenias, qui honorem amici anteponat suo? <reg>quid</reg>? haec ut omittam, quam graves, quam difficiles plerisque videntur calamitatum societates, ad quas non est facile inventu qui descendant. <reg>quamquam</reg> Ennius recte: <quote rend="blockquote"> <l>amicus certus in re incerta cernitur;</l> </quote> tamen haec duo levitatis et infirmitatis plerosque convincunt, aut si in bonis rebus contemnunt aut in malis deserunt. <reg>qui</reg> igitur utraque in re gravem constantem stabilem se in amicitia praestiterit, hunc ex maxime raro genere hominum iudicare debemus et paene divino.</said></p></div> 
            <div type="textpart" n="65" subtype="section"><p rend="indent"><milestone unit="chapter" n="18"/><said who="#Gaius Laelius" rend="merge"><reg>firmamentum</reg> autem stabilitatis constantiaeque est eius quam<note>quam <emph rend="italic">MSS.,</emph> quem <emph rend="italic">Reid.</emph> </note> in amicitia quaerimus fides est; nihil est enim stabile, quod infidum est. <reg>simplicem</reg> praeterea et communem et consentientem, id est, qui rebus isdem moveatur, elegi par est; quae omnia pertinent ad fidelitatem. <reg>neque</reg> enim fidum potest esse multiplex ingenium et tortuosum, neque vero, qui non isdem rebus movetur naturaque <pb xml:id="p.176"/> consentit, aut fidus aut stabilis potest esse. <reg>addendum</reg> eodem est, ut ne criminibus aut inferendis delectetur aut credat oblatis, quae pertinent omnia ad eam, quam iam dudum tracto, constantiam. <reg>ita</reg> fit verum illud, quod initio dixi, amicitiam nisi inter bonos esse non posse.</said></p>
               <p rend="merge"><said who="#Gaius Laelius" rend="merge"><reg>est</reg> enim boni viri, quem eundem sapientem licet dicere, haec duo tenere in amicitia: primum, ne quid fictum sit neve simulatum; aperte enim vel odisse magis ingenui est quam fronte occultare sententiam; deinde non solum ab aliquo allatas criminationes repellere, sed ne ipsum quidem esse suspiciosum, semper aliquid existimantem ab amico esse violatum.</said></p></div> 
<div type="textpart" n="66" subtype="section"><p><said who="#Gaius Laelius" rend="merge"><reg>accedat</reg> huc suavitas quaedam oportet sermonum atque morum, haudquaquam mediocre condimentum amicitiae. <reg>tristitia</reg> autem et in omni re severitas habet illa quidem gravitatem, sed amicitia remissior esse debet et liberior et dulcior et ad omnem comitatem facilitatemque proclivior.</said></p></div> 
            <div type="textpart" n="67" subtype="section"><p rend="indent"><milestone unit="chapter" n="19"/><said who="#Gaius Laelius" rend="merge"><reg>exsistit</reg> autem hoc loco quaedam quaestio subdifficilis, num quando amici novi, digni amicitia, veteribus sint anteponendi, ut equis vetulis teneros anteponere solemus. <reg>indigna</reg> homine dubitatio; non enim debent esse amicitiarum, sicut aliarum rerum, satietates; veterrima quaeque, ut ea vina quae vetustatem ferunt, esse debent suavissima, verumque illud est, quod dicitur, multos modios salis simul edendos esse, ut amicitiae munus expletum <pb xml:id="p.178"/> sit.</said></p></div> 
<div type="textpart" n="68" subtype="section"><p><said who="#Gaius Laelius" rend="merge"><reg>novitates</reg> autem, si spem afferunt, ut tamquam in herbis non fallacibus fructus appareat, non sunt illae quidem repudiandae, vetustas tamen suo loco conservanda; maxima est enim vis vetustatis et consuetudinis. <reg>quin</reg> in ipso<note>quin in ipso <emph rend="italic">Bennett from Cornell MS.;</emph> qui in ipso <emph rend="italic">P;</emph> quin et in ipso <emph rend="italic">GBESV; Reid has</emph> ipso equo.</note> equo, cuius modo feci mentionem, si nulla res impediat, nemo est quin eo, quo consuevit, libentius utatur quam intractato et novo; nec vero in hoc, quod est animal, sed in eis etiam, quae sunt inanima, consuetudo valet, cum locis ipsis delectemur, montuosis etiam et silvestribus, in quibus diutius commorati sumus.</said></p></div> 
            <div type="textpart" n="69" subtype="section"><p rend="merge"><said who="#Gaius Laelius" rend="merge"><reg>sed</reg> maximum est in amicitia superiorem parem esse inferiori. <reg>saepe</reg> enim excellentiae quaedam sunt, qualis erat Scipionis in nostro, ut ita dicam, grege. <reg>numquam</reg> se ille Philo, numquam Rupilio, numquam Mummio anteposuit, numquam inferioris ordinis amicis. Q. vero Maximum fratrem, egregium virum omnino, sibi nequaquam parem, quod is anteibat aetate, tamquam superiorem colebat suosque omnis per se posse esse ampliores volebat.</said></p></div> 
<div type="textpart" n="70" subtype="section"><p><said who="#Gaius Laelius" rend="merge"><reg>quod</reg> faciendum imitandumque est omnibus, ut, si quam praestantiam virtutis ingeni fortunae consecuti sunt, impertiant ea suis communicentque cum proximis; ut, si parentibus nati sint humilibus, si propinquos habeant imbecilliore vel animo vel fortuna, eorum augeant opes eisque honori sint et dignitati. <reg>ut</reg> in fabulis, qui aliquamdiu propter ignorationem <pb xml:id="p.180"/> stirpis et generis in famulatu fuerunt, cum cogniti sunt et aut deorum aut regum filii inventi, retinent tamen caritatem in pastores, quos patres multos annos esse duxerunt. <reg>quod</reg> est multo profecto magis in veris patribus certisque faciendum. <reg>fructus</reg> enim ingeni et virtutis omnisque praestantiae tum maximus capitur, cum in proximum quemque confertur.</said></p></div> 
            <div type="textpart" n="71" subtype="section"><p rend="indent"><milestone unit="chapter" n="20"/><said who="#Gaius Laelius" rend="merge"><reg>ut</reg> igitur ei, qui sunt in amicitiae coniunctionisque necessitudine superiores, exaequare se cum inferioribus debent, sic inferiores non dolere se a suis aut ingenio aut fortuna aut dignitate superari. <reg>quorum</reg> plerique aut queruntur semper aliquid aut etiam exprobrant, eoque magis si habere se putant quod officiose et amice et cum labore, aliquo suo factum queant dicere. <reg>odiosum</reg> sane genus hominum officia exprobrantium, quae meminisse debet is, in quem collata sunt, non commemorare qui contulit. </said></p></div> 
<div type="textpart" n="72" subtype="section"><p><said who="#Gaius Laelius" rend="merge"><reg>quam</reg> ob rem, ut ei, qui superiores sunt, submittere se debent in amicitia, sic quodam modo inferiores extollere. <reg>sunt</reg> enim quidam qui molestas amicitias faciunt cum ipsi se contemni putant—quod non fere contingit nisi eis qui etiam contemnendos se arbitrantur; qui hac opinione non modo verbis, sed etiam opera<note>opera <emph rend="italic">Reid;</emph> opere <emph rend="italic">MSS.</emph> </note> levandi sunt.</said></p></div> 
<div type="textpart" n="73" subtype="section"><p><said who="#Gaius Laelius" rend="merge"><reg>tantum</reg> autem cuique tribuendum, primum quantum ipse efficere possis, deinde etiam quantum ille, quem diligas atque <pb xml:id="p.182"/> adiuves, sustinere. <reg>non</reg> enim neque tu possis, quamvis excellas, omnis tuos ad honores amplissimos perducere, ut Scipio P. Rupilium potuit consulem efficere, fratrem eius Lucium non potuit. <reg>quod</reg> si etiam possis quidvis deferre ad alterum, videndum est tamen quid ille possit sustinere.</said></p></div> 
            <div type="textpart" n="74" subtype="section"><p rend="merge"><said who="#Gaius Laelius" rend="merge"><reg>omnino</reg> amicitiae corroboratis iam confirmatisque et ingeniis et aetatibus iudicandae sunt; nec, si qui ineunte aetate venandi aut pilae studiosi fuerunt, eos habere necessarios, quos tum eodem studio praeditos dilexerunt. <reg>isto</reg> enim modo nutrices et paedagogi iure vetustatis plurimum benevolentiae postulabunt. <reg>qui</reg> neglegendi quidem non sunt, sed alio quodam modo aestimandi<note>aestimandi <emph rend="italic">Mommsen’s conjec. for</emph> est <emph rend="italic">or</emph> est. et <emph rend="italic">Mss.</emph> </note> ; aliter amicitiae stabiles permanere non possunt. <reg>disparis</reg> enim mores disparia studia sequuntur, quorum dissimilitudo dissociat amicitias; nec ob aliam causam ullam boni improbis, improbi bonis amici esse non possunt, nisi quod tanta est inter eos, quanta maxima potest esse, morum studiorumque distantia.</said></p></div> 
            <div type="textpart" n="75" subtype="section"><p rend="merge"><said who="#Gaius Laelius" rend="merge"><reg>recte</reg> etiam praecipi potest in amicitiis, ne intemperata quaedam benevolentia, quod persaepe fit, impediat magnas utilitates amicorum. <reg>nec</reg> enim, ut ad fabulas redeam, Troiam Neoptolemus capere <pb xml:id="p.184"/> potuisset, si Lycomedem, apud quem erat educatus, multis cum lacrimis iter suum impedientem audire voluisset. <reg>et</reg> saepe incidunt magnae res, ut discedendum sit ab amicis; quas qui impedire volt, quod desiderium non facile ferat, is et infirmus est mollisque natura et ob eam ipsam causam in amicitia parum iustus.</said></p></div> 
<div type="textpart" n="76" subtype="section"><p><said who="#Gaius Laelius" rend="merge"><reg>atque</reg> in omni re considerandum est et quid postules ab amico et quid patiare a te impetrari.</said></p>
   <p rend="indent"><milestone unit="chapter" n="21"/><said who="#Gaius Laelius" rend="merge"><reg>est</reg> etiam quaedam calamitas in amicitiis dimittendis non numquam necessaria—iam enim a sapientium familiaritatibus ad volgaris amicitias oratio nostra delabitur. <reg>erumpunt</reg> saepe vitia amicorum tum in ipsos amicos, tum in alienos, quorum tamen ad amicos redundet infamia. <reg>tales</reg> igitur amicitiae sunt remissione usus eluendae et, ut Catonem dicere audivi, dissuendae magis quam discindendae, nisi quaedam admodum intolerabilis iniuria exarserit, ut neque rectum neque honestum sit nec fieri possit ut non statim alienatio disiunctioque facienda sit.</said></p></div> 
            <div type="textpart" n="77" subtype="section"><p rend="merge"><said who="#Gaius Laelius" rend="merge"><reg>sin</reg> autem aut morum aut studiorum commutatio quaedam, ut fieri solet, facta erit, aut in rei publicae partibus dissensio intercesserit (loquor enim iam, <pb xml:id="p.186"/> ut paulo ante dixi, non de sapientium, sed de communibus amicitiis) cavendum erit ne non solum amicitiae depositae, sed etiam inimicitiae susceptae videantur. <reg>nihil</reg> enim est turpius quam cum eo bellum gerere, quocum familiariter vixeris. <reg>ab</reg> amicitia Q. Pompei meo nomine se removerat, ut scitis, Scipio; propter dissensionem autem, quae erat in re publica, alienatus est a collega nostro Metello; utrumque egit graviter ac moderate<note>graviter ac moderate <emph rend="italic">Reid;</emph> graviter auctoritate <emph rend="italic">MSS.</emph> </note> et offensione animi non acerba.</said></p></div> 
<div type="textpart" n="78" subtype="section"><p><said who="#Gaius Laelius" rend="merge"><reg>quam</reg> ob rem primum danda opera est ne qua amicorum discidia fiant, sin tale aliquid evenerit, ut exstinctae potius amicitiae quam oppressae esse videantur. <reg>cavendum</reg> vero ne etiam in gravis inimicitias convertant se amicitiae ex quibus iurgia maledicta contumeliae gignuntur. <reg>quae</reg> tamen si tolerabiles erunt, ferendae sunt et hic honos veteri amicitiae tribuendus, ut is in culpa sit qui faciat, non is qui patiatur, iniuriam.</said></p>
   <p rend="merge"><said who="#Gaius Laelius" rend="merge"><reg>omnino</reg> omnium horum vitiorum atque incommodorum una cautio est atque una provisio, ut ne nimis cito diligere incipiant neve non dignos.</said></p></div> 
<div type="textpart" n="79" subtype="section"><p><said who="#Gaius Laelius" rend="merge"><reg>digni</reg> autem sunt amicitia, quibus in ipsis inest causa cur diligantur. <reg>rarum</reg> genus! et quidem omnia praeclara, rara, nec quicquam difficilius quam reperire quod sit omni ex parte in suo genere perfectum. <reg>sed</reg> plerique neque in rebus humanis quicquam bonum norunt nisi <pb xml:id="p.188"/> quod fructuosum sit, et amicos tamquam pecudes eos potissimum diligunt, ex quibus sperant se maximum fructum esse capturos.</said></p></div> 
<div type="textpart" n="80" subtype="section"><p><said who="#Gaius Laelius" rend="merge"><reg>ita</reg> pulcherrima illa et maxime naturali carent amicitia per se et propter se expetita,nec ipsi sibi exemplo sunt, haec vis amicitiae et qualis et quanta sit. <reg>ipse</reg> enim se quisque diligit, non ut aliquam a se ipse mercedem exigat caritatis suae, sed quod per se quisque sibi carus est; quod nisi idem in amicitiam transferetur, verus amicus numquam reperietur: est enim is qui est tamquam alter idem.</said></p></div> 
            <div type="textpart" n="81" subtype="section"><p rend="merge"><said who="#Gaius Laelius" rend="merge"><reg>quod</reg> si hoc apparet in bestiis, volucribus nantibus agrestibus, cicuribus feris, primum ut se ipsae diligant—id enim pariter cum omni animante nascitur —deinde, ut requirant atque appetant ad quas se applicent eiusdem generis animantis—idque faciant cum desiderio et cum quadam similitudine amoris humani—quanto id magis in homine fit natura, qui et se ipse diligit et alterum anquirit, cuius animum ita cum suo misceat, ut efficiat paene unum ex duobus!</said></p></div> 
            <div type="textpart" n="82" subtype="section"><p rend="indent"><milestone unit="chapter" n="22"/><said who="#Gaius Laelius" rend="merge"><reg>sed</reg> plerique perverse, ne dicam impudenter, habere talem amicum volunt, quales ipsi esse non possunt, quaeque ipsi non tribuunt amicis, haec ab eis desiderant. <reg>par</reg> est autem primum ipsum esse virum bonum, tum alterum similem sui quaerere. <reg>in</reg> talibus ea, quam iam dudum tractamus, stabilitas <pb xml:id="p.190"/> amicitiae confirmari potest, cum homines benevolentia coniuncti primum cupiditatibus eis quibus ceteri serviunt imperabunt; deinde aequitate iustitiaque gaudebunt omniaque alter pro altero suscipiet; neque quicquam umquam nisi honestum et rectum alter ab altero postulabit, neque solum colent inter se ac diligent, sed etiam verebuntur. <reg>nam</reg> maximum ornamentum amicitiae tollit, qui ex ea tollit verecundiam.</said></p></div> 
<div type="textpart" n="83" subtype="section"><p><said who="#Gaius Laelius" rend="merge"><reg>itaque</reg> in eis perniciosus est error, qui existimant libidinum peccatorumque omnium patere in amicitia licentiam. <reg>virtutum</reg> amicitia adiutrix a natura data est, non vitiorum comes, ut, quoniam solitaria non posset virtus ad ea quae summa sunt pervenire, coniuncta et consociata cum altera perveniret. <reg>quae</reg> si quos inter societas aut est aut fuit aut futura est, eorum est habendus ad summum naturae bonum optimus beatissimusque comitatus. </said></p></div> 
<div type="textpart" n="84" subtype="section"><p><said who="#Gaius Laelius" rend="merge"><reg>haec</reg> est, inquam, societas, in qua omnia insunt, quae putant homines expetenda—honestas gloria tranquillitas animi atque iucunditas; ut et, cum haec adsint, beata vita sit, et sine his esse non possit</said></p>
   <p rend="merge"><said who="#Gaius Laelius" rend="merge"><reg>quod</reg> cum optimum maximumque sit, si id volumus adipisci, virtuti opera danda est, sine qua nec amicitiam neque ullam rem expetendam consequi possumus; ea vero neglecta qui se amicos habere arbitrantur, tum se denique errasse sentiunt, cum eos gravis aliquis casus experiri cogit.</said></p></div> 
<div type="textpart" n="85" subtype="section"><p><said who="#Gaius Laelius" rend="merge"><reg>quocirca</reg>, dicendum est enim saepius, cum iudicaris, diligere <pb xml:id="p.192"/> oportet; non, cum dilexeris, iudicare. <reg>sed</reg> cum multis in rebus neglegentia plectimur, tum maxime in amicis et diligendis et colendis; praeposteris enim utimur consiliis et acta agimus, quod vetamur vetere proverbio. <reg>nam</reg>, implicati ultro et citro vel usu diuturno vel etiam officiis, repente in medio cursu amicitias exorta aliqua offensione disrumpimus.</said></p></div> 
            <div type="textpart" n="86" subtype="section"><p rend="indent"><milestone unit="chapter" n="23"/><said who="#Gaius Laelius" rend="merge"><reg>quo</reg> etiam magis vituperanda est rei maxime necessariae tanta incuria. <reg>una</reg> est enim amicitia in rebus humanis, de cuius utilitate omnes uno ore consentiunt; quamquam a multis virtus ipsa contemnitur et venditatio quaedam atque ostentatio esse dicitur; multi divitias despiciunt, quos parvo contentos tenuis victus cultusque delectat; honores vero, quorum cupiditate quidam inflammantur, quam multi ita contemnunt, ut nihil inanius, nihil esse levius existiment! <reg>itemque</reg> cetera, quae quibusdam admirabilia videntur, permulti sunt qui pro nihilo putent. De amicitia omnes ad unum idem sentiunt; et ei qui ad rem publicam se contulerunt, et ei qui rerum cognitione doctrinaque delectantur, et ei qui suum negotium gerunt otiosi; postremo ei qui se totos tradiderunt voluptatibus, sine amicitia <pb xml:id="p.194"/> vitam esse nullam, si modo velint aliqua ex parte liberaliter vivere.</said></p></div> 
<div type="textpart" n="87" subtype="section"><p><said who="#Gaius Laelius" rend="merge"><reg>serpit</reg> enim nescio quo modo per omnium vitas amicitia nec ullam aetatis degendae rationem patitur esse expertem sui.</said></p>
   <p rend="merge"><said who="#Gaius Laelius" rend="merge"><reg>quin</reg> etiam si quis asperitate ea est et immanitate naturae, congressus ut hominum fugiat atque oderit, qualem fuisse Athenis Timonem nescio quem accepimus, tamen is pati non possit, ut non anquirat aliquem, apud quem evomat virus acerbitatis suae. <reg>atque</reg> hoc maxime iudicaretur, si quid tale possit contingere, ut aliquis nos deus ex hac hominum frequentia tolleret et in solitudine uspiam collocaret atque ibi suppeditans omnium rerum quas natura desiderat, abundantiam et copiam, hominis omnino aspiciendi potestatem eriperet—quis tam esset ferreus qui eam vitam ferre posset cuique non auferret fructum voluptatum omnium solitudo?</said></p></div> 
<div type="textpart" n="88" subtype="section"><p><said who="#Gaius Laelius" rend="merge"><reg>verum</reg> ergo illud est, quod a Tarentino Archyta, ut opinor, dici solitum nostros senes commemorare audivi ab aliis senibus auditum: si quis in caelum ascendisset naturamque mundi et pulchritudinem siderum perspexisset, insuavem illam admirationem ei fore, quae iucundissima fuisset, si aliquem cui narraret habuisset. Sic natura solitarium nihil amat semperque ad aliquod tamquam adminiculum adnititur, quod in amicissimo quoque dulcissimum est.</said></p> <pb xml:id="p.196"/>
   <p rend="indent"><milestone unit="chapter" n="24"/><said who="#Gaius Laelius" rend="merge"><reg>sed</reg> cum tot signis eadem natura declaret quid velit anquirat desideret, tamen obsurdescimus nescio quo modo nec ea, quae ab ea monemur, audimus. <reg>est</reg> enim varius et multiplex usus amicitiae multaeque causae suspicionum offensionumque dantur, quas tum evitare, tum elevare, tum ferre sapientis est. <reg>una</reg> illa subeunda<note>subeunda <emph rend="italic">edd.;</emph> sublevanda <emph rend="italic">aMSS.</emph> </note> est offensio ut et utilitas in amicitia et fides retineatur; nam et monendi amici saepe sunt et obiurgandi, et haec accipienda amice, cum benevole fiunt.</said></p></div> 
<div type="textpart" n="89" subtype="section"><p><said who="#Gaius Laelius" rend="merge"><reg>sed</reg> nescio quo modo verum est, quod in Andria familiaris meus dicit: <quote rend="blockquote"> <l>obsequium amicos, veritas odium parit.</l> </quote> <reg>molesta</reg> veritas, siquidem ex ea nascitur odium, quod est venenum amicitiae, sed obsequium multo molestius, quod peccatis indulgens praecipitem amicum ferri sinit; maxima autem culpa in eo, qui et veritatem aspernatur et in fraudem obsequio impellitur.</said></p>
   <p rend="merge"><said who="#Gaius Laelius" rend="merge"><reg>omni</reg> igitur hac in re habenda ratio et diligentia est, primum ut monitio acerbitate, deinde ut obiurgatio contumelia careat. <reg>in</reg> obsequio autem, quoniam Terentiano verbo lubenter utimur, comitas adsit, assentatio vitiorum adiutrix procul amoveatur, quae non modo amico, sed ne libero quidem digna est; aliter enim cur tyranno, aliter cum amico vivitur. <pb xml:id="p.198"/> </said></p></div>
            <div type="textpart" n="90" subtype="section"><p><milestone unit="section" n="90?"/><said who="#Gaius Laelius" rend="merge">Cuius autem aures clausae veritati sunt, uta ab amico verum audire nequeat, huius salus desperanda est. <reg>scitum</reg> est enim illud Catonis, ut multa: melius de quibusdam acerbos inimicos mereri, quam eos amicos, qui dulces videantur; illos verum saepe dicere, hos numquam. <reg>atque</reg> illud absurdum, quod ei, qui monentur, eam molestiam quam debent capere non capiunt, ear capiunt qua debent vacare. <reg>peccasse</reg> enim se non anguntur, obiurgari moleste ferunt; quod contra oportebat delicto dolere, correctione gaudere.</said></p></div> 
            <div type="textpart" n="91" subtype="section"><p rend="indent"><milestone unit="chapter" n="25"/><said who="#Gaius Laelius" rend="merge"><reg>ut</reg> igitur et monere et moneri proprium est verae amicitiae, et alterum libere facere, non aspere, alterum patienter accipere, non repugnanter, sic habendum est nullam in amicitiis pestem esse maiorem quam adulationem blanditiam assentationem: quamvis enim multis nominibus est hoc vitium notandum levium hominum atque fallacium, ad voluptatem loquentium omnia, nihil ad veritatem.</said></p></div> 
<div type="textpart" n="92" subtype="section"><p><said who="#Gaius Laelius" rend="merge"><reg>cum</reg> autem omnium rerum simulatio vitiosa est, tollit enim iudicium veri idque adulterat, tum amicitiae repugnat maxime; delet enim veritatem, sine qua nomen amicitiae valere non potest. <reg>nam</reg> cum amicitiae vis sit in eo ut unus quasi animus fiat ex pluribus, qui id fieri poterit, si ne in uno quidem quoque unus animus erit idemque semper, sed varius commutabilis multiplex?</said></p></div> 
<div type="textpart" n="93" subtype="section"><p><said who="#Gaius Laelius" rend="merge"><reg>quid</reg> enim <pb xml:id="p.200"/> potest esse tam flexibile, tam devium, quam animus eius, qui ad alterius non modo sensum ac voluntatem, sed etiam voltum atque nutum convertitur? <quote rend="blockquote">negat quis, nego; ait, aio; postremo imperavi egomet mihi omnia assentari,</quote> ut ait idem Terentius, sed ille in Gnathonis persona, quod amici genus adhibere omnino levitatis est. </said></p></div> 
<div type="textpart" n="94" subtype="section"><p><said who="#Gaius Laelius" rend="merge"><reg>multi</reg> autem Gnathonum similes, cum sint loco fortuna fama superiores, quorum<note>quorum <emph rend="italic">Reid;</emph> horum <emph rend="italic">MfSS.</emph> </note> est assentatio molesta, cum ad vanitatem accessit auctoritas.</said></p></div> 
<div type="textpart" n="95" subtype="section"><p><said who="#Gaius Laelius" rend="merge"><reg>secerni</reg> autem blandus amicus a vero et internosci tam potest adhibita diligentia, quam omnia fucata et simulata a sinceris atque veris. <reg>contio</reg>, quae ex imperitissimis constat, tamen iudicare solet, quid intersit inter popularem, id est assentatorem et levem civem, et inter constantem et verum et gravem.</said></p></div> 
            <div type="textpart" n="96" subtype="section"><p><said who="#Gaius Laelius" rend="merge"><reg>quibus</reg> blanditiis C. Papirius nuper influebat in auris contionis, cum ferret legem de tribunis plebis reficiendis! <reg>dissuasimus</reg> nos, sed nihil de me, de Scipione dicam libentius. <reg>quanta</reg> illi, di immortales, fuit gravitas, quanta in oratione maiestas! ut facile ducem populi Romani, non comitem diceres. <reg>sed</reg> affuistis, et est in manibus oratio. <reg>itaque</reg> lex popularis suffragiis populi repudiata est.</said></p> <pb xml:id="p.202"/>
               <p rend="merge"><said who="#Gaius Laelius" rend="merge"><reg>atque</reg>, ut ad me redeam, meministis Q. Maximo fratre Scipionis et L. Mancino consulibus, quam popularis lex de sacerdotiis C. Licini Crassi videbatur; cooptatio enim collegiorum ad populi beneficium transferebatur. (Atque is primus instituit in forum versus agere cum populo.) Tamen illius vendibilem orationem religio deorum immortalium nobis defendentibus facile vincebat. <reg>atque</reg> id actum est praetore me, quinquennio ante quam consul sum factus. <reg>ita</reg> re magis quam summa auctoritate causa illa defensa est.</said></p></div> 
            <div type="textpart" n="97" subtype="section"><p rend="indent"><milestone unit="chapter" n="26"/><said who="#Gaius Laelius" rend="merge"><reg>quod</reg> si in scena, id est in contione, in qua rebus fictis et adumbratis loci plurimum est, tamen verum valet, si modo id patefactum et illustratum est, quid in amicitia fieri oportet, quae tota veritate perpenditur? <reg>in</reg> qua nisi, ut dicitur, apertum pectus videas tuumque ostendas, nihil fidum, nihil exploratum habeas, ne amare quidem aut amari, cum id quam vere fiat ignores. <reg>quamquam</reg> ista assentatio, quamvis perniciosa sit, nocere tamen nemini potest nisi ei, qui eam recipit atque ea delectatur. <reg>ita</reg> fit ut is assentatoribus patefaciat auris suas maxime, qui ipse sibi assentetur et se maxime ipse delectet.</said></p></div> 
            <div type="textpart" n="98" subtype="section"><p rend="merge"><said who="#Gaius Laelius" rend="merge"><reg>omnino</reg> est amans sui virtus; optime enim se ipsa novit quamque amabilis sit intellegit: ego autem <pb xml:id="p.204"/> non de virtute nunc loquor, sed de virtutis opinione. <reg>virtute</reg> enim ipsa non tam multi praediti esse quam videri volunt. <reg>hos</reg> delectat assentatio, his fictus ad ipsorum voluntatem sermo cum adhibetur, orationem illam vanam testimonium esse laudum suarum putant. <reg>nulla</reg> est igitur haec amicitia, cum alter verum audire non volt, alter ad mentiendum paratus est. <reg>nec</reg> parasitorum in comoediis assentatio faceta nobis videretur, nisi essent milites gloriosi. <quote rend="blockquote"> <l>magnas vero agere gratias Thais mihi?</l> </quote> <reg>satis</reg> erat respondere <q>magnas.</q> <q> <reg>ingentis</reg>,</q> inquit Semper auget assentator id, quod is, cuius ad voluntatem dicitur, volt esse magnum.</said></p></div> 
<div type="textpart" n="99" subtype="section"><p><said who="#Gaius Laelius" rend="merge"><reg>quam</reg> ob rem, quamquam blanda ista vanitas apud eos valet, qui ipsi illam adlectant et invitant, tamen etiam graviores constantioresque admonendi sunt, ut animadvertant ne callida assentatione capiantur.</said></p>
   <p rend="merge"><said who="#Gaius Laelius" rend="merge"><reg>aperte</reg> enim adulantem nemo non videt, nisi qui admodum est excors: callidus ille et occultus ne se insinuet studiose cavendum est. <reg>nec</reg> enim facillime agnoscitur, quippe qui etiam adversando saepe assentetur et litigare se simulans blandiatur atque ad extremum det manus vincique se patiatur, ut is, qui illusus sit, plus vidisse videatur. <reg>quid</reg> autem turpius quam illudi? <reg>quod</reg> ut ne accidat magis cavendum est: <pb xml:id="p.206"/> <quote rend="blockquote"> <l>ut me hodie ante omnis comicos stultos sense</l> <l>versaris atque illusseris lautissime!</l> </quote> </said></p></div> 
<div type="textpart" n="100" subtype="section"><p><said who="#Gaius Laelius" rend="merge"><reg>haec</reg> enim etiam in fabulis stultissima persona est improvidorum et credulorum senum.</said></p>
   <p rend="merge"><said who="#Gaius Laelius" rend="merge"><reg>sed</reg> nescio quo pacto ab amicitiis perfectorum hominum, id est sapientium—de hac dico sapientia, quae videtur in hominem cadere posse—ad levis amicitias defluxit oratio. <reg>quam</reg> ob rem ad  illa prima redeamus eaque ipsa concludamus aliquando.</said></p>
   <p rend="indent"><milestone unit="chapter" n="27"/><said who="#Gaius Laelius" rend="merge"><reg>virtus</reg>, inquam, C. Fanni, et tu, Q. Muci, et conciliat amicitias et conservat. <reg>in</reg> ea est enim convenientia rerum, in ea stabilitas, in ea constantia; quae cum se extulit et ostendit suum lumen et idem aspexit agnovitque in alio, ad id se admovet vicissimque accipit illud, quod in altero est, ex quo exardescit sive amor sive amicitia; utrumque enim dictum<note>dictum <emph rend="italic">edd.;</emph> ductum <emph rend="italic">PDE.</emph> </note> est ab amando, Amare autem nihil est aliud nisi eum ipsum diligere quem ames, nulla indigentia, nulla utilitate quaesita. <reg>quae</reg> tamen ipsa ecflorescit ex amicitia, etiam si tu eam minus secutus sis.</said></p></div> 
<div type="textpart" n="101" subtype="section"><p><said who="#Gaius Laelius" rend="merge"><reg>hac</reg> nos adulescentes benevolentia senes illos, L. Paulum, M. Catonem, C. Gallum, P. Nasicam, Ti. Gracchum Scipionis nostri socerum dileximus. <reg>haec</reg> etiam magis elucet inter aequalis, <pb xml:id="p.208"/> ut inter me et Scipionem, L. Furium, P. Rupilium, Sp. Mummium; vicissim autem senes in adulescentium caritate acquiescimus, ut in vestra, ut in Q. Tuberonis; equidem etiam admodum adulescentis P. Rutili, A. Vergini familiaritate delector. <reg>quoniamque</reg> ita ratio comparata est vitae naturaeque nostrae, ut alia aetas oriatur, maxime quidem optandum est ut cum aequalibus possis, quibuscum tamquam e carceribus emissus sis, cum isdem ad calcem, ut dicitur, pervenire.</said></p></div> 
            <div type="textpart" n="102" subtype="section"><p rend="merge"><said who="#Gaius Laelius" rend="merge"><reg>sed</reg> quoniam res humanae fragiles caducaeque sunt, semper aliqui anquirendi sunt quos diligamus et a quibus diligamur; caritate enim benevolentiaque sublata omnis est e vita sublata iucunditas. <reg>mihi</reg> quidem Scipio, quamquam est subito ereptus, vivit tamen semperque vivet; virtutem enim amavi illius viri, quae exstincta non est. <reg>nec</reg> mihi soli versatur ante oculos, qui illam semper in manibus habui, sed etiam posteris erit clara et insignis. <reg>nemo</reg> umquam animo aut spe maiora suscipiet qui sibi non illius memoriam atque imaginem proponendam putet.</said></p></div> 
            <div type="textpart" n="103" subtype="section"><p rend="merge"><said who="#Gaius Laelius" rend="merge"><reg>equidem</reg> ex omnibus rebus, quas mihi aut fortuna aut natura tribuit, nihil habeo quod cum amicitia Scipionis possim comparare. <reg>in</reg> hac mihi de re publica consensus; in hac rerum privatarum consilium, in eadem requies plena oblectationis fuit. <reg>numquam</reg> illum ne minima quidem re offendi, quod quidem senserim, nihil audivi ex eo ipse quod nollem; <pb xml:id="p.210"/> una domus erat, idem victus isque communis, neque solum militia, sed etiam peregrinationes rusticationesque communes.</said></p></div> 
<div type="textpart" n="104" subtype="section"><p><said who="#Gaius Laelius" rend="merge"><reg>nam</reg> quid ego de studiis dicam cognoscendi semper aliquid atque discendi, in quibus remoti ab oculis populi omne otiosum tempus contrivimus? <reg>quarum</reg> rerum recordatio et memoria si una cum illo occidisset, desiderium coniunctissimi atque amantissimi viri ferre nullo modo possem. <reg>sed</reg> nec illa exstincta sunt alunturque potius et augentur cogitatione et memoria mea, et, si illis plane orbatus essem, magnum tamen affert mihi aetas ipsa solacium; diutius enim iam in hoc desiderio esse non possum; omnia autem brevia tolerabilia esse debent, etiam si magna sunt.</said></p>
   <p rend="merge"><said who="#Gaius Laelius" rend="merge"><reg>haec</reg> habui de amicitia quae dicerem; vos autem hortor ut ita virtutem locetis (sine qua amicitia esse non potest) ut ea excepta nihil amicitia praestabilius putetis.</said></p></div> </div>
      </body>
   </text>
</TEI>
