<ti:work xml:lang="lat" xmlns:ti="http://chs.harvard.edu/xmlns/cts" groupUrn="urn:cts:latinLit:phi0474" projid="latinLit:phi013" urn="urn:cts:latinLit:phi0474.phi013">
    
            <ti:title xml:lang="eng">Against Catiline</ti:title>
            <ti:title xml:lang="eng">Four Orations Against Lucius Catilina</ti:title>
            <ti:title xml:lang="lat">In Catilinam</ti:title>
             
    <ti:edition urn="urn:cts:latinLit:phi0474.phi013.perseus-lat2" workUrn="urn:cts:latinLit:phi0474.phi013" xml:lang="lat">
                <ti:label xml:lang="eng">Against Catiline</ti:label>
                <ti:description xml:lang="eng">Perseus:bib:oclc,26994431, M. Tullius Cicero. M. Tulli
                    Ciceronis Orationes: Recognovit brevique adnotatione critica instruxit Albertus
                    Curtis Clark Collegii Reginae Socius. Albert Curtis Clark. Oxonii. e Typographeo
                    Clarendoniano. 1908. Scriptorum Classicorum Bibliotheca
                    Oxoniensis.</ti:description>
                <ti:memberof collection="Perseus:collection:Greco-Roman" />
            </ti:edition>
        
    <ti:translation urn="urn:cts:latinLit:phi0474.phi013.perseus-eng2" workUrn="urn:cts:latinLit:phi0474.phi013" xml:lang="eng">
        <ti:label xml:lang="eng">Against Catiline</ti:label>
        <ti:description xml:lang="eng">The orations of Marcus Tullius Cicero Vol 2 Three orations on the Agrarian law, the four against Catiline, the orations for Rabirius, Murena, Sulla, Archias, Flaccus, Scaurus, etc, Cicero, Marcus Tullius, creator; Yonge, Charles Duke, 1812-1891, translator</ti:description>
    </ti:translation>
    


</ti:work>
    