<ti:work xml:lang="lat" xmlns:ti="http://chs.harvard.edu/xmlns/cts" urn="urn:cts:latinLit:phi0474.phi054" groupUrn="urn:cts:latinLit:phi0474">
            <ti:title xml:lang="lat">De Fato</ti:title>
            <ti:edition urn="urn:cts:latinLit:phi0474.phi054.perseus-lat1" workUrn="urn:cts:latinLit:phi0474.phi054">
              <ti:label xml:lang="eng">De Fato, M. Tullii Ciceronis De divinatione libri duo; libri de fato quae manserunt</ti:label>
              <ti:description xml:lang="eng">Cicero, Marcus Tullius, creator; Mueller, C. F. W. (Carl Friedrich Wilhelm), 1830-1903, editor</ti:description>
            </ti:edition>
          </ti:work>
        