<ti:work xml:lang="lat" xmlns:ti="http://chs.harvard.edu/xmlns/cts" urn="urn:cts:latinLit:phi0474.phi048" groupUrn="urn:cts:latinLit:phi0474">
            <ti:title xml:lang="lat">de Finibus Bonorum et Malorum</ti:title>
            <ti:edition urn="urn:cts:latinLit:phi0474.phi048.perseus-lat1" workUrn="urn:cts:latinLit:phi0474.phi048">
              <ti:label xml:lang="eng">de Finibus Bonorum et Malorum, De finibus bonorum et malorum</ti:label>
              <ti:description xml:lang="eng">Cicero, Marcus Tullius, creator; Schiche, Theodor, 1869-1924, editor</ti:description>
            </ti:edition>
          </ti:work>
        