<ti:work xml:lang="lat" xmlns:ti="http://chs.harvard.edu/xmlns/cts" urn="urn:cts:latinLit:phi0474.phi058" groupUrn="urn:cts:latinLit:phi0474">
            <ti:title xml:lang="lat">Letters to his brother Quintus</ti:title>
            <ti:edition urn="urn:cts:latinLit:phi0474.phi058.perseus-lat1" workUrn="urn:cts:latinLit:phi0474.phi058">
              <ti:label xml:lang="eng">Letters to his brother Quintus, Epistulae Volume III</ti:label>
              <ti:description xml:lang="eng">Cicero, Marcus Tullius, creator; Purser, Louis Claude, 1854-1932, editor</ti:description>
            </ti:edition>
          <ti:translation xml:lang="eng" urn="urn:cts:latinLit:phi0474.phi058.perseus-eng1" workUrn="urn:cts:latinLit:phi0474.phi058">
              <ti:label xml:lang="eng">Letters to his brother Quintus, The letters of Cicero the whole extant correspondence in chronological order</ti:label>
              <ti:description xml:lang="eng">Cicero, Marcus Tullius, creator; Shuckburgh, Evelyn S, 1843-1906, editor, translator</ti:description>
            </ti:translation>
          </ti:work>