<?xml version="1.0" encoding="UTF-8"?>
<ti:work xml:lang="lat" xmlns:ti="http://chs.harvard.edu/xmlns/cts" groupUrn="urn:cts:latinLit:phi0474" urn="urn:cts:latinLit:phi0474.phi003" projid="latinLit:phi003">        
        
 <ti:title xml:lang="eng">For Quintus Roscius the Actor</ti:title>
    <ti:title xml:lang="lat">Pro Q. Roscio comoedo</ti:title>
    <ti:title xml:lang="lat">Pro Roscio comoedo</ti:title>
    
    <ti:edition urn="urn:cts:latinLit:phi0474.phi003.perseus-lat2" workUrn="urn:cts:latinLit:phi0474.phi003" xml:lang="lat">
        <ti:label xml:lang="eng">For Quintus Roscius the Actor, Orationes Volume IV</ti:label>
        <ti:description xml:lang="eng">
            Cicero, Marcus Tullius, creator; Clark, Albert Curtis, 1859-1937, editor
        </ti:description>
    </ti:edition>
        
        <ti:translation urn="urn:cts:latinLit:phi0474.phi003.perseus-eng2" workUrn="urn:cts:latinLit:phi0474.phi003" xml:lang="eng">
            <ti:label xml:lang="eng">
                For Quintus Roscius the Actor, The orations of Marcus Tullius Cicero Vol 1 Orations for Quintius, Sextus Roscius, Quintus Roscius, against Quintus Cæcilius, and against Verres
            </ti:label>
            <ti:description xml:lang="eng">
                Cicero, Marcus Tullius, creator; Yonge, Charles Duke, 1812-1891, translator
            </ti:description>
        </ti:translation>
             
</ti:work>