<?xml version="1.0" encoding="UTF-8"?><TEI.2>
<teiHeader>
<fileDesc>
<titleStmt>
<title>Consolatio ad uxorem</title>
<title type="sub">Machine readable text</title>
<author n="Plut.">Plutarch</author>
<editor>Gregorius N. Bernardakis</editor>
<sponsor>Perseus Project, Tufts University</sponsor>
<principal>Gregory Crane</principal>
<respStmt>
<resp>Prepared under the supervision of</resp>
<name>Lisa Cerrato</name>
<name>William Merrill</name>
<name>Elli Mylonas</name>
<name>David Smith</name>
</respStmt>
<funder n="org:NEH">The National Endosment for the Humanities</funder>
</titleStmt>
<extent/>
<publicationStmt>
<publisher>Trustees of Tufts University</publisher>
<pubPlace>Medford, MA</pubPlace>
<authority>Perseus Project</authority>
</publicationStmt>
<sourceDesc>
<biblStruct>
<analytic/>
<monogr>
<author>Plutarch</author>
<title>Moralia</title>
<editor>Gregorius N. Bernardakis</editor>
<imprint>
<pubPlace>Leipzig</pubPlace>
<publisher>Teubner</publisher>
<date>1891</date>
</imprint>
<biblScope type="volume">3</biblScope>
</monogr>
</biblStruct>
</sourceDesc>
</fileDesc>
<encodingDesc>
<editorialDecl>
<correction method="silent">
<p>optical character recognition</p>
</correction>
</editorialDecl>
<refsDecl doctype="TEI.2">
<state unit="section"/>
</refsDecl>
<refsDecl doctype="TEI.2">
<state unit="stephpage" n="chunk"/>
</refsDecl>
</encodingDesc>
<profileDesc>
<langUsage>
<language id="greek">Greek</language>
<language id="en">English</language>
</langUsage>
</profileDesc>
<revisionDesc>
<change>
<date>5/10</date>
<respStmt>
<name>RS</name>
<resp/>
</respStmt>
<item>tagged and parsed</item>
</change>
</revisionDesc>
</teiHeader>
<text>
<body>
<pb id="v.3.p.575"/>
<div1 type="section" n="1">
<milestone unit="stephpage" id="stephpage-608b" n="608b"/>
<p>ὅν ἔπεμψας ἀπαγγελοῦντα περὶ τῆς τοῦ παιδίου τελευτῆς·, ἔοικε
               διημαρτηκέναι καθʼ ὁδὸν εἰς Ἀθήνας πορευόμενος· ἐγὼ δʼ εἰς Τάναγραν
               ἐλθὼν ἐπυθόμην παρὰ τῆς θυγατριδῆς. τὰ μὲν οὖν περὶ
<milestone unit="tlnum" n="5"/> τὴν ταφὴν ἤδη νομίζω γεγονέναι· γεγονότα δʼ ἐχέτω
               ὥς σοι μέλλει καὶ νῦν ἀλυπότατα καὶ πρὸς τὸ λοιπὸν ἕξειν. εἰ δέ τι
               βουλομένη μὴ πεποίηκας ἀλλὰ μένεις τὴν ἐμὴν γνώμην, οἴει δὲ κουφότερον
               οἴσειν γενομένου· καὶ τοῦτʼ ἔσται δίχα πάσης περιεργίας
<milestone unit="tlnum" n="10"/> καὶ δεισιδαιμονίας, ὧν ἥκιστά σοι μέτεστι.
<milestone unit="stephpage" id="stephpage-608c" n="608c"/>
</p>
</div1>
<div1 type="section" n="2">
<p>μόνον, ὦ γύναι, τήρει κἀμὲ <note resp="ed" place="unspecified" anchored="yes">
<foreign lang="greek">καμὲ</foreign>] <foreign lang="greek">κἄμʼ ἐν</foreign>?</note> τῷ πάθει καὶ σεαυτὴν ἐπὶ τοῦ καθεστῶτος. <note resp="ed" place="unspecified" anchored="yes">
<foreign lang="greek">καθεστῶτος</foreign>] <foreign lang="greek">γεγονότος</foreign> codex C</note>
               ἐγὼ γὰρ αὐτὸς μὲν οἶδα καὶ ὁρίζω τὸ συμβεβηκὸς ἡλίκον ἐστίν· ἂν
               δὲ σε τῷ δυσφορεῖν ὑπερβάλλουσαν εὕρω, τοῦτό μοι
<milestone unit="tlnum" n="15"/> μᾶλλον ἐνοχλήσει τοῦ γεγονότος. καίτοι <note resp="ed" place="unspecified" anchored="yes">
<foreign lang="greek">καίτοι γʼ</foreign>?</note> οὐδʼ αὐτὸς “ἀπὸ
                     δρυὸς οὐδʼ ἀπὸ πέτρησ” <note resp="ed" place="unspecified" anchored="yes">cf. Hom. <foreign lang="greek">τ</foreign> 163</note> ἐγενόμην οἶσθα δὲ καὶ αὐτή, τοσούτων μοι
               παιδίων <note resp="ed" place="unspecified" anchored="yes">
<foreign lang="greek">παιδίων</foreign> *: <foreign lang="greek">παίδων</foreign>. cf. paulo post <foreign lang="greek">τὰ τηλικαῦτα</foreign>
</note> ἀνατροφῆς κοινωνήσασα, πάντων ἐκτεθραμμένων οἴκοι διʼ αὐτῶν
               ἡμῶν· τούτου <note resp="ed" place="unspecified" anchored="yes">
<foreign lang="greek">τούτου</foreign> *: <foreign lang="greek">τούτοις</foreign>
</note> δέ, ὅτι καὶ σοὶ ποθούσῃ θυγάτηρ μετὰ <pb id="v.3.p.576"/>
               τέσσαρας υἱοὺς ἐγεννήθη κἀμοὶ τὸ σὸν ὄνομα θέσθαι ποθούμενον <note resp="ed" place="unspecified" anchored="yes">
<foreign lang="greek">ποθούμενον</foreign> *: <foreign lang="greek">ποιούμενον</foreign>
</note> ἑν αὐτῇ <note resp="ed" place="unspecified" anchored="yes">
<foreign lang="greek">ἐν αὐτῇ</foreign>] malim <foreign lang="greek">ἑαυτῇ</foreign>
</note>
               παρέσχεν, ἀγαπητοῦ διαφερόντως μοι γενομένου. πρόσεστι δὲ καὶ δριμύτης
               ἰδία τις τῷ πρὸς τὰ τηλικαῦτα φιλοστόργῳ, καὶ τὸ εὐφραῖνον
<milestone unit="tlnum" n="5"/> αὐτῶν <note resp="ed" place="unspecified" anchored="yes">
<foreign lang="greek">αὐτῶν</foreign> scripsi ex <foreign lang="greek">αὐτὸν</foreign>, idem voluerat Stegmannus</note> καθαρόν ἐστι καὶ πάσης ἀμιγὲς ὀργῆς
<milestone unit="stephpage" id="stephpage-608d" n="608d"/> καὶ μέμψεως. αὕτη <note resp="ed" place="unspecified" anchored="yes">
<foreign lang="greek">αὕτη</foreign> idem: <foreign lang="greek">αὐτὴ</foreign>
</note>
               δὲ καὶ φύσει θαυμαστὴν ἔσχεν εὐκολίαν καὶ πραότητα, καὶ τὸ ἀντιφιλοῦν
               καὶ χαριζόμενον αὐτῆς ἡδονὴν ἅμα καὶ κατανόησιν τοῦ φιλανθρώπου
               παρεῖχεν·, οὐ γὰρ μόνον βρέφεσιν
<milestone unit="tlnum" n="10"/> ἄλλοις
               ἀλλὰ καὶ σκεύεσιν, οἷς ἐτέρπετο, καὶ παιγνίοις ἐκέλευε τὴν τίτθην <note resp="ed" place="unspecified" anchored="yes">
<foreign lang="greek">τίτθην</foreign> *: <foreign lang="greek">τιτθὴν</foreign>
</note>
               διδόναι καὶ προσφέρειν τὸν μαστὸν καὶ προσεκαλεῖτο καθάπερ πρὸς τράπεζαν
               ἰδίαν ὑπὸ φιλανθρωπίας, ὧνπερ <note resp="ed" place="unspecified" anchored="yes">
<foreign lang="greek">ὦνπερ</foreign> *: <foreign lang="greek">ὥσπερ</foreign>
</note> ἐγίγνωσκε καὶ εἶχε τὰ ἥδιστα κοινουμένη
               τοῖς εὐφραίνουσιν αὐτήν.
<milestone unit="tlnum" n="15"/>
</p>
</div1>
<div1 type="section" n="3">
<p>ἀλλʼ οὐχ ὁρῶ, γύναι, διὰ τί ταῦτα καὶ τὰ τοιαῦτα ζώσης μὲν ἔτερπεν
               ἡμᾶς νυνὶ δʼ ἀνιάσει καὶ συνταράξει, λαμβάνοντας ἐπίνοιαν αὐτῶν. ἀλλὰ
               καὶ δέδια πάλιν, μὴ συνεκβάλωμεν τῷ λυποῦντι τὴν
<milestone unit="stephpage" id="stephpage-608e" n="608e"/> μνήμην , ὥσπερ ἡ Κλυμένη λέγουσα
<milestone unit="tlnum" n="20"/>
<quote rend="blockquote">
<l> μισῶ δʼ εὐάγκαλον <note resp="ed" place="unspecified" anchored="yes">
<foreign lang="greek">μισῶ δʼ  ἀγκύλον</foreign> idem</note>
</l>
<note resp="ed" place="unspecified" anchored="yes">Nauck. p. 612</note>
<l> τόξον κρανείας, γυμνάσιά δʼ <note resp="ed" place="unspecified" anchored="yes">
<foreign lang="greek">δʼ</foreign>] <foreign lang="greek">τʼ</foreign> Keilius</note> οἴχετ <note resp="ed" place="unspecified" anchored="yes">
<foreign lang="greek">οἰχοίατο</foreign> Emperius</note>
</l>
</quote> ἀεὶ φεύγουσα καὶ τρέμουσα τὴν ὑπόμνησιν τοῦ παιδός, ὅτι
               συμπαροῦσαν λύπην <note resp="ed" place="unspecified" anchored="yes">
<foreign lang="greek">λύπην</foreign> idem: <foreign lang="greek">αὐτὴν</foreign>
</note> εἶχεν· πᾶν γὰρ ἡ φύσις φεύγει τὸ δυσχεραινόμενον. δεῖ
               γάρ, ὥσπερ αὐτὴ <pb id="v.3.p.577"/> πάντων ἥδιστον ἡμῖν ἄσπασμα καὶ
               θέαμα καὶ ἄκουσμα παρεῖχεν ἑαυτήν, οὕτω καὶ τὴν ἐπίνοιαν αὐτῆς
<milestone unit="stephpage" id="stephpage-608f" n="608f"/> ἐνδιαιτᾶσθαι καὶ
               συμβιοῦν ἡμῖν πλέον ἔχουσαν, μᾶλλον δὲ πολλαπλάσιον, τὸ εὐφραῖνον ἢ τὸ
               λυποῦν·
<milestone unit="tlnum" n="5"/> εἴπερ ἄρα τι τῶν λόγων, οὓς
               πολλάκις εἰρήκαμεν πρὸς ἑτέρους, εἰκός ἐστι καὶ ἡμῖν ὄφελος ἐν καιρῷ
               γενέσθαι, καὶ μὴ καθῆσθαι μηδʼ ἐγκεκλεῖσθαι πολλαπλασίας ταῖς ἡδοναῖς
               ἐκείναις λύπας ἀντιδιδόντας. </p>
</div1>
<div1 type="section" n="4">
<p>καὶ τοῦτο, λέγουσιν οἱ παραγενόμενοι καὶ
<milestone unit="tlnum" n="10"/>
               θαυμάζοντες, ὡς οὐδʼ ἱμάτιον ἤλλαξας οὐδὲ σαυτῇ τινα προσήγαγες ἢ
               θεραπαινίσιν ἀτημέλειαν· <note resp="ed" place="unspecified" anchored="yes">
<foreign lang="greek">ἀτημέλειαν</foreign> *: <foreign lang="greek">ἑτιμέλειαν</foreign>
</note> οὐδʼ ἦν παρασκευὴ πολυτελείας πανηγυρικῆς περὶ
               τὴν ταφήν, ἀλλʼ ἐπράττετο κοσμίως πάντα καὶ σιωπῇ
<milestone unit="stephpage" id="stephpage-609a" n="609a"/> μετὰ τῶν ἀναγκαίων. ἐγὼ δὲ
               τοῦτο μὲν οὐκ ἐθαύμαζον,
<milestone unit="tlnum" n="15"/> εἰ μηδέποτε
               καλλωπισαμένη περὶ θέατρον ἢ πομπὴν ἀλλὰ καὶ πρὸς ἡδονὰς ἄχρηστον
               ἡγησαμένη τὴν πολυτέλειαν , ἐν τοῖς σκυθρωποῖς διεφύλαξας τὸ ἀφελὲς <note resp="ed" place="unspecified" anchored="yes">
<foreign lang="greek">ἀφελὲς</foreign>  R: <foreign lang="greek">ἀσφαλὲς</foreign>
</note>καὶ
               λιτόν. οὐ γάρ “ἐν βακχεύμασι <note resp="ed" place="unspecified" anchored="yes">
<foreign lang="greek">βακχεύμασι</foreign>] Eur. Bacch. 317</note>” δεῖ μόνον τὴν σώφρονα μένειν
               ἀδιάφθορον, ἀλλὰ μηδὲν
<milestone unit="tlnum" n="20"/> οἴεσθαι ἧττον <note resp="ed" place="unspecified" anchored="yes">
<foreign lang="greek">ἦττον οἴεσθαι</foreign> Benselerus</note> τὸν
               ἐν πένθεσι σάλον καὶ τὸ κίνημα τοῦ πάθους ἐγκρατείας δεῖσθαι διαμαχομένης
               οὐ πρὸς τὸ φιλόστοργον, ὡς οἱ πολλοὶ νομίζουσιν, ἀλλὰ πρὸς τὸ ἀκόλαστον
               τῆς ψυχῆς. τῷ μὲν γὰρ φιλοστόργῳ
<milestone unit="stephpage" id="stephpage-609b" n="609b"/> χαριζόμεθα τὸ ποθεῖν καὶ τὸ τιμᾶν καὶ τὸ
<milestone unit="tlnum" n="25"/> μεμνῆσθαι τῶν ἀπογενομένων, ἡ δὲ θρήνων
               ἄπληστος ἐπιθυμία καὶ πρὸς ὀλοφύρσεις ἐξάγουσα καὶ κοπετοὺς αἰσχρὰ μὲν
               οὐχ ἧττον τῆς περὶ τὰς ἡδονὰς <pb id="v.3.p.578"/> ἀκρασίας, λόγῳ <note resp="ed" place="unspecified" anchored="yes">
<foreign lang="greek">λόγῳ</foreign>] <foreign lang="greek">ἀλόγως</foreign> R</note> δὲ
               συγγνώμης ἔτυχεν, ὅτι τὸ λυπηρὸν αὐτῆς καὶ πικρὸν ἀντὶ τοῦ τερπνοῦ
               τῷ αἰσχρῷ πρόσεστι. τί γὰρ ἀλογώτερον ἢ τὸ γέλωτος μὲν ὑπερβολὰς
               καὶ περιχαρείας ἀφαιρεῖν, τοῖς δὲ κλαυθμῶν
<milestone unit="tlnum" n="5"/>
               καὶ ὀδυρμῶν ῥεύμασιν ἐκ μιᾶς πηγῆς φερομένων εἰς ἅπαν ἐφιέναι; καὶ
               περὶ μύρου μὲν ἐνίους καὶ πορφύρας διαμάχεσθαι ταῖς γυναιξί, κουρὰς δὲ
               συγχωρεῖν πενθίμους καὶ βαφὰς ἐσθῆτος μελαίνας <note resp="ed" place="unspecified" anchored="yes">
<foreign lang="greek">μελαίνας</foreign> R: <foreign lang="greek">μελαίνης</foreign>
</note> καὶ καθίσεις ἀμόρφους καὶ
               κατακλίσεις ἐπιπόνους;
<milestone unit="tlnum" n="10"/>
<milestone unit="stephpage" id="stephpage-609c" n="609c"/> καί, ὃ δὴ πάντων
               ἐστὶ χαλεπώτατον, ἂν οἰκέτας ἢ θεραπαινίδας κολάζωσιν ἀμέτρως καὶ
               ἀδίκως, ἐνίστασθαι καὶ κωλύειν αὐτάς, ὑφʼ ἑαυτῶν δʼ ὠμῶς κολαζομένας
               καὶ πικρῶς περιορᾶν ἐν πάθεσι καὶ τύχαις ῥᾳστώνης καὶ φιλανθρωπίας
               δεομέναις;
<milestone unit="tlnum" n="15"/>
</p>
</div1>
<div1 type="section" n="5">
<p> ἀλλʼ ἡμῖν γε, γύναι, πρὸς ἀλλήλους οὔτʼ ἐκείνης ἐδέησε τῆς μάχης
               οὔτε ταύτης οἶμαι δεήσειν. εὐτελείᾳ μὲν γὰρ τῇ περὶ τὸ σῶμα καὶ
               ἀθρυψίᾳ τῇ περὶ δίαιταν οὐδείς ἐστι τῶν φιλοσόφων, ὃν οὐκ ἐξέπληξας;
               ἐν ὁμιλίᾳ καὶ συνηθείᾳ γενόμενον ἡμῖν·
<milestone unit="tlnum" n="20"/>
               οὐδὲ <note resp="ed" place="unspecified" anchored="yes">
<foreign lang="greek">οὐδὲ</foreign> Stegmannus: <foreign lang="greek">οὔτε</foreign>
</note> τῶν πολιτῶν, ᾧ μὴ θέαμα παρέχεις <note resp="ed" place="unspecified" anchored="yes">
<foreign lang="greek">παρέσχες</foreign>?</note> ἐν ἱεροῖς καὶ θυσίαις καὶ
               θεάτροις τὴν· σεαυτῆς ἀφέλειαν.
<milestone unit="stephpage" id="stephpage-609d" n="609d"/> ἤδη δὲ καὶ περὶ τὰ τοιαῦτα πολλὴν εὐστάθειαν ἐπεδείξω , τὸ
               πρεσβύτατον τῶν τέκνων ἀποβαλοῦσα· καὶ πάλιν, ἐκείνου τοῦ καλοῦ Χαίρωνος <note resp="ed" place="unspecified" anchored="yes">
<foreign lang="greek">Χαιρωνος</foreign> X: <foreign lang="greek">χάρωνος</foreign>
</note>
               ἡμᾶς προλιπόντος.
<milestone unit="tlnum" n="25"/> μέμνημαι γὰρ ἀπὸ θαλάσσης
               ξένους μοι συνοδεύσαντας, ἀπηγγελμένης τῆς τοῦ παιδίου τελευτῆς, καὶ
               συνελθόντας ἅμα τοῖς ἄλλοις ἐς τὴν οἰκίαν· <pb id="v.3.p.579"/> ἐπεὶ δὲ
               πολλὴν κατάστασιν ἑώρων καὶ ἡσυχίαν, ὡς ὕστερον διηγοῦντο καὶ πρὸς
               ἑτέρους, ᾤοντο μηδὲν εἶναι δεινὸν ἀλλὰ κενὸν ἄλλως ἐξενηνέχθαι
               λόγον·
<milestone unit="stephpage" id="stephpage-609e" n="609e"/> οὕτω σωφρόνως
               κατεκόσμησας τὸν οἶκον ἐν καιρῷ
<milestone unit="tlnum" n="5"/> πολλὴν
               ἀκοσμίας ἐξουσίαν διδόντι, καίτοι τῷ σεαυτῆς ἐκεῖνον μαστῷ ἐξέθρεψας <note resp="ed" place="unspecified" anchored="yes">
<foreign lang="greek">ἐξέθρεψας μασθῷ</foreign> Benselerus</note>
               καὶ τομῆς ἠνέσχου τῆς θηλῆς περίθλασιν λαβούσης· γενναῖα γὰρ ταῦτα καὶ
               φιλόστοργα. </p>
</div1>
<div1 type="section" n="6">
<p> τὰς δὲ πολλὰς ὁρῶμεν μητέρας, ὅταν ὑπʼ
<milestone unit="tlnum" n="10"/>
               ἄλλων τὰ παιδία καθαρθῇ καὶ γανωθῇ, καθάπερ παίγνια λαμβανούσας εἰς
               χεῖρας, εἶτʼ ἀποθανόντων ἐκχεομένας εἰς κενὸν καὶ ἀχάριστον πένθος, οὐχ
               ὑπʼ εὐνοίας ʽ εὐλόγιστον γὰρ εὔνοια καὶ καλόν̓· ἀλλὰ <note resp="ed" place="unspecified" anchored="yes">
<foreign lang="greek">ἀλλὰ</foreign>] <foreign lang="greek">ἀλλʼ ὅτι</foreign>?</note>
               μικρῷ τῷ φυσικῷ πάθει πολὺ συγκεραννύμενον τὸ
<milestone unit="tlnum" n="15"/>
<milestone unit="stephpage" id="stephpage-609f" n="609f"/> πρὸς κενὴν δόξαν
               ἄγρια ποιεῖ καὶ μανικὰ καὶ δυσεξίλαστα τὰ <note resp="ed" place="unspecified" anchored="yes">
<foreign lang="greek">τὰ</foreign> R</note> πένθη. καὶ τοῦτο φαίνεται μὴ
               λαθεῖν Αἴσωπον· ἔφη γὰρ οὗτος ὅτι, τοῦ Διὸς τὰς τιμὰς διανέμοντος
               τοῖς θεοῖς, ᾔτει καὶ τὸ πένθος. <note resp="ed" place="unspecified" anchored="yes">cf. p. 112 a</note> ἔδωκεν οὖν αὐτῷ, παρὰ τοῖς
               αἱρουμένοις δὲ μόνοις καὶ θέλουσιν.
<milestone unit="tlnum" n="20"/> ἐν
               ἀρχῇ μὲν οὖν οὕτω τοῦτο γιγνόμενόν ἐστιν· αὐτὸς γὰρ ἕκαστος
               εἰσάγει τὸ πένθος ἐφʼ ἑαυτόν. ὅταν δʼ ἱδρυθῇ <note resp="ed" place="unspecified" anchored="yes">
<foreign lang="greek">ἰδρυθῇ</foreign> Duebnerus: <foreign lang="greek">ἱδρυνθῇ</foreign>
</note> χρόνῳ καὶ γένηται
               σύντροφον καὶ σύνοικον, οὐδὲ πάνυ βουλομένων ἀπαλλάττεται. διὸ δεῖ
               μάχεσθαι περὶ <note resp="ed" place="unspecified" anchored="yes">
<foreign lang="greek">περὶ</foreign>] malim <foreign lang="greek">παρὰ</foreign>
</note> θύρας αὐτῷ καὶ μὴ
<milestone unit="tlnum" n="25"/> προσίεσθαι,
               φρουρὰν διʼ ἐσθῆτος ἢ κουρᾶς ἤ τινος
<milestone unit="stephpage" id="stephpage-610a" n="610a"/> ἄλλου τῶν τοιούτων, ἃ καθʼ ἡμέραν
               ἀπαντῶντα <pb id="v.3.p.580"/> καὶ δυσωποῦντα μικρὰν καὶ στενὴν καὶ
               ἀνέξοδον καὶ ἀμείλικτον <note resp="ed" place="unspecified" anchored="yes">
<foreign lang="greek">ἀμείλικτον</foreign>] <foreign lang="greek">ἄμικτον</foreign> Doehnerus</note> καὶ ψοφοδεῆ ποιεῖ τὴν διάνοιαν, ὡς οὔτε γέλωτος
               αὐτῇ μετὸν οὔτε φωτὸς οὔτε φιλανθρώπου τραπέζης, τοιαῦτα περικειμένῃ
               καὶ μεταχειριζομένῃ
<milestone unit="tlnum" n="5"/> διὰ τὸ πένθος. ἀμέλειαι
               δὲ σώματος ἕπονται τῷ κακῷ τούτῳ καὶ διαβολαὶ πρὸς ἄλειμμα καὶ
               λουτρὸν καὶ τὴν ἄλλην δίαιταν ὧν πᾶν τοὐναντίον ἔδει, τὴν ψυχὴν
               πονοῦσαν αὐτὴν βοηθεῖσθαι διὰ τοῦ σώματος ἐρρωμένου. πολὺ γὰρ ἀμβλύνεται
               καὶ χαλᾶται
<milestone unit="tlnum" n="10"/>
<milestone unit="stephpage" id="stephpage-610b" n="610b"/> τοῦ λυποῦντος, ὥσπερ
               ἐν εὐδίᾳ κῦμα, τῇ γαλήνῃ τοῦ σώματος διαχεομένου. ἐὰν δʼ αὐχμὸς
               ἐγγένηται καὶ τραχύτης ἐκ φαύλης διαίτης, καὶ μηδὲν εὐμενὲς μηδὲ χρηστὸν
               ἀναπέμπῃ τὸ σῶμα τῇ ψυχῇ πλὴν ὀδύνας καὶ λύπας, ὥσπερ τινὰς πικρὰς
               καὶ δυσχερεῖς
<milestone unit="tlnum" n="15"/> ἀναθυμιάσεις, οὐδὲ βουλομένοις
               ἔτι ῥᾳδίως ἀναλαβεῖν ἔστι. τοιαῦτα λαμβάνει πάθη τὴν ψυχὴν οὕτω
               κακωθεῖσαν. </p>
</div1>
<div1 type="section" n="7">
<p> καὶ μήν, ὅ γε μέγιστον ἐν τούτῳ καὶ φοβερώτατόν ἐστιν, οὐκ ἂν
               φοβηθείην “κακῶν γυναικῶν
<milestone unit="tlnum" n="20"/> εἰσόδουσ” <note resp="ed" place="unspecified" anchored="yes">
<foreign lang="greek">κακῶν γυναικῶν εἰσοδους</foreign>] cf. Eur. Andr. 930</note> καὶ
               φωνὰς καὶ συνεπιθρηνήσεις, αἳ ἐκτρίβουσι καὶ παραθήγουσι τὴν. λύπην,
               οὔθʼ ὑπʼ
<milestone unit="stephpage" id="stephpage-610c" n="610c"/> ἄλλων οὔτʼ
               αὐτὴν ἐφʼ ἑαυτῆς ἐῶσαι μαρανθῆναι. γιγνώσκω γὰρ ποίους ἔναγχος ἀγῶνας
               ἠγωνίσω, τῇ Θέωνος ἀδελφῇ βοηθοῦσα καὶ μαχομένη ταῖς μετʼ
<milestone unit="tlnum" n="25"/> ὀλοφυρμῶν καὶ ἀλαλαγμῶν ἔξωθεν ἐπιούσαις, ὥσπερ
               ἀτεχνῶς πῦρ ἐπὶ πῦρ φερούσαις. τὰς μὲν γὰρ οἰκίας τῶν φίλων ὅταν
               καομένας ἴδωσι σβεννύουσιν <pb id="v.3.p.581"/> ὡς ἔχει τάχους ἕκαστος ἢ
               δυνάμεως, ταῖς δὲ ψυχαῖς φλεγομέναις αὐτοὶ <note resp="ed" place="unspecified" anchored="yes">
<foreign lang="greek">ταῖς δὲ ψυχαῖς φλεγομέναις αὐτοὶ</foreign>  R: <foreign lang="greek">τὰς δὲ ψυχὰς φλεγομένας αὐτοῖς</foreign>
</note> προσφέρουσιν ὑπεκκαύματα. καὶ
               τῷ μὲν ὀφθαλμιῶντι τὰς χεῖρας οὐκ ἐῶσι προσάγειν τὸν βουλόμενον οὐδʼ
               ἅπτονται τοῦ φλεγμαίνοντος·
<milestone unit="tlnum" n="5"/> ὁ δὲ πενθῶν
               κάθηται παντὶ τῷ προστυχόντι παρέχων
<milestone unit="stephpage" id="stephpage-610d" n="610d"/> ὥσπερ ῥεῦμα <note resp="ed" place="unspecified" anchored="yes">
<foreign lang="greek">ῥεῦμα</foreign>] <foreign lang="greek">τραῦμα</foreign> Kaltwasserus</note> κινεῖν καὶ διαγριαίνειν τὸ
               πάθος, ἐκ μικροῦ τοῦ γαργαλίζοντος καὶ κινοῦντος εἰς πολλὴν καὶ δυσχερῆ
               κάκωσιν ἀναξαινόμενον. <note resp="ed" place="unspecified" anchored="yes">
<foreign lang="greek">ἀναξαινόμενον</foreign> R: <foreign lang="greek">ἀναξηραινομενον</foreign>
</note> ταῦτα μὲν οὖν οἶδʼ ὅτι φυλάξῃ.
<milestone unit="tlnum" n="10"/>
</p>
</div1>
<div1 type="section" n="8">
<p> πειρῶ δὲ τῇ ἐπινοίᾳ μεταφέρουσα σεαυτὴν ἀποκαθιστάναι πολλάκις εἰς
               ἐκεῖνον τὸν χρόνον, ἐν ᾧ, μηδέπω τοῦ παιδίου τούτου γεγονότος, μηδὲν
               ἔγκλημα πρὸς τὴν τύχην εἴχομεν· εἶτα τὸν νῦν καιρὸν τοῦτον ἐκείνῳ
               συνάπτειν, ὡς ὁμοίων πάλιν τῶν
<milestone unit="tlnum" n="15"/> περὶ ἡμᾶς
               γεγονότων. ἐπεὶ τὴν γένεσιν, ὦ γύναι, τοῦ τέκνου δυσχεραίνειν δόξομεν,
               ἀμεμπτότερα ποιοῦντες αὑτοῖς τὰ πρὶν ἐκείνην γενέσθαι πράγματα.
<milestone unit="stephpage" id="stephpage-610e" n="610e"/> τὴν δʼ ἐν μέσῳ διετίαν
               ἐξαιρεῖν μὲν οὐ δεῖ τῆς μνήμης, ὡς δὲ χάριν καὶ ἀπόλαυσιν παρασχοῦσαν
<milestone unit="tlnum" n="20"/> ἐν ἡδονῇ τίθεσθαι· καὶ μὴ τὸ μικρὸν
               ἀγαθὸν μέγα νομίζειν κακόν· μηδʼ ὅτι τὸ ἐλπιζόμενον οὐ προσέθηκεν ἡ
               τύχη, καὶ περὶ τοῦ δοθέντος ἀχαριστεῖν. ἀεὶ μὲν γὰρ ἡ περὶ τὸ θεῖον
               εὐφημία καὶ τὸ πρὸς τὴν τύχην ἵλεων καὶ ἀμεμφὲς καλὸν καὶ ἡδὺν
               ἀποδίδωσι
<milestone unit="tlnum" n="25"/> καρπόν· ἐν δὲ τοῖς τοιούτοις ὁ·
               μάλιστα τῆς μνήμης <note resp="ed" place="unspecified" anchored="yes">
<foreign lang="greek">τῇ μνήμῃ</foreign> R</note> τῶν ἀγαθῶν ἀπαρυτόμενος καὶ τοῦ βίου <pb id="v.3.p.582"/> πρὸς τὰ φωτεινὰ καὶ λαμπρὰ μεταστρέφων καὶ μεταφέρων ἐκ τῶν σκοτεινῶν
               καὶ ταρακτικῶν τὴν διάνοιαν,
<milestone unit="stephpage" id="stephpage-610f" n="610f"/> ἢ παντάπασιν ἔσβεσε τὸ λυποῦν ἢ τῇ πρὸς τοὐναντίον μίξει
               μικρὸν καὶ ἀμαυρὸν ἐποίησεν.
<milestone unit="tlnum" n="5"/> ὥσπερ γὰρ τὸ
               μύρον ἀεὶ μὲν εὐφραίνει τὴν ὄσφρησιν πρὸς δὲ τὰ δυσώδη φάρμακόν
               ἐστιν, οὕτως ἡ ἐπίνοια τῶν ἀγαθῶν ἐν τοῖς κακοῖς καὶ <note resp="ed" place="unspecified" anchored="yes">
<foreign lang="greek">καὶ</foreign>] del. R</note> βοηθήματος
               ἀναγκαίου παρέχεται χρείαν τοῖς μὴ φεύγουσι τὸ μεμνῆσθαι τῶν χρηστῶν μηδὲ
               πάντα καὶ πάντως
<milestone unit="tlnum" n="10"/> μεμφομένοις τὴν τύχην. ὅπερ
               ἡμῖν παθεῖν οὐ προσήκει
<milestone unit="stephpage" id="stephpage-611a" n="611a"/> συκοφαντοῦσι τὸν ἑαυτῶν βίον, εἰ μίαν ἔσχηκεν ὥσπερ βιβλίον ἀλοιφὴν
               ἐν πᾶσι καθαροῖς καὶ ἀκεραίοις τοῖς ἄλλοις. </p>
</div1>
<div1 type="section" n="9">
<p>ὅτι μὲν γὰρ ἐξ ὀρθῶν ἐπιλογισμῶν εἰς εὐσταθῆ
<milestone unit="tlnum" n="15"/> διάθεσιν τελευτώντων ἢρτηται τὸ μακάριον, αἱ δʼ ἀπὸ τῆς τύχης
               τροπαὶ μεγάλας ἀποκλίσεις οὐ ποιοῦσιν οὐδʼ ἐπιφέρουσι συγχυτικὰς <note resp="ed" place="unspecified" anchored="yes">
<foreign lang="greek">συγχυτικὰς</foreign> R: <foreign lang="greek">συντυχικὰς</foreign>
</note>
               ὀλισθήσεις τοῦ βίου, πολλάκις ἀκήκοας. εἰ δὲ δεῖ καὶ ἡμᾶς, καθάπερ οἱ
               πολλοί, τοῖς ἔξωθεν κυβερνᾶσθαι πράγμασι
<milestone unit="tlnum" n="20"/> καὶ
               τὰ παρὰ τῆς τύχης ἀπαριθμεῖν καὶ κριταῖς χρῆσθαι πρὸς εὐδαιμονίαν τοῖς
               ἐπιτυχοῦσιν ἀνθρώποις, μὴ σκόπει τὰ νῦν δάκρυα καὶ τὰς ἐπιθρηνήσεις τῶν
<milestone unit="stephpage" id="stephpage-611b" n="611b"/> εἰσιόντων, ἔθει
               τινὶ φαύλῳ περαινομένας πρὸς ἕκαστον, ἀλλʼ ἐννόει μᾶλλον ὡς ζηλουμένη
               διατελεῖς;
<milestone unit="tlnum" n="25"/> ὑπὸ τούτων ἐπὶ τέκνοις καὶ
               οἴκῳ καὶ βίῳ. καὶ δεινόν ἐστιν ἑτέρους μὲν ἡδέως ἂν ἑλέσθαι τὴν
               σὴν τύχην καὶ τούτου προσόντος ἐφʼ ᾧ νῦν ἀνιώμεθα, <pb id="v.3.p.583"/>
               σὲ δʼ ἐγκαλεῖν καὶ δυσφορεῖν παρούσης, καὶ μηδʼ ἀπʼ αὐτοῦ τοῦ δάκνοντος
               αἰσθάνεσθαι πηλίκας ἔχει τὰ σῳζόμενα χάριτας ἡμῖν· ἀλλʼ ὥσπερ οἱ τοὺς
               ἀκεφάλους καὶ μειούρους Ὁμήρου στίχους ἐκλέγοντες
<milestone unit="tlnum" n="5"/> τὰ δὲ πολλὰ καὶ μεγάλα τῶν πεποιημένων ὑπέρευ παρορῶντες,
               οὕτως ἐξακριβοῦν καὶ συκοφαντεῖν τοῦ βίου τὰ φαῦλα, τοῖς δὲ χρηστοῖς
               ἀνάρθρως καὶ συγκεχυμένως
<milestone unit="stephpage" id="stephpage-611c" n="611c"/> ἐπιβάλλουσαν ὅμοιόν τι τοῖς ἀνελευθέροις καὶ φιλαργύροις
               πάσχειν, οἳ πολλὰ συνάγοντες
<milestone unit="tlnum" n="10"/> οὐ χρῶνται
               παροῦσιν ἀλλὰ θρηνοῦσι καὶ δυσφοροῦσιν ἀπολομένων. εἰ δʼ ἐκείνης ἔχεις
               οἶκτον ἀγάμου καὶ ἄπαιδος οἰχομένης, αὖθις ἔχεις ἐπʼ ἄλλοις ἡδίω
               σεαυτὴν ποιεῖν, μηδενὸς τούτων ἀτελῆ μηδʼ ἄμοιρον γενομένην <note resp="ed" place="unspecified" anchored="yes">
<foreign lang="greek">ἀτελοῦς μηδʼ ἀμοίρου γενομένης</foreign> W</note> οὐ γάρ· ἐστι
               ταῦτα μεγάλα μὲν τοῖς
<milestone unit="tlnum" n="15"/> στερομένοις ἀγαθὰ
               μικρὰ δὲ τοῖς ἔχουσιν. ἐκείνη δʼ εἰς τὸ ἄλυπον ἥκουσα λυπεῖν ἡμᾶς οὐ
               δεῖται· τί γὰρ ἡμῖν ἀπʼ ἐκείνης κακόν, εἰ μηδὲν ἐκείνῃ νῦν
<milestone unit="stephpage" id="stephpage-611d" n="611d"/> ἐστι λυπηρόν; καὶ γὰρ αἱ τῶν
               μεγάλων στερήσεις ἀποβάλλουσι τὸ λυποῦν εἰς τὸ μὴ δεῖσθαι περιγενόμεναι. <note resp="ed" place="unspecified" anchored="yes">
<foreign lang="greek">περιγενόμεναι</foreign> R: <foreign lang="greek">παραγενόμεναι</foreign>
</note>
<milestone unit="tlnum" n="20"/>Τιμοξένα δʼ ἡ σὴ μικρῶν μὲν ἐστέρηται,
               μικρὰ γὰρ ἔγνω καὶ μικροῖς ἔχαιρε· ὧν δʼ οὔτʼ αἴσθησιν ἔσχεν οὔτʼ
               ἔλαβεν ἐπίνοιαν, <note resp="ed" place="unspecified" anchored="yes">
<foreign lang="greek">οὔτʼ εἰς ἐπίνοιαν ἦλθεν οὔτʼ ἔλαβεν ἐπίνοιαν</foreign>. cf. p. 608 d</note> πῶς ἂν στέρεσθαι λέγοιτο; </p>
</div1>
<div1 type="section" n="10">
<p>καὶ μὴν ἃ τῶν ἄλλων ἀκούεις, οἳ πείθουσι
<milestone unit="tlnum" n="25"/>
               πολλοὺς λέγοντες ὡς οὐδὲν οὐδαμῇ τῷ διαλυθέντι κακὸν οὐδὲ λυπηρόν
               ἐστιν, οἶδʼ ὅτι κωλύει σε <pb id="v.3.p.584"/> πιστεύειν ὁ πάτριος λόγος
               καὶ τὰ μυστικὰ σύμβολα τῶν περὶ τὸν Διόνυσον ὀργιασμῶν, ἃ σύνισμεν
<milestone unit="stephpage" id="stephpage-611e" n="611e"/> ἀλλήλοις οἱ
               κοινωνοῦντες. ὡς οὖν ἄφθαρτον οὖσαν τὴν ψυχὴν διανοοῦ ταὐτὸ ταῖς
               ἁλισκομέναις ὄρνισι
<milestone unit="tlnum" n="5"/> πάσχειν· ἂν μὲν γὰρ
               πολὺν ἐντραφῇ τῷ σώματι χρόνον καὶ γένηται τῷ βίῳ τούτῳ τιθασὸς
               ὑπὸ πραγμάτων πολλῶν καὶ μακρᾶς συνηθείας, αὖθις καταίρουσα πάλιν
               ἐνδύεται καὶ οὐκ ἀνίησιν οὐδὲ λήγει τοῖς ἐνταῦθα συμπλεκομένη πάθεσι
               καὶ τύχαις διὰ
<milestone unit="tlnum" n="10"/> τῶν γενέσεων. μὴ γὰρ οἴου
               λοιδορεῖσθαι καὶ κακῶς ἀκούειν τὸ γῆρας διὰ τὴν ῥυσότητα καὶ τὴν πολιὰν
               καὶ τὴν ἀσθένειαν τοῦ σώματος· ἀλλὰ τοῦτʼ αὐτοῦ
<milestone unit="stephpage" id="stephpage-611f" n="611f"/> τὸ χαλεπώτατόν ἐστιν, ὅτι
               τὴν ψυχὴν ἕωλόν τε ποιεῖ ταῖς μνήμαις τῶν ἐκεῖ καὶ λιπαρῆ περὶ ταῦτα
               καὶ
<milestone unit="tlnum" n="15"/> κάμπτει καὶ πιέζει, τὸν σχηματισμόν, ὃν
               ἔσχεν ὑπὸ τοῦ σώματος ἐν τῷ πεπονθέναι <note resp="ed" place="unspecified" anchored="yes">
<foreign lang="greek">πεπονθέναι</foreign>] <foreign lang="greek">προσπεπονθέναι</foreign> R</note>, διαφυλάττουσαν. <note resp="ed" place="unspecified" anchored="yes">
<foreign lang="greek">διαφυλάττουσαν</foreign> idem: <foreign lang="greek">διαφυλάττουσα</foreign>
</note> ἡ δὲ ληφθεῖσα
               μὲν <gap/>
<note resp="ed" place="unspecified" anchored="yes">locum lacunosam (90 fere litt. E) redintegravit W ita: <foreign lang="greek">ἡ δὲ ληφθεῖσα μέν, μένουσα δὲ βρα χὺν ἐν τῷ σώματι χρόνον ἐλευθερωθεῖσα ὑπὸ κρειττόνων ἔρχεται - πρὸς ὃ πέφυκεν</foreign>
</note> ὑπὸ κρειττόνων ἔχεται, καθάπερ ἐκ καμπῆς ὑγρᾶς καὶ μαλθακῆς
               ἀναχαιτίσασα <note resp="ed" place="unspecified" anchored="yes">
<foreign lang="greek">ἀναχαιτίσασα</foreign> W: <foreign lang="greek">ἀναχαίτισμα</foreign>
</note> πρὸς ὃ πέφυκεν. ὥσπερ γὰρ τὸ πῦρ, ἄν τις ἀποσβέσας
               εὐθὺς ἐξάπτῃ,
<milestone unit="tlnum" n="20"/> πάλιν ἀναρριπίζεται καὶ
               ἀναλαμβάνει ταχέως <note resp="ed" place="unspecified" anchored="yes">lac. 148 fere in E fort. supplenda hunc in modum: <foreign lang="greek">καὶ ἀναλαμβάνει ταχέως· κατασβεσθὲν δὲ καὶ ὑποψυχθὲν οὐκ ἄν τις ἀναζωπυρήσειεν</foreign> (vel <foreign lang="greek">πάλιν ἐξάψειεν</foreign> cf. p. 787 a) <foreign lang="greek">ἀπραγμόνως· οὕτω καὶ τῶν ψυχῶν ἄριστα πράττουσιν, αἶς συμβέβηκε κατὰ τὸν ποιητήν ʼὅπως ὤκισταʼ</foreign> cett.</note>
<quote rend="blockquote"> ὅπως ὤκιστα <note resp="ed" place="unspecified" anchored="yes">
<foreign lang="greek">ὅπως ὤκιστα</foreign>] cf. Bergk. 2 p. 156</note> πύλας Ἀίδαο
                  περῆσαι </quote>
<pb id="v.3.p.585"/> πρὶν <note resp="ed" place="unspecified" anchored="yes">
<foreign lang="greek">πρὶν</foreign> R: <foreign lang="greek">πλὴν</foreign>
</note> ἔρωτα πολὺν ἐγγενέσθαι τῶν αὐτόθι πραγμάτων καὶ
               μαλαχθῆναι πρὸς τὸ σῶμα καὶ συντακῆναι καθάπερ ὑπὸ φαρμάκων.
<milestone unit="stephpage" id="stephpage-612a" n="612a"/>
</p>
</div1>
<div1 type="section" n="11">
<p>τοῖς δὲ πατρίοις καὶ παλαιοῖς ἔθεσι καὶ
<milestone unit="tlnum" n="5"/>
               νόμοις ἐμφαίνεται μᾶλλον ἡ περὶ τούτων ἀλήθεια. τοῖς γὰρ αὑτῶν νηπίοις
               ἀποθανοῦσιν οὔτε χοὰς; ἐπιφέρουσιν, οὔτʼ ἄλλα δρῶσι περὶ αὐτὰ οἷʼ
               εἰκὸς <note resp="ed" place="unspecified" anchored="yes">
<foreign lang="greek">εἰκὸς</foreign>] <foreign lang="greek">ἔθος</foreign> Cobetus</note> ὑπὲρ θανόντων ποιεῖν τοὺς ἄλλους <note resp="ed" place="unspecified" anchored="yes">
<foreign lang="greek">ἄλλους</foreign>] <foreign lang="greek">ἀνθρώπους</foreign> F. Schmidtius</note> οὐ γὰρ μέτεστι γῆς; οὐδὲν
               οὐδὲ <note resp="ed" place="unspecified" anchored="yes">
<foreign lang="greek">οὐδὲ</foreign> Stegmannus: <foreign lang="greek">οὔτε</foreign>
</note> τῶν περὶ γῆν αὐτοῖς. οὐδʼ αὐτοῦ περὶ
<milestone unit="tlnum" n="10"/>
               ταφὰς καὶ μνήματα καὶ προθέσεις νεκρῶν φιλοχωροῦσι καὶ παρακάθηνται τοῖς
               σώμασιν· οὐ γὰρ ἐῶσι θρηνεῖν <note resp="ed" place="unspecified" anchored="yes">
<foreign lang="greek">θρηνεῖν</foreign> addidi cum R</note> οἱ νόμοι τοὺς τηλικούτους, ὡς οὐχ ὅσιον
               εἰς βελτίονα καὶ θειοτέραν μοῖραν ἅμα καὶ χώραν μεθεστηκότας <note resp="ed" place="unspecified" anchored="yes">lac. 52 fere in E supplet W ita: <foreign lang="greek">καὶ οὐκ ἀγνοῶ μὲν ὅτι ταῦτα πολλὰς ἔχει ἀπορίας· ἐπεὶ δὲ</foreign> cett.</note>· ἐπεὶ δὲ
               τὸ ἀπιστεῖν χαλεπώτερόν
<milestone unit="tlnum" n="15"/>
<milestone unit="stephpage" id="stephpage-612b" n="612b"/> ἐστιν αὐτοῖς ἢ τὸ
               πιστεύειν, τὰ μὲν ἐκτὸς οὕτως ὡς οἱ νόμοι προστάττουσιν ἔχωμεν, τὰ δʼ
               ἐντὸς ἔτι μᾶλλον ἀμίαντα καὶ καθαρὰ καὶ σώφρονα. <note resp="ed" place="unspecified" anchored="yes">
<foreign lang="greek">σώφρονα</foreign>] intell. <foreign lang="greek">ἔχωμεν</foreign>
</note>
</p>
</div1>
</body>
</text>
</TEI.2>
