<ti:work xml:lang="lat" xmlns:ti="http://chs.harvard.edu/xmlns/cts" groupUrn="urn:cts:latinLit:phi0474" projid="latinLit:phi019" urn="urn:cts:latinLit:phi0474.phi019">
    
    <ti:title xml:lang="eng">In the senate after his return</ti:title>
    <ti:title xml:lang="lat">Cum Senatui gratias egit</ti:title>
    <ti:title xml:lang="lat">Post reditum in senatu</ti:title>
    
             
    <ti:edition urn="urn:cts:latinLit:phi0474.phi019.perseus-lat2" workUrn="urn:cts:latinLit:phi0474.phi019" xml:lang="lat">
        <ti:label xml:lang="eng">In the Senate after his Return</ti:label>
        <ti:description xml:lang="eng"> Orationes Volume V; Cicero, Marcus Tullius, creator; Peterson, William, 1856-1921, editor</ti:description>
    </ti:edition>
  
    <ti:translation urn="urn:cts:latinLit:phi0474.phi019.perseus-eng2" workUrn="urn:cts:latinLit:phi0474.phi019" xml:lang="eng">
        <ti:label xml:lang="eng">In the Senate after his Return</ti:label>
        <ti:description xml:lang="eng">, The orations of Marcus Tullius Cicero Vol 2 Three orations on the Agrarian law, the four against Catiline, the orations for Rabirius, Murena, Sulla, Archias, Flaccus, Scaurus, etc.; Cicero, Marcus Tullius, creator; Yonge, Charles Duke, 1812-1891, translator</ti:description>
    </ti:translation>
    

</ti:work>
    