<?xml version="1.0" encoding="UTF-8"?>
<ti:work xmlns:ti="http://chs.harvard.edu/xmlns/cts" groupUrn="urn:cts:greekLit:tlg0007" projid="greekLit:tlg021" urn="urn:cts:greekLit:tlg0007.tlg021" xml:lang="grc">
            
   <ti:title xml:lang="eng">Pelopidas</ti:title>
   
   <ti:translation urn="urn:cts:greekLit:tlg0007.tlg021.perseus-eng2" workUrn="urn:cts:greekLit:tlg0007.tlg021" xml:lang="eng">
      <ti:label xml:lang="eng">Pelopidas</ti:label>
      <ti:description xml:lang="eng">Plutarch, creator; Plutarch's Lives Volume V; Perrin, Bernadotte, translator; Cambridge,
         MA. Harvard University Press. London. William Heinemann Ltd. 1917.</ti:description>
   </ti:translation>
       
   <ti:edition urn="urn:cts:greekLit:tlg0007.tlg021.perseus-grc2" workUrn="urn:cts:greekLit:tlg0007.tlg021" xml:lang="grc">
      <ti:label xml:lang="eng">Pelopidas</ti:label>
      <ti:description xml:lang="eng">Plutarch, creator; Plutarch's Lives Volume V; Perrin, Bernadotte, translator; PCambridge,
         MA. Harvard University Press. London. William Heinemann Ltd. 1917.</ti:description>
   </ti:edition>
        
</ti:work>