<?xml version="1.0" encoding="UTF-8"?>
<ti:work xmlns:ti="http://chs.harvard.edu/xmlns/cts" groupUrn="urn:cts:greekLit:tlg0007" projid="greekLit:tlg098" urn="urn:cts:greekLit:tlg0007.tlg098" xml:lang="grc">
    <ti:title xml:lang="lat">De Amore Prolis</ti:title>
    
    <ti:translation urn="urn:cts:greekLit:tlg0007.tlg098.perseus-eng3" workUrn="urn:cts:greekLit:tlg0007.tlg098" xml:lang="eng">
        <ti:label xml:lang="eng">On Affection for Offspring</ti:label>
        <ti:description xml:lang="mul">Plutarch. Moralia, Vol. VI. Helmbold, William Clark, translator. Cambridge, MA: Harvard University Press. London: William Heinemann Ltd. 1939 (printing).</ti:description>
    </ti:translation>
    
    <ti:translation urn="urn:cts:greekLit:tlg0007.tlg098.perseus-eng4" workUrn="urn:cts:greekLit:tlg0007.tlg098" xml:lang="eng">
        <ti:label xml:lang="eng">Of Natural Affection Towards One's Offspring</ti:label>
        <ti:description xml:lang="eng">Plutarch. Plutarch's Morals, Vol. IV. Goodwin, William W., editor; Brown, R., translator. Boston: Little, Brown, and Company. Cambridge. 1874.</ti:description>
    </ti:translation>
    
    <ti:edition urn="urn:cts:greekLit:tlg0007.tlg098.perseus-grc2" workUrn="urn:cts:greekLit:tlg0007.tlg098" xml:lang="grc">
        <ti:label xml:lang="grc">Περὶ τῆς εἰς τὰ ἔκγονα φιλοστοργίας</ti:label>
        <ti:description xml:lang="mul">Plutarch. Plutarchi Chaeronensis Moralia, Vol IΙI. Vernardakēs, Grēgorios N., editor. 
            Leipzig: Teubner. 1891.</ti:description>
    </ti:edition>
</ti:work>

