<?xml version="1.0" encoding="UTF-8"?>
<!DOCTYPE TEI.2
  PUBLIC "-//TEI P4//DTD Main DTD Driver File//EN" "http://www.tei-c.org/Guidelines/DTD/tei2.dtd" [
<!ENTITY % TEI.XML "INCLUDE">
<!ENTITY % PersProse PUBLIC "-//Perseus P4//DTD Perseus Prose//EN" "http://www.perseus.tufts.edu/DTD/1.0/PersProse.dtd" >
%PersProse;
]>
<TEI.2>
   <teiHeader status="new">
      <fileDesc>
         <titleStmt>
            <title>De amore prolis</title>
            <title type="sub">Machine readable text</title>
            <author n="Plut.">Plutarch</author>
            <editor>W. C. Helmbold</editor>&responsibility;&fund.NEH;</titleStmt>
         <extent/>&Perseus.publish;<sourceDesc>
            <biblStruct>
               <analytic/>
               <monogr>
                  <author>Plutarch</author>
                  <title>Moralia</title>
                  <respStmt>
                     <resp>with an English Translation by</resp>
                     <name>W. C. Helmbold</name>
                  </respStmt>
                  <imprint>
                     <pubPlace>Cambridge, MA</pubPlace>
                     <publisher>Harvard University Press</publisher>
                     <pubPlace>London</pubPlace>
                     <publisher>William Heinemann Ltd.</publisher>
                     <date>1939</date>
                  </imprint>
                  <biblScope type="volume">6</biblScope>
               </monogr>
            </biblStruct>
         </sourceDesc>
      </fileDesc>
      <encodingDesc>
         <editorialDecl>
            <correction status="high" method="silent">
               <p>optical character recognition</p>
            </correction>
         </editorialDecl>
         <refsDecl doctype="TEI.2">
            <state unit="section"/>
         </refsDecl><!--<refsDecl doctype="TEI.2">
				<state unit="stephpage" n="chunk"/>
				</refsDecl>--></encodingDesc>
      <profileDesc>
         <langUsage>
            <language id="eng">English</language>
            <language id="greek">Greek</language>
            <language id="la">Latin</language>
         </langUsage>
      </profileDesc>
      <revisionDesc>
         <change>
            <date>5/10</date>
            <respStmt>
               <name>RS</name>
               <resp/>
            </respStmt>
            <item>tagged and parsed</item>
         </change>
      </revisionDesc>
   </teiHeader>
   <text>
      <body>
         <div1 type="section" n="intro">
            <pb id="v.6.p.328"/>
            <head>ON AFFECTION FOR
					OFFSPRING
					(DE AMORE PROLIS)
					<lb/>INTRODUCTION</head>
            <p>
					This essay, or declamation, is clearly in an unfinished
					state throughout and a good deal is doubtless lost at
					the end, for the author has done little more with his
					subject than to show that <foreign lang="greek">filostorgi/a</foreign>
               <note resp="ed" place="unspecified" anchored="yes">Volkmann reminds us that <hi rend="italics">De Amore Prolis</hi> is a bad Latin translation for the title, but that there is no better: <hi rend="italics">cf.</hi> Fronto, i. p. 280, ii. p. 154 ed. Haines (L.C.L.) for the statement that there is no such quality as <foreign lang="greek">to\ filo/storgon</foreign> at Rome and consequently no name for it. See also Marcus Aurelius, i. 11.</note> is more
					complete in man than in beasts.<note resp="ed" place="unspecified" anchored="yes">Volkmann, <hi rend="italics">Leben, Scriften, u. Philos, Plutarchs</hi>, ii. pp. 165-167, attempts to complete the thought of this treatise.</note> The efforts of
					D&ouml;hner<note resp="ed" place="unspecified" anchored="yes">
                  <hi rend="italics">Quaest. Plut.</hi>, iii. pp. 26 ff.</note> and Weissenberger<note resp="ed" place="unspecified" anchored="yes">
                  <hi rend="italics">Die Sprache Plutarchs</hi>, ii. pp. 31-33. When Weissenberger attempts to find discrepancies between Plutarch's thought here and elsewhere, he chooses examples in which he either misinterprets the meaning or else forgets that Plutarch is ironical and intends the opposite of what he says.</note> to prove that the essay
					is not genuine have not been successful. Dohner is,
					further, quite wrong, as Patzig<note resp="ed" place="unspecified" anchored="yes">
                  <hi rend="italics">Quaest. Plut.</hi>, pp. 3-21: by far the most complete discussion of the vocabulary and syntax of this strange work. Patzig's conclusion is that we have here a <hi rend="italics">finished</hi> essay of Plutarch; this is untenable, but his arguments for genuineness are quite conclusive. None of his successors, not even Pohlenz, shows any knowledge of his valuable work.</note> and Weissenberger
					have shown, in assuming the work to be an epitome.
					
					<pb id="v.6.p.329"/>
					
					It is best regarded as an unfinished fragment, containing, so far as it goes, the rough and unrevised
					hand of Plutarch.
				</p>
            <p>
					Dyroff's<note resp="ed" place="unspecified" anchored="yes">Program W&uuml;rzburg, 1896/7.</note> attempt to show that this work was composed before <hi rend="italics">De Esu Carnium</hi>, <hi rend="italics">De Sollertia Animalium</hi>,
					and <hi rend="italics">Gryllus</hi> is not to be taken seriously : the grounds
					are too slight.
					The text is very corrupt. The work is not listed in
					the Lamprias catalogue.
					
				</p>
         </div1>
         <pb id="v.6.p.331"/>
         <div1 type="section" n="1">
            <p>Trials of cases on appeal<note resp="ed" place="unspecified" anchored="yes">Plutarch is probably referring to the common practice of small states appealing to the greater, Athens or Rhodes, to arbitrate in disputes; the distrust was thus not of all other Greeks but of fellow-citizens. <hi rend="italics">Cf.</hi> Schwyzer, <hi rend="italics">Dial. Gr. Exempla</hi>, 83 for an inscription in which Argos regulates the relations between Cnossus and Tylissus <hi rend="italics">circa</hi> 450 b.c.; see also M. N. Tod, <hi rend="italics">International Arbitration among the Greeks</hi> (Oxford, 1913).</note> before special arbitrators and the carrying of cases before foreign courts
					were first devised by the Greeks by reason of their
					mutual distrust, since they had need of the justice
					supplied by others than themselves, like any other
					non-indigenous necessity. Is it thus, then, that
					philosophers also, because of their disagreements
					with each other, refer some of their questions to the
					nature of irrational animals, as though to a foreign
					city, and submit the decision to the emotions and
					character and habits of these creatures as to a court
					that cannot be influenced or bribed? Or is this also
					a common charge against human depravity - that,
					being in doubt about the most necessary and important things, we seek among horses and dogs and
					birds how we ourselves should marry and beget and
					bring up children (as though we had no plain indication of Nature in ourselves) ; and that we term the
					traits which brute beasts have <q direct="unspecified">characters</q> and
					<q direct="unspecified">emotions,</q> and accuse our life of a great deviation
					
					<pb id="v.6.p.333"/>
					
					and departure from Nature, confused and disordered
					as we are at the very beginning concerning even
					the first principles? For in dumb animals Nature
					preserves their special characteristics pure and unmixed and simple, but in men, through reason and
					habit, they have been modified by many opinions
					and adventitious judgements so that they have lost
					their proper form and have acquired a pleasing
					variety comparable to the variety of perfumes made
					by the pharmacist on the basis of a single oil. And
					let us not wonder if irrational animals follow Nature
					more closely than rational ones ; for animals are, in
					fact, outdone in this by plants, to which Nature has
					given neither imagination nor impulse, nor desire for
					something different, which causes men to shake themselves free from what Nature desires ; but plants, as
					though they were fastened in chains, remain in the
					power of Nature, always traversing the one path along
					which Nature leads them. Yet in wild beasts versatility of reasoning and uncommon cleverness and excessive love of freedom are not too highly developed;
					and though they have irrational impulses and desires
					and often wander about on circuitous paths, they do
					not go far afield, but ride, as it were, at the anchor
					provided by Nature, who points out to them the
					straight way, as to an ass which proceeds under bit
					and bridle. But in man ungoverned reason is absolute master, and, discovering now one way of
					deviation and innovation and now another, has left
					no clear or certain vestige of Nature visible.<note resp="ed" place="unspecified" anchored="yes">The text of this chapter is exceedingly corrupt: the restorations and suggestions adopted here claim only an approximation to the required thought.</note>
				        </p>
         </div1>
         <div1 type="section" n="2">
            <p>Observe to what extent there exists in animals
					
					<pb id="v.6.p.335"/>
					
					conformity to nature in regard to their marriages.
					In the first place, they do not wait for laws against
					celibacy or late wedlock, as did the citizens of
					Lycurgus<note resp="ed" place="unspecified" anchored="yes">
                  <hi rend="italics">Cf. Life of Lysander</hi>, xxx. (451 a-b); <hi rend="italics">Life of Lycurgus</hi>, xv. 1 (48 c); <hi rend="italics">Moralia</hi>, 227 f; Ariston in Stobaeus, vol. iv. p. 497 ed. Hense (or von Arnim. <hi rend="italics">Stoic. Vet. Frag.</hi>, i. p. 89); Clement of Alexandria, <hi rend="italics">Stromateis</hi>, ii. 141 (vol. ii. p. 191 ed. St&auml;hlin).</note> and Solon,<note resp="ed" place="unspecified" anchored="yes">This is not true of Solon: <hi rend="italics">cf.</hi> Stobaeus, vol. iv. p. 521 ed. Hense.</note> nor fear loss of civil rights because of childlessness, nor pursue the honours of the
					<hi rend="italics">
                  <foreign lang="la">ius trium liberorum</foreign>
               </hi>,<note resp="ed" place="unspecified" anchored="yes">See, for example, Hardy's notes on Pliny, <hi rend="italics">Epistulae</hi>, right of inheritance and the privileges of those who had less than three children.</note> as many Romans do when they
					marry and beget children, not that they may have
					heirs, but that they may inherit. In the next place,
					the male does not consort with the female during all
					seasons, for the end and aim is not pleasure, but
					procreation and the begetting of offspring ; therefore
					it is in the season of spring, which has procreative
					breezes<note resp="ed" place="unspecified" anchored="yes">
                  <hi rend="italics">Cf.</hi> Lucretius, i. 10-20: <foreign lang="la">reserata viget genitabilis aura favoni</foreign>, and the whole passage.</note> and a temperature suitable to intercourse,<note resp="ed" place="unspecified" anchored="yes">
                  <hi rend="italics">Cf.</hi> Aristotle, <hi rend="italics">Historia Animalium</hi>, vi. 18 (573 a 27).</note>
					that the female, rendered submissive and desirable,
					comes to consort with the male, exulting, as she
					does, in the pleasing odour of her flesh and the
					peculiar adornment<note resp="ed" place="unspecified" anchored="yes">
                  <hi rend="italics">Cf.</hi> Clement of Alexandria, <hi rend="italics">Paedagogus</hi>, iii. 11. 1 (vol. i. p. 242 ed. St&auml;hlin).</note> of her body, and filled with
					dew and clean grass<note resp="ed" place="unspecified" anchored="yes">
                  <hi rend="italics">Cf. Moralia</hi>, 990 c ff.</note>; but when she perceives that
					she is pregnant and sated, she modestly retires and
					takes thought for the birth and safety of her offspring.
					But it is impossible to recount the procedure in a
					manner worthy of the subject, except to say that
					each of the pair is as one in their affection for their
					offspring, in their forethought, their endurance, and
					
					<pb id="v.6.p.337"/>
					
					their self-control. Further, though we call the bee
					wise and believe that it
					<quote rend="blockquote">Makes the yellow honey its care,<note resp="ed" place="unspecified" anchored="yes">Simonides: Frag. 47 ed. Bergk; 43 ed. Diehl; 57 ed. Edmonds. <hi rend="italics">Cf. Moraalia</hi>, 41 f, 79 c.</note>
               </quote>
					flattering the saccharine quality of its sweetness
					which tickles our palates, yet we overlook the wisdom
					and artifice of the other creatures which is manifested
					in the bearing and the nurture of offspring. As, for
					example, the king-fisher<note resp="ed" place="unspecified" anchored="yes">
                  <hi rend="italics">Cf. Moralia</hi>, 983 c-d; Aelian, <hi rend="italics">De Natura Animalium</hi>, ix. 17.</note> after conception makes her
					nest by gathering the thorns of the sea-needle and
					interweaving and joining them together, and makes it
					round and oblong in form, like a fisherman's creel;
					and, packing the thorns closely together with the
					most exact jointure and density, submits it to the
					dashing of the waves so that, being gradually beaten
					upon and riveted together, the hard-packed surface
					may become water-proof; and it does become hard
					to divide with iron or stone. And what is more
					wonderful, the mouth of the nest is so exactly fitted
					to the size and measure of the king-fisher that no
					other creature, either larger or smaller, may enter,
					and, so they say, that it will not admit even the most
					minute drops of sea-water.<note resp="ed" place="unspecified" anchored="yes">In <hi rend="italics">Moralia</hi>, 983 c (<hi rend="italics">De sollertia animalium</hi>), Plutarch adds a few details to this description.</note>
				        </p>
            <p>
					And sea-dogs<note resp="ed" place="unspecified" anchored="yes">Aelian, <hi rend="italics">op. cit.</hi>, ii. 55; <hi rend="italics">Moralia</hi>, 982 a; for the kinds of <foreign lang="greek">galeoi/</foreign> (a species of shark), see Mair's note on Oppian, <hi rend="italics">Halieutica</hi>, i. 379 (L.C.L.).</note> are a very good example, for they
					bring forth their young alive within their bodies,<note resp="ed" place="unspecified" anchored="yes">That is, they are viviparous.</note> but
					permit their offspring to emerge and forage, and then
					take them back again and enfold them in their vitals
					and let them sleep there.
					
					<pb id="v.6.p.339"/>
				        </p>
            <p>
					And the she-bear,<note resp="ed" place="unspecified" anchored="yes">
                  <hi rend="italics">Cf.</hi> Aelian, <hi rend="italics">op. cit.</hi>, ii. 19; Aristotle, <hi rend="italics">op. cit.</hi>, 579 a 24: <foreign lang="greek">a)dia/rqrwta ta\ ske/lh kai\ ta\ plei=sta tw=n mori/wn</foreign>.</note> the most savage and sullen of
					beasts, brings forth her young formless and without
					visible joints, and with her tongue, as with a tool,
					she moulds into shape their skin<note resp="ed" place="unspecified" anchored="yes">
                  <hi rend="italics">Cf.</hi> Aulus Gellius, xvii. 10. 3.</note>; and thus she is
					thought, not only to bear, but to fashion her cub.
				</p>
            <p>
					And in Homer<note resp="ed" place="unspecified" anchored="yes">
                  <hi rend="italics">Il.</hi>, xvii. 134-136.</note> the lion -
					<quote rend="blockquote">
                  <l>Whom hunters meet leading his young within
						</l>
                  <l>A wood ; he glares with valour and draws down
						</l>
                  <l>His eye-lids till they hide his eyes -</l>
               </quote>
					does he look like a beast that has any notion of
					making terms with the hunters for his children's
					lives? For, in general, the love of animals for their
					children makes the timid bold, the lazy energetic,
					the voracious sparing; like the bird in Homer<note resp="ed" place="unspecified" anchored="yes">
                  <hi rend="italics">Il.</hi>, ix. 324; <hi rend="italics">cf. Moralia</hi>, 80 a.</note> which
					brings to her nestlings
					<quote rend="blockquote">
                  <l>Whatever morsels she can catch, though she
						</l>
                  <l>Fares ill herself,</l>
               </quote>
					for she feeds her young at the cost of her own hunger,
					and, though she has laid hold of food for her belly, she
					withholds it and presses it tightly with her beak, lest
					she gulp it down unawares ; or
					<quote rend="blockquote">
                  <l>As a bitch bestrides her tender pups, and barks
						</l>
                  <l>At one she does not know, and longs to fight,<note resp="ed" place="unspecified" anchored="yes">Homer, <hi rend="italics">Od.</hi>, xx. 14-15; <hi rend="italics">cf. De Vita et Poesi Homeri</hi>, 86 (Bernardakis, vol. vii. p. 375).</note>
                  </l>
               </quote>
					acquiring, as it were, a second courage in her fear for
					her young.
				</p>
            <p>
					And partridges,<note resp="ed" place="unspecified" anchored="yes">
                  <hi rend="italics">Cf. Moralia</hi>, 971 c-d; Aelian, <hi rend="italics">op. cit.</hi>, iii. 16; Aristotle, <hi rend="italics">Historia Animalium</hi>, ix. 8 (613 b 17); scholia on Aristophanes, <hi rend="italics">Birds</hi>, 768.</note> when, accompanied by their
					
					<pb id="v.6.p.341"/>
					
					young, they are being pursued, allow the fledglings to
					fly ahead and attempt to escape, and contrive to fix
					the hunter's attention on themselves by wheeling
					close and, when they are almost captured, fly off and
					away, then again remain at rest and place themselves
					within the reach of the hunter's hope, until, by so
					exposing themselves to danger for their nestlings'
					safety, they have led on the hunters to a considerable
					distance.
				</p>
            <p>
					And we have before our eyes every day the manner
					in which hens<note resp="ed" place="unspecified" anchored="yes">
                  <hi rend="italics">Cf.</hi> Aristotle, <hi rend="italics">op. cit.</hi>, ix. 8 (613 b 15); <hi rend="italics">Anthologia Palatina</hi>, ix. 95.</note> care for their brood, drooping their
					wings for some to creep under, and receiving with
					joyous and affectionate clucks others that mount
					upon their backs or run up to them from every direction ; and though they flee from dogs and snakes
					if they are frightened only for themselves, if their
					fright is for their children, they stand their ground
					and fight it out beyond their strength.
				</p>
            <p>
					Are we, then, to believe that Nature has implanted
					these emotions in these creatures because she is
					solicitous for the offspring of hens and dogs and bears,
					and not, rather, because she is striving to make us
					ashamed and to wound us, when we reflect that these
					instances are examples to those of us who would follow
					the lead of Nature, but to those who are callous, as
					rebukes for their insensibility, by citing which they<note resp="ed" place="unspecified" anchored="yes">
                  <hi rend="italics">i.e.</hi> the philosophers whose views Plutarch is criticizing.</note>
					disparage human nature as being the only kind that
					has no disinterested affection and that does not know
					how to love without prospect of gain? In our theatres,
					indeed, people applaud the verse of the poet who
					said,<note resp="ed" place="unspecified" anchored="yes">Kock, <hi rend="italics">Com. Att. Frag.</hi>, iii. p. 450, ades. 218.</note>
					          <quote rend="blockquote">What man will love his fellow-man for pay?</quote>
					
					          <pb id="v.6.p.343"/>
					
					And yet, according to Epicurus,<note resp="ed" place="unspecified" anchored="yes">Usener, <hi rend="italics">Epicurea</hi>, p. 320, Frag. 527.</note> it is for pay that
					a father loves his son, a mother her child, children
					their parents ; but if beasts could come to understand
					speech and someone should bring together to a
					common theatre horses and cows and dogs and birds
					and should revise this speech and say, <q direct="unspecified">Dogs do not
						love their pups, nor horses their colts, nor birds their
						nestlings, for pay, but gratuitously and naturally,</q> it
					would be recognized by the emotions of them all that
					this was well and truly spoken. For it is shameful -
					great Heaven! - that the begetting and the pains of
					travail and the nurture of beas ts should be <q direct="unspecified">Nature</q>
					and <q direct="unspecified">a free gift,</q> but that those of men should be
					loans and wages and caution-money, all given on
					condition of a return!<note resp="ed" place="unspecified" anchored="yes">
                  <hi rend="italics">Cf.</hi> 496 c, <hi rend="italics">infra</hi>.</note>
				        </p>
         </div1>
         <div1 type="section" n="3">
            <p>But such a statement is neither true nor worth
					the hearing. For just as in uncultivated plants,
					such as wild vines and figs and olives, Nature has
					implanted the principles, though crude and imperfect,
					of cultivated fruits, so on irrational animals she has
					bestowed a love of offspring, though imperfect and
					insufficient as regards the sense of justice and one
					which does not advance beyond utility ; but in the
					case of man, a rational and social animal, Nature, by
					introducing him to a conception of justice and law and
					to the worship of the gods and to the founding of cities
					and to human kindness, has furnished noble and beautiful and fruitful seeds of all these in the joy we have
					in our children and our love of them, emotions which
					accompany their first beginnings ; and these qualities
					are found in the very constitution of their bodies. For
					although Nature is everywhere exact and workmanlike
					
					<pb id="v.6.p.345"/>
					
					with no deficiency or superfluity, <q direct="unspecified">and has,</q> as
					Erasistratus<note resp="ed" place="unspecified" anchored="yes">A famous physician at the court of Seleucus I and later at Alexandria; <hi rend="italics">cf. Life of Demetrius</hi>, xxxviii. (907 a ff.).</note> said, <q direct="unspecified">no trumpery about her</q> ; yet
					when it comes to the processes of procreation, it is
					impossible to describe them in a fitting manner, and
					perhaps it would not be decent to fix our attention
					too precisely upon the names and designations of
					these forbidden topics, but it is proper that we should
					apprehend the admirable adaptation of those hidden
					and concealed parts to the functions of procreation
					and bringing to birth. However, the production<note resp="ed" place="unspecified" anchored="yes">
                  <hi rend="italics">Cf.</hi> Clement of Alexandria, <hi rend="italics">Paedagogus</hi>, i. 39 (vol. i. p. 113 ed. St&auml;hlin); Galen, vol. iv. p. 176 ed. K&uuml;hn.</note> and
					administering of milk is sufficient proof of Nature's
					foresight and care. For in women the amount of
					blood exceeds the use for it because of the sluggishness and paucity of their breath and, coming to the
					surface, wanders at large and burdens them ; at other
					times it is Nature's custom and care to discharge the
					blood at monthly periods by opening canals and
					channels for it, to lighten and cleanse the rest of
					the body and in season to render the womb fertile
					ground for ploughing, as it were, and sowing. But
					when the womb receives the seed as it encounters it
					and enfolds it and it has taken root<note resp="ed" place="unspecified" anchored="yes">
                  <hi rend="italics">Cf.</hi> Aristotle, 745 b 25: <foreign lang="greek">a)fi/hsin eu)qu\s oi(=on r(i/zan to\n o)mfalo\n ei)s th\n u(ste/ran</foreign>, and 493 a 18: (<foreign lang="greek">th=s gastro\s</foreign>) <foreign lang="greek">r(i/za o)mfalo/s</foreign>.</note> there (<q direct="unspecified">for the
						umbilical cord grows at first in the womb,</q> as
					Democritus<note resp="ed" place="unspecified" anchored="yes">Frag. B 148, Diels, <hi rend="italics">Frag. d. Vorsokratiker</hi>
                  <hi rend="superscript">5</hi>, ii. p. 171; <hi rend="italics">cf. Moralia</hi>, 317 a.</note> says, <q direct="unspecified">as an anchorage against the
						swell and drift, a cable and vine</q> for the fruit now
					conceived that is to be), Nature shuts the monthly
					
					<pb id="v.6.p.347"/>
					
					canals of purification and, taking the drifting blood,
					uses it for nourishment and irrigates<note resp="ed" place="unspecified" anchored="yes">
                  <hi rend="italics">Cf.</hi> Celsus, vii. 7. 17.</note> the embryo,<note resp="ed" place="unspecified" anchored="yes">See Aristotle, 745 b 28: <foreign lang="greek">dia\ tou/tou</foreign> (<foreign lang="greek">tou= o)mfalou=</foreign>) <foreign lang="greek">lamba/nei trofh\n ai(matikh/n</foreign>.</note>
					which already is beginning to be formed and shaped,
					until, having been carried the number of months
					proper to its growth within the womb, it needs other
					nourishment and abiding-place. At that time, then,
					Nature, more carefully than any gardener or irrigator,
					turns and changes the blood from one use to another
					and has in readiness subterranean springs, as it were,
					of a fresh-flowing stream ; and the springs receive
					the blood in no perfunctory or unemotional manner,
					but are even able, by the gentle heat and soft
					womanliness of respiration, to digest, mollify, and
					change it; for such a disposition and temper does the
					breast have within it. Yet there are no outflowing
					streams of milk nor spouts which discharge it all
					at once,<note resp="ed" place="unspecified" anchored="yes">
                  <hi rend="italics">Cf. Life of Aemilius Paulus</hi>, xiv. (262 b-d).</note> but the breast terminates in flesh that
					is full of springs and can filter the milk gently
					through minute passage-ways ; and it thus gives a
					store of food that is comfortable for the infant's
					mouth and pleasant for it to touch and to grasp.
				</p>
            <p>
					But there would be no benefit in these many kinds
					of equipment for procreation, or in such ways and
					means, such zeal and forethought, if Nature had not
					implanted in mothers affection and care for their
					offspring.
					<quote rend="blockquote">
                  <l>There is nothing more wretched than a man,<note resp="ed" place="unspecified" anchored="yes">Homer, <hi rend="italics">Il.</hi>, xvii. 446-447; <hi rend="italics">cf.</hi> 500 b, <hi rend="italics">infra</hi>.</note>
						            </l>
                  <l>Of all that breathes and creeps upon the earth -</l>
               </quote>
					the poet tells no falsehood if it is about a new-born
					
					<pb id="v.6.p.349"/>
					
					babe that he speaks.<note resp="ed" place="unspecified" anchored="yes">But it is with reference to the dead Patroclus that Zeus speaks these lines.</note> For there is nothing so imperfect, so helpless, so naked, so shapeless, so foul, as
					man observed at birth, to whom alone, one might
					almost say, Nature has given not even a clean passage
					to the light<note resp="ed" place="unspecified" anchored="yes">
                  <hi rend="italics">Cf. Moralia</hi>, 758 a.</note>; but, defiled with blood and covered
					with filth and resembling more one just slain than one
					just born, he is an object for none to touch or lift up
					or kiss or embrace except for someone who loves with
					a natural affection. Therefore, while the other animals
					have their dugs hanging loose beneath the belly, in
					women they grow above on the breast where mothers
					can kiss and embrace and fondle the infant, the
					inference being that the end and aim of bearing and
					rearing a child is not utility, but affection.
				</p>
         </div1>
         <div1 type="section" n="4">
            <p>Carry the discussion back to primitive mankind,
					to those whose women were the first to bear, and
					whose men were the first to see a child born; they had
					neither any law which bade them rear their children,
					nor any expectation of gratitude or of receiving
					the wages of maintenance <q direct="unspecified">lent to their children
						when they were young.</q>
               <note resp="ed" place="unspecified" anchored="yes">Plato, <hi rend="italics">Laws</hi>, 717 c; <hi rend="italics">cf.</hi> 479 f, <hi rend="italics">supra</hi>
               </note> Nay, I should rather be
					inclined to affirm that these mothers were hostile and
					malicious toward their children, since great dangers
					and travail had come to them from child-birth :
					<quote rend="blockquote">
                  <l>As when a sharp pang pierces a woman in labour,
						</l>
                  <l>A pang which the Eileithyiae of child-bed send,
						</l>
                  <l>The daughters of Hera, who bring the bitter pangs -</l>
               </quote>
					these lines, women tell us, were written, not by
					Homer,<note resp="ed" place="unspecified" anchored="yes">
                  <hi rend="italics">Il.</hi>, xi. 269-271.</note> but by an Homerid<note resp="ed" place="unspecified" anchored="yes">The ancients used the term, not of women, but of a class of male bards. But Plutarch choses to treat the word as a feminine noun, anticipating Samuel Butler's <hi rend="italics">Authoress of the Odyssey</hi>.</note> after child-birth or
					
					<pb id="v.6.p.351"/>
					
					while she was still in the throes of it and had the
					pain of travail, alike bitter and sharp, actually present
					in her entrails. But even then the affection for offspring implanted by Nature would bend and lead the
					mother : still hot and suffering and shaken with her
					pangs, she did not neglect or avoid her child, but
					turned to it and smiled at it and took it up and kissed
					it, though she reaped nothing sweet or profitable
					therefrom, but received it with pain and suffering,
					and <q direct="unspecified">with tatters</q> of swaddling-clothes
					<quote rend="blockquote">Thus warming and caressing it, both night
						And day she passes in alternate toil.<note resp="ed" place="unspecified" anchored="yes">From the <hi rend="italics">Niobe</hi> of an unknown poet (<hi rend="italics">cf. Moralia</hi>, 691 d), attributed by Valckenaer to Sophocles, and recently by A. Lesky (<hi rend="italics">Wien. Stud.</hi>, lii. 7; <hi rend="italics">cf.</hi> also Pearson, <hi rend="italics">Fragments of Sophocles</hi>, vol. ii. p. 98), to Aeschylus.</note>
               </quote>
					For what pay or advantage were these services performed by those ancient parents? Nor is there
					any for those of our day, since their expectations
					are uncertain and far off. He that plants a vineyard
					in the vernal equinox gathers the grapes in the autumnal ; he that sows wheat when the Pleiades set
					reaps it when they rise ; cattle and horses and
					birds bring forth young at once ready for use ;
					but as for man, his rearing is full of trouble, his
					growth is slow, his attainment of excellence is far
					distant and most fathers die before it comes. Neocles
					did not live to see the Salamis of Themistocles
					nor Miltiades the Eurymedon of Cimon ; nor did
					Xanthippus ever hear Pericles harangue the people,
					nor did Ariston hear Plato expound philosophy ;
					nor did the fathers of Euripides and Sophocles come
					to know their sons' victories ; they but heard them
					
					<pb id="v.6.p.353"/>
					
					lisping and learning to speak and witnessed their
					revellings and drinking-bouts and love-affairs, as they
					indulged in such follies as young men commit ; so
					that of all Evenus<note resp="ed" place="unspecified" anchored="yes">Bergk, <hi rend="italics">Poet. Lyr. Graec.</hi>, ii. p. 270; Edmonds, <hi rend="italics">Elegy and Iambus</hi>, i. p. 472.</note> wrote the only line that is
					praised or remembered is
					<quote rend="blockquote">For fathers a child is always fear or pain.</quote>
					Yet none the less fathers do not cease rearing children
					and, most of all, those who least need them. For it is
					ridiculous if anyone thinks that the rich sacrifice and
					rejoice when sons are born to them because they will
					have someone to support them and bury them-unless,
					by Heaven, it is for lack of heirs that they bring
					up children, since it is impossible to find or happen
					upon anyone willing to accept another's property!
					<quote rend="blockquote">
                  <l>Not sand or dust or feathers of birds of varied note
						</l>
                  <l>Could heap up so great a number<note resp="ed" place="unspecified" anchored="yes">An anonymous fragment; <hi rend="italics">cf. Moralia</hi>, 1067 d; Diehl, <hi rend="italics">Anthologia Lyrica</hi>, ii. p. 162; Edmonds, <hi rend="italics">Lyra Graeca</hi>, iii. p. 452.</note>
                  </l>
               </quote>
					as is the number of those seeking inheritances.<note resp="ed" place="unspecified" anchored="yes">For the plague of inheritance-seekers at Rome, see Roman Satire <hi rend="italics">passim</hi>, especially Horace, <hi rend="italics">Satires</hi>, ii. 5.</note>
					          <quote rend="blockquote">The sire of fifty daughters,<note resp="ed" place="unspecified" anchored="yes">From the <hi rend="italics">Archela&uuml;s</hi> of Euripides: Nauck, <hi rend="italics">Trag. Graec. Frag.</hi>
                     <hi rend="superscript">2</hi>, p. 427, Frag. 228. 1; <hi rend="italics">cf. Moralia</hi>, 837 e.</note> Dana&uuml;s;</quote>
					but if he had been childless, he would have had more
					heirs, and heirs unlike his own. For sons feel no
					gratitude, nor, for the sake of inheriting, do they pay
					court or show honour, knowing that they receive the
					inheritance as their due. But you hear the words of
					
					<pb id="v.6.p.355"/>
					
					strangers clustering around the childless man, like
					those famous verses of the comic poet,<note resp="ed" place="unspecified" anchored="yes">Aristophanes, <hi rend="italics">Knights</hi>, 50-51.</note>
					          <quote rend="blockquote">O Demos, judge one case, then to your bath ;
						Gorge, guzzle, stuff, and take three obols' pay.</quote>
					And the remark of Euripides,<note resp="ed" place="unspecified" anchored="yes">
                  <hi rend="italics">Phoenissae</hi>, 439-440; but the first line is borrowed from Sophocles, Frag. 85. 1 (Nauck, <hi rend="italics">Trag. Graec. Frag.</hi>
                  <hi rend="superscript">2</hi>, p. 148).</note>
					          <quote rend="blockquote">
                  <l>Money it is that finds out friends for men
						</l>
                  <l>And holds the greatest power among mankind,</l>
               </quote>
					is not a simple and general truth, but applies to the
					childless : it is these whom rich men feast, whom
					great men court, for these alone do advocates plead
					gratis.
					<quote rend="blockquote">A rich man with an unknown heir's a power.<note resp="ed" place="unspecified" anchored="yes">Kock, <hi rend="italics">Com. Att. Frag.</hi>, iii. p. 484, ades. 404.</note>
               </quote>
					Many, at any rate, who had many friends and much
					honour, the birth of one child has made friendless
					and powerless. Therefore not even toward the
					acquisition of power is there any aid to be derived
					from children, but the whole force of Nature exists
					no less in man than in beasts.<note resp="ed" place="unspecified" anchored="yes">This closes Plutarch's argument that man does not derive his love of offspring from any other source than do the brute beasts.</note>
				        </p>
         </div1>
         <div1 type="section" n="5">
            <p>Now both this and miny other excellences are
					obscured by vice, as a thicket springs up beside seeds
					planted in a garden. Or are we to say that man has
					no natural love for himself just because many men
					cut their throats or hurl themselves from precipices?
					And Oedipus<note resp="ed" place="unspecified" anchored="yes">Sophocles, <hi rend="italics">Oedipus Rex</hi>, 1276-1277.</note>
					          <quote rend="blockquote">
                  <l>Smote his eyes with a brooch and at each blow
						</l>
                  <l>The bloody eye-balls wet his beard;</l>
               </quote>
					
					          <pb id="v.6.p.357"/>
					
					and Hegesias<note resp="ed" place="unspecified" anchored="yes">Philosopher of Cyrene, early third century b.c. <hi rend="italics">Cf.</hi> Cicero, <hi rend="italics">Tusc. Disp.</hi>, i. 34. 83; Valerius Maximus, viii. 9, Ext. 3.</note> by the eloquence of his reasoning
					persuaded many of his hearers to starve themselves
					to death.
					<quote rend="blockquote">In many a guise the gods appear.<note resp="ed" place="unspecified" anchored="yes">From the stock lines at the end of the <hi rend="italics">Alcestis</hi>, <hi rend="italics">Andromache</hi>, <hi rend="italics">Helen</hi>, and <hi rend="italics">Bacchae</hi> of Euripides; <hi rend="italics">cf. Moralia</hi>, 58 a.</note>
               </quote>
				        </p>
            <p>
					But these are like those diseases and morbid
					states of the soul which drive men from their natural
					condition, as they themselves testify against themselves. For if a sow tears to pieces her suckling pig,
					or a bitch her puppy, men grow despondent and
					disturbed and offer to the gods sacrifices to avert the
					evil, and consider it a portent on the ground that
					Nature prescribes to all creatures that they should
					love and rear their offspring, not destroy them.
					Moreover, as in mines the gold, though mingled and
					covered with much earth, yet gleams through, so
					Nature, even in characters and passions which are
					themselves perverted, reveals their love for their offspring. For when poor men do not rear their children
					it is because they fear that if they are educated less
					well than is befitting<note resp="ed" place="unspecified" anchored="yes">Contrast <hi rend="italics">Moralia</hi>, 8 e on the education of poor children.</note> they will become servile
					and boorish and destitute of all the virtues ; since
					they consider poverty the worst of evils, they
					cannot endure to let their children share it with
					them, as though it were a kind of disease, serious
					and grievous. ...
				</p>
         </div1>
      </body>
   </text>
</TEI.2>