<?xml version="1.0" encoding="UTF-8"?><TEI.2>
<teiHeader>
<fileDesc>
<titleStmt>
<title>De amore prolis</title>
<title type="sub">Machine readable text</title>
<author n="Plut.">Plutarch</author>
<editor>Gregorius N. Bernardakis</editor>
<sponsor>Perseus Project, Tufts University</sponsor>
<principal>Gregory Crane</principal>
<respStmt>
<resp>Prepared under the supervision of</resp>
<name>Lisa Cerrato</name>
<name>William Merrill</name>
<name>Elli Mylonas</name>
<name>David Smith</name>
</respStmt>
<funder n="org:NEH">The National Endosment for the Humanities</funder>
</titleStmt>
<extent/>
<publicationStmt>
<publisher>Trustees of Tufts University</publisher>
<pubPlace>Medford, MA</pubPlace>
<authority>Perseus Project</authority>
</publicationStmt>
<sourceDesc>
<biblStruct>
<analytic/>
<monogr>
<author>Plutarch</author>
<title>Moralia</title>
<editor>Gregorius N. Bernardakis</editor>
<imprint>
<pubPlace>Leipzig</pubPlace>
<publisher>Teubner</publisher>
<date>1891</date>
</imprint>
<biblScope type="volume">3</biblScope>
</monogr>
</biblStruct>
</sourceDesc>
</fileDesc>
<encodingDesc>
<editorialDecl>
<correction method="silent">
<p>optical character recognition</p>
</correction>
</editorialDecl>
<refsDecl doctype="TEI.2">
<state unit="section"/>
</refsDecl>
<refsDecl doctype="TEI.2">
<state unit="stephpage" n="chunk"/>
</refsDecl>
</encodingDesc>
<profileDesc>
<langUsage>
<language id="greek">Greek</language>
<language id="eng">English</language>
</langUsage>
</profileDesc>
<revisionDesc>
<change>
<date>5/10</date>
<respStmt>
<name>RS</name>
<resp/>
</respStmt>
<item>tagged and parsed</item>
</change>
</revisionDesc>
</teiHeader>
<text>
<body>
<pb id="v.3.p.278"/>
<milestone unit="stephpage" id="stephpage-493a" n="493a"/>
<div1 type="section" n="1">
<p>ἔκκλητοι κρίσεις καὶ ξενικῶν δικαστηρίων ἀγωγαὶ <note resp="ed" place="unspecified" anchored="yes">
<foreign lang="greek">ἀγωγαὶ</foreign>] vid. Symbolas</note> τοῖς Ἕλλησι τὸ πρῶτον
               ἀπιστίᾳ τῇ πρὸς
<milestone unit="stephpage" id="stephpage-493b" n="493b"/>
               ἀλλήλους ἐπενοήθησαν, ἀλλοτρίας δικαιοσύνης ὥσπερ ἑτέρου τινὸς τῶν
               ἀναγκαίων μὴ φυομένου παρʼ αὐτοῖς
<milestone unit="tlnum" n="5"/> δεηθεῖσιν.
               ἆρʼ οὖν καὶ οἱ φιλόσοφοι τῶν προβλημάτων ἔνια διὰ τὰς πρὸς ἀλλήλους
               διαφορὰς ἐπὶ τὴν τῶν ἀλόγων φύσιν ζῴων ὥσπερ ἀλλοδαπὴν πόλιν
               ἐκκαλοῦνται, καὶ τοῖς ἐκείνων πάθεσι καὶ ἤθεσιν ὡς ἀνεντεύκτοις καὶ
               ἀδεκάστοις ἐφιᾶσι τὴν κρίσιν;
<milestone unit="tlnum" n="10"/> ἢ καὶ τοῦτο
               τῆς ἀνθρωπίνης κακίας ἔγκλημα κοινόν ἐστι, τὸ περὶ τῶν ἀναγκαιοτάτων
               καὶ μεγίστων
<milestone unit="stephpage" id="stephpage-493c" n="493c"/>
               ἀμφιδοξοῦντας ἡμᾶς ζητεῖν ἐν ἵπποις καὶ κυσὶ καὶ ὄρνισι, πῶς γαμοῦμεν
               αὐτοὶ καὶ γεννῶμεν καὶ τεκνοτροφοῦμεν, ὡς μηδὲν ἐν ἑαυτοῖς δήλωμα τῆς
               φύσεως
<milestone unit="tlnum" n="15"/> ὂν τὰ <note resp="ed" place="unspecified" anchored="yes">
<foreign lang="greek">τὰ</foreign>] <foreign lang="greek">καὶ τὰ</foreign> R</note> τῶν θηρίων ἤθη καὶ πάθη
               προσαγορεῦσαι καὶ καταμαρτυρῆσαι τοῦ βίου ἡμῶν πολλὴν τοῦ κατὰ φύσιν
               ἐκδιαίτησιν καὶ παράβασιν, εὐθὺς ἐν ἀρχῇ καὶ περὶ τὰ πρῶτα συγχεομένων
               καὶ ταραττομένων. ἄκρατον γὰρ ἐν ἐκείνοις ἡ φύσις καὶ ἀμιγὲς καὶ
<milestone unit="tlnum" n="20"/> ἁπλοῦν φυλάττει τὸ ἴδιον· ἐν δʼ
               ἀνθρώποις ὑπὸ τοῦ λόγου καὶ τῆς συνηθείας, ὃ τοὔλαιον ὑπὸ τῶν <pb id="v.3.p.279"/> μυρεψῶν πέπονθε, πρὸς πολλὰ μιγνυμένη δόγματα καὶ κρίσεις
               ἐπιθέτους ποικίλη γέγονε καὶ ἰδία, <note resp="ed" place="unspecified" anchored="yes">
<foreign lang="greek">ἰδία</foreign>] i. e. <foreign lang="greek">ἰδιάζουσα ἑκάστῳ</foreign>
</note> τὸ δʼ
<milestone unit="stephpage" id="stephpage-493d" n="493d"/> οἰκεῖον οὐ τετήρηκε. καὶ μὴ θαυμάζωμεν, εἰ
               τὰ ἄλογα ζῷα τῶν λογικῶν μᾶλλον ἕπεται τῇ φύσει · καὶ γὰρ
<milestone unit="tlnum" n="5"/> τὰ φυτὰ τῶν ζῴων, <note resp="ed" place="unspecified" anchored="yes">
<foreign lang="greek">τὰ φυτὰ τῶν ζῴων</foreign>] intell. <foreign lang="greek">μᾶλλον ἕπεται τῇ φύσει</foreign> (R)</note> οἷς οὔτε φαντασίαν οὔθʼ
               ὁρμὴν ἔδωκεν ἑτέρων <note resp="ed" place="unspecified" anchored="yes">
<foreign lang="greek">ἑτέρων</foreign>] <foreign lang="greek">ἐνεργὸν</foreign> Emperius. malim <foreign lang="greek">ἢ ἑτέρων</foreign>
</note> ὄρεξιν τοῦ κατὰ φύσιν ἀποσαλεύουσαν, ἀλλʼ ὥσπερ
               ἐν δεσμῷ συνειργμένα μένει καὶ κεκράτηται, μίαν ἀεὶ πορείαν ἣν ἡ φύσις
               ἄγει πορευόμενα. τοῖς δὲ θηρίοις τὸ μὲν πραΰτροπον τοῦ
<milestone unit="tlnum" n="10"/> λόγου καὶ περιττὸν καὶ φιλελεύθερον ἄγαν οὐκ
               ἔστιν, ἀλόγους δʼ ὁρμὰς καὶ ὀρέξεις ἔχοντα καὶ χρώμενα πλάναις καὶ
               περιδρομαῖς, πολλάκις οὐ μακρὰν ἀλλʼ ὡς ἐπʼ ἀγκύρας τῆς φύσεως σαλεύει·
               καθάπερ <note resp="ed" place="unspecified" anchored="yes">
<foreign lang="greek">καὶ καθάπερ</foreign> W <foreign lang="greek">καθάπερ κἑ</foreign>] corrupta. X ex cod. vetere scripsit: <foreign lang="greek">καθάπερ οὖν ὄνον ὑφʼ ἡνίᾳ καὶ χ. βαδ. δείκ. εὐθεῖαν ὁ δεσπότης ὁδόν· οὕτως ἐν ἀνθρώπῳ καὶ ὁ αὐτοκρατής</foreign> cett.</note> οὖν
<milestone unit="stephpage" id="stephpage-493e" n="493e"/> ὁδὸν <note resp="ed" place="unspecified" anchored="yes">
<foreign lang="greek">ὁδὸν</foreign>] del. Stegmannus</note> ὑφʼ
               ἡνίᾳ καὶ χαλινῷ βαδίζοντα δείκνυσιν εὐθεῖαν.
<milestone unit="tlnum" n="15"/> ὁ δὲ δεσπότης ἐν ἀνθρώπῳ καὶ αὐτοκρατὴς λόγος ἄλλας ἄλλοτε
               παρεκβάσεις καὶ καινοτομίας ἀνευρίσκων οὐδὲν ἴχνος ἐμφανὲς οὐδʼ ἐναργὲς
               ἀπολέλοιπε τῆς φύσεως. </p>
</div1>
<div1 type="section" n="2">
<p>ὅρα περὶ τοὺς γάμους ὅσον ἐστὶν ἐν τοῖς
<milestone unit="tlnum" n="20"/>
               ζῴοις τὸ κατὰ φύσιν. πρῶτον οὐκ ἀναμένει νόμους ἀγαμίου <note resp="ed" place="unspecified" anchored="yes">
<foreign lang="greek">ἀγαμίου καὶ ὀψιγαμίου</foreign> Doehnerus: <foreign lang="greek">ἀγάμου καὶ ὀψιγάμου</foreign>
</note> καὶ ὀψιγαμίου,
               καθάπερ οἱ Λυκούργου πολῖται καὶ Σόλωνος <note resp="ed" place="unspecified" anchored="yes">
<foreign lang="greek">καὶ Σόλωνος</foreign>] del. idem</note> οὐδʼ ἀτιμίας ἀτέκνων δέδοικεν,
               οὐδὲ τιμὰς διώκει τρίπαιδας, <note resp="ed" place="unspecified" anchored="yes">
<foreign lang="greek">τριπαιδίας</foreign> idem</note> ὡς Ῥωμαίων πολλοὶ <pb id="v.3.p.280"/>
               γαμοῦσι καὶ γεννῶσιν, οὐχ ἳνα κληρονόμους ἔχωσιν
<milestone unit="stephpage" id="stephpage-493f" n="493f"/> ἀλλʼ ἵνα κληρονομεῖν δύνωνται. ἔπειτα
               μίγνυται τῷ θήλει τὸ ἄρρεν οὐχ ἅπαντα χρόνον· ἡδονὴν γὰρ οὐκ ἔχει
               τέλος ἀλλὰ γέννησιν καὶ τέκνωσιν. διὰ
<milestone unit="tlnum" n="5"/> τοῦτʼ
               ἔτους ὥρᾳ, ἣ πνοάς τε γονίμους ἔχει καὶ πρόσφορον λοχευομένοις κρᾶσιν,
               συνῆλθεν εἰς ταὐτὸ <note resp="ed" place="unspecified" anchored="yes">
<foreign lang="greek">συνῆλθεν εἰς ταὐτὸ</foreign> Doehnerus: <foreign lang="greek">ἦλθεν εἰς τὸ αὐτὸ</foreign>
</note> τῷ ἄρρενι τὸ θῆλυ χειρόηθες καὶ ποθεινόν, ἡδείᾳ
               μὲν ὀσμῇ χρωτὸς ἰδίῳ δὲ κόσμῳ σώματος ἀγαλλόμενον, δρόσου καὶ
               βοτάνης ἀνάπλεων. καθαρᾶς· αἰσθόμενον
<milestone unit="tlnum" n="10"/>
<milestone unit="stephpage" id="stephpage-494a" n="494a"/> δʼ ὅτι κύει καὶ
               πεπλήρωται, κοσμίως ἄπεισι καὶ προνοεῖ περὶ τὴν κύησιν καὶ σωτηρίαν τοῦ
               ἀποτεχθέντος. ἀξίως δʼ οὐκ ἔστιν εἰπεῖν τὰ δρώμενα, πλὴν ὅτι γίγνεται
               ἕκαστον αὐτῶν ἐν <note resp="ed" place="unspecified" anchored="yes">
<foreign lang="greek">ἐν</foreign>] <foreign lang="greek">ἓν</foreign> Emperius</note> τῷ φιλοστόργῳ, ταῖς προνοίαις, ταῖς καρτερίαις, ταῖς
               ἐγκρατείαις. ἀλλὰ
<milestone unit="tlnum" n="15"/> τὴν μέλιτταν ἡμεῖς σοφὴν
               καλοῦμεν καὶ νομίζομεν <quote rend="blockquote"> ξανθὸν μέλι μηδομέναν</quote>
<note resp="ed" place="unspecified" anchored="yes">Bergk. 3 p. 411</note>
               κολακεύοντες τὸ ἡδὺ καὶ γαργαλίζον ἡμᾶς τῆς γλυκύτητος· τὴν δὲ τῶν
               ἄλλων περὶ τὰς λοχείας καὶ τὰς ἀνατροφὰς σοφίαν καὶ τέχνην παρορῶμεν.
               οἷον
<milestone unit="tlnum" n="20"/> εὐθύς, ἡ ἁλκυὼν κύουσα τὴν νεοττιὰν
               συντίθησι, συλλαμβάνουσα τὰς ἀκάνθας τῆς θαλαττίας βελόνης καὶ ταύτας διʼ
               ἀλλήλων ἐγκαταπλέκουσα καὶ συνείρουσα,
<milestone unit="stephpage" id="stephpage-494b" n="494b"/> τὸ μὲν σχῆμα περιαγὲς ὡς ἁλιευτικοῦ κύρτου
               καὶ πρόμηκες ἀπεργάζεται· τῇ <note resp="ed" place="unspecified" anchored="yes">
<foreign lang="greek">τῇ</foreign>] <foreign lang="greek">ἡ</foreign> Doehnerus</note> δʼ ἁρμονίᾳ καὶ πυκνότητι
<milestone unit="tlnum" n="25"/> συμφράξασα τὰς ἀκάνθας <note resp="ed" place="unspecified" anchored="yes">
<foreign lang="greek">τὰς ἀκάνθας</foreign> R: <foreign lang="greek">τῆς ἀκάνθης</foreign>
</note> ἀκριβῶς ὑπέθηκε <note resp="ed" place="unspecified" anchored="yes">
<foreign lang="greek">ἐπέθηκε</foreign> Doehnerus</note> τῷ <pb id="v.3.p.281"/> κλύσματι τοῦ κύματος, ὡς <note resp="ed" place="unspecified" anchored="yes">
<foreign lang="greek">ὡς</foreign>] <foreign lang="greek">ὅπως</foreign> R</note> τυπτόμενον ἡσυχῆ καὶ πηγνύμενον
               τὸ πίλημα τῆς ἐπιφανείας στεγανὸν γένηται· γίγνεται δὲ σιδήρῳ καὶ λίθῳ
               δυσδιαίρετον. ὃ δʼ ἐστὶ θαυμασιώτερον, οὕτω τὸ στόμα τῆς νεοττιᾶς
<milestone unit="tlnum" n="5"/> συμμέτρως πέπλασται <note resp="ed" place="unspecified" anchored="yes">
<foreign lang="greek">πέπλασται</foreign> X: <foreign lang="greek">πεπλάσθαι</foreign>
</note> πρὸς τὸ μέγεθος καὶ τὸ
               μέτρον τῆς ἁλκυόνος, ὥστε μήτε μεῖζον ἄλλο μήτε μικρότερον ἐνδύεσθαι
               ζῷον, ὡς δέ φασι, μηδὲ θάλατταν
<milestone unit="stephpage" id="stephpage-494c" n="494c"/> παραδέχεσθαι <note resp="ed" place="unspecified" anchored="yes">malim <foreign lang="greek">παρεισδέχεσθαι</foreign>
</note> μηδὲ τὰ ἐλάχιστα. μάλιστα δʼ οἱ γαλεοὶ
               ζῳογονοῦσι μὲν ἐν ἑαυτοῖς, ἐκβαίνειν
<milestone unit="tlnum" n="10"/> δὲ
               παρέχουσιν ἐκτὸς καὶ νέμεσθαι τοῖς σκυμνίοις, εἶτα πάλιν ἀναλαμβάνουσι
               καὶ περιπτύσσουσιν ἐγκοιμώμενα τοῖς σπλάγχνοις. ἡ δʼ ἄρκτος, ἀγριώτατον
               καὶ σκυθρωπότατον θηρίον, ἄμορφα καὶ ἄναρθρα τίκτει· τῇ δὲ γλώττῃ
               καθάπερ ἐργαλείῳ διατυποῦσα
<milestone unit="tlnum" n="15"/> τοὺς ὑμένας <note resp="ed" place="unspecified" anchored="yes">
<foreign lang="greek">ὑμένας</foreign>] <foreign lang="greek">σκύμνους</foreign> Doehnerus. cf. Theocr. XI, 41</note> οὐ
               δοκεῖ γεννᾶν μόνον ἀλλὰ καὶ δημιουργεῖν τὸ τέκνον. ὁ δʼ Ὁμηρικὸς λέων,
                  <quote rend="blockquote">
<l> ᾧ ῥά τε νήπιʼ ἄγοντι συναντήσωνται <note resp="ed" place="unspecified" anchored="yes">
<foreign lang="greek">ᾧ ῥά τε νήπιʼ ἄγοντι συναντήσωνται</foreign> Homerus: <foreign lang="greek">ὃν ῥά τε νήπια τέκνα ἄγοντα συναντήσονται</foreign>
</note> ἐν ὕλῃ </l>
<note resp="ed" place="unspecified" anchored="yes">Hom. P 134</note>
<l> ἄνδρες ἐπακτῆρες, ὁ δέ τε σθένεϊ βλεμεαίνει,
<milestone unit="stephpage" id="stephpage-494d" n="494d"/>
</l>
<l> πᾶν δὲ τʼ ἐπισκύνιον κάτω ἕλκεται ὄσσε καλύπτων </l>
</quote>
<milestone unit="tlnum" n="20"/> ἆρʼ οὐχ ὅμοιός; ἐστι, διανοουμένῳ πρὸς
               τοὺς κυνηγοὺς σπένδεσθαι περὶ τῶν τέκνων; καθόλου γὰρ ἡ πρὸς τὰ ἔκγονα <note resp="ed" place="unspecified" anchored="yes">
<foreign lang="greek">ἔκγονα</foreign> *: <foreign lang="greek">ἔγγονα</foreign>
</note>
               φιλοστοργία καὶ τολμηρὰ τὰ δειλὰ <note resp="ed" place="unspecified" anchored="yes">
<foreign lang="greek">τολμηρὰ τὰ δειλὰ</foreign> Emperius: <foreign lang="greek">τὰ τολμηρὰ δειλὰ</foreign>
</note> ποιεῖ, καὶ φιλόπονα τὰ ῥᾴθυμα καὶ
               φειδωλὰ τὰ <pb id="v.3.p.282"/> γαστρίμαργα καὶ ὥσπερ <note resp="ed" place="unspecified" anchored="yes">
<foreign lang="greek">καὶ ὥσπερ</foreign>] <foreign lang="greek">ὥσπερ</foreign> Stegmannus ut cum pracedentibus iungatur</note> ἡ Ὁμηρικὴ ὄρνις
               προσφέρουσα τοῖς νεοττοῖς <quote rend="blockquote"> μάστακʼ, ἐπεί κε λάβῃσι,
                  κακῶς δέ τε οἱ πέλει αὐτῇ <note resp="ed" place="unspecified" anchored="yes">Hom. I 324</note>
<milestone unit="tlnum" n="5"/>
</quote> τῷ γὰρ αὑτῆς τρέφει λιμῷ τὰ ἔκγονα, <note resp="ed" place="unspecified" anchored="yes">
<foreign lang="greek">ἔκγονα</foreign> *: <foreign lang="greek">ἔγγονα</foreign>
</note> καὶ τὴν τροφὴν τῆς
               γαστρὸς ἁπτομένην ἀποκρατεῖ καὶ πιέζει τῷ στόματι , μὴ λάθῃ καταπιοῦσα
<milestone unit="stephpage" id="stephpage-494e" n="494e"/>
<quote rend="blockquote">
<l> ὡς δὲ κύων ἀμαλῇσι περὶ σκυλάκεσσι βεβῶσα </l>
<note resp="ed" place="unspecified" anchored="yes">Hom. <foreign lang="greek">ν</foreign> 14</note>
<l> ἄνδρʼ ἀγνοιήσασʼ ὑλάει μέμονέν τε μάχεσθαι
<milestone unit="tlnum" n="10"/>
</l>
</quote> τὸν περὶ τῶν τέκνων φόβον ὡς δεύτερον προσλαβοῦσα θυμόν. αἱ δὲ
               πέρδικες ὅταν διώκωνται μετὰ τῶν τέκνων, ἐκεῖνα μὲν ἐῶσι προπέτεσθαι
               καὶ φεύγειν, αὑταῖς δὲ μηχανώμεναι προσέχειν τοὺς θηρεύοντας ἐγγὺς
               κυλινδούμεναι καὶ καταλαμβανόμεναι,
<milestone unit="tlnum" n="15"/> μικρὸν
               ὑπεκθέουσιν, εἶτα πάλιν ἵστανται καὶ παρέχουσιν ἐν ἐφικτῷ τῆς ἐλπίδος
               ἑαυτάς, ἄχρι ἂν οὕτω προκινδυνεύουσαι τῶν νεοττῶν τῆς ἀσφαλείας
               προαγάγωνται
<milestone unit="stephpage" id="stephpage-494f" n="494f"/> πόρρω τοὺς
               διώκοντας. τὰς δʼ ἀλεκτορίδας ἐν τοῖς ὄμμασι καθʼ ἡμέραν ἔχομεν, ὃν
               τρόπον
<milestone unit="tlnum" n="20"/> τὰ νεόττια περιέπουσι, τοῖς μὲν
               ἐνδῦναι χαλῶσαι τὰς πτέρυγας, τὰ δʼ ἐπιβαίνοντα τῶν νώτων καὶ προσέρποντα <note resp="ed" place="unspecified" anchored="yes">
<foreign lang="greek">προσέρποντα</foreign> (<foreign lang="greek">προστρέχοντα</foreign> Doehnerus) W: <foreign lang="greek">προσέρχονται</foreign>
</note>
               πανταχόθεν ἀναδεχόμεναι μετὰ τοῦ γεγηθός τι <note resp="ed" place="unspecified" anchored="yes">
<foreign lang="greek">τι</foreign> R: <foreign lang="greek">ἢ</foreign>
</note> καὶ προσφιλὲς ἐπιφθέγγεσθαι·
               κύνας δὲ καὶ δράκοντας, <note resp="ed" place="unspecified" anchored="yes">
<foreign lang="greek">κύνας δὲ καὶ δράκοτας</foreign> X: <foreign lang="greek">κυνέας δὲ καὶ δρακοντίας</foreign>
</note> ἂν περὶ αὑτῶν φοβηθῶσι, φεύγουσιν, <pb id="v.3.p.283"/> ἂν δὲ περὶ τῶν τέκνων, ἀμύνονται καὶ διαμάχονται παρὰ
               δύναμιν. εἶτα <note resp="ed" place="unspecified" anchored="yes">
<foreign lang="greek">τὰ</foreign> Doehnerus</note> ταῦτʼ οἰόμεθα τὰ πάθη τούτοις ἐνειργάσθαι τὴν φύσιν,
               ἀλεκτορίδων ἐπιγονῆς καὶ κυνῶν <note resp="ed" place="unspecified" anchored="yes">
<foreign lang="greek">κυνῶν</foreign>] <foreign lang="greek">ἀλκυόνων</foreign> idem</note> καὶ ἄρκτων προνοοῦσαν, ἀλλʼ οὐχ ἡμᾶς
               δυσωποῦσαν
<milestone unit="tlnum" n="5"/>
<milestone unit="stephpage" id="stephpage-495a" n="495a"/> καὶ τιτρώσκουσαν
               ἐπιλογιζομένους, ὅτι ταῦτα παραδείγματα τοῖς ἑπομένοις, τοῖς δʼ
               ἀναλγήτοις ὀνείδη περίεστι τῆς ἀπαθείας, διʼ ὧν κατηγοροῦσι τῆς
               ἀνθρωπίνης φύσεως μόνης μὴ προῖκα τὸ στέργειν ἐχούσης μηδʼ ἐπισταμένης
               φιλεῖν ἄνευ χρείας
<milestone unit="tlnum" n="10"/> θαυμάζεται γὰρ ἐν τοῖς
               θεάτροις ὁ εἰπών <quote rend="blockquote"> μισθοῦ γὰρ ἄνθρωπον τίς
                  ἄνθρωπον φιλεῖ </quote>
<note resp="ed" place="unspecified" anchored="yes">Kock. 3 p. 450</note> κατʼ <note resp="ed" place="unspecified" anchored="yes">
<foreign lang="greek">κατʼ</foreign>] <foreign lang="greek">καὶ κατʼ</foreign>? vid. Usener. p 320</note> Ἐπίκουρον ὁ πατὴρ τὸν υἱόν, ἡ <note resp="ed" place="unspecified" anchored="yes">
<foreign lang="greek">ἡ</foreign> R</note> μήτηρ τὸ
               τέκνον, οἱ παῖδες τοὺς τεκόντας. ἀλλʼ εἰ λόγου γένοιτο τοῖς θηρίοις
               σύνεσις, καὶ τοῦτό τις εἰς κοινὸν θέατρον
<milestone unit="tlnum" n="15"/>
               συναγαγὼν ἵππους καὶ βόας καὶ κύνας καὶ
<milestone unit="stephpage" id="stephpage-495b" n="495b"/> ὄρνιθας; ἀναφθέγξαιτο μεταγράψας, ὡς οὔτε
               κύνες ἐπὶ μισθῷ σκύλακας φιλοῦσιν οὔθʼ ἵπποι πώλους <note resp="ed" place="unspecified" anchored="yes">
<foreign lang="greek">πώλους</foreign>] add. <foreign lang="greek">οὔτε βόες μόσχους</foreign> Doehnerus</note> οὔτʼ ὄρνιθες
               νεοττοὺς ἀλλὰ προῖκα καὶ φυσικῶς, ἐπιγνωσθήσεται τοῖς ἁπάντων πάθεσιν ὡς
               εὖ καὶ
<milestone unit="tlnum" n="20"/> ἀληθῶς λεγόμενον. αἰσχρὸν γάρ, ὦ
               Ζεῦ, τὰς θηρίων γενέσεις καὶ λοχείας καὶ ὠδῖνας καὶ τεκνοτροφίας φύσιν
               εἶναι καὶ χάριν, τὰς δʼ ἀνθρώπων δάνεια καὶ μισθοὺς καὶ ἀρραβῶνας ἐπὶ
               χρείαις διδομένους. </p>
</div1>
<div1 type="section" n="3">
<p>ἀλλʼ οὔτʼ ἀληθὴς ὁ λόγος οὔτʼ ἄξιος <note resp="ed" place="unspecified" anchored="yes">
<foreign lang="greek">ἄξιος</foreign> R: <foreign lang="greek">ἄξιον</foreign>
</note> ἀκούειν.
<milestone unit="tlnum" n="25"/> ἡ γὰρ φύσις ὥσπερ ἐν φυτοῖς ἀγρίοις, οἷον οἰνάνθαις
               ἐρινεοῖς κοτίνοις, ἀρχὰς ἀπέπτους καὶ ἀτελεῖς <pb id="v.3.p.284"/> ἡμέρων
               καρπῶν ἐνέφυσεν· <note resp="ed" place="unspecified" anchored="yes">
<foreign lang="greek">ἐνέφυσεν</foreign> R: <foreign lang="greek">εἶναι φύσιν</foreign>
</note> οὕτω τοῖς μὲν ἀλόγοις
<milestone unit="stephpage" id="stephpage-495c" n="495c"/> τὸ πρὸς τὰ ἔκγονα <note resp="ed" place="unspecified" anchored="yes">
<foreign lang="greek">ἔκγονα</foreign> *: <foreign lang="greek">ἔγγονα</foreign>
</note> φιλόστοργον ἀτελὲς καὶ
               οὐ διαρκὲς πρὸς δικαιοσύνην οὐδὲ τῆς χρείας προσωτέρω προερχόμενον ἔδωκεν
               ἄνθρωπον δέ, λογικὸν καὶ
<milestone unit="tlnum" n="5"/> πολιτικὸν ζῷον,
               ἐπὶ δίκην καὶ νόμον εἰσάγουσα καὶ θεῶν τιμὰς καὶ πόλεων ἱδρύσεις καὶ
               φιλοφροσύνην, γενναῖα καὶ καλὰ καὶ φερέκαρπα τούτων σπέρματα παρέσχε τὴν
               πρὸς τὰ ἔκγονα <note resp="ed" place="unspecified" anchored="yes">
<foreign lang="greek">ἔκγονα</foreign> *: <foreign lang="greek">ἔγγοα</foreign>
</note> χάριν καὶ ἀγάπησιν, ἀκολουθοῦσα ταῖς πρώταις ἀρχαῖς·
               αὗται δʼ ἦσαν
<milestone unit="tlnum" n="10"/> ἐν ταῖς τῶν σωμάτων
               κατασκευαῖς. πανταχοῦ μὲν γὰρ ἡ φύσις ἀκριβὴς καὶ φιλότεχνος <note resp="ed" place="unspecified" anchored="yes">
<foreign lang="greek">φιλότεχνος</foreign> X: <foreign lang="greek">φιλότεκνος</foreign>
</note> καὶ
               ἀνελλιπὴς
<milestone unit="stephpage" id="stephpage-495d" n="495d"/> καὶ
               ἀπερίτμητος <note resp="ed" place="unspecified" anchored="yes">
<foreign lang="greek">ἀπερίτμητος</foreign>] <foreign lang="greek">ἀνεπιτίμητος</foreign>?</note> ʽ “οὐδέν” ὡς ἔφησεν Ἐρασίστρατος “ἔχουσα
                  ῥωπικόν·” τὰ δὲ περὶ τὴν γένεσιν ἀξίως οὐκ ἔστιν εἰπεῖν οὐδʼ
               εὐπρεπὲς ἴσως λίαν ἀκριβῶς τῶν
<milestone unit="tlnum" n="15"/> ἀπορρήτων
               ἐφάπτεσθαι τοῖς ὀνόμασι καὶ τοῖς ῥήμασιν, ἀλλʼ ἀποκειμένων καὶ
               κεκρυμμένων <note resp="ed" place="unspecified" anchored="yes">
<foreign lang="greek">ἀλλʼ ἀποκειμένων καὶ κεκρυμμένων</foreign>] <foreign lang="greek">καὶ</foreign> Stegmannus</note> ἐπινοεῖν τὴν πρὸς τὸ γεννᾶν καὶ λοχεύεσθαι τῶν μορίων
               ἐκείνων εὐφυΐαν. ἀρκεῖ δʼ ἡ τοῦ γάλακτος ἐργασία καὶ οἰκονομία τὴν
               πρόνοιαν αὐτῆς ἐμφῆναι καὶ ἐπιμέλειαν.
<milestone unit="tlnum" n="20"/> τοῦ
               γὰρ αἵματος ὅσον περίττωμα τῆς χρείας ἐν ταῖς γυναιξὶ διʼ ἀμβλύτητα καὶ
               μικρότητα τοῦ
<milestone unit="stephpage" id="stephpage-495e" n="495e"/> πνεύματος
               ἐπιπολάζον ἐμπλανᾶται καὶ βαρύνει, τὸν μὲν ἄλλον χρόνον εἴθισται καὶ
               μεμελέτηκεν ἐμμήνοις <note resp="ed" place="unspecified" anchored="yes">
<foreign lang="greek">ἐμμήνοις</foreign>] add. <foreign lang="greek">κηʼ</foreign> Doehnerus</note> ἡμερῶν περιόδοις ὀχετοὺς καὶ πόρους αὐτῷ τῆς
<milestone unit="tlnum" n="25"/> φύσεως ἀναστομούσης ἀποχεόμενον τὸ μὲν
               ἄλλο σῶμα κουφίζειν καὶ καθαίρειν, τὴν δʼ ὑστέραν οἷον <pb id="v.3.p.285"/> ἀρότῳ <note resp="ed" place="unspecified" anchored="yes">
<foreign lang="greek">ἀρότῳ</foreign> R: <foreign lang="greek">ἀρότρῳ</foreign>
</note> καὶ σπόρῳ γῆν ἐν φυτοῖς <note resp="ed" place="unspecified" anchored="yes">
<foreign lang="greek">ἐν φυτοῖς</foreign>] i. e. <foreign lang="greek">ἐπὶ τῶν φυτῶν.</foreign> frustra tentatur</note> ὀργῶσαν ἐν καιρῷ παρέχειν. ὅταν δὲ
               τὴν γονὴν ἀναλάβῃ προσπεσοῦσαν <note resp="ed" place="unspecified" anchored="yes">
<foreign lang="greek">προσπεσοῦσαν</foreign> W: <foreign lang="greek">προσπεσοῦσα</foreign>
</note> ἡ ὑστέρα καὶ περιστείλῃ ῥιζώσεως
               γενομένης· “ὁ γὰρ ὀμφαλὸς; πρῶτον ἐν μήτρῃσιν” ὥς φησι Δημόκριτος <note resp="ed" place="unspecified" anchored="yes">
<foreign lang="greek">Δημόκριτος</foreign>] Mullach. 1 p. 359</note>
<milestone unit="tlnum" n="5"/> “ἀγκυρηβόλιον σάλου καὶ πλάνης ἐμφύεται, πεῖσμα καὶ κλῆμα” τῷ
               γεννωμένῳ καρπῷ καὶ μέλλοντι·
<milestone unit="stephpage" id="stephpage-495f" n="495f"/> τοὺς μὲν, <note resp="ed" place="unspecified" anchored="yes">
<foreign lang="greek">τοὺς μὲν</foreign> Basileensis: <foreign lang="greek">καὶ τοὺς μὲν</foreign>
</note> ἐμμήνους καὶ καθαρσίους ἔκλεισεν ὀχετοὺς ἡ φύσις,
               τοῦ δʼ αἵματος ἀντιλαμβανομένη φερομένου τροφῇ χρῆται καὶ κατάρδει τὸ
               βρέφος
<milestone unit="tlnum" n="10"/> ἤδη συνιστάμενον καὶ διαπλαττόμενον,
               ἄχρι οὗ τοὺς προσήκοντας ἀριθμοὺς τῇ ἐντὸς; αὐξήσει κυηθὲν <note resp="ed" place="unspecified" anchored="yes">
<foreign lang="greek">κυηθὲν</foreign> X: <foreign lang="greek">κινηθὲν</foreign>
</note> ἑτέρας
               ἀνατροφῆς καὶ χώρας δέηται. τότʼ οὖν τὸ αἷμα παντὸς ἐμμελέστερον
               φυτουργοῦ καὶ ὀχετηγοῦ πρὸς ἑτέραν ἀφʼ ἑτέρας ἐκτρέπουσα καὶ
               μεταλαμβάνουσα
<milestone unit="tlnum" n="15"/> χρείαν, ἔχει παρεσκευασμένας
               οἷον ἐγγείους ἤ τινας <note resp="ed" place="unspecified" anchored="yes">
<foreign lang="greek">ἤ τινας</foreign>] <foreign lang="greek">τινὰς</foreign> R qui recte nunc mihi emendasse vid. cf. Symb. meas</note>
<milestone unit="stephpage" id="stephpage-496a" n="496a"/> κρήνας νάματος ἐπιρρέοντος, οὐκ ἀργῶς οὐδʼ ἀπαθῶς ὑποδεχομένας ἀλλὰ
               καὶ πνεύματος ἠπίῳ θερμότητι καὶ μαλακῇ θηλύτητι ἐκπέψαι καὶ λεᾶναι
               καὶ μεταβαλεῖν δυναμένας· τοιαύτην γὰρ ὁ μαστὸς ἔχει
<milestone unit="tlnum" n="20"/> ἐντὸς <note resp="ed" place="unspecified" anchored="yes">
<foreign lang="greek">ἐντὸς ἔχει</foreign> Benselerus</note> διάθεσιν καὶ κρᾶσιν. ἐκροαὶ δὲ τοῦ γάλακτος οὐκ εἰσὶν
               οὐδὲ κρουνοὶ μεθιέντες ἀθρόως, εἰς δὲ σάρκα πιδακώδη καὶ πόροις ἀτρέμα
               λεπτοῖς διηθοῦσαν ἀπολήγων, εὐμενὲς τῷ τοῦ νηπίου στόματι καὶ προσφιλὲς;
               ψαῦσαι καὶ περιλαβεῖν ἐνδίδωσι ταμιεῖον. <note resp="ed" place="unspecified" anchored="yes">
<foreign lang="greek">ταμιεῖον</foreign> *: <foreign lang="greek">ταμεῖον</foreign>
</note>
<pb id="v.3.p.286"/> ἀλλὰ τούτων γε
               τῶν τοσούτων ἐπὶ τήν γένεσιν ἐργαλείων καὶ τοιούτων οἰκονομιῶν καὶ
               φιλοτιμίας καὶ προνοίας οὐδὲν ἦν ὄφελος, εἰ μὴ τὸ φιλόστοργον ἡ φύσις
               καὶ κηδεμονικὸν ἐνειργάσατο ταῖς τεκούσαις.
<milestone unit="tlnum" n="5"/>
<quote rend="blockquote">
<l> πάντων ὅσσα τε γαῖαν ἔπι πνείει <note resp="ed" place="unspecified" anchored="yes">
<foreign lang="greek">ἔπι πνείει</foreign> Homerus: <foreign lang="greek">ἐπιπνείει</foreign>
</note> τε καὶ ἕρπει· </l>
<note resp="ed" place="unspecified" anchored="yes">Hom. P 446</note>
</quote> τοῦτʼ οὐ ψεύδεται ὁ <note resp="ed" place="unspecified" anchored="yes">
<foreign lang="greek">ὁ</foreign> R</note> λέγων ἐπὶ νηπίου καὶ <note resp="ed" place="unspecified" anchored="yes">
<foreign lang="greek">καὶ</foreign>] del. Doehnerus</note> ἀρτιγενοῦς. οὐδὲν γάρ
               ἐστιν οὕτως; ἀτελὲς οὐδʼ ἄπορον οὐδὲ γυμνὸν οὐδʼ ἄμορφον οὐδὲ
               μιαρόν, ὡς ἄνθρωπος
<milestone unit="tlnum" n="10"/> ἐν γοναῖς ὁρώμενος· ᾧ
               μόνῳ σχεδὸν οὐδὲ καθαρὰν ἔδωκεν εἰς φῶς ὁδὸν ἡ φύσις, ἀλλʼ αἵματι
               πεφυρμένος καὶ λύθρου περίπλεως καὶ φονευομένῳ μᾶλλον ἢ γεννωμένῳ
               ἐοικὼς οὐδενός ἐστιν ἅψασθαι καὶ ἀνελέσθαι
<milestone unit="stephpage" id="stephpage-496c" n="496c"/> καὶ ἀσπάσασθαι καὶ περιλαβεῖν <note resp="ed" place="unspecified" anchored="yes">
<foreign lang="greek">περιλαβεῖν</foreign>] <foreign lang="greek">περιβαλεῖν</foreign>?</note> ἢ τοῦ φύσει
<milestone unit="tlnum" n="15"/> φιλοῦντος. διὸ τῶν μὲν ἄλλων ζῴων ὑπὸ
               τὴν γαστέρα τὰ οὔθατα χαλᾷ τοὺς μαστοὺς, <note resp="ed" place="unspecified" anchored="yes">
<foreign lang="greek">χαλᾷ τοὺς μαστοὺς</foreign>] <foreign lang="greek">χαλᾷ</foreign> Herwerdenus. de vocum distinctione cf. Reiskius</note> ταῖς δὲ γυναιξὶν ἄνω
               γεγόνασιν <note resp="ed" place="unspecified" anchored="yes">
<foreign lang="greek">γεγόνασιν</foreign>] del. idem</note> περὶ τὸ στέρνον ἐν ἐφικτῷ τοῦ φιλῆσαι καὶ περιπτύξαι καὶ
               κατασπάσασθαι τὸ νήπιον, ὡς τοῦ τεκεῖν καὶ θρέψαι τέλος οὐ χρείαν
<milestone unit="tlnum" n="20"/> ἀλλὰ φιλίαν ἔχοντος </p>
</div1>
<div1 type="section" n="4">
<p>ἐπὶ τοὺς παλαιοὺς; ἀνάγαγε τὸν λόγον, ὧν ταῖς μὲν τεκεῖν πρώταις, τοῖς
               δʼ ἰδεῖν συνέβη τικτόμενον βρέφος· οὔτε νόμος ἦν ἐκείνοις τεκνοτροφεῖν
               προστάττων οὔτε προσδοκία χάριτος ἢ τροφείων “ἐπὶ <pb id="v.3.p.287"/>
                  νέοις δανειζομένων” <note resp="ed" place="unspecified" anchored="yes">
<foreign lang="greek">ἐπὶ νέοις δανειζομένων</foreign>] cf. p. 479 f.</note> χαλεπὰς δὲ μᾶλλον εἴποιμʼ ἂν εἶναι καὶ
               μνησικάκους τὰς τεκούσας τοῖς βρέφεσι, κινδύνων τε μεγάλων καὶ πόνων
               αὐταῖς γιγνομένων·
<milestone unit="stephpage" id="stephpage-496d" n="496d"/>
<quote rend="blockquote">
<l> ὡς δʼ ὅταν ὠδίνουσαν ἔχῃ βέλος ὀξὺ γυναῖκα <note resp="ed" place="unspecified" anchored="yes">Hom. <foreign lang="greek">Λ</foreign> 269</note>
<milestone unit="tlnum" n="5"/>
</l>
<l> δριμύ, τό τε προϊεῖσι μογοστόκοι Εἰλείθυιαι, </l>
<l>Ἥρης θυγατέρες, πικρὰς ὠδῖνας ἔχουσαι. </l>
</quote> ταῦτʼ οὐχ Ὅμηρον αἱ γυναῖκες; ἀλλʼ Ὁμηρίδα γράψαι λέγουσι
               τεκοῦσαν ἢ τίκτουσαν ἔτι καὶ τὸ μῖγμα <note resp="ed" place="unspecified" anchored="yes">
<foreign lang="greek">μῖγμα</foreign>] <foreign lang="greek">νύγμα</foreign> R</note> τῆς ἀλγηδόνος ὁμοῦ πικρὸν καὶ
               ὀξὺ γιγνόμενον ἐν
<milestone unit="tlnum" n="10"/> τοῖς σπλάγχνοις ἔχουσαν.
               ἀλλὰ τὸ φύσει φιλόστοργον ἔκαμπτε καὶ ἦγεν· <note resp="ed" place="unspecified" anchored="yes">
<foreign lang="greek">ἦγεν</foreign>] <foreign lang="greek">ἦγχεν</foreign>?</note> ἔτι θερμὴ καὶ διαλγὴς καὶ
               κραδαινομένη τοῖς πόνοις οὐχ ὑπερέβη τὸ νήπιον
<milestone unit="stephpage" id="stephpage-496e" n="496e"/> οὐδʼ ἔφυγεν, ἀλλʼ ἐπεστράφη καὶ
               προσεμειδίασε καὶ ἀνείλετο καὶ ἠσπάσατο, μηδὲν ἡδὺ καρπουμένη μηδὲ
<milestone unit="tlnum" n="15"/> χρήσιμον ἀλλʼ ἐπιπόνως καὶ ταλαιπώρως <note resp="ed" place="unspecified" anchored="yes">
<foreign lang="greek">ἐπιπόνως καὶ ταλαιπώρως</foreign>] <foreign lang="greek">ἔτι πόνους καὶ ταλαιπωρίας</foreign> Doehnerus</note>
               ἀναδεχομένη τῶν σπαργάνων <quote rend="blockquote">
<l> ἐρειπίοις </l>
<l> θάλπουσα καὶ ψύχουσα, καὶ πόνῳ πόνον </l>
<note resp="ed" place="unspecified" anchored="yes">Nauck. p. 839</note>
<l> ἐκ νυκτὸς ἀλλάσσουσα τὸν μεθʼ <note resp="ed" place="unspecified" anchored="yes">
<foreign lang="greek">μεθʼ</foreign> Cobetus: <foreign lang="greek">καθʼ</foreign>
</note> ἡμέραν. </l>
</quote>
<milestone unit="tlnum" n="20"/> τίνων ταῦτα μισθῶν ἢ χρειῶν ἐκείνοις; ἀλλʼ
               οὐδὲ τοῖς νῦν· αἱ γὰρ ἐλπίδες ἄδηλοι καὶ μακραί. ἄμπελον ἰσημερίας
               ἐαρινῆς σκάψας μετοπωρινῆς ἐτρύγησε, πυρὸν ἔσπειρε δυομένης Πλειάδος
               εἶτʼ ἀνατελλούσης θερίζει, βόες καὶ ἵπποι καὶ ὄρνιθες ἕτοιμα τίκτουσιν
<milestone unit="tlnum" n="25"/>
<milestone unit="stephpage" id="stephpage-496f" n="496f"/> ἐπὶ τὰς χρείας
               ἀνθρώπου δʼ ἡ μὲν ἐκτροφὴ πολύπονος ἡ δʼ αὔξησις βραδεῖα, τῆς δʼ ἀρετῆς
                  <pb id="v.3.p.288"/> μακρὰν οὔσης προαποθνῄσκουσιν οἱ πλεῖστοι πατέρες.
               οὐκ ἐπεῖδε τὴν Σαλαμῖνα Νεοκλῆς τὴν Θεμιστοκλέους οὐδὲ τὸν
               Εὐρυμέδοντα Μιλτιάδης τὸν Κίμωνος οὐδʼ ἤκουσε Περικλέους Ξάνθιππος
               δημηγοροῦντος
<milestone unit="tlnum" n="5"/> οὐδʼ Ἀρίστων Πλάτωνος
               φιλοσοφοῦντος, οὐδʼ Εὐριπίδου καὶ Σοφοκλέους νίκας οἱ πατέρες ἔγνωσαν
               ψελλιζόντων καὶ συλλαβιζόντων ἠκροῶντο καὶ κώμους καὶ πότους καὶ ἔρωτας
               αὐτῶν οἷα νέοι <note resp="ed" place="unspecified" anchored="yes">
<foreign lang="greek">οἶα νέοι</foreign> *: <foreign lang="greek">οἱ ἄνθρωποι</foreign>. cf. p. 491 f.</note>
<milestone unit="stephpage" id="stephpage-497a" n="497a"/>
               πλημμελούντων ἐπεῖδον· ὥστʼ ἐπαινεῖσθαι καὶ μνημονεύεσθαι
<milestone unit="tlnum" n="10"/> τοῦ Εὐήνου τοῦτο μόνον, ὧν <note resp="ed" place="unspecified" anchored="yes">
<foreign lang="greek">ὧν</foreign> *: <foreign lang="greek">ὡς</foreign>
</note> ἐπέγραψεν, <quote rend="blockquote"> ἢ δέος ἢ <note resp="ed" place="unspecified" anchored="yes">
<foreign lang="greek">ἢ δέος ἢ</foreign> Artemidorus 1, 6: <foreign lang="greek">ἰδε ὅση.</foreign> cf. Bergk. 2 p. 270</note> λύπη παῖς· πατρὶ πάντα χρόνον </quote> ἀλλʼ
               ὅμως οὐ παύονται παῖδας τρέφοντες μάλιστα δʼ οἱ παίδων ἥκιστα δεόμενοι.
               γελοῖον γάρ, εἴ τις οἴεται τοὺς πλουσίους θύειν καὶ χαίρειν γενομένων
<milestone unit="tlnum" n="15"/> αὐτοῖς τέκνων, ὅτι τοὺς θρέψοντας ἕξουσι
               καὶ τοὺς θάψοντας· εἰ μὴ νὴ Δία κληρονόμων ἀπορίᾳ παῖδας τρέφουσιν· οὐ
               γὰρ ἔστιν εὑρεῖν οὐδʼ ἐπιτυχεῖν τοῦ τἀλλότρια βουλομένου λαμβάνειν.
                  <quote rend="blockquote">
<l> ψάμμος ἢ κόνις ἢ πτερὰ ποικιλοθρόων οἰωνῶν <note resp="ed" place="unspecified" anchored="yes">Bergk. 3 p. 719</note>
<milestone unit="tlnum" n="20"/>
</l>
<l> τόσσον οὐκ ἂν χεύαιτʼ <note resp="ed" place="unspecified" anchored="yes">
<foreign lang="greek">ἂν χεύαιτʼ</foreign> p. 1067 e: <foreign lang="greek">ἀχλευταὶ.</foreign> cf. Praefat. p. XLVIII</note> ἀριθμόν </l>
</quote> ὅσος ἐστὶν ὁ τῶν κληρονομούντων.
<milestone unit="stephpage" id="stephpage-497b" n="497b"/>
<quote rend="blockquote">Δαναὸς ὁ πεντήκοντα θυγατέρων πατήρ <note resp="ed" place="unspecified" anchored="yes">Nauck. p. 427</note>
</quote> εἰ <note resp="ed" place="unspecified" anchored="yes">
<foreign lang="greek">εἰ</foreign> Duebnerus: <foreign lang="greek">εἰ δὲ</foreign>
</note>
               ἄτεκνος ἦν, πλείονας ἂν εἶχε κληρονομοῦντας καὶ οὐχ ὁμοίως. <note resp="ed" place="unspecified" anchored="yes">
<foreign lang="greek">ὁμοίως</foreign>] <foreign lang="greek">ὁμοίως ἀχαρίστους</foreign> R</note> οἱ μὲν
               γὰρ παῖδες; χάριν οὐδεμίαν <pb id="v.3.p.289"/> ἔχουσιν οὐδʼ ἕνεκα τούτου
               θεραπεύουσιν οὐδὲ τιμῶσιν, ὡς ὀφείλημα τὸν κλῆρον ἐκδεχόμενοι· τῶν δʼ
               ἀλλοτρίων περὶ τὸν ἄτεκνον φωνὰς ἀκούεις ταῖς κωμικαῖς ἐκείναις
               ὁμοίας,
<milestone unit="tlnum" n="5"/>
<quote rend="blockquote">
<l> ὦ Δῆμε, λοῦσαι <note resp="ed" place="unspecified" anchored="yes">
<foreign lang="greek">ὧ Δῆμε, λοῦσαι</foreign> Iunius: <foreign lang="greek">ὠδὴ μέλουσαι</foreign>
</note> πρῶτον ἐκδικάσας μίαν, </l>
<note resp="ed" place="unspecified" anchored="yes">Aristoph. Equ. 50</note>
<l> ἔνθου, ῥόφησον, ἔντραγʼ , ἔχε <note resp="ed" place="unspecified" anchored="yes">
<foreign lang="greek">ἔχε</foreign> idem: <foreign lang="greek">ἔχει</foreign>
</note> τριώβολον. </l>
</quote> τὸ δʼ ὑπὸ τοῦ Εὐριπίδου λεγόμενον <quote rend="blockquote">
<l> τὰ χρήματʼ ἀνθρώποισιν εὑρίσκειν <note resp="ed" place="unspecified" anchored="yes">
<foreign lang="greek">εὑρίσκει</foreign> R</note> φίλους </l>
<note resp="ed" place="unspecified" anchored="yes">vid. Nauck. p. 149 adnot. ad hunc l. et Eur. Phoen. 439</note>
<l>δύναμίν τε πλείστην τῶν ἐν ἀνθρώποις ἔχειν, </l>
</quote>
<milestone unit="tlnum" n="10"/>
<milestone unit="stephpage" id="stephpage-497c" n="497c"/> οὐχ ἁπλῶς ἀληθές,
               ἀλλʼ ἐπὶ τῶν ἀτέκνων τούτους οἱ πλούσιοι δειπνίζουσιν, οἱ ἡγεμόνες
               θεραπεύουσιν, οἱ ῥήτορες μόνοις τούτοις <note resp="ed" place="unspecified" anchored="yes">corrigenda vid. ita: <foreign lang="greek">τούτους, εἰ πλούσιοι, δειπν. οἱ ἡγεμόνες, θερ. οἱ ῥήτορες, μόνοις τούτοις</foreign> cett.</note> προῖκα συνηγοροῦσιν. <quote rend="blockquote">
<l> ἰσχυρόν ἐστι πλούσιος ἀγνοούμενον </l>
<note resp="ed" place="unspecified" anchored="yes">Kock. 3 p. 484</note>
<l> ἔχων κληρονόμον. </l>
</quote>
<milestone unit="tlnum" n="15"/> πολλοὺς γοῦν πολυφίλους καὶ πολυτιμήτους
               ὄντας ἓν παιδίον γενόμενον ἀφίλους καὶ ἀδυνάτους ἐποίησεν. ὅθεν οὐδὲ
               πρὸς δύναμιν οὐδέν ἐστιν ὠφέλιμον ἀπὸ τῶν τέκνων, ἀλλὰ τῆς φύσεως τὸ
               πᾶν κράτος οὐχ ἧττον ἐν ἀνθρώποις ἢ θηρίοις.
<milestone unit="tlnum" n="20"/>
</p>
</div1>
<div1 type="section" n="5">
<p>ἐξαμαυροῦται γὰρ <note resp="ed" place="unspecified" anchored="yes">
<foreign lang="greek">γὰρ</foreign>] <foreign lang="greek">δὲ</foreign> Amyotus</note> καὶ ταῦτα καὶ πολλὰ τῶν ἄλλων ὑπὸ τῆς κακίας, ὥσπερ
               λόχμης ἡμέροις σπέρμασι παραβλαστανούσης. ἢ μηδʼ ἑαυτὸν φύσει <pb id="v.3.p.290"/> στέργειν
<milestone unit="stephpage" id="stephpage-497d" n="497d"/> τὸν ἄνθρωπον λέγωμεν, <note resp="ed" place="unspecified" anchored="yes">
<foreign lang="greek">λέγωμεν</foreign> M: <foreign lang="greek">λέγομεν</foreign>
</note> ὅτι πολλοὶ σφάττουσιν ἑαυτοὺς καὶ
               κατακρημνίζουσιν; ὁ δʼ Οἰδίπους <quote rend="blockquote">
<l> ἤρασσʼ βλέφαρα · φοίνιαι δʼ ὁμοῦ </l>
<note resp="ed" place="unspecified" anchored="yes">Soph. OR 1275</note>
<l> γλῆναι γένειʼ ἔτεγγον. <note resp="ed" place="unspecified" anchored="yes">
<foreign lang="greek">φοίνιαι - ἔτεγγον</foreign> Sophocles: <foreign lang="greek">φοίναι δόμου</foreign> cum lacuna 18 litt. Urbinas</note>
</l>
</quote>
<milestone unit="tlnum" n="5"/>Ἡγησίας δὲ <note resp="ed" place="unspecified" anchored="yes">
<foreign lang="greek">δὲ</foreign> Duebnerus</note> διαλεγόμενος πολλοὺς ἔπεισεν
               ἀποκαρτερῆσαι τῶν ἀκροωμένων <quote rend="blockquote"> πολλαὶ μορφαὶ τῶν
                  δαιμονίων.</quote>
<note resp="ed" place="unspecified" anchored="yes">Eur. Alc. 1159. passim</note> ταῦτα δʼ ἐστὶν ὥσπερ ἐκεῖνα νοσήματα καὶ πάθη ψυχῆς
               τοῦ κατὰ φύσιν ἐξιστάντα τὸν ἄνθρωπον, ὡς
<milestone unit="tlnum" n="10"/>
               αὐτοὶ καταμαρτυροῦσιν ἑαυτῶν· ἂν γὰρ ὗς τεκοῦσα δελφάκιον ἢ κύων
               διασπαράξῃ σκυλάκιον, ἀθυμοῦσι καὶ ταράττονται, καὶ θεοῖς ἀποτρόπαια
               θύουσι καὶ τέρας νομίζουσιν , ὡς πᾶσι κατὰ φύσιν <note resp="ed" place="unspecified" anchored="yes">
<foreign lang="greek">κατὰ φύσιν</foreign> R: <foreign lang="greek">καὶ κατὰ φύσιν</foreign>
</note> στέργειν τὰ
<milestone unit="stephpage" id="stephpage-497e" n="497e"/> τικτόμενα καὶ τρέφειν οὐκ
               ἀναιρεῖν προσῆκον.
<milestone unit="tlnum" n="15"/> μὴν ἀλλʼ ὥσπερ ἐν τοῖς
               μετάλλοις πολλῇ συμπεφυρμένον γῇ καὶ κατακεχωσμένον ὅμως διαστίλβει τὸ
               χρυσίον, οὕτως ἡ φύσις ἐν αὐτοῖς τοῖς ἡμαρτημένοις ἤθεσι καὶ πάθεσιν
               ἐκφαίνει τὸ πρὸς τὰ ἔκγονα φιλόστοργον. οἱ μὲν γὰρ πένητες οὐ τρέφουσι
               τέκνα,
<milestone unit="tlnum" n="20"/> φοβούμενοι μὴ χεῖρον ἢ προσήκει
               τραφέντα δουλοπρεπῆ καὶ ἀπαίδευτα καὶ τῶν καλῶν πάντων ἐνδεᾶ γένηται·
               τὴν γὰρ πενίαν ἔσχατον ἡγούμενοι κακὸν οὐχ ὑπομένουσι μεταδοῦναι τέκνοις
               ὥσπερ τινὸς χαλεποῦ καὶ μεγάλου νοσήματος. <note resp="ed" place="unspecified" anchored="yes">lacunam post <foreign lang="greek">νοσήματος</foreign> add. X</note>
</p>
</div1>
</body>
</text>
</TEI.2>
