<?xml version="1.0" encoding="UTF-8"?>
<TEI xmlns="http://www.tei-c.org/ns/1.0">
    <teiHeader>
        <fileDesc>
            <titleStmt>
                <title n="Ab urbe condita" type="work">Ab Urbe Condita, books 8-10 - 11s</title>
                <title type="sub">Machine readable text</title>
                <author n="Liv.">Titus Livius (Livy)</author>
                <editor n="Foster" role="editor">Benjamin Oliver Foster, Ph.D.</editor>
                <sponsor>Perseus Project, Tufts University</sponsor>
                <principal>Gregory Crane</principal>
                <respStmt>
                    <resp>Prepared under the supervision of</resp>
                    <name>Bridget Almas</name>
                    <name>Lisa Cerrato</name>
                    <name>David Mimno</name>
                    <name>Rashmi Singhal</name>
                </respStmt>
                <funder n="org:NEH">The National Endowment for the Humanities</funder>
            </titleStmt>
            <extent/>
            <publicationStmt>
                <publisher>Trustees of Tufts University</publisher>
                <pubPlace>Medford, MA</pubPlace>
                <authority>Perseus Project</authority>
                <date type="release" notBefore="2006"/>
            </publicationStmt>
            <sourceDesc default="false">
                <biblStruct default="false">
                    <monogr>
                        <author>Livy</author>
                        <title>Books VIII-X With An English Translation</title>
                        <imprint>
                            <pubPlace>Cambridge</pubPlace>
                            <publisher>Cambridge, Mass., Harvard University Press; London, William
                                Heinemann, Ltd.</publisher>
                            <date>1926: no copyright notice</date>
                        </imprint>
                    </monogr>
                </biblStruct>
            </sourceDesc>
        </fileDesc>
        <encodingDesc>
            <refsDecl>
                <refState unit="book"/>
                <refState unit="chapter" n="chunk"/>
            </refsDecl>
        </encodingDesc>
        <profileDesc>
            <langUsage default="false">
                <language ident="la">Latin</language>
                <language ident="en">English</language>
                <language ident="greek">Greek</language>
            </langUsage>
        </profileDesc>
        <revisionDesc>
            <!--
            <change>
                <date>2006</date>
                <respStmt>
                    <name>GRC</name>
                    <resp>tagging</resp>
                </respStmt>
                <item/>
            </change>
        -->
            <change when="2014-10-09" who="Stella Dee">edited markup</change>
        </revisionDesc>
    </teiHeader>
    <text xml:lang="la">
        <body>
            <div part="N" sample="complete" org="uniform" n="11s" type="book">
                <head>Libri XI Periocha</head>
                <p> CUM Fabius Gurges cos. male adversus Samnites pugnasset et senatus de removendo
                    eo ab exercitu ageret, Fabius Maximus pater deprecatus hanc fili ignominiam eo
                    maxime senatum movit quod iturum se filio legatum pollicitus est, idque
                    praestitit. <reg>eius</reg> consiliis et opera filius consul adiutus caesis
                    Samnitibus triumphavit; C. Pontium, imperatorem Samnitium, ductum in triumpho,
                    securi percussit. <reg>cum</reg> pestilentia civitas laboraret, missi legati ut
                    Aesculapi signum Romam ab Epidauro transferrent, anguem, qui se in navem eorum
                    contulerat, in quo ipsum numen esse constabat, deportaverunt; eoque in insulam
                    Tiberis egresso eodem loco aedis Aesculapio constituta est. L. Postumius
                    consularis, quoniam, cum exercitui praeesset, opera militum in agro suo usus
                    erat, damnatus est. <reg>pacem</reg> petentibus Samnitibus <note anchored="true"
                        place="unspecified"> petentibus Samnitibus <hi rend="italics">a late
                            MS.:</hi> petentibus <hi rend="italics">MSS.</hi>
                    </note> foedus quarto renovatum est. <name>Curius</name> Dentatus cos.
                        <name>Samnitibus</name> caesis et Sabinis, qui rebellaverant, victis et in
                    deditionem acceptis bis in eodem magistratu triumphavit. <reg>coloniae</reg>
                    deductae sunt Castrum Sena Hadria. <reg>triumviri</reg> capitales tune primum
                    creati sunt. <reg>censu</reg> acto lustrum conditum est. <reg>censa</reg> sunt
                    civium capita <hi rend="overline">CCLXXII</hi> . Plebs propter aes alienum post
                        <note anchored="true" place="unspecified"> post <hi rend="italics">
                            <name>Sigonius</name> ex. vet. lib.: </hi> propter <hi rend="italics"
                            >MSS.</hi>
                    </note> graves et longas seditiones ad ultimum secessit in laniculum, unde a Q.
                    Hortensio dictatore deducta est; isque in ipso magistratu decessit.
                        <reg>res</reg> praeterea contra Vulsinienses gestas continet, item adversus
                    Lucanos, contra quos auxilium Thurinis <note anchored="true" place="unspecified"
                        > Thurinis <hi rend="italics">
                            <name>Pighius</name>
                        </hi> ( <hi rend="italics">
                            <reg>plin</reg> . N. H. </hi> xxxiv. 32, <hi rend="italics">
                            <reg>vat</reg> . Max. </hi> viii. 6, <hi rend="italics">
                            <reg>dion</reg> . Hal. </hi> XIX. xiii): tyrrhenis <hi rend="italics"
                            >or</hi> tyrrinis <hi rend="italics">MSS.</hi>
                    </note> ferre placuerat. </p>
                <pb n="p.548"/>
            </div>
        </body>
    </text>
</TEI>
