<ti:work xmlns:ti="http://chs.harvard.edu/xmlns/cts" urn="urn:cts:latinLit:phi0478.phi003" xml:lang="lat" groupUrn="urn:cts:latinLit:phi0478">
	<ti:title xml:lang="lat">Commentariolum Petitionis</ti:title>
	<ti:edition urn="urn:cts:latinLit:phi0478.phi003.perseus-lat2" workUrn="urn:cts:latinLit:phi0478.phi003">
		<ti:label xml:lang="eng">Commentariolum Petitionis, Epistulae Volume III</ti:label>
		<ti:description xml:lang="eng">Cicero, Quintus Tullius, creator; Cicero, Marcus Tullius, creator; Purser, Louis Claude, 1854-1932, editor</ti:description>
	</ti:edition>
</ti:work>