<ti:work xml:lang="lat" xmlns:ti="http://chs.harvard.edu/xmlns/cts" urn="urn:cts:latinLit:phi0474.phi053" groupUrn="urn:cts:latinLit:phi0474">
            <ti:title xml:lang="lat">De Divinatione</ti:title>
            <ti:edition urn="urn:cts:latinLit:phi0474.phi053.perseus-lat1" workUrn="urn:cts:latinLit:phi0474.phi053">
              <ti:label xml:lang="eng">De Divinatione, M. Tullii Ciceronis De divinatione libri duo; libri de fato quae manserunt</ti:label>
              <ti:description xml:lang="eng">Cicero, Marcus Tullius, creator; Mueller, C. F. W. (Carl Friedrich Wilhelm), 1830-1903, editor</ti:description>
            </ti:edition>
          <ti:translation xml:lang="eng" urn="urn:cts:latinLit:phi0474.phi053.perseus-eng1" workUrn="urn:cts:latinLit:phi0474.phi053">
              <ti:label xml:lang="eng">De Divinatione, De senectute; De amicitia; De divinatione</ti:label>
              <ti:description xml:lang="eng">Cicero, Marcus Tullius, creator; Falconer, William Armistead, translator; Falconer, William Armistead, translator, editor</ti:description>
            </ti:translation>
          </ti:work>