<?xml version="1.0" encoding="UTF-8"?>
<ti:work xmlns:ti="http://chs.harvard.edu/xmlns/cts" groupUrn="urn:cts:greekLit:tlg0007" projid="greekLit:tlg070" urn="urn:cts:greekLit:tlg0007.tlg070" xml:lang="grc">
	<ti:title xml:lang="lat">Quomodo adulator ab amico internoscatur</ti:title>

	<ti:translation urn="urn:cts:greekLit:tlg0007.tlg070.perseus-eng3" workUrn="urn:cts:greekLit:tlg0007.tlg070" xml:lang="eng">
		<ti:label xml:lang="eng">How to Tell a Flatterer from a Friend</ti:label>
		<ti:description xml:lang="mul">Plutarch. Moralia, Vol. I. Babbitt, Frank Cole, translator. Cambridge, MA: Harvard University Press. London: William Heinemann Ltd. 1927 (printing).</ti:description>
	</ti:translation>

	<ti:translation urn="urn:cts:greekLit:tlg0007.tlg070.perseus-eng4" workUrn="urn:cts:greekLit:tlg0007.tlg070" xml:lang="eng">
		<ti:label xml:lang="eng">How to Know a Flatterer from a Friend</ti:label>
		<ti:description xml:lang="eng">Plutarch. Plutarch's Morals, Vol. II. Goodwin, William W., editor; Tullie, George, translator. Boston: Little, Brown, and Company. 1874.</ti:description>
	</ti:translation>

	<ti:edition urn="urn:cts:greekLit:tlg0007.tlg070.perseus-grc2" workUrn="urn:cts:greekLit:tlg0007.tlg070" xml:lang="grc">
		<ti:label xml:lang="grc">Πῶς ἄν τις διακρίνειε τὸν κόλακα τοῦ φίλοῦ</ti:label>
		<ti:description xml:lang="mul">Plutarch. Plutarchi Chaeronensis Moralia, Vol I. Vernardakēs, Grēgorios N., editor. Leipzig: Teubner. 1888.</ti:description>
	</ti:edition>
</ti:work>