<ti:work xmlns:ti="http://chs.harvard.edu/xmlns/cts" urn="urn:cts:latinLit:phi0893.phi004" xml:lang="lat" groupUrn="urn:cts:latinLit:phi0893">
            <ti:title xml:lang="eng">Satires</ti:title>
            <ti:title xml:lang="lat">Sermones</ti:title>
            <ti:edition urn="urn:cts:latinLit:phi0893.phi004.perseus-lat2" workUrn="urn:cts:latinLit:phi0893.phi004">
             <ti:label xml:lang="lat">Satyrarum libri</ti:label>
              <ti:description xml:lang="eng">Horace. The Works of Horace. Vol. II. Smart, Christopher, editor. Philadelphia: J. Whetham, 1836.</ti:description>
            </ti:edition>
          <ti:translation xml:lang="eng" urn="urn:cts:latinLit:phi0893.phi004.perseus-eng2" workUrn="urn:cts:latinLit:phi0893.phi004">
              <ti:label xml:lang="eng">Satires</ti:label>
              <ti:description xml:lang="eng">Horace. The Works of Horace. Vol. II. Smart, Christopher, translator. Philadelphia: J. Whetham, 1836.</ti:description>
            </ti:translation>
          </ti:work>
