<ti:work xmlns:ti="http://chs.harvard.edu/xmlns/cts" urn="urn:cts:latinLit:phi0893.phi003" xml:lang="lat" groupUrn="urn:cts:latinLit:phi0893">
            <ti:title xml:lang="lat">Epodi</ti:title>
            <ti:edition urn="urn:cts:latinLit:phi0893.phi003.perseus-lat2" workUrn="urn:cts:latinLit:phi0893.phi003">
              <ti:label xml:lang="eng">Epodon, Carmina</ti:label>
              <ti:description xml:lang="eng">Horace, creator; Vollmer, Friedrich, 1867-1923, editor</ti:description>
            </ti:edition>
          </ti:work>
        