<ti:work xmlns:ti="http://chs.harvard.edu/xmlns/cts" urn="urn:cts:latinLit:phi0588.abo024" xml:lang="lat" groupUrn="urn:cts:latinLit:phi0588">
            <ti:title xml:lang="lat">Cato</ti:title>
            <ti:edition urn="urn:cts:latinLit:phi0588.abo024.perseus-lat2" workUrn="urn:cts:latinLit:phi0588.abo024">
              <ti:label xml:lang="eng">Cato, Cornelii Nepotis Vitae</ti:label>
              <ti:description xml:lang="eng">Nepos, Cornelius, creator; Fleckeisen, Alfred, 1820-1899, editor; Halm, Karl, 1809-1882, original editor</ti:description>
            </ti:edition>
          </ti:work>
        