<!DOCTYPE TEI.2 PUBLIC "-//TEI P4//DTD Main DTD Driver File//EN" "http://www.tei-c.org/Guidelines/DTD/tei2.dtd" [
<!ENTITY % TEI.XML "INCLUDE">
<!ENTITY % PersProse PUBLIC "-//Perseus P4//DTD Perseus Prose//EN" "http://www.perseus.tufts.edu/DTD/1.0/PersProse.dtd" >
%PersProse;
]>
<TEI.2>
  <teiHeader>
    <fileDesc>
      <titleStmt>
	<title>Copa, Appendix Vergiliana</title>
    <editor>Robinson Ellis</editor>
        <sponsor>Perseus Project, Tufts University</sponsor>
        <principal>Gregory Crane</principal>
        <respStmt>
          <resp>Prepared under the supervision of</resp>
          <name>Bridget Almas</name>
          <name>Lisa Cerrato</name>
          <name>Rashmi Singhal</name>
        </respStmt>
        <funder n="org:Tufts">Tufts University</funder>
      </titleStmt>
      <publicationStmt>
        <publisher>Trustees of Tufts University</publisher>
        <pubPlace>Medford, MA</pubPlace>
        <authority>Perseus Project</authority>
        <date type="release"/>
      </publicationStmt>
      <sourceDesc>
        <biblStruct>
          <monogr>
            <title>Appendix Vergiliana, sive carmina minora Vergilio adtributa</title>
            <editor>Robinson Ellis</editor>
            <imprint>
              <publisher>e Typographeo Clarendoniano</publisher>
              <pubPlace>Oxonii</pubPlace>
              <date>1907</date>
            </imprint>
          </monogr>
        </biblStruct>
        
        <p>Keyboarding</p></sourceDesc>
    </fileDesc>

    <encodingDesc>
      <editorialDesc>
        <p>Keyboarding</p>
      </editorialDesc>
<refsDecl n="text=1"  doctype="TEI.2">
<state unit="text"/>
<state unit="book"/>
<state unit="chapter" n="chunk"/>
<state unit="section"/>
</refsDecl>

    </encodingDesc>

    <profileDesc>
      <langUsage>
	<language id="la">Latin</language>
	<language id="greek">Greek</language>
      </langUsage>
    </profileDesc>
    <change>Added to repository November, 2011. Unreleased.</change>
  </teiHeader>


  <text n="copa" id="phi0692.phi005.perseus.lat1"><body>
    <head>Copa</head><p>
<lb n="1"/>Copa Surisca caput Graeca redimita mitella,
<lb n="2"/>crispum sub crotalo docta mouere latus,
<lb n="3"/>ebria famosa saltat lasciua taberna
<lb n="4"/>ad cubitum raucos excutiens calamos.
<lb n="5"/>quid iuuat aestiuo defessum puluere abesse, 
<lb n="6"/>quam potius bibulo decubuisse toro?
<lb n="7"/>sunt topia et kelebes, cyathi, rosa, tibia, chordae,
<lb n="8"/>et triclia umbrosis frigida harundinibus.
<lb n="9"/>en et, Maenalio quae garrit dulce sub antro,
<lb n="10"/>rustica pastoris fistula more sonat. 
<lb n="11"/>est et uappa cado nuper defusa picato
<lb n="12"/>et strepitans rauco murmure riuus aquae.
<lb n="13"/>sunt etiam croceo uiolae de flore corollae,



<lb n="14"/>sertaque purpurea lutea mixta rosa,
<lb n="15"/>et quae uirgineo libata Achelois ab amne 
<lb n="16"/>lilia uimineis attulit in calathis.
<lb n="17"/>sunt et caseoli quos iuncea fiscina siccat.
<lb n="18"/>sunt autumnali cerea pruna die.
<lb n="19"/>castaneaeque nuces et suaue rubentia mala,
<lb n="20"/>est hic munda Ceres, est Amor, est Bromius. 
<lb n="21"/>sunt et mora cruenta et lentis uua racemis,
<lb n="22"/>et pendet iunco caeruleus cucumis.
<lb n="23"/>est tuguri custos armatus falce saligna,
<lb n="24"/>sed non et uasto est inguine terribilis.
<lb n="25"/>huc Calybita ueni, lassus iam sudat asellus. 
<lb n="26"/>parce illi, Vestae delicium est asinus.
<lb n="27"/>nunc cantu crebro rumpunt arbusta cicadae,
<lb n="28"/>nunc uepris in gelida sede lacerta latet.
<lb n="29"/>si sapis, aestiuo recubans prolue uitro,
<lb n="30"/>seu uis crystalli ferre nouos calices. 



<lb n="31"/>heia age pampinea fessus requiesce sub umbra
<lb n="32"/>et grauidum roseo necte caput strophio,
<lb n="33"/>&dagger;formosum&dagger; tenerae decerpens ora puellae.
<lb n="34"/>a pereat cui sunt prisca supercilia!
<lb n="35"/>quid cineri ingrato seruas bene olentia serta? 
<lb n="36"/>anne coronato uis lapide ista tegi?
<lb n="37"/>pone merum et talos. pereat qui crastina curat.
<lb n="38"/>mors aurem uellens 'uiuite' ait 'uenio.'




</p></body></text>

 </TEI.2>
