<ti:work xmlns:ti="http://chs.harvard.edu/xmlns/cts" urn="urn:cts:latinLit:phi0660.phi001" xml:lang="lat" groupUrn="urn:cts:latinLit:phi0660">
<ti:title xml:lang="lat">Elegiae</ti:title>
<ti:edition urn="urn:cts:latinLit:phi0660.phi001.perseus-lat2" workUrn="urn:cts:latinLit:phi0660.phi001">
  <ti:label xml:lang="eng">Elegiae, Aliorumque carminum libri tres</ti:label>
  <ti:description xml:lang="eng">Tibullus, creator; Postgate, J. P. (John Percival), 1853- 1926, editor</ti:description>
</ti:edition>
</ti:work>
        