<?xml version="1.0" encoding="UTF-8"?>
<ti:work xml:lang="lat" xmlns:ti="http://chs.harvard.edu/xmlns/cts" groupUrn="urn:cts:latinLit:phi0474" urn="urn:cts:latinLit:phi0474.phi008" projid="latinLit:phi008">
    <ti:title xml:lang="eng">For Aulus Caecina</ti:title>
    <ti:title xml:lang="eng">On Behalf of Aulus Caecina</ti:title>
    <ti:title xml:lang="lat">Pro A. Caecina</ti:title>
    
    <ti:edition urn="urn:cts:latinLit:phi0474.phi008.perseus-lat2" workUrn="urn:cts:latinLit:phi0474.phi008" xml:lang="lat">
        <ti:label xml:lang="eng">For Aulus Caecina, Orationes Volume IV</ti:label>
        <ti:description xml:lang="eng">
            Cicero, Marcus Tullius, creator; Clark, Albert Curtis, 1859-1937, editor
        </ti:description>
    </ti:edition>
   
    
    <ti:translation urn="urn:cts:latinLit:phi0474.phi008.perseus-eng2" workUrn="urn:cts:latinLit:phi0474.phi008" xml:lang="eng">
        <ti:label xml:lang="eng">For Aulus Caecina, The orations of Marcus Tullius Cicero Vol 2 Three orations on the Agrarian law, the four against Catiline, the orations for Rabirius, Murena, Sulla, Archias, Flaccus, Scaurus, etc
        </ti:label>
        <ti:description xml:lang="eng">
            Cicero, Marcus Tullius, creator; Yonge, Charles Duke, 1812-1891, translator
        </ti:description>
    </ti:translation>
    
    
</ti:work>