<?xml version='1.0' encoding='UTF-8'?>
<?xml-model href="http://www.stoa.org/epidoc/schema/latest/tei-epidoc.rng" schematypens="http://relaxng.org/ns/structure/1.0"?>
<TEI xmlns="http://www.tei-c.org/ns/1.0">
	<teiHeader xml:lang="eng">
		<fileDesc>
			<titleStmt>
				<title>On Behalf of Aulus Caecina</title>
				<title>Pro P. Quinctio, Pro Q. Roscio comoedo, Pro A. Caecina, De lege agraria
					contra Rullum, Pro C. Rabiro perduellionis reo, Pro L. Flacco, In L. Pisonem,
					Pro C. Rabiro Postumo</title>
				<title type="sub">Machine readable text</title>
				<author>M. Tullius Cicero</author>
				<editor role="editor" n="OCT">Albert Clark</editor>
				<sponsor>Perseus Project, Tufts University</sponsor>
				<principal>Gregory Crane</principal>
				<respStmt>
					<resp>Prepared under the supervision of</resp>
					<name>Bridget Almas</name>
					<name>Lisa Cerrato</name>
					<name>William Merrill</name>
					<name>David Mimno</name>
					<name>Rashmi Singhal</name>
					<name>David Smith</name>
				</respStmt>
				<funder n="org:NEH">National Endowment For The Humanities (NEH)</funder> 
			</titleStmt>
			<publicationStmt>
				<publisher>Trustees of Tufts University</publisher>
				<pubPlace>Medford, MA</pubPlace>
				<authority>Perseus Project</authority>
				<date type="release">1997-10-28</date>
			</publicationStmt> 
			
			<sourceDesc>
				<biblStruct>
					<monogr>
						<author>M. Tullius Cicero</author>
						<title>M. Tulli Ciceronis Orationes: Recognovit brevique adnotatione critica
							instruxit Albertus Curtis Clark</title>
						<editor role="editor">Albert Clark</editor>
						<imprint>
							<pubPlace>Oxonii</pubPlace>
							<publisher>e Typographeo Clarendoniano</publisher>
							<date>1909</date>
						</imprint>
					</monogr>
					<series>
						<title>Scriptorum Classicorum Bibliotheca Oxoniensis</title>
					</series>
				</biblStruct>
			</sourceDesc>
		</fileDesc>
		
		<encodingDesc>
			<refsDecl n="CTS">
				<cRefPattern n="section" matchPattern="(\w+)" replacementPattern="#xpath(/tei:TEI/tei:text/tei:body/tei:div/tei:div[@n='$1'])">
					<p>This pointer pattern extracts section</p>
				</cRefPattern>
			</refsDecl>
			<refsDecl>
				<refState unit="section"/>
			</refsDecl>
		</encodingDesc>
		
		<!--<encodingDesc>
			<refsDecl>
				<refState delim=" " unit="text"/>
				<refState unit="section"/>
			</refsDecl>
			<refsDecl>
				<refState delim=" " unit="text"/>
				<refState delim="." n="chunk" unit="chapter"/>
				<refState unit="section"/>
			</refsDecl>
			<refsDecl n="text=Agr.">
				<refState delim=" " unit="text"/>
				<refState delim="." unit="speech"/>
				<refState unit="section"/>
			</refsDecl>
			<refsDecl n="text=Agr.">
				<refState delim=" " unit="text"/>
				<refState delim="." unit="speech"/>
				<refState delim="." n="chunk" unit="chapter"/>
				<refState unit="section"/>
			</refsDecl>
		</encodingDesc>-->
		
		<profileDesc>
			<langUsage>
				<language ident="lat">Latin</language>
				<language ident="grc">Greek</language>
			</langUsage>
		</profileDesc>
		
		<revisionDesc>
			<change when="2016-04-06" who="Lisa Cerrato">Minor changes to tagging; bumped URN</change>
			<change when="2015-12-17" who="Zach Himes">Cleaned up teiHeader. Converted to TEI P5 and EpiDoc.</change>
			<change when="2014-08-01" who="Stella Dee">edited markup</change>
			<change when="2014-07-01" who="Stella Dee">split composite text and converted to unicode</change>
			<change when="2013-09-13" who="balmas01">reverting texts back to pre_cts_reorg tagged version</change>
			<change when="2011-07-19" who="gcrane">removed the earlier persName/placeName tags</change>
			<change when="2011-07-09" who="gcrane">fixed problems with capitalization</change>
			<change when="2011-01-15" who="gcrane">base SDL file</change>
			<change when="2009-10-09" who="rsingh04">more reorganizing of texts module by collection</change>
			<change when="2005-08-01" who="packel">removed stray item tags</change>
			<change when="2005-07-25" who="packel">Converted to XML</change>
			<change when="2005-04-08" who="mimno">added default chunks</change>
			<change when="2003-07-01" who="yorkc">Updated texts to TEI P4 and Perseus P4 extensions; minor cleanup (esp. character encodings and typos.)</change>
			<change when="2002-12-02" who="amahoney">correct spelling of Quirites, improperly 'regularized'</change>
			<change when="2000-03-13" who="amahoney">don't put header for fragments next to header for speech:  gets into short toc</change>
			<change when="2000-03-06" who="amahoney">add headers for groups of speeches, so they show up in the toc:  Catilines, Verrines, Philippics, and Agrarian Law</change>
			<change when="2000-03-04" who="dasmith">Added separate funder entity to TEI header.</change>
			<change when="1999-10-14" who="dasmith">Added explanatory subtitles to titleStmt</change>
			<change when="1999-08-12" who="dasmith">Fixed refsDecl</change>
			<change when="1999-08-04" who="textgod">Random changes over a period of months.</change>
			<change when="1997-10-17" who="textgod">Tagged Greek.</change>
			<change when="1997-08-18" who="textgod">???</change>
			<change when="1997-05-12" who="cjsu">making sure that the file passed the parcer</change>
			<change when="1997-05-12" who="cjsu">Added seven works... SGML varified</change>
			<change when="1997-04-03" who="textgod">Changed ADD tags to CORR.</change>
			<change when="1997-03-26" who="textgod">Added to repository. Passes TEI parse.</change>
		</revisionDesc>
	</teiHeader>
	<text>
		<body>
			<div type="edition" xml:lang="lat" n="urn:cts:latinLit:phi0474.phi008.perseus-lat2" subtype="edition">
			<head>PRO A. CAECINA ORATIO</head>
			<milestone n="1" unit="chapter"/>
			<div type="textpart" subtype="section" n="1"><p>
			<milestone unit="para"/><reg>si</reg>, quantum in agro locisque desertis audacia potest, tantum in foro atque
				in iudiciis impudentia valeret, non minus nunc in causa cederet A. Caecina Sex.
				Aebuti impudentiae, quam tum in vi facienda cessit audaciae. <reg>verum</reg> et
				illud considerati hominis esse putavit, qua de re iure disceptari oporteret, armis
				non contendere, et hoc constantis, quicum vi et armis certare noluisset, eum iure
				iudicioque superare. </p></div>
			<div type="textpart" subtype="section" n="2"><p><reg>ac</reg> mihi quidem cum
				audax praecipue fuisse videtur Aebutius in convocandis hominibus et armandis, tum
				impudens in iudicio, non solum quod in iudicium venire ausus est—nam id quidem
				tametsi improbe fit in aperta re, tamen malitia est iam usitatum—sed quod non
				dubitavit id ipsum quod arguitur confiteri; nisi forte hoc rationis habuit, quoniam,
				si facta vis esset moribus, superior in possessione retinenda non fuisset, quia
				contra ius moremque facta sit, A. Caecinam cum amicis metu perterritum profugisse;
				nunc quoque in iudicio si causa more institutoque omnium defendatur, nos inferiores
				in agendo non futuros; sin a consuetudine recedatur, se, quo impudentius egerit, hoc
				superiorem discessurum. <reg>quasi</reg> vero aut idem possit in iudicio improbitas
				quod in vi confidentia, aut nos non eo libentius tum audaciae cesserimus quo nunc
				impudentiae facilius obsisteremus. </p></div>
			<div type="textpart" subtype="section" n="3"><p><reg>itaque</reg> longe alia ratione, recuperatores, ad agendam causam hac
				actione venio atque initio veneram. <reg>tum</reg> enim nostrae causae spes erat
				posita in defensione mea, nunc in confessione adversarii, tum in nostris, nunc vero
				in illorum testibus; de quibus ego antea laborabam ne, si improbi essent, falsi
				aliquid dicerent, si probi existimarentur, quod dixissent probarent; nunc sum animo
				aequissimo. <reg>si</reg> enim sunt viri boni, me adiuvant, cum id iurati dicunt
				quod ego iniuratus insimulo; sin autem minus idonei, me non laedunt, cum eis sive
				creditur, <add>creditur</add> hoc ipsum quod nos arguimus, sive fides non habetur,
				de adversarii testium fide derogatur. </p></div><milestone n="2" unit="chapter"/>
			<div type="textpart" subtype="section" n="4"><p>
			<milestone unit="para"/><reg>verum</reg> tamen cum illorum actionem causae considero, non video quid
				impudentius dici possit, cum autem vestram in iudicando dubitationem, vereor ne id
				quod videntur impudenter fecisse astute et callide fecerint. <reg>nam</reg>, si
				negassent vim hominibus armatis esse factam, facile honestissimis testibus in re
				perspicua tenerentur; sin confessi essent et id quod nullo tempore iure fieri potest
				tum ab se iure factum esse defenderent, sperarunt, id quod adsecuti sunt, se
				iniecturos vobis causam deliberandi et iudicandi iustam moram ac religionem.
					<reg>simul</reg> illud quod indignissimum est futurum arbitrati sunt, ut in hac
				causa non de improbitate Sex. Aebuti, sed de iure civili iudicium fieri videretur.
					<reg>qua</reg> in re, si mihi esset unius A. </p></div>
			<div type="textpart" subtype="section" n="5"><p>Caecinae causa agenda, profiterer satis idoneum esse me defensorem, propterea quod
				fidem meam diligentiamque praestarem; quae cum sunt in actore causae, nihil est in
				re praesertim aperta ac simplici quod excellens ingenium requiratur. <reg>sed</reg>
				cum de eo mihi iure dicendum sit, quod pertineat ad omnis, quodque constitutum sit a
				maioribus, conservatum usque ad hoc tempus, quo sublato non solum pars aliqua iuris
				deminuta, sed etiam vis ea quae iuri maxime est adversaria iudicio confirmata esse
				videatur, video summi ingeni causam esse, non ut id demonstretur quod ante oculos
				est sed ne, si quis vobis error in tanta re sit obiectus, omnes potius me
				arbitrentur causae quam vos religioni vestrae defuisse. <reg>quamquam</reg> ego mihi
				sic persuadeo, </p></div>
			<div type="textpart" subtype="section" n="6"><p>recuperatores, non vos tam propter
				iuris obscuram dubiamque rationem bis iam de eadem causa dubitasse quam, quod
				videtur ad summam illius existimationem hoc iudicium pertinere, moram ad
				condemnandum quaesisse simul et illi spatium ad sese conligendum dedisse.
					<reg>quod</reg> quoniam iam in consuetudinem venit et id viri boni vestri
				similes in iudicando faciunt, reprehendendum fortasse minus, querendum vero magis
				etiam videtur, ideo quod omnia iudicia aut distrahendarum controversiarum aut
				puniendorum maleficiorum causa reperta sunt, quorum alterum levius est, propterea
				quod et minus laedit et persaepe disceptatore domestico diiudicatur, alterum est
				vehementissimum, quod et ad graviores res pertinet et non honorariam operam amici,
				sed severitatem iudicis ac vim requirit. </p></div>
			<div type="textpart" subtype="section" n="7"><p><reg>quod</reg> est gravius, et cuius rei causa maxime iudicia constituta
				sunt, id iam mala consuetudine dissolutum est. <reg>nam</reg> ut quaeque res est
				turpissima, sic maxime et maturissime vindicanda est, at eadem, quia existimationis
				periculum est, tardissime iudicatur. <milestone n="3" unit="chapter"/><reg>qui</reg>
				igitur convenit, quae causa fuerit ad constituendum iudicium, eandem moram esse ad
				iudicandum? <reg>si</reg> quis quod spopondit, qua in re verbo se uno obligavit, id
				non facit, maturo iudicio sine ulla religione iudicis condemnatur; qui per tutelam
				aut societatem aut rem mandatam aut fiduciae rationem fraudavit quempiam, in eo quo
				delictum maius est, eo poena est tardior? </p></div>
			<div type="textpart" subtype="section" n="8"><p>'<reg>est</reg> enim turpe iudicium.' <reg>ex</reg> facto quidem turpi.
					<reg>videte</reg> igitur quam inique accidat, quia res indigna sit, ideo turpem
				existimationem sequi; quia turpis existimatio sequatur, ideo rem indignam non
				vindicari. <reg>ac</reg> si qui mihi hoc iudex recuperatorve dicat: 'potuisti enim
				leviore actione confligere, potuisti ad tuum ius faciliore et commodiore iudicio
				pervenire; qua re aut muta actionem aut noli mihi instare ut iudicem tamen,' is aut
				timidior videatur quam fortem, aut cupidior quam sapientem iudicem esse aequum est,
				si aut mihi praescribat quem ad modum meum ius persequar, aut ipse id quod ad se
				delatum sit non audeat iudicare. <reg>etenim</reg> si praetor is qui iudicia dat
				numquam petitori praestituit qua actione illum uti velit, videte quam iniquum sit
				constituta iam re iudicem quid agi potuerit aut quid possit, non quid actum sit
				quaerere. </p></div>
			<div type="textpart" subtype="section" n="9"><p><reg>verum</reg> tamen nimiae vestrae
				benignitati pareremus, si alia ratione ius nostrum recuperare possemus.
					<reg>nunc</reg> vero quis est qui aut vim hominibus armatis factam relinqui
				putet oportere aut eius rei leviorem actionem nobis aliquam demonstrare possit?
					<reg>ex</reg> quo genere peccati, ut illi clamitant, vel iniuriarum vel capitis
				iudicia constituta sunt, in eo potestis atrocitatem nostram reprehendere, cum
				videatis nihil aliud actum nisi possessionem per interdictum esse repetitam?
					<milestone n="4" unit="chapter"/><reg>verum</reg>, sive vos existimationis
				illius periculum sive iuris dubitatio tardiores fecit adhuc ad iudicandum, alterius
				rei causam vosmet ipsi iam vobis saepius prolato iudicio sustulistis, alterius ego
				vobis hodierno die causam profecto auferam, ne diutius de controversia nostra ac de
				communi iure dubitetis. </p></div>
			<div type="textpart" subtype="section" n="10"><p><reg>et</reg> si forte
				videbor altius initium rei demonstrandae petisse quam me ratio iuris eius de quo
				iudicium est et natura causae coegerit, quaeso ut ignoscatis. <reg>non</reg> enim
				minus laborat A. Caecina ne summo iure egisse quam ne certum ius non obtinuisse
				videatur. 
			<milestone unit="para"/>M. Fulcinius fuit, recuperatores, e municipio Tarquiniensi; qui et domi suae cum
				primis honestus existimatus est et Romae argentariam non ignobilem fecit.
					<reg>is</reg> habuit in matrimonio Caesenniam, eodem e municipio summo loco
				natam et probatissimam feminam, sicut et vivus ipse multis rebus ostendit et in
				morte sua testamento declaravit. </p></div>
			<div type="textpart" subtype="section" n="11"><p><reg>huic</reg>
				Caesenniae fundum in agro Tarquiniensi vendidit temporibus illis difficillimis
				solutionis; cum uteretur uxoris dote numerata, quo mulieri res esset cautior,
				curavit ut in eo fundo dos conlocaretur. <reg>aliquanto</reg> post iam argentaria
				dissoluta Fulcinius huic fundo uxoris continentia quaedam praedia atque adiuncta
				mercatur. <reg>moritur</reg> Fulcinius—multa enim, quae sunt in re, quia remota sunt
				a causa, praetermittam—testamento facit heredem quem habebat e Caesennia filium;
				usum et fructum omnium bonorum suorum Caesenniae legat ut frueretur una cum filio.
					</p></div>
			<div type="textpart" subtype="section" n="12"><p>Magnus honos viri iucundus mulieri fuisset, si
				diuturnum esse licuisset; frueretur enim bonis cum eo quem suis bonis heredem esse
				cupiebat et ex quo maximum fructum ipsa capiebat. <reg>sed</reg> hunc fructum mature
				fortuna ademit. <reg>nam</reg> brevi tempore M. Fulcinius adulescens mortuus est;
				heredem P. Caesennium fecit; uxori grande pondus argenti matrique partem maiorem
				bonorum legavit. <reg>itaque</reg> in partem mulieres vocatae sunt. </p></div><milestone n="5" unit="chapter"/>
			<div type="textpart" subtype="section" n="13"><p>
			<milestone unit="para"/>Cum esset haec auctio hereditaria constituta, Aebutius iste, qui iam diu Caesenniae
				viduitate ac solitudine aleretur ac se in eius familiaritatem insinuasset, hac
				ratione ut cum aliquo suo compendio negotia mulieris, si qua acciderent,
				controversiasque susciperet, versabatur eo quoque tempore in his rationibus
				auctionis et partitionis atque etiam se ipse inferebat et intro dabat et in eam
				opinionem Caesenniam adducebat ut mulier imperita nihil putaret agi callide posse,
				ubi non adesset Aebutius. </p></div>
			<div type="textpart" subtype="section" n="14"><p><reg>quam</reg> personam
				iam ex cotidiana vita cognostis, recuperatores, mulierum adsentatoris, cognitoris
				viduarum, defensoris nimium litigiosi, contriti ad <reg>regiam</reg>, inepti ac
				stulti inter viros, inter mulieres periti iuris et callidi, hanc personam imponite
				Aebutio. <reg>is</reg> enim Caesenniae fuit Aebutius—ne forte quaeratis, num
				propinquus?—nihil alienius—amicus a patre aut a viro traditus? —nihil minus—quis
				igitur? ille, ille quem supra deformavi, voluntarius amicus mulieris non
				necessitudine aliqua, sed ficto officio simulataque sedulitate coniunctus magis
				opportuna opera non numquam quam aliquando fideli. </p></div>
			<div type="textpart" subtype="section" n="15"><p>Cum esset, ut dicere institueram, constituta auctio Romae, suadebant amici
				cognatique Caesenniae, id quod ipsi quoque mulieri veniebat in mentem, quoniam
				potestas esset emendi fundum illum Fulcinianum, qui fundo eius antiquo continens
				esset, nullam esse rationem amittere eius modi occasionem, cum ei praesertim pecunia
				ex partitione deberetur; nusquam posse eam melius conlocari. <reg>itaque</reg> hoc
				mulier facere constituit; mandat ut fundum sibi emat,—cui tandem? —cui putatis? an
				non in mentem vobis venit omnibus illius hoc munus esse ad omnia mulieris negotia
				parati, sine quo nihil satis caute, nihil satis callide posset agi? </p></div><milestone n="6" unit="chapter"/>
			<div type="textpart" subtype="section" n="16"><p><reg>recte</reg> attenditis.
				Aebutio negotium datur. <reg>adest</reg> ad tabulam, licetur Aebutius; deterrentur
				emptores multi partim gratia Caesenniae, partim etiam pretio. <reg>fundus</reg>
				addicitur Aebutio; pecuniam argentario promittit Aebutius; quo testimonio nunc vir
				optimus utitur sibi emptum esse. <reg>quasi</reg> vero aut nos ei negemus addictum
				aut tum quisquam fuerit qui dubitaret quin emeretur Caesenniae, cum id plerique
				scirent, omnes fere audissent, <add>qui non audisset,</add> is coniectura adsequi
				posset, cum pecunia Caesenniae ex illa hereditate deberetur, eam porro in praediis
				conlocari maxime expediret, essent autem praedia quae mulieri maxime convenirent, ea
				venirent, liceretur is quem Caesenniae dare operam nemo miraretur, sibi emere nemo
				posset suspicari. <reg>hac</reg> emptione facta pecunia solvitur a Caesennia;
					</p></div>
			<div type="textpart" subtype="section" n="17"><p>cuius rei putat iste rationem reddi non posse
				quod ipse tabulas averterit; se autem habere argentarii tabulas in quibus sibi
				expensa pecunia lata sit acceptaque relata. <reg>quasi</reg> id aliter fieri
				oportuerit. Cum omnia ita facta essent, quem ad modum nos defendimus, Caesennia
				fundum possedit locavitque; neque ita multo post A. Caecinae nupsit. Vt in pauca
				conferam, testamento facto mulier moritur; facit heredem ex deunce et semuncia
				Caecinam, ex duabus sextulis M. Fulcinium, libertum superioris viri, Aebutio
				sextulam aspergit. <reg>hanc</reg> sextulam illa mercedem isti esse voluit
				adsiduitatis et molestiae si quam ceperat. <reg>iste</reg> autem hac sextula se
				ansam retinere omnium controversiarum putat. </p></div><milestone n="7" unit="chapter"/>
			<div type="textpart" subtype="section" n="18"><p>
			<milestone unit="para"/><reg>iam</reg> principio ausus est dicere non posse heredem esse Caesenniae Caecinam,
				quod is deteriore iure esset quam ceteri cives propter incommodum Volaterranorum
				calamitatemque civilem. <reg>itaque</reg> homo timidus imperitusque, qui neque animi
				neque consili satis haberet, non putavit esse tanti hereditatem ut de civitate in
				dubium veniret; concessit, credo, Aebutio, quantum vellet de Caesenniae bonis ut
				haberet. <reg>immo</reg>, ut viro forti ac sapienti dignum fuit, ita calumniam
				stultitiamque eius obtrivit ac contudit. </p></div>
			<div type="textpart" subtype="section" n="19"><p><reg>in</reg> possessione bonorum cum esset, et cum iste sextulam suam nimium
				exaggeraret, nomine heredis arbitrum familiae herciscundae postulavit.
					<reg>atque</reg> illis paucis diebus, postea quam videt nihil se ab A. Caecina
				posse litium terrore abradere, homini Romae in foro denuntiat fundum illum de quo
				ante dixi, cuius istum emptorem demonstravi fuisse mandatu Caesenniae, suum esse
				seseque sibi emisse. <reg>quid</reg> ais? istius ille fundus est quem sine ulla
				controversia quadriennium, hoc est ex quo tempore fundus veniit, quoad vixit,
				possedit Caesennia? 'Vsus enim,' inquit, 'eius fundi et fructus testamento viri
				fuerat Caesenniae.' </p></div>
			<div type="textpart" subtype="section" n="20"><p>Cum hoc novae litis genus tam
				malitiose intenderet, placuit Caecinae de amicorum sententia constituere, quo die in
				rem praesentem veniretur et de fundo Caecina moribus deduceretur.
					<reg>conloquuntur</reg>; dies ex utriusque commodo sumitur. Caecina cum amicis
				ad diem venit in castellum Axiam, a quo loco fundus is de quo agitur non longe
				abest. <reg>ibi</reg> certior fit a pluribus homines permultos liberos atque servos
				coegisse et armasse Aebutium. Cum id partim mirarentur, partim non crederent, ecce
				ipse Aebutius in castellum venit; denuntiat Caecinae se armatos habere; abiturum eum
				non esse, si accessisset. Caecinae placuit et amicis, quoad videretur salvo capite
				fieri posse, experiri tamen. </p></div>
			<div type="textpart" subtype="section" n="21"><p><reg>de</reg>
				castello descendunt, in fundum proficiscuntur. <reg>videtur</reg> temere commissum,
				verum, ut opinor, hoc fuit causae: tam temere istum re commissurum quam verbis
				minitabatur nemo putavit. <milestone n="8" unit="chapter"/><reg>atque</reg> iste ad
				omnis introitus qua adiri poterat non modo in eum fundum de quo erat controversia,
				sed etiam in illum proximum de quo nihil ambigebatur armatos homines opponit.
					<reg>itaque</reg> primo cum in antiquum fundum ingredi vellet, quod ea proxime
				accedi poterat, frequentes armati obstiterunt. </p></div>
			<div type="textpart" subtype="section" n="22"><p><reg>quo</reg> loco depulsus Caecina tamen qua potuit ad eum fundum profectus
					<add>est</add> in quo ex conventu vim fieri oportebat; eius autem fundi extremam
				partem oleae derecto ordine definiunt. <reg>ad</reg> eas cum accederetur, iste cum
				omnibus copiis praesto fuit servumque suum nomine Antiochum ad se vocavit et voce
				clara imperavit ut eum qui illum olearum ordinem intrasset occideret.
					<reg>homo</reg> mea sententia prudentissimus Caecina tamen in hac re plus mihi
				animi quam consili videtur habuisse. <reg>nam</reg> cum et armatorum multitudinem
				videret et eam vocem Aebuti quam commemoravi audisset, tamen accessit propius et iam
				ingrediens intra finem eius loci quem oleae terminabant impetum armati Antiochi
				ceterorumque tela atque incursum refugit. <reg>eodem</reg> tempore se in fugam
				conferunt amici advocatique eius metu perterriti, quem ad modum illorum testem
				dicere audistis. </p></div>
			<div type="textpart" subtype="section" n="23"><p><reg>his</reg> rebus ita gestis
				P. Dolabella praetor interdixit, ut est consuetudo, <quote>de vi hominibvs
					ar</quote><quote>matis</quote> sine ulla exceptione, tantum ut unde deiecisset
				restitueret. <reg>restituisse</reg> se dixit. <add><reg>sponsio</reg> facta est.
						<reg>hac</reg> de</add> sponsione vobis iudicandum est. <milestone n="9" unit="chapter"/>
			<milestone unit="para"/><reg>maxime</reg> fuit optandum Caecinae, recuperatores, ut controversiae nihil
				haberet, secundo loco ut ne cum tam improbo homine, tertio ut cum tam stulto
				haberet. <reg>etenim</reg> non minus nos stultitia illius sublevat quam laedit
				improbitas. <reg>improbus</reg> fuit, quod homines coegit, armavit, coactis
				armatisque vim fecit. <reg>laesit</reg> in eo Caecinam, sublevat ibidem; nam in eas
				ipsas res quas improbissime fecit testimonia sumpsit et eis in causa testimoniis
				utitur. </p></div>
			<div type="textpart" subtype="section" n="24"><p><reg>itaque</reg> mihi certum est,
				recuperatores, ante quam ad meam defensionem meosque testis venio, illius uti
				confessione et testimoniis; qui confitetur atque ita libenter confitetur ut non
				solum fateri sed etiam profiteri videatur, recuperatores: 'convocavi homines, coegi,
				armavi, terrore mortis ac periculo capitis ne accederes obstiti; ferro,' inquit,
				'ferro'—et hoc dicit in iudicio—'te reieci atque proterrui.' <reg>quid</reg>? testes
				quid aiunt? P. Vetilius, propinquus Aebuti, se Aebutio cum armatis servis venisse
				advocatum. <reg>quid</reg> praeterea? <reg>fuisse</reg> compluris armatos.
					<reg>quid</reg> aliud? <reg>minatum</reg> esse Aebutium Caecinae.
					<reg>quid</reg> ego de hoc teste dicam nisi hoc, recuperatores, ut ne idcirco
				minus ei credatis quod homo minus idoneus habetur, sed ideo credatis quod ex illa
				parte id dicit quod illi causae maxime sit alienum? A. </p></div>
			<div type="textpart" subtype="section" n="25"><p>Terentius, alter testis, non modo Aebutium sed etiam se pessimi
				facinoris arguit. <reg>in</reg> Aebutium hoc dicit, armatos homines fuisse, de se
				autem hoc praedicat, Antiocho, Aebuti servo, se imperasse ut in Caecinam advenientem
				cum ferro invaderet. <reg>quid</reg> loquar amplius de hoc homine? <reg>in</reg>
				quem ego hoc dicere, cum rogarer a Caecina, numquam volui, ne arguere illum rei
				capitalis viderer, de eo dubito nunc quo modo aut loquar aut taceam, cum ipse hoc de
				se iuratus praedicet. </p></div>
			<div type="textpart" subtype="section" n="26"><p><reg>deinde</reg> L. Caelius
				non solum Aebutium cum armatis dixit fuisse compluribus verum etiam cum advocatis
				perpaucis eo venisse Caecinam. <milestone n="10" unit="chapter"/><reg>de</reg> hoc
				ego teste detraham? cui aeque ac meo testi ut credatis postulo. P. Memmius secutus
				est qui suum non parvum beneficium commemoravit in amicos Caecinae, quibus sese viam
				per fratris sui fundum dedisse dixit qua effugere possent, cum essent omnes metu
				perterriti. <reg>huic</reg> ego testi gratias agam, quod et in re misericordem se
				praebuerit et in testimonio religiosum. </p></div>
			<div type="textpart" subtype="section" n="27"><p>A. Atilius
				et eius filius L. Atilius et armatos ibi fuisse et se suos servos adduxisse
				dixerunt; etiam hoc amplius: cum Aebutius Caecinae malum minaretur, ibi tum Caecinam
				postulasse ut moribus deductio fieret. <reg>hoc</reg> idem P. Rutilius dixit, et eo
				libentius dixit ut aliquando in iudicio eius testimonio creditum putaretur.
					<reg>duo</reg> praeterea testes nihil de vi, sed de re ipsa atque emptione fundi
				dixerunt; P. Caesennius, auctor fundi, non tam auctoritate gravi quam corpore, et
				argentarius Sex. Clodius cui cognomen est Phormio, nec minus niger nec minus
				confidens quam ille Terentianus est Phormio, nihil de vi dixerunt, nihil praeterea
				quod ad vestrum iudicium pertineret. </p></div>
			<div type="textpart" subtype="section" n="28"><p>Decimo vero
				loco testis exspectatus et ad extremum reservatus dixit, senator populi Romani,
				splendor ordinis, decus atque ornamentum iudiciorum, exemplar antiquae religionis,
				Fidiculanius Falcula; qui cum ita vehemens acerque venisset ut non modo Caecinam
				periurio suo laederet sed etiam mihi videretur irasci, ita eum placidum mollemque
				reddidi, ut non auderet, sicut meministis, iterum dicere quot milia fundus suus
				abesset ab urbe. <reg>nam</reg> cum dixisset minus <num n="50,000">iↄↄↄ</num>,
				populus cum risu adclamavit ipsa esse. <reg>meminerant</reg> enim omnes quantum in
				Albiano iudicio accepisset. </p></div>
			<div type="textpart" subtype="section" n="29"><p><reg>in</reg> eum quid
				dicam nisi id quod negare non possit, venisse in consilium publicae quaestionis, cum
				eius consili iudex non esset, et in eo consilio, cum causam non audisset et potestas
				esset ampliandi, dixisse sibi liquere; cum de incognita re iudicare voluisset,
				maluisse condemnare quam absolvere; cum, si uno minus damnarent, condemnari reus non
				posset, non ad cognoscendam causam sed ad explendam damnationem praesto fuisse?
				Vtrum gravius aliquid in quempiam dici potest quam ad hominem condemnandum quem
				numquam vidisset neque audisset adductum esse pretio? an certius quicquam obici
				potest quam quod is cui obicitur ne nutu quidem infirmare conatur? </p></div>
			<div type="textpart" subtype="section" n="30"><p><reg>verum</reg> tamen is testis, —ut facile intellegeretis eum
				non adfuisse animo, cum causa ab illis ageretur testesque dicerent, sed tantisper de
				aliquo reo cogitasse—cum omnes ante eum dixissent testes armatos cum Aebutio fuisse
				compluris, solus dixit non fuisse. <reg>visus</reg> est mihi primo veterator
				intellegere praeclare quid causae obstaret, et tantum modo errare, quod omnis testis
				infirmaret qui ante eum dixissent: cum subito, ecce idem qui solet, duos solos
				servos armatos fuisse dixit. <milestone n="11" unit="chapter"/><reg>quid</reg> huic
				tu homini facias? nonne concedas interdum ut excusatione summae stultitiae summae
				improbitatis odium deprecetur? </p></div>
			<div type="textpart" subtype="section" n="31"><p>Vtrum,
				recuperatores, his testibus non credidistis, cum quid liqueret non habuistis? at
				controversia non erat quin verum dicerent. <reg>an</reg> in coacta multitudine, in
				armis, in telis, in praesenti metu mortis perspicuoque periculo caedis dubium vobis
				fuit inesse vis aliqua videretur necne? <reg>quibus</reg> igitur in rebus vis
				intellegi potest, si in his non intellegetur? <reg>an</reg> vero illa defensio vobis
				praeclara visa est: '<reg>non</reg> deieci, sed obstiti; non enim sum passus in
				fundum ingredi, sed armatos homines opposui, ut intellegeres, si in fundo pedem
				posuisses, statim tibi esse pereundum?' <reg>quid</reg> ais? is qui armis
				proterritus, fugatus, pulsus est, non videtur esse deiectus? </p></div>
			<div type="textpart" subtype="section" n="32"><p><reg>posterius</reg> de verbo videbimus; nunc rem ipsam ponamus
				quam illi non negant et eius rei ius actionemque quaeramus. 
			<milestone unit="para"/><reg>est</reg> haec res posita quae ab adversario non negatur, Caecinam, cum ad
				constitutam diem tempusque venisset ut vis ac deductio moribus fieret, pulsum
				prohibitumque esse vi coactis hominibus et armatis. Cum hoc constet, ego, homo
				imperitus iuris, ignarus negotiorum ac litium, hanc puto me habere actionem, ut per
				interdictum meum ius teneam atque iniuriam tuam persequar. <reg>fac</reg> in hoc
				errare me nec ullo modo posse per hoc interdictum id adsequi quod velim; te uti in
				hac re magistro volo. </p></div>
			<div type="textpart" subtype="section" n="33"><p><reg>quaero</reg> sitne
				aliqua huius rei actio an nulla. <reg>convocari</reg> homines propter possessionis
				controversiam non oportet, armari multitudinem iuris retinendi causa non convenit;
				nec iuri quicquam tam inimicum quam vis nec aequitati quicquam tam infestum est quam
				convocati homines et armati. <milestone n="12" unit="chapter"/><reg>quod</reg> cum
				ita sit resque eius modi sit ut in primis a magistratibus animadvertenda videatur,
				iterum quaero sitne eius rei aliqua actio an nulla. <reg>nullam</reg> esse dices?
					<reg>audire</reg> cupio, qui in pace et otio, cum manum fecerit, copias pararit,
				multitudinem hominum coegerit, armarit, instruxerit, homines inermos qui ad
				constitutum experiendi iuris gratia venissent armis, viris, terrore periculoque
				mortis reppulerit, fugarit, averterit, hoc dicat: </p></div>
			<div type="textpart" subtype="section" n="34"><p>'<reg>feci</reg> equidem quae dicis omnia, et ea sunt et turbulenta et
				temeraria et periculosa. <reg>quid</reg> ergo est? impune feci; nam quid agas mecum
				ex iure civili ac praetorio non habes.' <reg>itane</reg> vero? recuperatores, hoc
				vos audietis et apud vos dici patiemini saepius? Cum maiores nostri tanta diligentia
				prudentiaque fuerint ut omnia omnium non modo tantarum rerum sed etiam tenuissimarum
				iura statuerint persecutique sint, hoc genus unum vel maximum praetermitterent, ut,
				si qui me exire domo mea coegisset armis, haberem actionem, si qui introire
				prohibuisset, non haberem? <reg>nondum</reg> de Caecinae causa disputo, nondum de
				iure possessionis nostrae loquor; tantum de tua defensione, C. </p></div>
			<div type="textpart" subtype="section" n="35"><p>Piso, quaero. <reg>quoniam</reg> ita dicis et ita constituis, si
				Caecina, cum in fundo esset, inde deiectus esset, tum per hoc interdictum eum
				restitui oportuisse; nunc vero deiectum nullo modo esse inde ubi non fuerit; hoc
				interdicto nihil nos adsecutos esse: quaero, si te hodie domum tuam redeuntem coacti
				homines et armati non modo limine tectoque aedium tuarum sed primo aditu
				vestibuloque prohibuerint, quid acturus sis. <reg>monet</reg> amicus meus te, L.
				Calpurnius, ut idem dicas quod ipse antea dixit, iniuriarum. <reg>quid</reg> ad
				causam possessionis, quid ad restituendum eum quem oportet restitui, quid denique ad
				ius civile, aut ad praetoris notionem atque animadversionem? <reg>ages</reg>
				iniuriarum. <reg>plus</reg> tibi ego largiar; non solum egeris verum etiam
				condemnaris licet; num quid magis possidebis? actio enim iniuriarum non ius
				possessionis adsequitur sed dolorem imminutae libertatis iudicio poenaque mitigat.
					</p></div><milestone n="13" unit="chapter"/>
			<div type="textpart" subtype="section" n="36"><p><reg>praetor</reg> interea, Piso, tanta de re tacebit? quem ad modum te
				restituat in aedis tuas non habebit? <reg>qui</reg> dies totos aut vim fieri vetat
				aut restitui factam iubet, qui de fossis, de cloacis, de minimis aquarum itinerumque
				controversiis interdicit, is repente obmutescet, in atrocissima re quid faciat non
				habebit? et C. Pisoni domo tectisque suis prohibito, <add>prohibito</add> inquam,
				per homines coactos et armatos, praetor quem ad modum more et exemplo opitulari
				possit non habebit? <reg>quid</reg> enim dicet, aut quid tu tam insigni accepta
				iniuria postulabis? 'Vnde vi prohibitus?' <reg>sic</reg> nemo umquam interdixit;
				novum est, non dico inusitatum, verum omnino inauditum. 'Vnde deiectus?'
					<reg>quid</reg> proficies, cum illi hoc respondebunt tibi quod tu nunc mihi,
				armatis se tibi obstitisse ne in aedis accederes; deici porro nullo modo potuisse
				qui non accesserit? </p></div>
			<div type="textpart" subtype="section" n="37"><p>'<reg>deicior</reg> ego,'
				inquis, 'si quis meorum deicitur omnino.' <reg>iam</reg> bene agis; a verbis enim
				recedis et aequitate uteris. <reg>nam</reg> verba quidem ipsa si sequi volumus, quo
				modo tu deiceris, cum servus tuus deicitur? <reg>verum</reg> ita est uti dicis; te
				deiectum debeo intellegere, etiam si tactus non fueris. <reg>nonne</reg>?
					<reg>age</reg> nunc, si ne tuorum quidem quisquam loco motus erit atque omnes in
				aedibus adservati ac retenti, tu solus prohibitus et a tuis aedibus vi atque armis
				proterritus, utrum hanc actionem habebis qua nos usi sumus, an aliam quampiam, an
				omnino nullam? <reg>nullam</reg> esse actionem dicere in re tam insigni tamque
				atroci neque prudentiae neque auctoritatis tuae est; alia si quae forte est quae nos
				fugerit, dic quae sit; cupio discere. </p></div>
			<div type="textpart" subtype="section" n="38"><p><reg>haec</reg> si est qua nos usi sumus te iudice vincamus necesse est.
					<reg>non</reg> enim vereor ne hoc dicas, in eadem causa eodem interdicto te
				oportere restitui, Caecinam non oportere. <reg>etenim</reg> cui non perspicuum est
				ad incertum revocari bona, fortunas, possessiones omnium, si ulla ex parte sententia
				huius interdicti deminuta aut infirmata sit, si auctoritate virorum talium vis
				armatorum hominum iudicio approbata videatur, in quo iudicio non de armis dubitatum
				sed de verbis quaesitum esse dicatur? <reg>isne</reg> apud vos obtinebit causam suam
				qui se ita defenderit: 'reieci ego te armatis hominibus, non deieci,' ut tantum
				facinus non in aequitate defensionis, sed in una littera latuisse videatur?
					</p></div>
			<div type="textpart" subtype="section" n="39"><p><reg>huiusce</reg> rei vos statuetis nullam
				esse actionem, nullum experiendi ius constitutum, qui obstiterit armatis hominibus,
				qui multitudine coacta non introitu, sed omnino aditu quempiam prohibuerit?
					<milestone n="14" unit="chapter"/><reg>quid</reg> ergo? hoc quam habet vim, ut
				distare aliquid aut ex aliqua parte differre videatur, utrum, pedem cum intulero
				atque in possessione vestigium fecero, tum expellar ac deiciar, an eadem vi et isdem
				armis mihi ante occurratur, ne non modo intrare verum aspicere aut aspirare possim?
					<reg>quid</reg> hoc ab illo differt, ut ille cogatur restituere qui ingressum
				expulerit, ille qui ingredientem reppulerit non cogatur? </p></div>
			<div type="textpart" subtype="section" n="40"><p><reg>videte</reg>, per deos immortalis! quod ius nobis, quam
				condicionem vobismet ipsis, quam denique civitati legem constituere velitis.
					<reg>huiusce</reg> generis una est actio per hoc interdictum quo nos usi sumus
				constituta; ea si nihil valet aut si ad hanc rem non pertinet, quid neglegentius aut
				quid stultius maioribus nostris dici potest, qui aut tantae rei praetermiserint
				actionem aut eam constituerint quae nequaquam satis verbis causam et rationem iuris
				amplecteretur? <reg>hoc</reg> est periculosum, dissolvi hoc interdictum, est
				captiosum omnibus rem ullam constitui eius modi quae, cum armis gesta sit, rescindi
				iure non possit; verum tamen illud est turpissimum, tantae stultitiae prudentissimos
				homines condemnari, ut vos iudicetis huius rei ius atque actionem in mentem
				maioribus nostris non venisse. </p></div>
			<div type="textpart" subtype="section" n="41"><p>
			<milestone unit="para"/>'<reg>queramur</reg>,' inquit, 'licet; tamen hoc interdicto Aebutius non tenetur.'
					<reg>quid</reg> ita? '<reg>quod</reg> vis Caecinae facta non est.'
					<reg>dici</reg> in hac causa potest, ubi arma fuerint, ubi coacta hominum
				multitudo, ubi instructi et certis locis cum ferro homines conlocati, ubi minae,
				pericula terroresque mortis, ibi vim non fuisse? '<reg>nemo</reg>,' inquit, 'occisus
				est neque saucius <add>factus</add>.' <reg>quid</reg> ais? cum de possessionis
				controversia et de privatorum hominum contentione iuris loquamur, tu vim negabis
				factam, si caedes et occisio facta non erit? <reg>at</reg> exercitus maximos saepe
				pulsos et fugatos esse dico terrore ipso impetuque hostium sine cuiusquam non modo
				morte verum etiam volnere. </p></div><milestone n="15" unit="chapter"/>
			<div type="textpart" subtype="section" n="42"><p><reg>etenim</reg>, recuperatores, non ea sola vis est quae ad
				corpus nostrum vitamque pervenit, sed etiam multo maior ea quae periculo mortis
				iniecto formidine animum perterritum loco saepe et certo de statu demovet.
					<reg>itaque</reg> saucii saepe homines cum corpore debilitantur, animo tamen non
				cedunt neque eum relinquunt locum quem statuerunt defendere; at alii pelluntur
				integri; ut non dubium sit quin maior adhibita vis ei sit cuius animus sit
				perterritus quam illi cuius corpus volneratum sit. </p></div>
			<div type="textpart" subtype="section" n="43"><p><reg>quod</reg> si vi pulsos dicimus exercitus esse eos qui metu ac tenui
				saepe suspicione periculi fugerunt, et si non solum impulsu scutorum neque conflictu
				corporum neque ictu comminus neque coniectione telorum, sed saepe clamore ipso
				militum aut instructione aspectuque signorum magnas copias pulsas esse et vidimus et
				audivimus, quae vis in bello appellatur, ea in otio non appellabitur? et, quod
				vehemens in re militari putatur, id leve in iure civili iudicabitur? et, quod
				exercitus armatos movet, id advocationem togatorum non videbitur movisse? et volnus
				corporis magis istam vim quam terror animi declarabit? et sauciatio quaeretur, cum
				fugam factam esse constabit? </p></div>
			<div type="textpart" subtype="section" n="44"><p><reg>tuus</reg> enim
				testis hoc dixit, metu perterritis nostris advocatis locum se qua effugerent
				demonstrasse. <reg>qui</reg> non modo ut fugerent sed etiam ipsius fugae tutam viam
				quaesiverunt, his vis adhibita non videbitur? <reg>quid</reg> igitur fugiebant?
					<reg>propter</reg> metum. <reg>quid</reg> metuebant? <reg>vim</reg> videlicet.
					<reg>potestis</reg> igitur principia negare, cum extrema conceditis?
					<reg>fugisse</reg> perterritos confitemini; causam fugae dicitis eandem quam
				omnes intellegimus, arma, multitudinem hominum, incursionem atque impetum armatorum;
				haec ubi conceduntur esse facta, ibi vis facta negabitur? </p></div><milestone n="16" unit="chapter"/>
			<div type="textpart" subtype="section" n="45"><p>
			<milestone unit="para"/><reg>at</reg> vero hoc quidem iam vetus est et maiorum exemplo multis in rebus
				usitatum, cum ad vim faciendam veniretur, si quos armatos quamvis procul
				conspexissent, ut statim testificati discederent, <add>cum</add> optime sponsionem
				facere possent, <quote>ni adversvs edictvm praetoris vis facta esset.</quote>
				<reg>itane</reg> vero? scire esse armatos satis est ut vim factam probes; in manus
				eorum incidere non est satis? aspectus armatorum ad vim probandam valebit; incursus
				et impetus non valebit? qui abierit, facilius sibi vim factam probabit quam qui
				effugerit? </p></div>
			<div type="textpart" subtype="section" n="46"><p><reg>at</reg> ego hoc dico, si, ut
				primum in castello Caecinae dixit Aebutius se homines coegisse et armasse neque eum,
				si illo accessisset, abiturum, statim Caecina discessisset, dubitare vos non
				debuisse quin Caecinae facta vis esset; si vero simul ac procul conspexit armatos
				recessisset eo minus dubitaretis. <reg>omnis</reg> enim vis est quae periculo aut
				decedere nos alicunde cogit aut prohibet accedere. <reg>quod</reg> si aliter
				statuetis, videte ne hoc vos statuatis, qui vivus discesserit, ei vim non esse
				factam, ne hoc omnibus in possessionum controversiis praescribatis, ut confligendum
				sibi et armis decertandum putent, ne, quem ad modum in bello poena ignavis ab
				imperatoribus constituitur, sic in iudiciis deterior causa sit eorum qui fugerint
				quam qui ad extremum usque contenderint. </p></div>
			<div type="textpart" subtype="section" n="47"><p>Cum de
				iure et legitimis hominum controversiis loquimur et in his rebus vim nominamus,
				pertenuis vis intellegi debet. <reg>vidi</reg> armatos quamvis paucos; magna vis
				est. <reg>decessi</reg> unius hominis telo proterritus; deiectus detrususque sum.
					<reg>hoc</reg> si ita statuetis, non modo non erit cur depugnare quisquam
				posthac possessionis causa velit, sed ne illud quidem cur repugnare. <reg>sin</reg>
				autem vim sine caede, sine volneratione, sine sanguine nullam intellegetis,
				statuetis homines possessionis cupidiores quam vitae esse oportere. </p></div><milestone n="17" unit="chapter"/>
			<div type="textpart" subtype="section" n="48"><p>
			<milestone unit="para"/><reg>age</reg> vero, de vi te ipsum habebo iudicem, Aebuti. <reg>responde</reg>, si
				tibi videtur. <reg>in</reg> fundum Caecina utrum tandem noluit, an non potuit
				accedere? Cum te obstitisse et reppulisse dicis, certe hunc voluisse concedis.
					<reg>potes</reg> igitur dicere non ei vim fuisse impedimento cui, cum cuperet
				eoque consilio venisset, per homines coactos licitum non sit accedere? <reg>si</reg>
				enim id quod maxime voluit nullo modo potuit, vis profecto quaedam obstiterit
				necesse est; aut tu dic quam ob rem, cum vellet accedere, non accesserit. </p></div>
			<div type="textpart" subtype="section" n="49"><p><reg>iam</reg> vim factam negare non potes; deiectus quem
				ad modum sit, qui non accesserit, id quaeritur. <reg>demoveri</reg> enim et depelli
				de loco necesse est eum qui deiciatur. <reg>id</reg> autem accidere ei qui potest
				qui omnino in eo loco unde se deiectum esse dicit numquam fuit? <reg>quid</reg>? si
				fuisset et ex eo loco metu permotus fugisset, cum armatos vidisset, diceresne esse
				deiectum? <reg>opinor</reg>. ain tu? qui tam diligenter et tam callide verbis
				controversias non aequitate diiudicas, et iura non utilitate communi sed litteris
				exprimis, poterisne dicere deiectum esse eum qui tactus non erit? <reg>quid</reg>?
				detrusum dicesne? nam eo verbo antea praetores in hoc interdicto uti solebant.
					<reg>quid</reg> ais? potestne detrudi quisquam qui non attingitur? nonne, si
				verbum sequi volumus, hoc intellegamus necesse est, eum detrudi cui manus
				adferantur? <reg>necesse</reg> est, inquam, si ad verbum rem volumus adiungere,
				neminem statui detrusum qui non adhibita vi manu demotus et actus praeceps
				intellegatur. </p></div>
			<div type="textpart" subtype="section" n="50"><p><reg>deiectus</reg> vero qui potest
				esse quisquam nisi in inferiorem locum de superiore motus? <reg>potest</reg> pulsus,
				fugatus, eiectus denique; illud vero nullo modo potest, non modo qui tactus non sit
				sed ne in aequo quidem et plano loco. <reg>quid</reg> ergo? hoc interdictum putamus
				eorum esse causa compositum qui se praecipitatos ex locis superioribus dicerent—eos
				enim vere possumus dicere esse deiectos— <milestone n="18" unit="chapter"/>an, cum
				voluntas et consilium et sententia interdicti intellegatur, impudentiam summam aut
				stultitiam singularem putabimus in verborum errore versari, rem et causam et
				utilitatem communem non relinquere solum sed etiam prodere? </p></div>
			<div type="textpart" subtype="section" n="51"><p>
			<milestone unit="para"/><reg>an</reg> hoc dubium est quin neque verborum tanta copia sit non modo in nostra
				lingua, quae dicitur esse inops, sed ne in alia quidem ulla, res ut omnes suis
				certis ac propriis vocabulis nominentur, neque vero quicquam opus sit verbis, cum ea
				res cuius causa verba quaesita sint intellegatur? <reg>quae</reg> lex, quod senatus
				consultum, quod magistratus edictum, quod foedus aut pactio, quod, ut ad privatas
				res redeam, testamentum, quae iudicia aut stipulationes aut pacti et conventi
				formula non infirmari ac convelli potest, si ad verba rem deflectere velimus,
				consilium autem eorum qui scripserunt et rationem et auctoritatem relinquamus?
					</p></div>
			<div type="textpart" subtype="section" n="52"><p><reg>sermo</reg> hercule familiaris et
				cotidianus non cohaerebit, si verba inter nos aucupabimur; denique imperium
				domesticum nullum erit, si servolis hoc nostris concesserimus ut ad verba nobis
				oboediant, non ad id quod ex verbis intellegi possit obtemperent.
					<reg>exemplis</reg> nunc uti videlicet mihi necesse est harum rerum omnium; non
				occurrit uni cuique vestrum aliud alii in omni genere exemplum quod testimonio sit
				non ex verbis aptum pendere ius; sed verba servire hominum consiliis et
				auctoritatibus. </p></div>
			<div type="textpart" subtype="section" n="53"><p><reg>ornate</reg> et copiose L.
				Crassus, homo longe eloquentissimus, paulo ante quam nos in forum venimus, iudicio
					<num>c</num>virali hanc sententiam defendit et facile, cum contra eum
				prudentissimus homo, Q. Mucius, diceret, probavit omnibus, M'. Curium, qui heres
				institutus esset ita: '<quote>mortvo postvmo filio</quote>,' cum filius non modo non
				mortuus sed ne natus quidem esset, heredem esse oportere. <reg>quid</reg>? verbis
				hoc satis erat cautum? <reg>minime</reg>. <reg>quae</reg> res igitur valuit?
					<reg>voluntas</reg>, quae si tacitis nobis intellegi posset, verbis omnino non
				uteremur; quia non potest, verba reperta sunt, non quae impedirent sed quae
				indicarent voluntatem. </p></div><milestone n="19" unit="chapter"/>
			<div type="textpart" subtype="section" n="54"><p><reg>lex</reg> usum et auctoritatem fundi iubet esse biennium;
				at utimur eodem iure in aedibus, quae in lege non appellantur. <reg>si</reg> via sit
				immunita, iubet qua velit agere iumentum; potest hoc ex ipsis verbis intellegi,
				licere, si via sit in Bruttiis immunita, agere si velit iumentum per M. Scauri
				Tusculanum. Actio est in auctorem praesentem his verbis: '<quote>qvandoqve te in
					ivre conspicio.</quote>' <reg>hac</reg> actione Appius ille Caecus uti non
				posset, si ita in iure homines verba consectarentur ut rem cuius causa verba sunt
				non considerarent. <reg>testamento</reg> si recitatus heres esset pupillus Cornelius
				isque iam annos <num>xx</num> haberet, vobis interpretibus amitteret hereditatem.
					</p></div>
			<div type="textpart" subtype="section" n="55"><p><reg>veniunt</reg> in mentem mihi permulta,
				vobis plura, certo scio. <reg>verum</reg> ne nimium multa complectamur atque ab eo
				quod propositum est longius aberret oratio, hoc ipsum interdictum quo de agitur
				consideremus; intellegetis enim in eo ipso, si in verbis ius constituamus, omnem
				utilitatem nos huius interdicti, dum versuti et callidi velimus esse, amissuros.
					'<quote>Vnde tv avt familia avt procvrator tvvs.</quote>' <reg>si</reg> me
				vilicus tuus solus deiecisset, non familia deiecisset, ut opinor, sed aliquis de
				familia. <reg>recte</reg> igitur diceres te restituisse? <reg>quippe</reg>; quid
				enim facilius est quam probare eis qui modo Latine sciant, in uno servolo familiae
				nomen non valere? <reg>si</reg> vero ne habeas quidem servum praeter eum qui me
				deiecerit, clames videlicet: '<reg>si</reg> habeo familiam, a familia mea fateor te
				esse deiectum.' <reg>neque</reg> enim dubium est quin, si ad rem iudicandam verbo
				ducimur, non re, familiam intellegamus quae constet ex servis pluribus; quin unus
				homo familia non sit; verbum certe hoc non modo postulat, </p></div>
			<div type="textpart" subtype="section" n="56"><p>sed etiam cogit, at vero ratio iuris interdictique vis et
				praetorum voluntas et hominum prudentium consilium et auctoritas respuit hanc
				defensionem et pro nihilo putat. <milestone n="20" unit="chapter"/><reg>quid</reg>
				ergo? isti homines Latine non loquuntur? <reg>immo</reg> vero tantum loquuntur
				quantum est satis ad intellegendam voluntatem, cum sibi hoc proposuerint ut, sive me
				tu deieceris sive tuorum quispiam sive servorum sive amicorum, servos non numero
				distinguant sed appellent uno familiae nomine; </p></div>
			<div type="textpart" subtype="section" n="57"><p>de
				liberis autem quisquis est, procuratoris nomine appelletur; non quo omnes sint aut
				appellentur procuratores qui negoti nostri aliquid gerant, sed in hac re cognita
				sententia interdicti verba subtiliter exquiri omnia noluerunt. <reg>non</reg> enim
				alia causa est aequitatis in uno servo et in pluribus, non alia ratio iuris in hoc
				genere dumtaxat, utrum me tuus procurator deiecerit, is qui legitime procurator
				dicitur, omnium rerum eius qui in Italia non sit absitve rei publicae causa quasi
				quidam paene dominus, hoc est alieni iuris vicarius, an tuus colonus aut vicinus aut
				cliens aut libertus aut quivis qui illam vim deiectionemque tuo rogatu aut tuo
				nomine fecerit. </p></div>
			<div type="textpart" subtype="section" n="58"><p><reg>qua</reg> re, si ad eum
				restituendum qui vi deiectus est eandem vim habet aequitatis ratio, ea intellecta
				certe nihil ad rem pertinet quae verborum vis sit ac nominum. <reg>tam</reg>
				restitues si tuus me libertus deiecerit nulli tuo praepositus negotio, quam si
				procurator deiecerit; non quo omnes sint procuratores qui aliquid nostri negoti
				gerunt, sed quod <add>hoc</add> in hac re quaeri nihil attinet. <reg>tam</reg>
				restitues si unus servolus, quam si familia fecerit universa; non quo idem sit
				servolus unus quod familia, verum quia non quibus verbis quidque dicatur quaeritur,
				sed quae res agatur. <reg>etiam</reg>, ut longius a verbo recedamus, ab aequitate ne
				tantulum quidem, si tuus servus nullus fuerit et omnes alieni ac mercennarii, tamen
				ei ipsi tuae familiae genere et nomine continebuntur. </p></div><milestone n="21" unit="chapter"/>
			<div type="textpart" subtype="section" n="59"><p>Perge porro hoc idem
				interdictum sequi. '<quote>hominibvs coactis.</quote>' <reg>neminem</reg> coegeris,
				ipsi convenerint sua sponte; certe cogit is qui congregat homines et convocat;
				coacti sunt ei qui ab aliquo sunt unum in locum congregati. <reg>si</reg> non modo
				convocati non sunt, sed ne convenerunt quidem, sed ei modo fuerunt qui etiam antea
				non vis ut fieret, verum colendi aut pascendi causa esse in agro consuerant,
				defendes homines coactos non fuisse, et verbo quidem superabis me ipso iudice, re
				autem ne consistes quidem ullo iudice. <reg>vim</reg> enim multitudinis restitui
				voluerunt, non solum convocatae multitudinis; sed, quia plerumque ubi multitudine
				opus est homines cogi solent, ideo de coactis compositum interdictum est; quod etiam
				si verbo differre videbitur, re tamen erit unum et omnibus in causis idem valebit,
				in quibus perspicitur una atque eadem causa aequitatis. '<quote>armatisve.</quote>'
					<reg>quid</reg> dicemus? </p></div>
			<div type="textpart" subtype="section" n="60"><p>armatos, si Latine
				loqui volumus, quos appellare vere possumus? <reg>opinor</reg> eos qui scutis
				telisque parati ornatique sunt. <reg>quid</reg> igitur? si glebis aut saxis aut
				fustibus aliquem de fundo praecipitem egeris iussusque sis, quem hominibus armatis
				deieceris, restituere, restituisse te dices? <reg>verba</reg> si valent, si causae
				non ratione sed vocibus ponderantur, me auctore dicito. <reg>vinces</reg> profecto
				non fuisse armatos eos qui saxa iacerent quae de terra ipsi tollerent, non esse arma
				caespites neque glebas; non fuisse armatos eos qui praetereuntes ramum defringerent
				arboris; arma esse suis nominibus alia ad tegendum, alia ad nocendum; quae qui non
				habuerint, eos inermos fuisse vinces. </p></div>
			<div type="textpart" subtype="section" n="61"><p><reg>verum</reg> si quod erit armorum iudicium, tum ista dicito; iuris
				iudicium cum erit et aequitatis, cave in ista tam frigida, tam ieiuna calumnia
				delitiscas. <reg>non</reg> enim reperies quemquam iudicem aut recuperatorem qui,
				tamquam si arma militis inspicienda sint, ita probet armatum; sed perinde valebit
				quasi armatissimi fuerint, si reperientur ita parati fuisse ut vim vitae aut corpori
				potuerint adferre. </p></div><milestone n="22" unit="chapter"/>
			<div type="textpart" subtype="section" n="62"><p>
			<milestone unit="para"/><reg>atque</reg> ut magis intellegas quam verba nihil valeant, si tu solus aut quivis
				unus cum scuto et gladio impetum in me fecisset atque ego ita deiectus essem,
				auderesne dicere interdictum esse de hominibus armatis, hic autem hominem armatum
				unum fuisse? <reg>non</reg>, opinor, tam impudens esses. <reg>atqui</reg> vide ne
				multo nunc sis impudentior. <reg>nam</reg> tum quidem omnis mortalis implorare
				posses, quod homines in tuo negotio Latine obliviscerentur, quod inermi armati
				iudicarentur, quod, cum interdictum esset de pluribus, commissa res esset ab uno,
				unus homo plures esse homines iudicaretur. </p></div>
			<div type="textpart" subtype="section" n="63"><p><reg>verum</reg> in his causis non verba veniunt in iudicium, sed ea res cuius
				causa verba haec in interdictum coniecta sunt. <reg>vim</reg> quae ad caput ac vitam
				pertineret restitui sine ulla exceptione voluerunt. <reg>ea</reg> fit plerumque per
				homines coactos armatosque; si alio consilio, eodem periculo facta sit, eodem iure
				esse voluerunt. <reg>non</reg> enim maior est iniuria si tua familia quam si tuus
				vilicus, non si tui servi quam si alieni ac mercennarii, non si tuus procurator quam
				si vicinus aut libertus tuus, non si coactis hominibus quam si voluntariis aut etiam
				adsiduis ac domesticis, non si armatis quam si inermibus qui vim armatorum haberent
				ad nocendum, non si pluribus quam si uno armato. <reg>quibus</reg> enim rebus
				plerumque vis fit eius modi, eae res appellantur in interdicto. <reg>si</reg> per
				alias res eadem facta vis est, ea tametsi verbis interdicti non concluditur,
				sententia tamen iuris atque auctoritate retinetur. </p></div><milestone n="23" unit="chapter"/>
			<div type="textpart" subtype="section" n="64"><p>
			<milestone unit="para"/><reg>venio</reg> nunc ad illud tuum: 'non deieci; non enim sivi accedere.'
					<reg>puto</reg> te ipsum, Piso, perspicere quanto ista sit angustior iniquiorque
				defensio quam si illa uterere: 'non fuerunt armati, cum fustibus et cum saxis
				fuerunt.' <reg>si</reg> me hercule mihi, non copioso homini ad dicendum, optio
				detur, utrum malim defendere non esse deiectum eum cui vi et armis ingredienti sit
				occursum, an armatos non fuisse eos qui sine scutis sineque ferro fuerint, omnino ad
				probandum utramque rem videam infirmam nugatoriamque esse, ad dicendum autem in
				altera videar mihi aliquid reperire posse, non fuisse armatos eos qui neque ferri
				quicquam neque scutum ullum habuerint; hic vero haeream, si mihi defendendum sit eum
				qui pulsus fugatusque sit non esse deiectum. </p></div>
			<div type="textpart" subtype="section" n="65"><p>
			<milestone unit="para"/><reg>atque</reg> illud in tota defensione tua mihi maxime mirum videbatur, te dicere
				iuris consultorum auctoritati obtemperari non oportere. <reg>quod</reg> ego tametsi
				non nunc primum neque in hac causa solum audio, tamen admodum mirabar abs te quam ob
				rem diceretur. <reg>nam</reg> ceteri tum ad istam orationem decurrunt cum se in
				causa putant habere aequum et bonum quod defendant; si contra verbis et litteris et,
				ut dici solet, summo iure contenditur, solent eius modi iniquitati aequi et boni
				nomen dignitatemque opponere. <reg>tum</reg> illud quod dicitur, '<quote>sive
					nive</quote>,' inrident, tum aucupia verborum et litterarum tendiculas in
				invidiam vocant, tum vociferantur ex aequo et bono, non ex callido versutoque iure
				rem iudicari oportere; scriptum sequi calumniatoris esse bonique iudicis voluntatem
				scriptoris auctoritatemque defendere. </p></div>
			<div type="textpart" subtype="section" n="66"><p><reg>in</reg> ista vero causa cum tu sis is qui te verbo litteraque defendas,
				cum tuae sint hae partes: 'unde deiectus es? an inde quo prohibitus es accedere?
				reiectus es, non deiectus,' cum tua sit haec oratio: 'fateor me homines coegisse,
				fateor armasse, fateor tibi mortem esse minitatum, fateor hoc interdicto praetoris
				vindicari, si voluntas et aequitas valeat; sed ego invenio in interdicto verbum unum
				ubi delitiscam: non deieci te ex eo loco quem in locum prohibui ne venires'—in ista
				defensione accusas eos qui consuluntur, quod aequitatis censeant rationem, non verbi
				haberi oportere? </p></div><milestone n="24" unit="chapter"/>
			<div type="textpart" subtype="section" n="67"><p>
			<milestone unit="para"/><reg>et</reg> hoc loco Scaevolam dixisti causam apud <num>c</num>viros non tenuisse;
				quem ego antea commemoravi, cum idem faceret quod tu nunc—tametsi ille in aliqua
				causa faciebat, tu in nulla facis—tamen probasse nemini quod defendebat, quia verbis
				oppugnare aequitatem videbatur. Cum id miror, te hoc in hac re alieno tempore et
				contra quam ista causa postulasset defendisse, tum illud volgo in iudiciis et non
				numquam ab ingeniosis hominibus defendi mihi mirum videri solet, nec iuris consultis
				concedi nec ius civile in causis semper valere oportere. </p></div>
			<div type="textpart" subtype="section" n="68"><p><reg>nam</reg> hoc qui disputant, si id dicunt non recte aliquid
				statuere eos qui consulantur, non hoc debent dicere iuris consultis, sed hominibus
				stultis obtemperari non oportere; sin illos recte respondere concedunt et aliter
				iudicari dicunt oportere, male iudicari oportere dicunt; neque enim fieri potest ut
				aliud iudicari de iure, aliud responderi oporteat, nec ut quisquam iuris numeretur
				peritus qui id statuat esse ius quod non oporteat iudicari. </p></div>
			<div type="textpart" subtype="section" n="69"><p>'<reg>at</reg> est aliquando contra iudicatum.'
					<reg>primum</reg> utrum recte, an perperam? <reg>si</reg> recte, id fuit ius
				quod iudicatum est; sin aliter, non dubium est utrum iudices an iuris consulti
				vituperandi sint. <reg>deinde</reg>, si de iure vario quippiam iudicatum est,
					<add>non</add> potius contra iuris consultos statuunt, si aliter pronuntiatum
				est ac Mucio placuit, quam ex eorum auctoritate, si, ut Manilius statuebat, sic est
				iudicatum. <reg>etenim</reg> ipse Crassus non ita causam apud <num>c</num>viros egit
				ut contra iuris consultos diceret, sed ut hoc doceret, illud quod Scaevola
				defendebat, non esse iuris, et in eam rem non solum rationes adferret, sed etiam Q.
				Mucio, socero suo, multisque peritissimis hominibus auctoribus uteretur. </p></div><milestone n="25" unit="chapter"/>
			<div type="textpart" subtype="section" n="70"><p><reg>nam</reg> qui ius
				civile contemnendum putat, is vincula revellit non modo iudiciorum sed etiam
				utilitatis vitaeque communis; qui autem interpretes iuris vituperat, si imperitos
				iuris esse dicit, de hominibus, non de iure civili detrahit; sin peritis non putat
				esse obtemperandum, non homines laedit, sed leges ac iura labefactat; quod vobis
				venire in mentem profecto necesse est, nihil esse in civitate tam diligenter quam
				ius civile retinendum. <reg>etenim</reg> hoc sublato nihil est qua re exploratum
				cuiquam possit esse quid suum aut quid alienum sit, nihil est quod aequabile inter
				omnis atque unum omnibus esse possit. </p></div>
			<div type="textpart" subtype="section" n="71"><p><reg>itaque</reg> in ceteris controversiis atque iudiciis cum quaeritur
				aliquid factum necne sit, verum an falsum proferatur, et fictus testis subornari
				solet et interponi falsae tabulae, non numquam honesto ac probabili nomine bono viro
				iudici error obici, improbo facultas dari ut, cum sciens perperam iudicarit, testem
				tamen aut tabulas secutus esse videatur; in iure nihil est eius modi, recuperatores,
				non tabulae falsae, non testis improbus, denique nimia ista quae dominatur in
				civitate potentia in hoc solo genere quiescit; quid agat, quo modo adgrediatur
				iudicem, qua denique digitum proferat, non habet. </p></div>
			<div type="textpart" subtype="section" n="72"><p><reg>illud</reg> enim potest dici iudici ab aliquo non tam verecundo homine
				quam gratioso: 'iudica hoc factum esse aut numquam esse factum; crede huic testi,
				has comproba tabulas'; hoc non potest: 'statue cui filius agnatus sit, eius
				testamentum non esse ruptum; iudica quod mulier sine tutore auctore promiserit,
				deberi.' <reg>non</reg> est aditus ad huiusce modi res neque potentiae cuiusquam
				neque gratiae; denique, quo maius hoc sanctiusque videatur, ne pretio quidem
				corrumpi iudex in eius modi causa potest. </p></div>
			<div type="textpart" subtype="section" n="73"><p><reg>iste</reg> vester testis qui ausus est dicere <quote>fecisse
					videri</quote> eum de quo ne cuius rei argueretur quidem scire potuit, is ipse
				numquam auderet iudicare deberi viro dotem quam mulier nullo auctore dixisset.
					<milestone n="26" unit="chapter"/>
			<milestone unit="para"/>O rem praeclaram vobisque ob hoc retinendam, recuperatores! <reg>quod</reg> enim est
				ius civile? <reg>quod</reg> neque inflecti gratia neque perfringi potentia neque
				adulterari pecunia possit; quod si non modo oppressum sed etiam desertum aut
				neglegentius adservatum erit, nihil est quod quisquam sese habere certum aut a patre
				accepturum aut relicturum liberis arbitretur. </p></div>
			<div type="textpart" subtype="section" n="74"><p><reg>quid</reg> enim refert aedis aut fundum relictum a patre aut aliqua
				ratione habere bene partum, si incertum est, quae nunc tua iure mancipi sint, ea
				possisne retinere, si parum est communitum ius civile ac publica lege contra
				alicuius gratiam teneri non potest? quid, inquam, prodest fundum habere, si, quae
				diligentissime descripta a maioribus iura finium, possessionum, aquarum itinerumque
				sunt, haec perturbari aliqua ratione commutarique possunt? <reg>mihi</reg> credite,
				maior hereditas uni cuique nostrum venit in isdem bonis a iure et a legibus quam ab
				eis a quibus illa ipsa nobis relicta sunt. <reg>nam</reg> ut perveniat ad me fundus
				testamento alicuius fieri potest; ut retineam quod meum factum sit sine iure civili
				fieri non potest. <reg>fundus</reg> a patre relinqui potest, at usucapio fundi, hoc
				est finis sollicitudinis ac periculi litium, non a patre relinquitur, sed a legibus;
				aquae ductus, haustus, iter, actus a patre, sed rata auctoritas harum rerum omnium
				ab iure civili sumitur. </p></div>
			<div type="textpart" subtype="section" n="75"><p><reg>quapropter</reg> non
				minus diligenter ea quae a maioribus accepistis, publica patrimonia iuris quam
				privatae rei vestrae retinere debetis, non solum quod haec iure civili saepta sunt
				verum etiam quod patrimonium unius incommodo dimittetur, ius amitti non potest sine
				magno incommodo civitatis. <milestone n="27" unit="chapter"/>
			<milestone unit="para"/><reg>in</reg> hac ipsa causa, recuperatores, si hoc nos non obtinemus, vi armatis
				hominibus deiectum esse eum quem vi armatis hominibus pulsum fugatumque esse
				constat, Caecina rem non amittet, quam ipsam animo forti, si tempus ita ferret,
				amitteret, in possessionem in praesentia non restituetur, nihil amplius; </p></div>
			<div type="textpart" subtype="section" n="76"><p>populi Romani causa, civitatis ius, bona, fortunae
				possessionesque omnium in dubium incertumque revocantur. <reg>vestra</reg>
				auctoritate hoc constituetur, hoc praescribetur: quicum tu posthac de possessione
				contendes, eum si ingressum modo in praedium deieceris, restituas oportebit; sin
				autem ingredienti cum armata multitudine obvius fueris et ita venientem reppuleris,
				fugaris, averteris, non restitues. Iuris si haec vox est, esse vim non in caede
				solum sed etiam in animo, libidinis, nisi cruor appareat, vim non esse factam;
				iuris, deiectum esse qui prohibitus sit, libidinis, nisi ex eo loco ubi vestigium
				impresserit deici neminem posse; </p></div>
			<div type="textpart" subtype="section" n="77"><p>iuris, rem et
				sententiam et aequitatem plurimum valere oportere, libidinis, verbo ac littera ius
				omne intorqueri: vos statuite, recuperatores, utrae voces vobis honestiores et
				utiliores esse videantur. 
			<milestone unit="para"/><reg>hoc</reg> loco percommode accidit quod non adest is qui paulo ante adfuit et
				adesse nobis frequenter in hac causa solet, vir ornatissimus, C. Aquilius; nam ipso
				praesente de virtute eius et prudentia timidius dicerem, quod et ipse pudore quodam
				adficeretur ex sua laude et me similis ratio pudoris a praesentis laude tardaret;
				cuius auctoritati dictum est ab illa causa concedi nimium non oportere.
						<add><reg>non</reg></add> vereor de tali viro ne plus dicam quam vos aut
				sentiatis aut apud vos commemorari velitis. </p></div>
			<div type="textpart" subtype="section" n="78"><p><reg>quapropter</reg> hoc dicam, numquam eius auctoritatem nimium valere cuius
				prudentiam populus Romanus in cavendo, non in decipiendo perspexerit, qui iuris
				civilis rationem numquam ab aequitate seiunxerit, qui tot annos ingenium, laborem,
				fidem suam populo Romano promptam expositamque praebuerit; qui ita iustus est et
				bonus vir ut natura, non disciplina, consultus esse videatur, ita peritus ac prudens
				ut ex iure civili non scientia solum quaedam verum etiam bonitas nata videatur,
				cuius tantum est ingenium, ita probata fides ut quicquid inde haurias purum te
				liquidumque haurire sentias. </p></div>
			<div type="textpart" subtype="section" n="79"><p><reg>qua</reg> re
				permagnam initis a nobis gratiam, cum eum auctorem defensionis nostrae esse dicitis.
					<reg>illud</reg> autem miror, quem vos aliquid contra me sentire dicatis, cur
				eum auctorem vos pro me appelletis, nostrum nominetis. <reg>verum</reg> tamen quid
				ait vester iste auctor? '<quote>Qvibvs qvidqve verbis actvm pronvntiatvmqve
					sit.</quote>' <milestone n="28" unit="chapter"/><reg>conveni</reg> ego ex isto
				genere consultorum non neminem, ut opinor, istum ipsum quo vos auctore rem istam
				agere et defensionem causae constituere vos dicitis. <reg>qui</reg> cum istam
				disputationem mecum ingressus esset, non posse probari quemquam esse deiectum nisi
				ex eo loco in quo fuisset, rem et sententiam interdicti mecum facere fatebatur,
				verbo me excludi dicebat, a verbo autem posse recedi non arbitrabatur. </p></div>
			<div type="textpart" subtype="section" n="80"><p>Cum exemplis uterer multis ex omni memoria antiquitatis a
				verbo et ab scripto plurimis saepe in rebus ius et aequi bonique rationem esse
				seiunctam, semperque id valuisse plurimum quod in se auctoritatis habuisset
				aequitatisque plurimum, consolatus est me et ostendit in hac ipsa causa nihil esse
				quod laborarem; nam verba ipsa sponsionis facere mecum, si vellem diligenter
				attendere. '<reg>quonam</reg>,' inquam, 'modo?' '<reg>quia</reg> certe,' inquit,
				'deiectus est Caecina vi hominibus armatis aliquo ex loco; si non ex eo loco quem in
				locum venire voluit, at ex eo certe unde fugit.' '<reg>quid</reg> tum?'
					'<reg>praetor</reg>,' inquit, 'interdixit ut, unde deiectus esset, eo
				restitueretur, hoc est, quicumque is locus esset unde deiectus esset. Aebutius autem
				qui fatetur aliquo ex loco deiectum esse Caecinam, is quoniam se restituisse dixit,
					</p></div>
			<div type="textpart" subtype="section" n="81"><p>necesse est male fecerit sponsionem.'
					<reg>quid</reg> est, Piso? placet tibi nos pugnare verbis? placet causam iuris
				et aequitatis et non nostrae possessionis, sed omnino possessionum omnium
				constituere in verbo? <reg>ego</reg> quid mihi videretur, quid a maioribus
				factitatum, quid horum auctoritate quibus iudicandum est dignum esset, ostendi; id
				verum, id aequum, id utile omnibus esse spectari, quo consilio et qua sententia, non
				quibus quidque verbis esset actum. <reg>tu</reg> me ad verbum vocas; non ante veniam
				quam recusaro. <reg>nego</reg> oportere, nego obtineri posse, nego ullam rem esse
				quae aut comprehendi satis aut caveri aut excipi possit, si aut praeterito aliquo
				verbo aut ambigue posito re et sententia cognita non id quod intellegitur, sed id
				quod dicitur valebit. </p></div><milestone n="29" unit="chapter"/>
			<div type="textpart" subtype="section" n="82"><p>
			<milestone unit="para"/><reg>quoniam</reg> satis recusavi, venio iam quo vocas. <reg>quaero</reg> abs te
				simne deiectus, non de Fulciniano fundo; neque enim praetor, 'si ex eo fundo essem
				deiectus,' ita me restitui iussit, sed 'eo unde deiectus essem.' <reg>sum</reg> ex
				proximo vicini fundo deiectus, qua adibam ad istum fundum, sum de via, sum certe
				alicunde, sive de privato sive de publico; eo restitui sum iussus.
					<reg>restituisse</reg> te dixti; nego me ex decreto praetoris restitutum esse.
					<reg>quid</reg> ad haec dicimus? <reg>aut</reg> tuo, quem ad modum dicitur,
				gladio aut nostro defensio tua conficiatur necesse est. </p></div>
			<div type="textpart" subtype="section" n="83"><p><reg>si</reg> ad interdicti sententiam confugis et, de quo fundo
				actum sit tum cum Aebutius restituere iubebatur, id quaerendum esse dicis neque
				aequitatem rei verbi laqueo capi putas oportere, in meis castris praesidiisque
				versaris; mea, mea est ista defensio, ego hoc vociferor, ego omnis homines deosque
				testor, cum maiores vim armatam nulla iuris defensione texerint, non vestigium eius
				qui deiectus sit, sed factum illius qui deiecerit, in iudicium venire; deiectum esse
				qui fugatus sit, vim esse factam cui periculum mortis sit iniectum. <reg>sin</reg>
				hunc locum fugis et reformidas et me ex hoc, </p></div>
			<div type="textpart" subtype="section" n="84"><p>ut
				ita dicam, campo aequitatis ad istas verborum angustias et ad omnis litterarum
				angulos revocas, in eis ipsis intercludere insidiis quas mihi conaris opponere.
					'<reg>non</reg> deieci, sed reieci.' <reg>peracutum</reg> hoc tibi videtur, hic
				est mucro defensionis tuae; in eum ipsum causa tua incurrat necesse est.
					<reg>ego</reg> enim tibi refero: si non sum ex eo loco deiectus quo prohibitus
				sum accedere, at ex eo sum deiectus quo accessi, unde fugi. <reg>si</reg> praetor
				non distinxit locum quo me restitui iuberet, et restitui iussit, non sum ex decreto
				restitutus. </p></div>
			<div type="textpart" subtype="section" n="85"><p>
			<milestone unit="para"/><reg>velim</reg>, recuperatores, hoc totum si vobis versutius quam mea consuetudo
				defendendi fert videbitur, sic existimetis; primum alium, non me excogitasse, deinde
				huius rationis non modo non inventorem, sed ne probatorem quidem esse me, idque me
				non ad meam defensionem attulisse, sed illorum defensioni rettulisse; me posse pro
				meo iure dicere neque in hac re quam ego protuli quaeri oportere quibus verbis
				praetor interdixerit, sed de quo loco sit actum cum interdixit, neque in vi
				armatorum spectari oportere in quo loco sit facta vis, verum sitne facta; te vero
				nullo modo posse defendere in qua re tu velis verba spectari oportere, in qua re
				nolis non oportere. </p></div><milestone n="30" unit="chapter"/>
			<div type="textpart" subtype="section" n="86"><p>
			<milestone unit="para"/><reg>verum</reg> tamen ecquid mihi respondetur ad illud quod ego iam antea dixi, non
				solum re et sententia sed verbis quoque hoc interdictum ita esse compositum ut nihil
				commutandum videretur? <reg>attendite</reg>, quaeso, diligenter, recuperatores; est
				enim vestri ingeni non meam, sed maiorum prudentiam cognoscere; non enim id sum
				dicturus quod ego invenerim, sed quod illos non fugerit. Cum de vi interdicitur, duo
				genera causarum esse intellegebant ad quae interdictum pertineret, unum, si qui ex
				eo loco ubi fuisset se deiectum diceret, alterum, si qui ab eo loco quo veniret; et
				horum utrumque neque praeterea quicquam potest accidere, recuperatores. </p></div>
			<div type="textpart" subtype="section" n="87"><p><reg>id</reg> adeo sic considerate. <reg>si</reg> qui
				meam familiam de meo fundo deiecerit, <add>ex eo me loco deiecerit</add>; si qui
				mihi praesto fuerit cum armatis hominibus extra meum fundum et me introire
				prohibuerit, non ex eo, sed ab eo loco me deiecerit. <reg>ad</reg> haec duo genera
				rerum unum verbum quod satis declararet utrasque res invenerunt, ut, sive ex fundo
				sive a fundo deiectus essem, uno atque eodem interdicto restituerer '<quote>vnde
					tv.</quote>' <reg>hoc</reg> verbum '<quote>vnde</quote>' utrumque declarat, et
				ex quo loco et a quo loco. Vnde deiectus est Cinna? <reg>ex</reg> urbe. Vnde
				Telesinus? <reg>ab</reg> urbe. Vnde deiecti Galli? A Capitolio. Vnde qui cum Graccho
				fuerunt? </p></div>
			<div type="textpart" subtype="section" n="88"><p><reg>ex</reg> Capitolio.
					<reg>videtis</reg> igitur hoc uno verbo '<quote>vnde</quote>' significari res
				duas, et ex quo et a quo. Cum autem eo restitui iubet, ita iubet ut, si Galli a
				maioribus nostris postularent ut eo restituerentur unde deiecti essent, et aliqua vi
				hoc adsequi possent, non, opinor, eos in cuniculum qua adgressi erant sed in
				Capitolium restitui oporteret. <reg>hoc</reg> enim intellegitur: <quote>vnde
					deiecisti</quote>, sive ex quo loco sive a quo loco, <quote>eo
					restitvas.</quote>
				<reg>hoc</reg> iam simplex est, in eum locum restituas: sive ex hoc loco deiecisti,
				restitue in hunc locum, sive ab hoc loco, restitue in eum locum, non ex quo, sed a
				quo deiectus est. Vt si qui ex alto cum ad patriam accessisset, tempestate subito
				reiectus optaret ut, cum a patria deiectus esset, eo restitueretur, hoc, opinor,
				optaret ut a quo loco depulsus esset, in eum se fortuna restitueret, non in salum,
				sed in ipsam urbem quam petebat, sic quoniam verborum vim necessario similitudine
				rerum aucupamur, qui postulat ut a quo loco deiectus est, hoc est unde deiectus est,
				eo restituatur, hoc postulat ut in eum ipsum locum restituatur. </p></div><milestone n="31" unit="chapter"/>
			<div type="textpart" subtype="section" n="89"><p>Cum verba nos eo ducunt, tum
				res ipsa hoc sentire atque intellegere cogit. <reg>etenim</reg>, Piso,—redeo nunc ad
				illa principia defensionis meae—si quis te ex aedibus tuis vi hominibus armatis
				deiecerit, quid ages? <reg>opinor</reg>, hoc interdicto quo nos usi sumus
				persequere. <reg>quid</reg>? si qui iam de foro redeuntem armatis hominibus domum
				tuam te introire prohibuerit, quid ages? Vtere eodem interdicto. Cum igitur praetor
				interdixerit, unde deiectus es, ut eo restituaris, tu hoc idem quod ego dico et quod
				perspicuum est interpretabere, cum illud verbum '<quote>vnde</quote>' in utramque
				rem valeat, eoque tu restitui sis iussus, tam te in aedis tuas restitui oportere, si
				e vestibulo, quam si ex interiore aedium parte deiectus sis. </p></div>
			<div type="textpart" subtype="section" n="90"><p>
			<milestone unit="para"/>Vt vero iam, recuperatores, nulla dubitatio sit, sive rem sive verba spectare voltis,
				quin secundum nos iudicetis, exoritur hic iam obrutis rebus omnibus et perditis illa
				defensio, eum deici posse qui tum possideat; qui non possideat, nullo modo posse;
				itaque, si ego sim a tuis aedibus deiectus, restitui non oportere, si ipse sis,
				oportere. <reg>numera</reg> quam multa in ista defensione falsa sint, Piso.
					<reg>ac</reg> primum illud attende, te iam ex illa ratione esse depulsum, quod
				negabas quemquam deici posse nisi inde ubi tum esset; iam posse concedis; eum qui
				non possideat negas deici posse. </p></div><milestone n="32" unit="chapter"/>
			<div type="textpart" subtype="section" n="91"><p><reg>cur</reg> ergo aut in illud cotidianum interdictum
					'<quote>vnde ille me vi deiecit</quote>' additur '<quote>cvm ego
					possiderem</quote>,' si deici nemo potest qui non possidet, aut in hoc
				interdictum <quote>de hominibvs armatis</quote> non additur, si oportet quaeri
				possederit necne? <reg>negas</reg> deici, nisi qui possideat. <reg>ostendo</reg>, si
				sine armatis coactisve hominibus deiectus quispiam sit, eum qui fateatur se
				deiecisse vincere sponsionem, si ostendat eum non possedisse. <reg>negas</reg>
				deici, nisi qui possideat. <reg>ostendo</reg> ex hoc interdicto <quote>de armatis
					hominibvs</quote>, qui possit ostendere non possedisse eum qui deiectus sit,
				condemnari tamen sponsionis necesse esse, si fateatur esse deiectum. </p></div>
			<div type="textpart" subtype="section" n="92"><p><reg>dupliciter</reg> homines deiciuntur, aut sine
				coactis armatisve hominibus aut per eius modi rationem atque vim. <reg>ad</reg> duas
				dissimilis res duo diiuncta interdicta sunt. <reg>in</reg> illa vi cotidiana non
				satis est posse docere se deiectum, nisi ostendere potest, cum possideret, tum
				deiectum. <reg>ne</reg> id quidem satis est, nisi docet ita se possedisse
					<add>ut</add> nec vi nec clam nec precario possederit. <reg>itaque</reg> is qui
				se restituisse dixit magna voce saepe confiteri solet se vi deiecisse, verum illud
				addit: 'non possidebat' vel etiam, cum hoc ipsum concessit, vincit tamen sponsionem,
				si planum facit ab se illum aut vi aut clam aut precario possedisse. </p></div>
			<div type="textpart" subtype="section" n="93"><p><reg>videtisne</reg> quot defensionibus eum qui sine
				armis ac multitudine vim fecerit uti posse maiores voluerint? <reg>hunc</reg> vero
				qui ab iure, officio, bonis moribus ad ferrum, ad arma, ad caedem confugerit, nudum
				in causa destitutum videtis, ut, qui armatus de possessione contendisset, inermis
				plane de sponsione certaret. <reg>ecquid</reg> igitur interest, Piso, inter haec
				interdicta? ecquid interest utrum in hoc sit additum '<quote>cvm A. Caecina
					possideret</quote>' necne? <reg>ecquid</reg> te ratio iuris, ecquid
				interdictorum dissimilitudo, ecquid auctoritas maiorum commovet? <reg>si</reg> esset
				additum, de eo quaeri oporteret; additum non est, tamen oportebit? <reg>atque</reg>
				ego in hoc Caecinam non defendo; </p></div>
			<div type="textpart" subtype="section" n="94"><p>possedit enim
				Caecina, recuperatores; et id, tametsi extra causam est, percurram tamen brevi ut
				non minus hominem ipsum quam ius commune defensum velitis. Caesenniam possedisse
				propter usum fructum non negas. <reg>qui</reg> colonus habuit conductum de Caesennia
				fundum, cum idem ex eadem conductione fuerit in fundo, dubium est quin, si Caesennia
				tum possidebat, cum erat colonus in fundo, post eius mortem heres eodem iure
				possederit? <reg>deinde</reg> ipse Caecina cum circuiret praedia, venit in istum
				fundum, rationes a colono accepit. </p></div>
			<div type="textpart" subtype="section" n="95"><p><reg>sunt</reg>
				in eam rem testimonia. <reg>postea</reg> cur tu, Aebuti, de isto potius fundo quam
				de alio, si quem habes, Caecinae denuntiabas, si Caecina non possidebat?
					<reg>ipse</reg> porro Caecina cur se moribus deduci volebat idque tibi de
				amicorum et de Aquili sententia responderat. <milestone n="33" unit="chapter"/>
			<milestone unit="para"/><reg>at</reg> enim Sulla legem tulit. Vt nihil de illo tempore, nihil de calamitate
				rei publicae querar, hoc tibi respondeo, ascripsisse eundem Sullam in eadem lege:
					'<quote>si qvid ivs non esset rogarier, eivs ea lege nihilvm rogatvm.</quote>'
					<reg>quid</reg> est quod ius non sit, quod populus iubere aut vetare non possit?
				Vt ne longius abeam, declarat ista ascriptio esse aliquid; nam, nisi esset, hoc in
				omnibus legibus non ascriberetur. </p></div>
			<div type="textpart" subtype="section" n="96"><p><reg>sed</reg>
				quaero <add>de</add> te, putesne, si populus iusserit me tuum aut te meum servum
				esse, id iussum ratum atque firmum futurum. <reg>perspicis</reg> hoc nihil esse et
				fateris; qua in re primum illud concedis, non quicquid populus iusserit, ratum esse
				oportere; deinde nihil rationis adfers quam ob rem, si libertas adimi nullo modo
				possit, civitas possit. <reg>nam</reg> et eodem modo de utraque re traditum nobis
				est, et, si semel civitas adimi potest, retineri libertas non potest. <reg>qui</reg>
				enim potest iure Quiritium liber esse is qui in numero Quiritium non est? </p></div>
			<div type="textpart" subtype="section" n="97"><p><reg>atque</reg> ego hanc adulescentulus causam cum
				agerem contra hominem disertissimum nostrae civitatis, <add>C.</add> Cottam,
				probavi. Cum Arretinae mulieris libertatem defenderem et Cotta <num>x</num>viris
				religionem iniecisset non posse nostrum sacramentum iustum iudicari, quod Arretinis
				adempta civitas esset, et ego vehementius contendissem civitatem adimi non posse,
					<num>x</num>viri prima actione non iudicaverunt; postea re quaesita et
				deliberata sacramentum nostrum iustum iudicaverunt. <reg>atque</reg> hoc et contra
				dicente Cotta et Sulla vivo iudicatum est. <reg>iam</reg> vero in ceteris rebus ut
				omnes qui in eadem causa sunt et lege agant et suum ius persequantur, et omni iure
				civili sine cuiusquam aut magistratus aut iudicis aut periti hominis aut imperiti
				dubitatione utantur, quid ego commemorem? Dubium esse nemini vestrum certo
					<add>scio</add>. </p></div>
			<div type="textpart" subtype="section" n="98"><p>
			<milestone unit="para"/><reg>quaeri</reg> hoc solere me non praeterit—ut ex me ea quae tibi in mentem non
				veniunt audias—quem ad modum, si civitas adimi non possit, in colonias Latinas saepe
				nostri cives profecti sint. <reg>aut</reg> sua voluntate aut legis multa profecti
				sunt; quam multam si sufferre voluissent, manere in civitate potuissent. <milestone n="34" unit="chapter"/><reg>quid</reg>? quem pater patratus dedidit aut suus
				pater populusve vendidit, quo is iure amittit civitatem? Vt religione civitas
				solvatur civis Romanus deditur; qui cum est acceptus, est eorum quibus est deditus;
				si non accipiunt, <add>ut</add> Mancinum Numantini, retinet integram causam et ius
				civitatis. <reg>si</reg> pater vendidit eum quem in suam potestatem susceperat, ex
				potestate dimittit. <reg>iam</reg> populus cum eum vendit qui miles factus non est,
					</p></div>
			<div type="textpart" subtype="section" n="99"><p>non adimit ei libertatem, sed iudicat non esse
				eum liberum qui, ut liber sit, adire periculum noluit; cum autem incensum vendit,
				hoc iudicat, cum ei qui in servitute iusta fuerunt censu liberentur, eum qui, cum
				liber esset, censeri noluerit, ipsum sibi libertatem abiudicavisse. <reg>quod</reg>
				si maxime hisce rebus adimi libertas aut civitas potest, non intellegunt qui haec
				commemorant, si per has rationes maiores adimi posse voluerunt, alio modo noluisse?
					</p></div>
			<div type="textpart" subtype="section" n="100"><p><reg>nam</reg> ut haec ex iure civili
				proferunt, sic adferant velim quibus lege aut rogatione civitas aut libertas erepta
				sit. <reg>nam</reg> quod ad exsilium attinet, perspicue intellegi potest quale sit.
					<reg>exsilium</reg> enim non supplicium est, sed perfugium portusque supplici.
					<reg>nam</reg> quia volunt poenam aliquam subterfugere aut calamitatem, eo solum
				vertunt, hoc est sedem ac locum mutant. <reg>itaque</reg> nulla in lege nostra
				reperietur, <add>ut</add> apud ceteras civitates, maleficium ullum exsilio esse
				multatum; sed cum homines vincula, neces ignominiasque vitant, quae sunt legibus
				constitutae, confugiunt quasi ad aram in exsilium. <reg>qui</reg> si in civitate
				legis vim subire vellent, non prius civitatem quam vitam amitterent; quia nolunt,
				non adimitur eis civitas, sed ab eis relinquitur atque deponitur. <reg>nam</reg>,
				cum ex nostro iure duarum civitatum nemo esse possit, tum amittitur haec civitas
				denique, cum is qui profugit receptus est in exsilium, hoc est in aliam civitatem.
					</p></div><milestone n="35" unit="chapter"/>
			<div type="textpart" subtype="section" n="101"><p>
			<milestone unit="para"/><reg>non</reg> me praeterit, recuperatores, tametsi de hoc iure permulta praetereo,
				tamen me longius esse prolapsum quam ratio vestri iudici postularit.
					<reg>verum</reg> id feci, non quo vos hanc in hac causa defensionem desiderare
				arbitrarer, sed ut omnes intellegerent nec ademptam cuiquam civitatem esse neque
				adimi posse. <reg>hoc</reg> cum eos scire volui quibus Sulla voluit iniuriam facere,
				tum omnis ceteros novos veteresque civis. <reg>neque</reg> enim ratio adferri potest
				cur, si cuiquam novo civi potuerit adimi civitas, non omnibus patriciis, omnibus
				antiquissimis civibus possit. </p></div>
			<div type="textpart" subtype="section" n="102"><p><reg>nam</reg> ad
				hanc quidem causam nihil hoc pertinuisse primum ex eo intellegi potest quod vos
					<add>ea</add> de re iudicare non debetis; deinde quod Sulla ipse ita tulit de
				civitate ut non sustulerit horum nexa atque hereditates. <reg>iubet</reg> enim eodem
				iure esse quo fuerint Ariminenses; quos quis ignorat duodecim coloniarum fuisse et a
				civibus Romanis hereditates capere potuisse? <reg>quod</reg> si adimi civitas A.
				Caecinae lege potuisset, magis illam rationem tamen omnes boni quaereremus, quem ad
				modum spectatissimum pudentissimumque hominem, summo consilio, summa virtute, summa
				auctoritate domestica praeditum, levatum iniuria civem retinere possemus, quam uti
				nunc, cum de iure civitatis nihil potuerit deperdere, quisquam exsistat nisi tui,
				Sexte, similis et stultitia et impudentia qui huic civitatem ademptam esse dicat.
					</p></div>
			<div type="textpart" subtype="section" n="103"><p><reg>qui</reg> quoniam, recuperatores, suum
				ius non deseruit neque quicquam illius audaciae petulantiaeque concessit, de reliquo
				iam communem causam populique <add>Romani</add> ius in vestra fide ac religione
				deponit. <milestone n="36" unit="chapter"/><reg>is</reg> homo est, ita se probatum
				vobis vestrique similibus semper voluit ut id non minus in hac causa laborarit ne
				inique contendere aliquid quam ne dissolute relinquere videretur, nec minus
				vereretur ne contemnere Aebutium quam ne ab eo contemptus esse existimaretur.
					</p></div>
			<div type="textpart" subtype="section" n="104"><p>
			<milestone unit="para"/><reg>quapropter</reg>, si quid extra iudicium est quod homini tribuendum sit, habetis
				hominem singulari pudore, virtute cognita et spectata fide, amplissimo totius
				Etruriae nomine, in utraque fortuna cognitum multis signis et virtutis et
				humanitatis. <reg>si</reg> quid in contraria parte in homine offendendum est,
				habetis eum, ut nihil dicam amplius, qui se homines coegisse fateatur.
					<reg>sin</reg> hominibus remotis de causa quaeritis, cum iudicium de vi sit, is
				qui arguitur vim se hominibus armatis fecisse fateatur, verbo se, non aequitate,
				defendere conetur, id quoque ei verbum ipsum ereptum esse videatis, auctoritatem
				sapientissimorum hominum facere nobiscum, in iudicium non venire utrum A. Caecina
				possederit necne, tamen doceri possedisse; multo etiam minus quaeri A. Caecinae
				fundus sit necne, me tamen id ipsum docuisse, fundum esse Caecinae: cum haec ita
				sint, statuite quid vos tempora rei publicae de armatis hominibus, quid illius
				confessio de vi, quid nostra decisio de aequitate, quid ratio interdicti de iure
				admoneat ut iudicetis.
			</p></div>
		</div>
	</body>
	</text>
</TEI>
