<?xml version="1.0" encoding="UTF-8"?>

<ti:work xmlns:ti="http://chs.harvard.edu/xmlns/cts" groupUrn="urn:cts:latinLit:phi0448" urn="urn:cts:latinLit:phi0448.phi001" xml:lang="lat">
    <ti:title xml:lang="eng">Gallic War</ti:title>
    <ti:title xml:lang="lat">De Bello Gallico</ti:title>
    
    <ti:edition workUrn="urn:cts:latinLit:phi0448.phi001" urn="urn:cts:latinLit:phi0448.phi001.perseus-lat2">
        <ti:label xml:lang="lat">De Bello Gallico</ti:label>
        <ti:description xml:lang="mul">C. Iuli Commentarii Rerum in Gallia Gestarum VII A. Hirti Commentarius VII; Caesar, Julius; Hirtius, Aulus; Holmes, T. Rice (Thomas Rice), editor. Oxford: Clarendon Press, 1914.</ti:description>
    </ti:edition>
    
    <ti:translation urn="urn:cts:latinLit:phi0448.phi001.perseus-eng2" workUrn="urn:cts:latinLit:phi0448.phi001" xml:lang="eng">
        <ti:label xml:lang="eng">
            Gallic War
        </ti:label>
        <ti:description xml:lang="eng">Gallic War, Caesar’s Commentaries on the Gallic and civil wars with the supplementary books attributed to Hirtius : including the Alexandrian, African and Spanish Wars. Caesar, Julius; Hirtius, Aulus, Author of Book VIII; McDevitte, W. A. (William Alexander), translator; Bohn, W. S, translator. New York: Harper, 1869.</ti:description>
    </ti:translation>
    
    
</ti:work>
