<ti:work xmlns:ti="http://chs.harvard.edu/xmlns/cts" urn="urn:cts:latinLit:phi0836.phi002" xml:lang="lat" groupUrn="urn:cts:latinLit:phi0836">
  <ti:title xml:lang="lat">De Medicina</ti:title>
  <ti:translation urn="urn:cts:latinLit:phi0836.phi002.perseus-eng2" workUrn="urn:cts:latinLit:phi0836.phi002" xml:lang="eng">
      <ti:label xml:lang="eng">De Medicina, De medicina</ti:label>
      <ti:description xml:lang="eng">Celsus, Aulus Cornelius, creator; Spencer, Walter George, 1858-1940, translator</ti:description>
    </ti:translation>
  <ti:edition urn="urn:cts:latinLit:phi0836.phi002.perseus-lat4" workUrn="urn:cts:latinLit:phi0836.phi002">
      <ti:label xml:lang="eng">De Medicina, De medicina</ti:label>
      <ti:description xml:lang="eng">Celsus, Aulus Cornelius, creator; Spencer, Walter George, 1858-1940, editor</ti:description>
    </ti:edition>
  <ti:edition urn="urn:cts:latinLit:phi0836.phi002.perseus-lat5" workUrn="urn:cts:latinLit:phi0836.phi002">
      <ti:label xml:lang="eng">De Medicina, A. Cornelii Celsi De medicina libri octo</ti:label>
      <ti:description xml:lang="eng">Celsus, Aulus Cornelius, creator; Daremberg, Charles Victor, 1817-1872, editor</ti:description>
    </ti:edition>
  <ti:edition urn="urn:cts:latinLit:phi0836.phi002.perseus-lat6" workUrn="urn:cts:latinLit:phi0836.phi002">
      <ti:label xml:lang="eng">De Medicina, A. Cornelii Celsi quae supersunt</ti:label>
      <ti:description xml:lang="eng">Celsus, Aulus Cornelius, creator; Marx, Friedrich, 1859-1941, editor</ti:description>
  </ti:edition>
</ti:work>