<ti:work xmlns:ti="http://chs.harvard.edu/xmlns/cts" urn="urn:cts:latinLit:phi0893.phi001" xml:lang="lat" groupUrn="urn:cts:latinLit:phi0893">
            <ti:title xml:lang="lat">Carmina</ti:title>
            <ti:title xml:lang="eng">Odes</ti:title>
            <ti:edition urn="urn:cts:latinLit:phi0893.phi001.perseus-lat2" workUrn="urn:cts:latinLit:phi0893.phi001">
              <ti:label xml:lang="lat">Carmina</ti:label>
              <ti:description xml:lang="eng">Horace, creator; Shorey, Paul, 1857-1934, editor; Laing, Gordon Jennings, 1869-, joint editor; Laing, Gordon Jennings, 1869-1945, joint editor</ti:description>
            </ti:edition>
          <ti:translation xml:lang="eng" urn="urn:cts:latinLit:phi0893.phi001.perseus-eng2" workUrn="urn:cts:latinLit:phi0893.phi001">
              <ti:label xml:lang="eng">Odes</ti:label>
              <ti:description xml:lang="eng">Horace, creator; Conington, John, 1825-1869, editor</ti:description>
            </ti:translation>
          </ti:work>