<?xml version="1.0" encoding="UTF-8"?> 
<?xml-model href="http://www.stoa.org/epidoc/schema/latest/tei-epidoc.rng" schematypens="http://relaxng.org/ns/structure/1.0"?> <TEI xmlns="http://www.tei-c.org/ns/1.0">
   <teiHeader>
      <fileDesc>
         <titleStmt>
            <title type="sub">Machine readable text</title>
            <title n="Comp.Dio.Brut." type="work">Comparison of Dion and Brutus</title>
            <author n="Plut.">Plutarch</author>
            <editor>Bernadotte Perrin</editor>
            <sponsor>Perseus Project, Tufts University</sponsor>
            <principal>Gregory Crane</principal>
            <respStmt>
               <resp>Prepared under the supervision of</resp>
               <name>Lisa Cerrato</name>
               <name>William Merrill</name>
               <name>Elli Mylonas</name>
               <name>David Smith</name>
            </respStmt>
            <funder n="org:Tufts">Tufts University</funder>
         </titleStmt>
         <extent>about 12Kb</extent>
         <publicationStmt>
            <publisher>Trustees of Tufts University</publisher>
            <pubPlace>Medford, MA</pubPlace>
            <authority>Perseus Project</authority>
         </publicationStmt>
         <sourceDesc>
            <biblStruct>
               
               <monogr>
                  <author>Plutarch</author>
                  <title>Plutarch's Lives</title><idno type="ISBN">0674991095</idno>
                  <respStmt>
                     <resp>with an English Translation by</resp>
                     <name>Bernadotte Perrin</name>
                  </respStmt>
                  <imprint>
                     <pubPlace>Cambridge, MA</pubPlace>
                     <publisher>Harvard University Press</publisher>
                     <pubPlace>London</pubPlace>
                     <publisher>William Heinemann Ltd.</publisher>
                     <date>1918</date>
                  </imprint>
                  <biblScope unit="volume">6</biblScope>
               </monogr>
               
            </biblStruct>
         </sourceDesc>
      </fileDesc>
      <encodingDesc>
         <editorialDecl>
            <correction status="high" method="silent">
               <p>optical character recognition</p>
            </correction>
         </editorialDecl>
         <refsDecl n="CTS">
            <cRefPattern n="section"
               matchPattern="(\w+).(\w+)"
               replacementPattern="#xpath(/tei:TEI/tei:text/tei:body/tei:div/tei:div[@n='$1']/tei:div[@n='$2'])">
               <p>This pointer pattern extracts chapter and section</p>
            </cRefPattern>
            <cRefPattern n="chapter"
               matchPattern="(\w+)"
               replacementPattern="#xpath(/tei:TEI/tei:text/tei:body/tei:div/tei:div[@n='$1'])">
               <p>This pointer pattern extracts chapter</p>
            </cRefPattern>
         </refsDecl>
         <refsDecl>
            <refState unit="chapter" delim="."/>
            <refState unit="section"/>
         </refsDecl>
      </encodingDesc>
      <profileDesc>
         <langUsage>
            <language ident="eng">English</language>
            <language ident="lat">Latin</language>
            <language ident="grc">Greek</language>
         </langUsage>
      </profileDesc>
      <revisionDesc>
         <change when="2018-02-27" who="Lisa Cerrato">EpiDoc and CTS compliance; minor cleanup; bumped URN</change>
         <change when="1999-06-01" who="Lisa Cerrato">tagged and parsed</change>
      </revisionDesc>
   </teiHeader>
   <text xml:lang="eng">
      <body>
         <div type="translation" n="urn:cts:greekLit:tlg0007.tlg062.perseus-eng2" xml:lang="eng">
         <head>COMPARISON OF DION AND BRUTUS</head>
            <div type="textpart" subtype="chapter" n="1"> 
               <div type="textpart" subtype="section" n="1"><p>We see, therefore, that both men had many noble traits, and especially that they rose to the greatest heights from the most inconsiderable beginnings; but this is most to the credit of Dion. </p></div>
               <div type="textpart" subtype="section" n="2"><p>For he had no one to dispute his eminence, as Brutus had in Cassius, a man whose virtue and fame did not inspire confidence in like degree, but who, by reason of his boldness, ability, and efficiency, contributed no less than Brutus did to the war; </p></div>
               <div type="textpart" subtype="section" n="3"><p>indeed, some attribute to him the origin of the whole enterprise, declaring that he took the lead in the plot against Caesar when Brutus was passive.</p></div>
               <div type="textpart" subtype="section" n="4"><p>Dion, however, appears to have acquired by his own efforts, not only arms and vessels and a military force, but also friends and co-workers for his enterprise. </p></div>
               <div type="textpart" subtype="section" n="5"><p>However, Dion did not, like Brutus, win wealth and power from the course of the war itself, nay, he contributed his own wealth for the war, expending in behalf of the liberty of his countrymen those resources which supported him in his exile. </p></div>
               <div type="textpart" subtype="section" n="6"><p>And further, it was not safe for Brutus and Cassius to keep quiet after their banishment from Rome, but since they were condemned to death and pursued, it was of necessity that they resorted to war; and in committing their persons to the protection of their arms they incurred danger in their own behalf rather than in behalf of their countrymen; </p></div>
               <div type="textpart" subtype="section" n="7"><p>whereas Dion was living with greater confidence and pleasure in his banishment than the tyrant who banished him, and yet of his own accord he hazarded a peril so great in order to save Sicily.</p></div></div>
                  <div type="textpart" subtype="chapter" n="2"> 
                     <div type="textpart" subtype="section" n="1"><p>And verily it was not a like thing for Syracuse to be rid of Dionysius and Rome of Caesar. For Dionysius was even an avowed tyrant, and filled Sicily with countless ills; </p></div>
                     <div type="textpart" subtype="section" n="2"><p>whereas the rule of Caesar, although during its establishment it gave no little trouble to its opponents, still, after they had been overpowered and had accepted it, they saw that it was a tyranny only in name and appearance, and no cruel or tyrannical act was authorized by it; nay, it was plain that the ills of the state required a monarchy, and that Caesar, like a most gentle physician, had been assigned to them by Heaven itself.</p></div>
                     <div type="textpart" subtype="section" n="3"><p>Therefore the Roman people felt at once a yearning for Caesar, and in consequence became harsh and implacable towards his murderers; whereas Dion, for letting Dionysius escape from Syracuse, and for not demolishing the tomb of the former tyrant, was held most culpable by his countrymen. </p></div></div>
                        <div type="textpart" subtype="chapter" n="3"> 
                           <div type="textpart" subtype="section" n="1"><p>Next, as regards their actual military achievements, Dion was a consummate general; where he himself made the plans, he achieved the best results, and where failure was due to others, he restored and bettered the situation.</p></div>
                           <div type="textpart" subtype="section" n="2"><p>Brutus, on the other hand, as it seems, was unwise in entering upon the last supreme struggle, and when he was defeated, could not find a way to restore his cause, but gave up and abandoned his hopes, not even facing adverse fortune with as much resolution as Pompey, </p></div>
                           <div type="textpart" subtype="section" n="3"><p>and that too although on land he had much ground for confidence left in his troops, and with his fleet was secure master of all the sea.</p></div>
                           <div type="textpart" subtype="section" n="4"><p><milestone unit="para" resp="editor"/>Moreover, the gravest charge which is brought against Brutus, namely, that although his life was spared by the kindness of Caesar, together with the lives of all the fellow captives for whom he wished to intercede, and although Caesar held him a friend and honoured him above many, he struck down his preserver with his own hand,—this charge no one can bring against Dion. </p></div>
                           <div type="textpart" subtype="section" n="5"><p>On the contrary, while he was a courtier and friend of Dionysius, he tried to set the state in order and help in preserving it; but when he had been banished from his country, wronged as a husband, and deprived of his property, he openly resorted to a war that was lawful and just. Or does this argument reverse itself at once? </p></div>
                           <div type="textpart" subtype="section" n="6"><p>For that which redounds to the praise of both men is their hostility to tyrants and hatred of their baseness, and this is disinterested and sincere in the case of Brutus, since without any private grievance against Caesar he risked his life for the common liberty; </p></div>
                           <div type="textpart" subtype="section" n="7"><p>whereas, had not Dion himself been mistreated, he would not have gone to war. And this is made manifest by the letters of Plato, from which it is clear that Dion did not revolt, but was cast out from the tyranny, and therefore overthrew Dionysius. </p></div>
                           <div type="textpart" subtype="section" n="8"><p>Still further, it was the public good that made Brutus a friend even to Pompey, who was his foe, and an enemy to Caesar, since he determined both hatred and friendship by justice alone; </p></div>
                           <div type="textpart" subtype="section" n="9"><p>Dion, on the other hand, gave Dionysius much support in order to win his favour, when he was secure in his confidence, and when he was discredited by him, it was to gratify anger that he went to war. </p></div>
                           <div type="textpart" subtype="section" n="10"><p>Therefore Dion was not trusted even by all his friends, who felt that after removing Dionysius he might secure the government for himself, enticing his countrymen along by some milder name than that of tyranny; </p></div>
                           <div type="textpart" subtype="section" n="11"><p>but the enemies of Brutus were wont to say that of all the conspirators against Caesar he alone had one aim from first to last, namely the restoration to the Romans of their ancient form of government. </p></div></div> 
                              <div type="textpart" subtype="chapter" n="4"> 
                                 <div type="textpart" subtype="section" n="1"><p>However, apart from these considerations, the struggle against Dionysius was surely unlike that against Caesar. </p></div>
                                 <div type="textpart" subtype="section" n="2"><p>For Dionysius must have been despised by every one of his associates, devoted as he was to wine, dice, and women; </p></div>
                                 <div type="textpart" subtype="section" n="3"><p>but to plan the overthrow of Caesar, and now to fear the ability, power, and good fortune of the man whose very name robbed the kings of Parthia and India of their sleep, betokened an extraordinary spirit, and one which fear could never induce to remit its lofty purposes. </p></div>
                                 <div type="textpart" subtype="section" n="4"><p>Therefore Dion had only to be seen in Sicily, and many thousands joined him in attacking Dionysius; whereas the fame of Caesar, even after he had fallen, supported his friends, and his name raised the helpless boy who adopted it to be at once the foremost Roman, and he wore it as a charm against the power and hatred of Antony. </p></div>
                                 <div type="textpart" subtype="section" n="5"><p><milestone unit="para" resp="editor"/>But should it be objected that Dion cast out the tyrant only after great struggles, while Brutus slew Caesar unarmed and unguarded, this very circumstance was a result of the highest ability and generalship, namely, that a man enveloped in such great power should be taken unarmed and unguarded. </p></div>
                                 <div type="textpart" subtype="section" n="6"><p>For not on a sudden, nor alone, or with a few helpers only, did he fall upon him and slay him, nay, his plan was long in forming, and his attack was made with many helpers, not one of whom proved false to him. For either he chose out at once the best men, or his choice of them before others, and his confidence in them, made them good. </p></div>
                                 <div type="textpart" subtype="section" n="7"><p>But Dion either chose unwisely and entrusted himself to bad men, or else treated the men of his choice so as to turn them from good to bad, neither of which mistakes a prudent man ought to make. </p></div>
                                 <div type="textpart" subtype="section" n="8"><p>And in fact Plato censures him for choosing such friends as proved his ruin. </p></div></div> 
                                    <div type="textpart" subtype="chapter" n="5"> 
                                       <div type="textpart" subtype="section" n="1"><p>Further, no one arose to avenge Dion’s death; but in the case of Brutus, Antony, an enemy, gave him illustrious burial, and Octavius, an enemy, actually took care to preserve his honours. </p></div>
                                       <div type="textpart" subtype="section" n="2"><p>For a bronze statue of him stood in Mediolanum in Cisalpine Gaul. This statue, at a later time, Octavius noticed as he passed by, for it was a good likeness and an artistic piece of work; then stopping, after a little, in the hearing of many he summoned the magistrates and declared that he had caught their city violating its treaty and harbouring an enemy of his. </p></div>
                                       <div type="textpart" subtype="section" n="3"><p>At first, then, as was natural, they denied it, and looked at one another in perplexity, not knowing what he meant. Then Octavius, turning to the statue and knitting his brows, said: <q type="spoken">Well, is not this an enemy of mine who stands here?</q> At this, the magistrates were still more dumbfounded and held their peace. </p></div>
                                       <div type="textpart" subtype="section" n="4"><p>But Octavius, with a smile, praised the Gauls because they were true to their friends even in adversity, and gave orders that the statue should remain where it was. </p> </div></div>
         </div>
</body>
   </text>
</TEI>