<?xml version="1.0" encoding="UTF-8"?> 
<?xml-model href="http://www.stoa.org/epidoc/schema/latest/tei-epidoc.rng" schematypens="http://relaxng.org/ns/structure/1.0"?> <TEI xmlns="http://www.tei-c.org/ns/1.0">
    <teiHeader>
<fileDesc>
<titleStmt>
<title type="sub">Machine readable text</title>
<title n="Comp.Dio.Brut." type="work">Comparison of Dion and Brutus</title>
<author n="Plut.">Plutarch</author>
<editor>Bernadotte Perrin</editor>
<sponsor>Perseus Project, Tufts University</sponsor>
<principal>Gregory Crane</principal>
<respStmt>
<resp>Prepared under the supervision of</resp>
<name>Lisa Cerrato</name>
<name>William Merrill</name>
<name>Elli Mylonas</name>
<name>David Smith</name>
</respStmt>
<funder n="org:NEH">The National Endowment for the Humanities</funder>
</titleStmt>
<extent/>
<publicationStmt>
<publisher>Trustees of Tufts University</publisher>
<pubPlace>Medford, MA</pubPlace>
<authority>Perseus Project</authority>
</publicationStmt>
<sourceDesc>
<biblStruct>

<monogr>
<author>Plutarch</author>
<title>Plutarch's Lives</title><idno type="ISBN">0674991095</idno>
<respStmt>
<resp>with an English Translation by</resp>
<name>Bernadotte Perrin</name>
</respStmt>
<imprint>
<pubPlace>Cambridge, MA</pubPlace>
<publisher>Harvard University Press</publisher>
<pubPlace>London</pubPlace>
<publisher>William Heinemann Ltd.</publisher>
<date>1918</date>
</imprint>
<biblScope unit="volume">6</biblScope>
</monogr>

</biblStruct>
</sourceDesc>
</fileDesc>
<encodingDesc>
<editorialDecl>
<correction method="silent">
<p>optical character recognition</p>
</correction>
</editorialDecl>
    <refsDecl n="CTS">
        <cRefPattern n="section"
            matchPattern="(\w+).(\w+)"
            replacementPattern="#xpath(/tei:TEI/tei:text/tei:body/tei:div/tei:div[@n='$1']/tei:div[@n='$2'])">
            <p>This pointer pattern extracts chapter and section</p>
        </cRefPattern>
        <cRefPattern n="chapter"
            matchPattern="(\w+)"
            replacementPattern="#xpath(/tei:TEI/tei:text/tei:body/tei:div/tei:div[@n='$1'])">
            <p>This pointer pattern extracts chapter</p>
        </cRefPattern>
    </refsDecl>
    <refsDecl>
        <refState unit="chapter" delim="."/>
        <refState unit="section"/>
    </refsDecl>
</encodingDesc>
<profileDesc>
<langUsage>
    <language ident="eng">English</language>
<language ident="grc">Greek</language>
</langUsage>
</profileDesc>
<revisionDesc>
    <change when="2018-02-27" who="Lisa Cerrato">EpiDoc and CTS compliance; minor cleanup; bumped URN</change>
    <change when="2010-03-01" who="RS">tagged and parsed</change>
</revisionDesc>
</teiHeader>
<text xml:lang="grc">
<body>
    <div type="edition" n="urn:cts:greekLit:tlg0007.tlg062.perseus-grc2" xml:lang="grc">
        <head>Δίωνος καὶ Βρούτου σύγκρισις</head>
<pb n="p.248"/> 
        <div type="textpart" subtype="chapter" n="1"> 
            <div type="textpart" subtype="section" n="1"><p>πολλῶν τοίνυν τοῖς ἀνδράσιν ὑπαρξάντων καλῶν, ἐν τοῖς πρώτοις δὲ τοῦ μεγίστους ἐλαχίσταις ἀφορμαῖς γενέσθαι, τοῦτο τῷ Δίωνι κάλλιστόν ἐστιν. </p></div> 
            <div type="textpart" subtype="section" n="2"><p>οὐ γὰρ εἶχε τὸν ἀμφισβητοῦντα, καθάπερ ὁ Βροῦτος Κάσσιον, ἄνδρα πρὸς μὲν ἀρετὴν καὶ δόξαν οὐχ ὁμοίως ἀξιόπιστον, εἰς δὲ τὸν πόλεμον οὐκ ἐλάττονας τόλμῃ καὶ δεινότητι καὶ πράξει συμβολὰς παρασχόμενον, </p></div> 
            <div type="textpart" subtype="section" n="3"><p>ᾧ γε καὶ τοῦ παντὸς ἔργου προσποιοῦσιν ἔνιοι τὴν ἀρχήν, ἡγεμόνα τῆς ἐπὶ Καίσαρα γνώμης τοῦτον ἀτρεμοῦντι Βρούτῳ γενέσθαι λέγοντες.</p></div> 
            <div type="textpart" subtype="section" n="4"><p>Δίων δʼ ὥσπερ ὅπλα καὶ πλοῖα καὶ στρατιωτικὴν δύναμιν, οὕτω καὶ φίλους καὶ συνεργοὺς ἐπὶ τὴν πρᾶξιν αὐτὸς ἑαυτῷ φαίνεται κτησάμενος. </p></div> 
            <div type="textpart" subtype="section" n="5"><p>οὐ μὴν οὐδʼ ὡς Βροῦτος ἐκ τῶν πραγμάτων αὑτῶν καὶ τοῦ πολέμου πλοῦτον ἔσχε καὶ δύναμιν, οὕτω καὶ Δίων, ἀλλὰ τῷ πολέμῳ προεισήνεγκεν αὐτὸς τὸν ἑαυτοῦ πλοῦτον, ὑπὲρ τῆς τῶν πολιτῶν ἐλευθερίας τοῖς τῆς φυγῆς ἐφοδίοις προκαταχρησάμενος.</p></div> 
            <div type="textpart" subtype="section" n="6"><p>ἔτι δὲ <pb n="paris.1624.1010"/> Βροῦτος μὲν καὶ Κάσσιος, οὐκ ὂν ἀσφαλὲς ἡσυχίαν ἄγειν ἐκπεσοῦσι τῆς Ῥώμης, ἀλλʼ ὠφληκόσι δίκην θανάτου καὶ διωκομένοις, ἀναγκαίως εἰς τὸν πόλεμον κατέφυγον καὶ τὰ σώματα τοῖς ὅπλοις παρακαταθέμενοι διεκινδύνευσαν ὑπὲρ αὑτῶν τὸ πλέον ἢ τῶν πολιτῶν, </p></div> 
            <div type="textpart" subtype="section" n="7"><p>Δίων δʼ ἀδεέστερον ἐν τῇ φυγῇ τοῦ φυγαδεύσαντος τυράννου καὶ ἥδιον διάγων ἀνέρριψεν ἑκὼν κίνδυνον τοσοῦτον ἐπὶ τῷ σῶσαι Σικελίαν. <pb n="p.250"/></p></div></div>  
        <div type="textpart" subtype="chapter" n="2"> 
            <div type="textpart" subtype="section" n="1"><p>καὶ μὴν οὐχ ὅμοιον Διονυσίου Συρακουσίοις ἡ Καίσαρος ἀπαλλαγῆναι Ῥωμαίοις. ὁ μὲν γὰρ οὐδʼ<note resp="editor" place="unspecified" anchored="true" xml:lang="eng"><foreign xml:lang="grc">οὐδʼ</foreign> Bekker corrects to <foreign xml:lang="grc">οὐτʼ</foreign>.</note> ἠρνεῖτο τύραννος εἶναι κακῶν τε μυρίων ἐμπεπλήκει Σικελίαν· </p></div> 
            <div type="textpart" subtype="section" n="2"><p>ἡ δὲ Καίσαρος ἀρχὴ συνισταμένη μὲν οὐκ ὀλίγα τοῖς ἐναντιουμένοις πράγματα παρέσχε, δεξαμένοις δὲ καὶ κρατηθεῖσιν ὄνομα καὶ δόκησις ἐφάνη μόνον, ἔργον δʼ ἀπʼ αὐτῆς οὐδὲν ὠμὸν οὐδὲ τυραννικὸν ὑπῆρξεν, ἀλλὰ καὶ δεομένοις ἔδοξε τοῖς πράγμασι μοναρχίας πρᾳότατος ὥσπερ ἰατρὸς ὑπʼ αὐτοῦ τοῦ δαίμονος δεδόσθαι.</p></div> 
<div type="textpart" subtype="section" n="3"><p>διὸ Καίσαρα μὲν εὐθὺς ἐπόθησεν ὁ Ῥωμαίων δῆμος, ὥστε χαλεπὸς γενέσθαι καὶ ἀπαραίτητος τοῖς ἀπεκτονόσι, Δίωνα δʼ ἡ Διονυσίου πάρεσις ἐκ Συρακουσῶν καὶ τὸ μὴ κατασκάψαι τοῦ προτέρου τυράννου τὸν τάφον ἐπαίτιον μάλιστα πρὸς τοὺς πολίτας ἐποίησεν. </p></div></div> 
    <div type="textpart" subtype="chapter" n="3"> 
        <div type="textpart" subtype="section" n="1"><p>ἐν αὐταῖς τοίνυν ταῖς πολεμικαῖς πράξεσιν ὁ μὲν Δίων ἄμεμπτος γέγονε στρατηγός, ὡς<note resp="editor" place="unspecified" anchored="true" xml:lang="eng"> <foreign xml:lang="grc">ὡς</foreign> with Coraës and Bekker: <foreign xml:lang="grc">ὧν</foreign>.</note> μὲν αὐτὸς ἐβουλεύετο τοῖς πράγμασιν ἄριστα χρώμενος, ἃ δʼ ἐπταίσθη διʼ ἑτέρους ἀναλαβὼν καὶ μεταστήσας ἐπὶ τὸ βέλτιον·</p></div> 
        <div type="textpart" subtype="section" n="2"><p>ὁ δὲ Βροῦτος τὸν ἔσχατον ἀγῶνα ὑπὲρ τῶν ὅλων οὔθʼ ὑποστῆναι δοκεῖ φρονίμως οὔτε σφαλεὶς ἐπανόρθωσιν εὑρεῖν, ἀλλʼ ἀπεῖπε καὶ προεῖτο τὰς ἐλπίδας, οὐδʼ ὅσον Πομπήϊος ἐπιτολμήσας τῇ τύχῃ· </p></div> 
        <div type="textpart" subtype="section" n="3"><p>καὶ ταῦτα πολλῆς μὲν αὐτόθι λειπομένης ἐλπίδος ἐν τοῖς ὅπλοις, ταῖς δὲ ναυσὶ κρατῶν πάσης βεβαίως τῆς θαλάσσης. </p></div> 
        <div type="textpart" subtype="section" n="4"><p><milestone unit="para" resp="editor"/>ὃ δὲ μέγιστόν ἐστιν ὧν ἐγκαλοῦσι Βρούτῳ, τὸ σωθέντα τῇ Καίσαρος χάριτι καὶ σώσαντα τῶν <pb n="p.252"/> συνεαλωκότων ὅσους ἐβούλετο καὶ φίλον νομιζόμενον καὶ προτιμηθέντα πολλῶν αὐτόχειρα τοῦ σώσαντος γενέσθαι, τοῦτʼ οὐκ ἄν τις εἴποι κατὰ Δίωνος. </p></div> 
        <div type="textpart" subtype="section" n="5"><p>ἀλλὰ τοὐναντίον, οἰκεῖος μὲν ὢν Διονυσίῳ καὶ φίλος ὤρθου τὰ πράγματα καὶ συνδιεφύλαττεν, ἐκπεσὼν δὲ τῆς πατρίδος καὶ ἀδικηθεὶς περὶ τὴν γυναῖκα καὶ τὴν οὐσίαν ἀπολέσας ἐκ προφανοῦς εἰς πόλεμον κατέστη νόμιμον καὶ δίκαιον. ἢ τοῦτʼ ἀντιστρέφει πρῶτον; </p></div> 
        <div type="textpart" subtype="section" n="6"><p>ὃ γὰρ εἰς ἔπαινον ὑπάρχει τοῖς ἀνδράσι μέγιστον, ἡ πρὸς τοὺς τυράννους ἀπέχθεια καὶ μισοπονηρία, τοῦτʼ εἰλικρινές ἐστι τῷ Βρούτῳ καὶ καθαρόν, ἰδίᾳ γὰρ οὐδὲν ἐγκαλῶν Καίσαρι τῆς κοινῆς προεκινδύνευεν ἐλευθερίας·</p></div> 
        <div type="textpart" subtype="section" n="7"><p>ὁ δʼ εἰ μὴ κακῶς ἔπαθεν αὐτός, οὐκ ἂν ἐπολέμησε, καὶ τοῦτο δηλοῦται ταῖς Πλάτωνος ἐπιστολαῖς, ἐξ ὧν δῆλός ἐστιν ὡς ἀποβληθεὶς τῆς τυραννίδος, οὐκ ἀποστάς, κατέλυσε Διονύσιον. </p></div> 
        <div type="textpart" subtype="section" n="8"><p>ἔτι Βροῦτον μὲν καὶ Πομπηΐῳ φίλον ἐποίησεν, ἐχθρὸν ὄντα, καὶ πολέμιον Καίσαρι, τὸ κοινῇ συμφέρον, ὡς ἔχθρας ὅρῳ καὶ φιλίας ἑνὶ χρώμενον τῷ δικαίῳ· </p></div> 
        <div type="textpart" subtype="section" n="9"><p>Δίων δὲ πρὸς χάριν ὤρθου πολλὰ Διονύσιον, ὅτʼ ἦν βέβαιος αὑτῷ, καὶ πρὸς ὀργὴν ἀπιστηθεὶς ἐπολέμησε.</p></div> 
        <div type="textpart" subtype="section" n="10"><p>διὸ τούτῳ μὲν οὐδʼ οἱ φίλοι πάντες ἐπίστευσαν, ὡς μεταστήσας Διονύσιον οὐκ ἂν βεβαιώσαιτο τὴν ἀρχὴν αὑτῷ, πρᾳοτέρῳ τυραννίδος ὀνόματι παραγαγὼν τοὺς πολίτας, </p></div> 
        <div type="textpart" subtype="section" n="11"><p>περὶ δὲ τοῦ Βρούτου τῶν ἐχθρῶν ἦν ἀκούειν ὅτι μόνος τῶν ἐπὶ Καίσαρα συναραμένων <pb n="p.254"/> ἕνα προὔθετο σκοπὸν ἀπʼ ἀρχῆς ἄχρι τέλους τὴν πάτριον ἀποδοῦναι Ῥωμαίοις πολιτείαν. </p></div></div> 
    <div type="textpart" subtype="chapter" n="4"> 
        <div type="textpart" subtype="section" n="1"><p>ἄνευ γε μὴν τούτων ὁ πρὸς Διονύσιον <pb n="paris.1624.1011"/> ἀγὼν οὐχ ὅμοιος ἦν δήπου τῷ πρὸς Καίσαρα. </p></div> 
        <div type="textpart" subtype="section" n="2"><p>Διονυσίου μὲν γὰρ οὐδεὶς ὅστις οὐκ ἂν κατεφρόνησε τῶν συνήθων ἐν μέθαις καὶ κύβοις καὶ γυναιξὶ τὰς πλείστας ποιουμένου διατριβάς· </p></div> 
        <div type="textpart" subtype="section" n="3"><p>τὸ δὲ τὴν Καίσαρος κατάλυσιν εἰς νοῦν ἐμβαλέσθαι καὶ μὴ φοβηθῆναι τὴν δεινότητα καὶ δύναμιν καὶ τύχην, οὗ καὶ τοὔνομα τοὺς Παρθυαίων καὶ Ἰνδῶν βασιλεῖς οὐκ εἴα καθεύδειν, ὑπερφυοῦς ἦν ψυχῆς καὶ πρὸς μηθὲν ὑφίεσθαι φόβῳ τοῦ φρονήματος δυναμένης.</p></div> 
<div type="textpart" subtype="section" n="4"><p>διὸ τῷ μὲν ὀφθέντι μόνον ἐν Σικελίᾳ μυριάδες οὐκ ὀλίγαι συνέστησαν ἐπὶ Διονύσιον· ἡ δὲ Καίσαρος δόξα καὶ πεσόντος ὤρθου τοὺς φίλους, καὶ τοὔνομα τὸν χρησάμενον ἦρεν ἐκ παιδὸς ἀμηχάνου πρῶτον εὐθὺς εἶναι Ῥωμαίων, ὡς ἀλεξιφάρμακον τοῦτο πρὸς τὴν Ἀντωνίου περιαψάμενον ἔχθραν καὶ δύναμιν. </p></div> 
        <div type="textpart" subtype="section" n="5"><p><milestone unit="para" resp="editor"/>εἰ δὲ φήσει τις ὅτι μεγάλοις μὲν ἀγῶσιν ὁ Δίων ἐξέβαλε τὸν τύραννον, Καίσαρα δὲ Βροῦτος ἔκτεινε γυμνὸν καὶ ἀφύλακτον, αὐτὸ τοῦτο δεινότητος ἄκρας καὶ στρατηγίας ἦν ἔργον, ἄνδρα τοσαύτην περιβεβλημένον δύναμιν ἀφύλακτον λαβεῖν καὶ γυμνόν. </p></div> 
        <div type="textpart" subtype="section" n="6"><p>οὐ γὰρ ἐξαίφνης οὐδὲ μόνος ἢ σὺν ὀλίγοις ἐπιπεσὼν ἀνεῖλεν, ἀλλʼ ἐκ πολλοῦ συνθεὶς τὸ βούλευμα καὶ μετὰ πολλῶν ἐπιθέμενος, ὧν οὐδεὶς ἐψεύσατʼ αὐτόν, ἢ γὰρ εὐθὺς ἔκρινε τοὺς ἀρίστους ἢ τῷ προκρῖναι τοὺς πιστευθέντας ἀγαθοὺς ἐποίησε.</p></div> 
        <div type="textpart" subtype="section" n="7"><p>Δίων δὲ εἴτε κρίνας κακῶς ἐπίστευσεν ἑαυτὸν πονηροῖς εἴτε χρώμενος <pb n="p.256"/> ἐποίησεν ἐκ χρηστῶν πονηρούς, οὐδέτερον παθεῖν ἀνδρὶ φρονίμῳ προσῆκεν. </p></div> 
        <div type="textpart" subtype="section" n="8"><p>ἐπιτιμᾷ δὲ καὶ Πλάτων αὐτῷ τοιούτους ἑλομένῳ φίλους, ὑφʼ ὧν ἀπώλετο. </p></div></div> 
    <div type="textpart" subtype="chapter" n="5"> 
        <div type="textpart" subtype="section" n="1"><p>καὶ Δίωνος μὲν τιμωρὸς οὐδεὶς ἐφάνη πεσόντος· ἀλλὰ Βροῦτον καὶ τῶν πολεμίων Ἀντώνιος μὲν ἔθαψεν ἐνδόξως, Καῖσαρ δὲ καὶ τὰς τιμὰς ἐτήρησεν. </p></div> 
        <div type="textpart" subtype="section" n="2"><p>ἕστηκε δὲ χαλκοῦς ἀνδριὰς ἐν Μεδιολάνῳ τῆς ἐντὸς Ἄλπεων Γαλατίας, τοῦτον ὕστερον ἰδὼν ὁ Καῖσαρ εἰκονικὸν ὄντα καὶ χαριέντως εἰργασμένον παρῆλθεν εἶτʼ ἐπιστὰς μετὰ μικρὸν ἀκροωμένων πολλῶν τοὺς ἄρχοντας ἐκάλει, φάσκων ἔκσπονδον αὐτῶν τὴν πόλιν εἰληφέναι πολέμιον ἔχουσαν παρʼ αὑτῇ.</p></div> 
        <div type="textpart" subtype="section" n="3"><p>τὸ μὲν οὖν πρῶτον, ὡς εἰκὸς, ἠρνοῦντο, καὶ τίνα λέγοι διαποροῦντες εἰς ἀλλήλους ἀπέβλεψαν. ὡς δʼ ἐπιστρέψας ὁ Καῖσαρ πρὸς τὸν ἀνδριάντα καὶ συναγαγὼν τὸ πρόσωπον, <q>ἀλλʼ οὐχ οὗτος,</q> ἔφη, <q>πολέμιος ὢν ἡμέτερος ἐνταῦθα ἕστηκεν;</q> ἔτι μᾶλλον καταπλαγέντες ἐσιώπησαν. </p></div> 
        <div type="textpart" subtype="section" n="4"><p>ὁ δὲ μειδιάσας ἐπῄνεσέ τε τοὺς Γαλάτας ὡς τοῖς φίλοις καὶ παρὰ τὰς τύχας βεβαίους ὄντας, καὶ τὸν ἀνδριάντα κατὰ χώραν μένειν ἐκέλευσε. </p></div></div>
    </div>
</body>
</text>
</TEI>
