<ti:work xmlns:ti="http://chs.harvard.edu/xmlns/cts" urn="urn:cts:latinLit:phi0119.phi001" xml:lang="lat" groupUrn="urn:cts:latinLit:phi0119">
  <ti:title xml:lang="lat">Amphitruo</ti:title>
  <ti:translation xml:lang="eng" urn="urn:cts:latinLit:phi0119.phi001.perseus-eng2" workUrn="urn:cts:latinLit:phi0119.phi001">
    <ti:label xml:lang="eng">Amphitruo, The comedies of Plautus Vol I</ti:label>
    <ti:description xml:lang="eng">Plautus, Titus Maccius, creator; Riley, H. T. (Henry Thomas), 1816-1878, translator</ti:description>
  </ti:translation>
  <ti:edition urn="urn:cts:latinLit:phi0119.phi001.perseus-lat2" workUrn="urn:cts:latinLit:phi0119.phi001">
    <ti:label xml:lang="eng">Amphitruo, Comoediae Vol 1-2</ti:label>
    <ti:description xml:lang="eng">Plautus, Titus Maccius, creator; Leo, Friedrich, 1851-1914, editor</ti:description>
  </ti:edition>
</ti:work>