<ti:work xml:lang="lat" xmlns:ti="http://chs.harvard.edu/xmlns/cts" urn="urn:cts:latinLit:phi0474.phi049" groupUrn="urn:cts:latinLit:phi0474">
            <ti:title xml:lang="lat">Tusculanae Disputationes</ti:title>
            <ti:edition urn="urn:cts:latinLit:phi0474.phi049.perseus-lat1" workUrn="urn:cts:latinLit:phi0474.phi049">
              <ti:label xml:lang="eng">Tusculanae Disputationes, Tusculanae disputationes</ti:label>
              <ti:description xml:lang="eng">Cicero, Marcus Tullius, creator; Pohlenz, M, 1872-1962, editor</ti:description>
            </ti:edition>
          </ti:work>
        