<!DOCTYPE TEI.2 PUBLIC "-//TEI P4//DTD Main DTD Driver File//EN" "http://www.tei-c.org/Guidelines/DTD/tei2.dtd" [
<!ENTITY % TEI.XML "INCLUDE">
<!ENTITY % PersProse PUBLIC "-//Perseus P4//DTD Perseus Prose//EN" "http://www.perseus.tufts.edu/DTD/1.0/PersProse.dtd" >
%PersProse;
]>
<TEI.2>
  <teiHeader>
    <fileDesc>
      <titleStmt>
	<title>Appendix Vergiliana</title>
    <editor>Robinson Ellis</editor>
        <sponsor>Perseus Project, Tufts University</sponsor>
        <principal>Gregory Crane</principal>
        <respStmt>
          <resp>Prepared under the supervision of</resp>
          <name>Bridget Almas</name>
          <name>Lisa Cerrato</name>
          <name>Rashmi Singhal</name>
        </respStmt>
        <funder n="org:Tufts">Tufts University</funder>
      </titleStmt>
      <publicationStmt>
        <publisher>Trustees of Tufts University</publisher>
        <pubPlace>Medford, MA</pubPlace>
        <authority>Perseus Project</authority>
        <date type="release"/>
      </publicationStmt>
      <sourceDesc>
        <biblStruct>
          <monogr>
            <title>Appendix Vergiliana, sive carmina minora Vergilio adtributa</title>
            <editor>Robinson Ellis</editor>
            <imprint>
              <publisher>e Typographeo Clarendoniano</publisher>
              <pubPlace>Oxonii</pubPlace>
              <date>1907</date>
            </imprint>
          </monogr>
        </biblStruct>
        
        <p>Keyboarding</p></sourceDesc>
    </fileDesc>

    <encodingDesc>
      <editorialDesc>
        <p>Keyboarding</p>
      </editorialDesc>
<refsDecl n="text=1"  doctype="TEI.2">
<state unit="text"/>
<state unit="book"/>
<state unit="chapter" n="chunk"/>
<state unit="section"/>
</refsDecl>

    </encodingDesc>

    <profileDesc>
      <langUsage>
	<language id="la">Latin</language>
	<language id="greek">Greek</language>
      </langUsage>
    </profileDesc>
    <change>Added to repository November, 2011. Unreleased.</change>
  </teiHeader>
 <text n="priapea" id="phi0692.phi008.perseus.lat1"><body>
   <head>Priapea</head>
<div1 type="poem" n="1"><p>
<lb n="1"/>vere rosa, autumno pomis, aestate frequentor
<lb n="2"/>spicis: una mihi est horrida pestis hiemps.
<lb n="3"/>nam frigus metuo, et uereor ne ligneus ignem
<lb n="4"/>hic deus ignaris praebeat agricolis.
</p></div1>

<div1 type="poem" n="2"><p>
<lb n="1"/>Ego haec, ego arte fabricata rustica,
<lb n="2"/>ego arida, o uiator, ecce populus,
<lb n="3"/>agellulum hunc sinistra et ante quem uides,
<lb n="4"/>erique uillulam hortulumque pauperis
<lb n="5"/>tuor malaque furis arceo manu. 
<lb n="6"/>mihi corolla picta uere ponitur,
<lb n="7"/>mihi rubens arista sole feruido,
<lb n="8"/>mihi uirente dulcis uua pampino,
<lb n="9"/>mihi caduca oliua, cocta frigore.



<lb n="10"/>meis capella delicata pascuis 
<lb n="11"/>in urbem adulta lacte portat ubera,
<lb n="12"/>meisque pinguis agnus ex ouilibus
<lb n="13"/>grauem domum remittit aere dexteram.
<lb n="14"/>teneraque matre mugiente uaccula
<lb n="15"/>deum profundit ante templa sanguinem. 
<lb n="16"/>proin, uiator, hunc deum uereberis
<lb n="17"/>manumque sursum habebis: hoc tibi expedit,
<lb n="18"/>parata namque trux stat ecce mentula.
<lb n="19"/>'uelim pol' inquis. at pol ecce uilicus
<lb n="20"/>uenit, ualente cui reuulsa bracchio 
<lb n="21"/>fit ista mentula apta claua dexterae.
</p></div1>

<div1 type="poem" n="3"><p>
<lb n="1"/>Hunc ego, o iuuenes, locum uillulamque palustrem,
<lb n="2"/>tectam uimine iunceo caricisque maniplis,



<lb n="3"/>quercus arida rustica &dagger;formitata securi,
<lb n="4"/>nutrior, magis ut magis sit beata quotannis.
<lb n="5"/>huius nam domini colunt me deumque salutant 
<lb n="6"/>pauperis tuguri pater filiusque adulescens,
<lb n="7"/>alter assidua colens diligentia ut herbae,
<lb n="8"/>aspera ut rubus a meo sit remota sacello,
<lb n="9"/>alter parua manu ferens semper munera larga.
<lb n="10"/>florido mihi ponitur picta uere corolla, 
<lb n="11"/>primitus tenera uirens spica mollis arista,
<lb n="12"/>luteae uiolae mihi lacteumque papauer,
<lb n="13"/>pallentesque cucurbitae et suaue olentia mala,
<lb n="14"/>uua pampinea rubens educata sub umbra.
<lb n="15"/>sanguine hanc etiam mihi&mdash;sed tacebitis&mdash;aram 
<lb n="16"/>barbatus linit hirculus cornipesque capella.
<lb n="17"/>pro quis omnia honoribus &dagger;hoc necesse Priapo est



<lb n="18"/>praestare et domini hortulum uineamque tueri.
<lb n="19"/>quare hinc, o pueri, malas abstinete rapinas.
<lb n="20"/>uicinus prope diues est neglegensque Priapus. 
<lb n="21"/>inde sumite, semita haec deinde uos feret ipsa.
</p></div1></body></text>
</TEI.2>
