<?xml version="1.0" encoding="UTF-8"?>
<ti:work xmlns:ti="http://chs.harvard.edu/xmlns/cts" groupUrn="urn:cts:greekLit:tlg0007"
    projid="greekLit:tlg102" urn="urn:cts:greekLit:tlg0007.tlg102" xml:lang="grc">
    <ti:title xml:lang="lat">De curiositate</ti:title>

    <ti:translation urn="urn:cts:greekLit:tlg0007.tlg102.perseus-eng3"
        workUrn="urn:cts:greekLit:tlg0007.tlg102" xml:lang="eng">
        <ti:label xml:lang="eng">On Being a Busybody</ti:label>
        <ti:description xml:lang="mul">Plutarch. Moralia, Vol. VI. Helmbold, William Clark, translator.
            Cambridge, MA: Harvard University Press. London: William Heinemann Ltd. 1939
            (printing).</ti:description>
    </ti:translation>

    <ti:translation urn="urn:cts:greekLit:tlg0007.tlg102.perseus-eng4"
        workUrn="urn:cts:greekLit:tlg0007.tlg102" xml:lang="eng">
        <ti:label xml:lang="eng">Of Curiosity, or an Over-Busy Inquisitiveness into Things Impertinent.</ti:label>
        <ti:description xml:lang="eng">Plutarch. Plutarch's Morals, Vol. II. Goodwin, William W.,
            editor; Wheeler, Maurice, translator. Boston: Little, Brown, and Company. Cambridge.
            1874.</ti:description>
    </ti:translation>

    <ti:edition urn="urn:cts:greekLit:tlg0007.tlg102.perseus-grc2"
        workUrn="urn:cts:greekLit:tlg0007.tlg102" xml:lang="grc">
        <ti:label xml:lang="grc">Περὶ πολυπραγμοσύνης</ti:label>
        <ti:description xml:lang="mul">Plutarch. Plutarchi Chaeronensis Moralia, Vol. III.
            Vernardakēs, Grēgorios N., editor. Leipzig: Teubner. 1891.</ti:description>
    </ti:edition>
</ti:work>
