<?xml version="1.0" encoding="UTF-8"?><TEI.2>
<teiHeader>
<fileDesc>
<titleStmt>
<title>De curiositate</title>
<title type="sub">Machine readable text</title>
<author n="Plut.">Plutarch</author>
<editor>Gregorius N. Bernardakis</editor>
<sponsor>Perseus Project, Tufts University</sponsor>
<principal>Gregory Crane</principal>
<respStmt>
<resp>Prepared under the supervision of</resp>
<name>Lisa Cerrato</name>
<name>William Merrill</name>
<name>Elli Mylonas</name>
<name>David Smith</name>
</respStmt>
<funder n="org:NEH">The National Endosment for the Humanities</funder>
</titleStmt>
<extent/>
<publicationStmt>
<publisher>Trustees of Tufts University</publisher>
<pubPlace>Medford, MA</pubPlace>
<authority>Perseus Project</authority>
</publicationStmt>
<sourceDesc>
<biblStruct>
<analytic/>
<monogr>
<author>Plutarch</author>
<title>Moralia</title>
<editor>Gregorius N. Bernardakis</editor>
<imprint>
<pubPlace>Leipzig</pubPlace>
<publisher>Teubner</publisher>
<date>1891</date>
</imprint>
<biblScope type="volume">3</biblScope>
</monogr>
</biblStruct>
</sourceDesc>
</fileDesc>
<encodingDesc>
<editorialDecl>
<correction method="silent">
<p>optical character recognition</p>
</correction>
</editorialDecl>
<refsDecl doctype="TEI.2">
<state unit="section"/>
</refsDecl>
<refsDecl doctype="TEI.2">
<state unit="stephpage" n="chunk"/>
</refsDecl>
</encodingDesc>
<profileDesc>
<langUsage>
<language id="greek">Greek</language>
<language id="eng">English</language>
</langUsage>
</profileDesc>
<revisionDesc>
<change>
<date>5/10</date>
<respStmt>
<name>RS</name>
<resp/>
</respStmt>
<item>tagged and parsed</item>
</change>
</revisionDesc>
</teiHeader>
<text>
<body>
<pb id="v.3.p.334"/>
<div1 type="section" n="1">
<milestone unit="stephpage" id="stephpage-515b" n="515b"/>
<p>ἄπνουν ἢ σκοτεινὴν ἢ δυσχείμερον οἰκίαν ἢ νοσώδη φυγεῖν μὲν ἴσως
               ἄριστον· ἂν δὲ φιλοχωρῇ τις ὑπὸ συνηθείας, ἔστι καὶ φῶτα μεταθέντα
               καὶ κλίμακα μεταβαλόντα καὶ θύρας τινὰς ἀνοίξαντα τὰς
<milestone unit="tlnum" n="5"/> δὲ κλείσαντα, λαμπροτέραν εὐπνουστέραν ὑγιεινοτέραν
<milestone unit="stephpage" id="stephpage-515c" n="515c"/> ἐργάσασθαι. καὶ
               πόλεις τινὲς οὕτω μεταθέντες ὠφέλησαν ὥσπερ τὴν ἐμὴν πατρίδα πρὸς
               ζέφυρον ἄνεμον κεκλιμένην, καὶ τὸν ἥλιον ἐρείδοντα δείλης ἀπὸ τοῦ
               Παρνασοῦ δεχομένην ἐπὶ τὰς ἀνατολὰς; τραπῆναι
<milestone unit="tlnum" n="10"/> λέγουσιν ὑπὸ τοῦ Χαίρωνος. ὁ δὲ φυσικὸς Ἐμπεδοκλῆς ὄρους τινὰ
               διασφάγα βαρὺν καὶ νοσώδη κατὰ τῶν πεδίων τὸν νότον ἐμπνέουσαν <note resp="ed" place="unspecified" anchored="yes">
<foreign lang="greek">ἐκπνέουσαν</foreign> R</note> ἐμφράξας, λοιμὸν ἔδοξεν ἐκκλεῖσαι τῆς
               χώρας. ἐπεὶ τοίνυν ἔστι τινὰ πάθη νοσώδη καὶ βλαβερὰ καὶ χειμῶνα
<milestone unit="tlnum" n="15"/> παρέχοντα τῇ ψυχῇ καὶ σκότος, ἄριστον
               μὲν ἐξωθεῖν ταῦτα καὶ καταλύειν εἰς ἔδαφος, αἰθρίαν καὶ
<milestone unit="stephpage" id="stephpage-515d" n="515d"/> φῶς καὶ πνεῦμα καθαρὸν
               διδόντας ἑαυτοῖς· εἰ δὲ μή, μεταλαμβάνειν γε καὶ μεθαρμόττειν ἁμωσγέπως
                  <note resp="ed" place="unspecified" anchored="yes">
<foreign lang="greek">ἀμωσγέπως</foreign> R: <foreign lang="greek">ἄλλως γέ
                  πως</foreign>
</note> περιάγοντας ἢ στρέφοντας. οἷον εὐθὺς ἡ
               πολυπραγμοσύνη
<milestone unit="tlnum" n="20"/> φιλομάθειὰ τίς ἐστιν ἀλλοτρίων
               κακῶν, οὔτε φθόνου δοκοῦσα καθαρεύειν νόσος οὔτε κακοηθείας. <pb id="v.3.p.335"/>
<quote rend="blockquote">
<l> τί τἀλλότριον, ἄνθρωπε βασκανώτατε, </l>
<note resp="ed" place="unspecified" anchored="yes">Kock. 3 p. 476</note>
<l> κακὸν ὀξυδορκεῖς τὸ δʼ ἴδιον παραβλέπεις; </l>
</quote> μετάθες ἔξωθεν καὶ μετάστρεψον εἴσω τὴν πολυπραγμοσύνην εἰ
               χαίρεις κακῶν μεταχειριζόμενος
<milestone unit="tlnum" n="5"/> ἱστορίαν, ἔχεις
               οἴκοι πολλὴν διατριβήν· <quote rend="blockquote"> ὅσσον ὕδωρ κατʼ Ἀλιζόνος
                  ἢ <note resp="ed" place="unspecified" anchored="yes">
<foreign lang="greek">ὅσσος ὕδωρ καθʼ ἁλὸς στόνος ἢ δρ. ἀμφι πέτ.</foreign>
                     Madvigius</note> δρυὸς ἀμφὶ πέτηλα,ʼ</quote>
<note resp="ed" place="unspecified" anchored="yes">versus ignoti poetae</note>
               τοσοῦτον πλῆθος εὑρήσεις ἁμαρτημάτων ἐν τῷ βίῳ <note resp="ed" place="unspecified" anchored="yes">
<foreign lang="greek">ἐν τῷ σῷ
                     βίῳ</foreign> R</note> καὶ παθῶν ἐν τῇ ψυχῇ καὶ παροραμάτων ἐν
               τοῖς
<milestone unit="stephpage" id="stephpage-515e" n="515e"/> καθήκουσιν. ὡς
               γὰρ ὁ Ξενοφῶν <note resp="ed" place="unspecified" anchored="yes">
<foreign lang="greek">Ξενοφῶν</foreign>] Oecon. c. 8</note> λέγει τοῖς
               οἰκονομικοῖς
<milestone unit="tlnum" n="10"/> ἴδιον εἶναι τῶν ἀμφὶ θυσίαν
               σκευῶν, ἴδιον τῶν ἀμφὶ δεῖπνα τόπον, ἀλλαχοῦ κεῖσθαι τὰ γεωργικά, χωρὶς
               τὰ πρὸς πόλεμον· οὕτω σοὶ τὰ μέν ἐστιν ἀπὸ φθόνου κακὰ κείμενα τὰ δʼ
               ἀπὸ ζηλοτυπίας τὰ δʼ ἀπὸ δειλίας τὰ δʼ ἀπὸ μικρολογίας· ταῦτʼ ἔπελθε,
<milestone unit="tlnum" n="15"/> ταῦτʼ ἀναθεώρησον τὰς εἰς γειτόνων θυρίδας
               καὶ
<milestone unit="stephpage" id="stephpage-515f" n="515f"/> τὰς παρόδους τῆς
               πολυπραγμοσύνης ἔμφραξον, ἑτέρας δʼ ἄνοιξον εἰς τὴν ἀνδρωνῖτιν τὴν
               σεαυτοῦ φερούσας, εἰς τὴν γυναικωνῖτιν, εἰς τὰς τῶν θεραπόντων διαίτας·
               ἐνταῦθʼ ἔχει διατριβὰς οὐκ ἀχρήστους
<milestone unit="tlnum" n="20"/> οὐδὲ
               κακοήθεις ἀλλʼ ὠφελίμους καὶ σωτηρίους τὸ φιλοπευθὲς τοῦτο καὶ
               φιλόπραγμον, ἑκάστου πρὸς ἑαυτὸν λέγοντος <quote rend="blockquote"> πῆ
                  παρέβην; <note resp="ed" place="unspecified" anchored="yes">
<foreign lang="greek">παρέβην</foreign>] <foreign lang="greek">τραπόμην</foreign> mei codd. cf.
                     p. 168 b</note> τί δʼ ἔρεξα; τί μοι δέον οὐκ ἐτελέσθη; </quote>
<milestone unit="tlnum" n="25"/>
</p>
</div1>
<div1 type="section" n="2">
<p> νῦν δʼ ὥσπερ ἐν τῷ μύθῳ τὴν Λάμιαν <pb id="v.3.p.336"/> λέγουσιν οἴκοι
               μὲν εὕδειν <note resp="ed" place="unspecified" anchored="yes">
<foreign lang="greek">εὔδειν</foreign> X: <foreign lang="greek">ᾄδειν</foreign>
</note> τυφλήν, ἐν ἀγγείῳ τινὶ
<milestone unit="stephpage" id="stephpage-516a" n="516a"/> τοὺς ὀφθαλμοὺς ἔχουσαν
               ἀποκειμένους, ἔξω δὲ προϊοῦσαν ἐπιτίθεσθαι καὶ βλέπειν· οὕτως ἡμῶν
               ἕκαστος ἔξω καὶ πρὸς ἑτέρους τῇ κακονοίᾳ τὴν περιεργίαν
<milestone unit="tlnum" n="5"/> ὥσπερ ὀφθαλμὸν ἐντίθησι· τοῖς δʼ ἑαυτῶν ἁμαρτήμασι
               καὶ κακοῖς πολλάκις περιπταίομεν ὑπʼ ἀγνοίας, ὄψιν ἐπʼ αὐτὰ καὶ φῶς οὐ
               ποριζόμενοι. διὸ καὶ τοῖς ἐχθροῖς ὠφελιμώτερός ἐστιν ὁ πολυπράγμων· τὰ
               γὰρ ἐκείνων ἐλέγχει καὶ προφέρεται καὶ δείκνυσιν αὐτοῖς
<milestone unit="tlnum" n="10"/> ἃ δεῖ φυλάξασθαι καὶ διορθῶσαι, τῶν δʼ οἴκοι τὰ
               πλεῖστα παρορᾷ διὰ τὴν περὶ τὰ ἔξω πτόησιν. ὁ μὲν γὰρ Ὀδυσσεὺς <note resp="ed" place="unspecified" anchored="yes">
<foreign lang="greek">Ὀδυσσεὺς</foreign>] Hom. <foreign lang="greek">λ</foreign> 88. 153 sqq.
                  235, 281</note> οὐδὲ τῇ μητρὶ διαλεχθῆναι πρότερον
<milestone unit="stephpage" id="stephpage-516b" n="516b"/> ὑπέμεινεν ἢ πυθέσθαι παρὰ
               τοῦ μάντεως, ὧν ἕνεκʼ ἦλθεν εἰς Ἅιδου· πυθόμενος δὲ τοῦτο πρός τε
               ταύτην
<milestone unit="tlnum" n="15"/> ἔτρεψεν αὑτόν, καὶ τὰς ἄλλας
               γυναῖκας ἀνέκρινε, τίς ἡ Τυρὼ καί τίς ἡ καλὴ Χλωρὶς <note resp="ed" place="unspecified" anchored="yes">
<foreign lang="greek">Χλωρὶς</foreign>]
                     <foreign lang="greek">Χλῶριν</foreign> vocat Homerus</note> καὶ διὰ τί
               Ἐπικάστη Ἐπικάστη <quote rend="blockquote"> ἁψαμένη βρόχον αἰπὺν ἀφʼ
                  ὑψηλοῖο μελάθρου </quote>
<note resp="ed" place="unspecified" anchored="yes">Hom. <foreign lang="greek">λ</foreign> 278</note> ἡμεῖς δὲ τὰ καθʼ αὑτοὺς ἐν πολλῇ ῥᾳθυμίᾳ
               καὶ
<milestone unit="tlnum" n="20"/> ἀγνοίᾳ θέμενοι καὶ ἀμελήσαντες ἑτέρους
               γενεαλογοῦμεν, ὅτι τοῦ γείτονος ὁ πάππος ἦν Σύρος, Θρᾷττα δʼ ἡ τήθη·
               ὁ δεῖνα δʼ ὀφείλει τάλαντα τρία καὶ τοὺς τόκους οὐκ ἀπέδωκεν.
               ἐξετάζομεν δὲ καὶ τὰ τοιαῦτα πόθεν ἡ γυνὴ τοῦ δεῖνος ἐπανήρχετο, τί δʼ
               ὁ δεῖνα
<milestone unit="tlnum" n="25"/>
<milestone unit="stephpage" id="stephpage-516c" n="516c"/> καὶ ὁ δεῖνα καθʼ
               ἑαυτοὺς <note resp="ed" place="unspecified" anchored="yes">
<foreign lang="greek">καθʼ αὑτοὺς</foreign>?</note> ἐν τῇ γωνίᾳ διελέγοντο. Σωκράτης δὲ
               περιῄει διαπορῶν, τί Πυθαγόρας λὲγων <pb id="v.3.p.337"/> ἔπειθε· καὶ
               Ἀρίστιππος Ὀλυμπίασιν Ἰσχομάχῳ συμβαλὼν ἠρώτα τί Σωκράτης
               διαλεγόμενος οὕτω τοὺς Ἀθηναίους διατίθησι· καὶ μίκρʼ ἄττα τῶν λόγων
               αὐτοῦ σπέρματα καὶ δείγματα λαβὼν οὕτως
<milestone unit="tlnum" n="5"/>
               ἐμπαθῶς ἔσχεν, ὥστε τῷ σώματι συμπεσεῖν καὶ γενέσθαι παντάπασιν ὠχρὸς
               καὶ ἰσχνός ἄχρι οὗ πλεύσας Ἀθήναζε διψῶν καὶ διακεκαυμένος ἠρύσατο
               τῆς πηγῆς, καὶ τὸν ἄνδρα καὶ τοὺς λόγους αὐτοῦ καὶ τὴν φιλοσοφίαν
               ἱστόρησεν, ἧς ἦν τέλος ἐπιγνῶναι
<milestone unit="tlnum" n="10"/> τὰ
               ἑαυτοῦ κακὰ καὶ ἀπαλλαγῆναι.
<milestone unit="stephpage" id="stephpage-516d" n="516d"/>
</p>
</div1>
<div1 type="section" n="3">
<p>ἀλλʼ ἔνιοι τὸν ἴδιον βίον ὡς ἀτερπέστατον θέαμα προσιδεῖν οὐχ
               ὑπομένουσιν οὐδʼ ἀνακλάσαι τὸν λογισμὸν ὡς φῶς ἐφʼ ἑαυτοὺς καὶ
               περιαγαγεῖν, ἀλλʼ ἡ ψυχὴ γέμουσα κακῶν παντοδαπῶν καὶ φρίττουσα
<milestone unit="tlnum" n="15"/> καὶ φοβουμένη τὰ ἔνδον ἐκπηδᾷ θύραζε καὶ πλανᾶται
               περὶ τἀλλότρια, βόσκουσα καὶ πιαίνουσα τὸ κακόηθες. ὡς γὰρ ὄρνις ἐν
               οἰκίᾳ <note resp="ed" place="unspecified" anchored="yes">
<foreign lang="greek">οἰκίᾳ</foreign>] <foreign lang="greek">οἰκίσκῳ</foreign>
                  Valckenarius</note> πολλάκις, τροφῆς πολλῆς <note resp="ed" place="unspecified" anchored="yes">
<foreign lang="greek">πολλάκις τροφῆς πολλῆς</foreign> *:
                     <foreign lang="greek">πολλάκις τροφῆς</foreign> aut <foreign lang="greek">τροφῆς πολλῆς</foreign>
</note> παρακειμένης, εἰς γωνίαν καταδῦσα
               σκαλεύει
<milestone unit="tlnum" n="20"/>
<quote rend="blockquote"> ἔνθα γέ που διαφαίνεθʼ ἅτʼ ἐν κοπρίῃ <note resp="ed" place="unspecified" anchored="yes">
<foreign lang="greek">κοπρίῃ</foreign> idem: <foreign lang="greek">κοπρίᾳ</foreign>
</note>
                  μία κριθή· </quote>
<note resp="ed" place="unspecified" anchored="yes">versum Callimacho tribuit
                  Schneiderus</note> παραπλησίως οἱ πολυπράγμονες, ὑπερβάντες τοὺς ἐν μέσῳ
               λόγους καὶ ἱστορίας καὶ ἃ μηδεὶς κωλύει πυνθάνεσθαι
<milestone unit="stephpage" id="stephpage-516e" n="516e"/> μηδʼ ἄχθεται πυνθανομένοις, τὰ
               κρυπτόμενα καὶ λανθάνοντα κακὰ πάσης οἰκίας ἐκλέγουσι.
<milestone unit="tlnum" n="25"/> καίτοι γε τὸ τοῦ Αἰγυπτίου χάριεν πρὸς τὸν
               ἐρωτῶντα τί φέρει συγκεκαλυμμένον, “διὰ τοῦτο <pb id="v.3.p.338"/>
                  συγκεκάλυπται” καὶ σὺ δὴ τί πολυπραγμονεῖς τὸ ἀποκρυπτόμενον; εἰ μή
               τι κακὸν ἦν, οὐκ ἂν ἀπεκρύπτετο. καίτοι μὴ κόψαντά γε θύραν εἰς
               οἰκίαν ἀλλοτρίαν οὐ νομίζεται παρελθεῖν ἀλλὰ νῦν μὲν
<milestone unit="tlnum" n="5"/> εἰσὶ θυρωροί, πάλαι δὲ ῥόπτρα κρουόμενα πρὸς ταῖς
               θύραις αἴσθησιν παρεῖχεν, ἵνα μὴ τὴν οἰκοδέσποιναν ἐν μέσῳ καταλάβῃ ὁ
               ἀλλότριος ἢ τὴν παρθένον
<milestone unit="stephpage" id="stephpage-516f" n="516f"/> ἢ κολαζόμενον οἰκέτην ἢ κεκραγυίας τὰς θεραπαινίδας· ὁ δὲ
               πολυπράγμων ἐπʼ αὐτὰ ταῦτα παραδύεται,
<milestone unit="tlnum" n="10"/>
               σώφρονος μὲν οἰκίας καὶ καθεστώσης οὐδʼ ἂν παρακαλῇ τις ἡδέως
               γιγνόμενος θεατής· ὧν δʼ ἕνεκα κλεὶς καὶ μοχλὸς καὶ αὔλειος, ταῦτʼ
               ἀνακαλύπτων καὶ φέρων εἰς τὸ μέσον ἑτέροις. καίτοι καὶ “τῶν ἀνέμων
                  μάλιστα δυσχεραίνομεν” ὡς Ἀρίστων
<milestone unit="tlnum" n="15"/> φησὶν “ὅσοι τὰς περιβολὰς ἀναστέλλουσιν ἡμῶν·” ὁ δὲ πολυπράγμων οὐ τὰ
               ἱμάτια τῶν πέλας οὐδὲ τοὺς χιτῶνας, ἀλλὰ τοὺς τοίχους ἀπαμφιέννυσι,
               τὰς θύρας ἀναπετάννυσι , καὶ “διὰ παρθενικῆς ἁπαλόχροοσ” <note resp="ed" place="unspecified" anchored="yes">Hes. OD 519</note> ὡς
<milestone unit="stephpage" id="stephpage-517a" n="517a"/> πνεῦμα διαδύεται καὶ διέρπει,
               βακχεῖα καὶ χοροὺς καὶ παννυχίδας ἐξετάζων καὶ συκοφαντῶν.
<milestone unit="tlnum" n="20"/>
</p>
</div1>
<div1 type="section" n="4">
<p>καὶ καθάπερ τοῦ κωμῳδουμένου Κλέωνος <quote rend="blockquote"> τὼ χεῖρʼ ἐν
                  Αἰτωλοῖς, ὁ νοῦς δʼ ἐν Κλωπιδῶν. </quote>
<note resp="ed" place="unspecified" anchored="yes">Arist. Equ. 79</note> οὕτω τοῦ
               πολυπράγμονος ὁ νοῦς <note resp="ed" place="unspecified" anchored="yes">
<foreign lang="greek">νοῦς δʼ</foreign> idem: <foreign lang="greek">δὲ
                  νοῦς</foreign>
</note> ἅμʼ ἐν πλουσίων οἴκοις ἐστὶν ἐν δωματίοις
               πενήτων ἐν αὐλαῖς βασιλέων
<milestone unit="tlnum" n="25"/> ἐν θαλάμοις
               νεογάμων · πάντα <note resp="ed" place="unspecified" anchored="yes">
<foreign lang="greek">πάντα</foreign>] <foreign lang="greek">παντοῖᾳ</foreign>
                  R</note> πράγματα ζητεῖ, τὰ ξένων τὰ ἡγεμόνων· οὐδʼ ἀκινδύνως ταῦτα <pb id="v.3.p.339"/> ζητῶν· ἀλλʼ οἷον, εἴ τις ἀκονίτου γεύοιτο <note resp="ed" place="unspecified" anchored="yes">
<foreign lang="greek">γεύοιτο</foreign>] additamentum librarii vid.</note> πολυπραγμονῶν
<milestone unit="stephpage" id="stephpage-517b" n="517b"/> τὴν ποιότητα, φθάσει
               τῆς αἰσθήσεως προανελὼν τὸν προαισθανόμενον· <note resp="ed" place="unspecified" anchored="yes">malim <foreign lang="greek">τό
                     προαισθανόμενον</foreign> (R)</note> οὕτως οἱ τὰ τῶν μειζόνων κακὰ
               ζητοῦντες προαναλίσκουσι τῆς γνώσεως ἑαυτούς.
<milestone unit="tlnum" n="5"/>
               καὶ γὰρ οἱ τοῦ ἡλίου τὴν ἄφθονόν γε ταύτην καὶ κατακεχυμένην ἅπασιν
               ἀκτῖνα παρορῶντες, αὐτὸν δὲ τὸν κύκλον ἀναιδῶς καταβλέπειν καὶ
               διαστέλλειν τὸ φῶς εἴσω βιαζόμενοι καὶ τολμῶντες, ἀποτυφλοῦνται. διὸ
               καλῶς Φιλιππίδης ὁ κωμῳδιοποιός, εἰπόντος
<milestone unit="tlnum" n="10"/>
               αὐτῷ ποτε Λυσιμάχου τοῦ βασιλέως “τίνος σοι τῶν ἐμῶν μεταδῶ;ʼ” “μόνον” εἶπεν “ὦ βασιλεῦ, μὴ τῶν ἀπορρήτων” τὰ γὰρ ἥδιστα
               καὶ κάλλιστα τῶν βασιλέων ἔξω πρόκειται, τὰ δεῖπνα, οἱ πλοῦτοι, αἱ
               πανηγύρεις, αἱ χάριτες· εἰ δέ τι ἀπόρρητον ἐστι, μὴ
<milestone unit="tlnum" n="15"/>
<milestone unit="stephpage" id="stephpage-517c" n="517c"/> προσέλθῃς μηδὲ
               κινήσῃς;. οὐ κρύπτεται χαρὰ βασιλέως εὐτυχοῦντος οὐδὲ γέλως παίζοντος
               οὐδὲ φιλανθρωπίας; παρασκευὴ καὶ χάριτος· φοβερόν ἐστι τὸ κρυπτόμενον ,
               σκυθρωπὸν ἀγέλαστον δυσπρόσιτον, ὀργῆς τινος ὑπούλου θησαυρὸς ἢ τιμωρίας
               βαρυθύμου
<milestone unit="tlnum" n="20"/> σκέψις ἢ ζηλοτυπία γυναικὸς ἢ
               πρὸς υἱὸν ὑποψία τις ἢ πρὸς φίλον ἀπιστία. φεῦγε τὸ μελαῖνον τοῦτο
               καὶ συνιστάμενον νέφος· οὐ λήσεταί σε βροντῆσαν οὐδʼ ἀστράψαν, ὅταν
               ἐκραγῇ τὸ νῦν κρυπτόμενον.
<milestone unit="tlnum" n="25"/>
</p>
</div1>
<div1 type="section" n="5">
<p>τίς οὖν ἡ φυγή; περισπασμός, ὡς εἴρηται, καὶ μεθολκὴ τῆς πολυπραγμοσύνης
               μάλιστα μὲν <note resp="ed" place="unspecified" anchored="yes">
<foreign lang="greek">μὲν</foreign>] opponitur <foreign lang="greek">ἀλλʼ εἰ δεῖ
                     κἑ</foreign> p. 340, 21</note> ἐπὶ τὰ
<milestone unit="stephpage" id="stephpage-517d" n="517d"/> βελτίω καὶ τὰ ἡδίω τρέψαντι τὴν ψυχήν. τὰ
               ἐν <pb id="v.3.p.340"/> οὐρανῷ πολυπραγμόνει τὰ ἐν γῇ τὰ ἐν ἀέρι τὰ ἐν
               θαλάττῃ. μικρῶν <note resp="ed" place="unspecified" anchored="yes">
<foreign lang="greek">μικρῶν</foreign>] malim <foreign lang="greek">ἢ
                     μικρῶν</foreign>
</note> πέφυκας ἢ μεγάλων φιλοθεάμων εἰ μεγάλων,
               ἥλιον πολυπραγμόνει ποῦ <note resp="ed" place="unspecified" anchored="yes">
<foreign lang="greek">ποῦ</foreign>] <foreign lang="greek">ποι</foreign>?</note> κάτεισι καὶ πόθεν ἄνεισι· ζήτει τὰς ἐν σελήνῃ
               καθάπερ ἐν ἀνθρώπῳ
<milestone unit="tlnum" n="5"/> μεταβολάς, ποῦ τοσοῦτον
               κατανάλωσε φῶς πόθεν αὖθις , ἐκτήσατο , πῶς <quote rend="blockquote">
<l> ἐξ ἀδήλου πρῶτον ἔρχεται νέα </l>
<note resp="ed" place="unspecified" anchored="yes">Nauck. p. 315</note>
<l> πρόσωπα καλλύνουσα καὶ πληρουμένη· </l>
<l> χὤταν περ αὑτῆς εὐπρεπεστάτη φανῇ ,
<milestone unit="tlnum" n="10"/>
</l>
<l> πάλιν διαρρεῖ κἀπὶ μηδὲν ἔρχεται. </l>
</quote> καὶ ταῦτʼ ἀπόρρητʼ ἐστὶ φύσεως, ἀλλʼ οὐκ ἄχθεται
<milestone unit="stephpage" id="stephpage-517e" n="517e"/> τοῖς ἐλέγχουσιν. ἀλλὰ τῶν
               μεγάλων ἀπέγνωκας; πολυπραγμόνει τὰ μικρότερα, πῶς τῶν φυτῶν τὰ μὲν ἀεὶ
               τέθηλε καὶ χλοάζει καὶ ἀγάλλεται παντὶ
<milestone unit="tlnum" n="15"/>
               καιρῷ τὸν ἑαυτῶν ἐπιδεικνύμενα πλοῦτον, τὰ δὲ νῦν μέν ἐστιν ὅμοια
               τούτοις, νῦν δʼ ὥσπερ ἀνοικονόμητος ἄνθρωπος ἐκχέαντʼ ἀθρόως τὴν
               περιουσίαν γυμνὰ καὶ πτωχὰ καταλείπεται· διὰ τί δὲ τὰ μὲν προμήκεις τὰ
               δὲ γωνιώδεις τὰ δὲ στρογγύλους καὶ περιφερεῖς
<milestone unit="tlnum" n="20"/>
               ἐκδίδωσι καρπούς. ἴσως δὲ ταῦτʼ οὐ πολυπραγμονήσεις, ὅτι τούτοις οὐδὲν
               κακὸν ἔστιν. ἀλλʼ εἰ δεῖ
<milestone unit="stephpage" id="stephpage-517f" n="517f"/> πάντως τὸ περίεργον ἐν φαύλοις τισὶν ὥσπερ ἑρπετὸν ἐν
               θανασίμοις ὕλαις ἀεὶ νέμεσθαι καὶ διατρίβειν, ἐπὶ τὰς ἱστορίας
               ἀγάγωμεν αὐτὸ καὶ παραβάλωμεν
<milestone unit="tlnum" n="25"/> ἀφθονίαν
               κακῶν καὶ περιουσίαν· ἐνταῦθα γὰρ ἔνεισι <quote rend="blockquote"> πεσήματʼ
                  ἀνδρῶν κἀπολακτισμοὶ <note resp="ed" place="unspecified" anchored="yes">
<foreign lang="greek">πεσήματʼ - κἀπολακτισμοὶ</foreign> Duebnerus:
                        <foreign lang="greek">πεσήματα - καὶ ἀπολακτισμοὶ</foreign>
</note>
                  βίων· <note resp="ed" place="unspecified" anchored="yes">
<foreign lang="greek">βίου</foreign> Aeschylus</note>
</quote>
<note resp="ed" place="unspecified" anchored="yes">Aesch. Suppl. 937</note>
<pb id="v.3.p.341"/> φθοραὶ γυναικῶν, ἐπιθέσεις οἰκετῶν, διαβολαὶ φίλων,
               παρασκευαὶ φαρμάκων, φθόνοι, ζηλοτυπίαι, ναυάγιʼ οἴκων, <note resp="ed" place="unspecified" anchored="yes">
<foreign lang="greek">ναυάγιʼ
                     οἴκων</foreign> distinxit Duebnerus</note> ἐκπτώσεις ἡγεμονιῶν
               ἐμπίπλασο καὶ τέρπε σαυτόν, ἐνοχλῶν μηδενὶ τῶν συνόντων μηδὲ λυπῶν.
<milestone unit="tlnum" n="5"/>
</p>
</div1>
<div1 type="section" n="6">
<p>ἀλλʼ ἔοικεν ἡ πολυπραγμοσύνη μὴ χαίρειν ἑώλοις κακοῖς ἀλλὰ θερμοῖς καὶ
               προσφάτοις· καὶ καινὰς
<milestone unit="stephpage" id="stephpage-518a" n="518a"/>
               τραγῳδίας ἡδέως θεᾶσθαι, τοῖς δὲ κωμικοῖς καὶ ἱλαρωτέροις πράγμασιν οὐ
               μάλα προθύμως ὁμιλεῖν. διὸ γάμον μέν τινος ἢ θυσίαν ἢ προπομπὴν
<milestone unit="tlnum" n="10"/> διεξιόντος ἀμελὴς ὁ πολυπράγμων καὶ
               ῥᾴθυμος ἀκροατής ἐστι, καὶ προακηκοέναι τὰ πλεῖστά φησι καὶ κελεύει
               ταῦτα συντέμνειν καὶ παρέρχεσθαι τὸν διηγούμενον· ἂν δʼ ἢ φθοράν τις
               παρθένου παρακαθήμενος
<milestone unit="tlnum" n="15"/> ἢ μοιχείαν γυναικὸς ἢ
               δίκης παρασκευὴν ἢ στάσιν ἀδελφῶν διηγῆται, οὔτε νυστάζει οὔτʼ
               ἀσχολεῖται, <quote rend="blockquote"> ἄλλα τε <note resp="ed" place="unspecified" anchored="yes">
<foreign lang="greek">δὲ</foreign> Schneiderus, qui versum
                     Callimacho vindicat</note> δίζηται ἐπέων παρὰ τʼ οὔατα βάλλει.</quote>
               καὶ τὸ <quote rend="blockquote">
<l> οἴμοι, τὸ κακὸν τῆς εὐτυχίας <note resp="ed" place="unspecified" anchored="yes">Nauck. p. 913</note>
<milestone unit="tlnum" n="20"/>
</l>
<l>ὡς μᾶλλον ἐς οὖς φέρεται θνητῶν
<milestone unit="stephpage" id="stephpage-518b" n="518b"/>
</l>
</quote> ἐπὶ τῶν πολυπραγμόνων ἐστὶν ἀληθῶς εἰρημένον. ὡς γὰρ αἱ σικύαι
               τὸ χείριστον ἐκ τῆς σαρκὸς ἕλκουσιν, οὕτω τὰ τῶν πολυπραγμόνων ὦτα
               τοὺς φαυλοτάτους λόγους ἐπισπᾶται· μᾶλλον δʼ , ὥσπερ αἱ πόλεις
<milestone unit="tlnum" n="25"/> ἔχουσί τινας πύλας ἀποφράδας καὶ σκυθρωπάς, διʼ ὧν
               ἐξάγουσι τοὺς θανατουμένους καὶ τὰ λύματα <pb id="v.3.p.342"/> καὶ τοὺς
               καθαρμοὺς ἐκβάλλουσιν, εὐαγὲς δʼ οὐδὲν οὐδʼ ἱερὸν εἴσεισι οὐδʼ ἔξεισι
               διʼ αὐτῶν· οὕτω καὶ τὰ τῶν πολυπραγμόνων ὦτα χρηστὸν οὐδὲν οὐδʼ
               ἀστεῖον ἀλλʼ οἱ φονικοὶ λόγοι διέρχονται καὶ τρίβουσιν,
<milestone unit="tlnum" n="5"/> ἐκθύσιμα καὶ μιαρὰ διηγήματα παρακομίζοντες·
<milestone unit="stephpage" id="stephpage-518c" n="518c"/>
<quote rend="blockquote">
<l> ἀεὶ δʼ ἀοιδῶν μοῦνος ἐν στέγαις ἐμαῖς </l>
<note resp="ed" place="unspecified" anchored="yes">Nauck. p. 913</note>
<l> κωκυτὸς ἐμπέπτωκεν· </l>
</quote> αὕτη τοῖς πολυπράγμοσι μοῦσα καὶ σειρὴν μία, τοῦθʼ ἥδιστον
               ἀκουσμάτων αὐτοῖς. ἔστι γὰρ ἡ πολυπραγμοσύνη
<milestone unit="tlnum" n="10"/> φιλοπευστία τῶν ἐν ἀποκρύψει καὶ λανθανόντων οὐδεὶς δʼ ἀγαθὸν
               ἀποκρύπτει κεκτημένος, ὅπου καὶ τὰ μὴ ὄντα προσποιοῦνται. κακῶν οὖν
               ἱστορίας ὁ πολυπράγμων ὀρεγόμενος, ἐπιχαιρεκακίας συνέχεται. πάθει, φθόνου
               καὶ βασκανίας ἀδελφῷ.
<milestone unit="tlnum" n="15"/> φθόνος μὲν γάρ ἐστι;
               λύπη ἐπʼ ἀλλοτρίοις ἀγαθοῖς, ἐπιχαιρεκακία δʼ ἡδονὴ ἐπʼ ἀλλοτρίοις
               κακοῖς· ἀμφότερα
<milestone unit="stephpage" id="stephpage-518d" n="518d"/> δʼ ἐκ
               πάθους ἀνημέρου καὶ θηριώδους γεγένηται, τῆς κακοηθείας. </p>
</div1>
<div1 type="section" n="7">
<p> οὕτω δʼ ἑκάστῳ λυπηρόν ἐστιν ἡ τῶν περὶ
<milestone unit="tlnum" n="20"/>
               αὐτὸν κακῶν ἀνακάλυψις, ὥστε πολλοὺς ἀποθανεῖν ἂν πρότερον ἢ δεῖξαί
               τι τῶν ἀπορρήτων νοσημάτων ἰατροῖς. φέρε γὰρ Ἡρόφιλον ἢ Ἐρασίστρατον
               ἢ τὸν Ἀσκληπιὸν αὐτόν, ὅτʼ ἦν ἄνθρωπος, ἔχοντα τὰ φάρμακα καὶ τὰ
               ὄργανα, κατʼ οἰκίαν παριστάμενον ἀνακρίνειν,
<milestone unit="tlnum" n="25"/>
               μή τις ἔχει; σύριγγα περὶ δακτύλιον ἢ γυνὴ καρκίνον ἐν ὑστέρᾳ· καίτοι
               σωτήριόν ἐστι τῆς τέχνης ταύτης τὸ πολύπραγμον ἀλλὰ πᾶς ἄν τις, οἶμαι,
                  <pb id="v.3.p.343"/> τὸν τοιοῦτον ἀπήλασεν, ὅτι τὴν χρείαν οὐ περιμένων
<milestone unit="stephpage" id="stephpage-518e" n="518e"/> ἄκλητος ἐπʼ
               ἀλλοτρίων κακῶν ἔρχεται κατανόησιν. οἱ δὲ πολυπράγμονες αὐτὰ ταῦτα καὶ
               τὰ τούτων ἔτι χείρονα ζητοῦσιν, οὐ θεραπεύοντες ἀλλὰ
<milestone unit="tlnum" n="5"/> μόνον ἀνακαλύπτοντες· ὅθεν μισοῦνται δικαίως. καὶ
               γὰρ τοὺς τελώνας βαρυνόμεθα καὶ δυσχεραίνομεν, οὐχ ὅταν τὰ ἐμφανῆ τῶν
               εἰσαγομένων ἐκλέγωσιν, ἀλλʼ ὅταν τὰ κεκρυμμένα ζητοῦντες ἐν ἀλλοτρίοις
               σκεύεσι καὶ φορτίοις ἀναστρέφωνται· καίτοι τοῦτο
<milestone unit="tlnum" n="10"/> ποιεῖν ὁ νόμος δίδωσιν αὐτοῖς, καὶ βλάπτονται μὴ
<milestone unit="stephpage" id="stephpage-518f" n="518f"/> ποιοῦντες. οἱ δὲ πολυπράγμονες
               ἀπολλύουσι καὶ προΐενται τὰ αὑτῶν ἀσχολούμενοι περὶ τἀλλότρια <note resp="ed" place="unspecified" anchored="yes">
<foreign lang="greek">τἀλλότρια</foreign> *: <foreign lang="greek">τὰ ἀλλότρια</foreign>
</note> καὶ
               σπανίως μὲν εἰς ἀγρὸν βαδίζουσι, τὸ ἥσυχον καὶ σιωπηρὸν τῆς ἐρημίας οὐ
               φέροντες ἐὰν δὲ καὶ
<milestone unit="tlnum" n="15"/> παραβάλωσι διὰ χρόνου,
               ταῖς τῶν γειτόνων ἀμπέλοις ἐμβλέπουσι μᾶλλον ἢ ταῖς ἰδίαις· καὶ
               πυνθάνονται πόσοι βόες τοῦ γείτονος; ἀποτεθνήκασιν ἢ πόσος οἶνος ὀξίνης
               γέγονε· ταχὺ δὲ τούτων ἐμπλησθέντες ἀποτρέχουσιν. ὁ μὲν γὰρ ἀληθινὸς
               ἐκεῖνος γεωργὸς
<milestone unit="tlnum" n="20"/> οὐδὲ τὸν αὐτομάτως
               ἐρχόμενον ἐκ πόλεως λόγον ἡδέως προσδέχεται, λέγων <quote rend="blockquote">
<l> εἶτά μοι σκάπτων ἐρεῖ,
<milestone unit="stephpage" id="stephpage-519a" n="519a"/>
</l>
<note resp="ed" place="unspecified" anchored="yes">Kock. 3 p. 473</note>
<l>ἐφʼ οἷς γεγόνασιν αἱ διαλύσεις· ταῦτα γὰρ </l>
<l> πολυπραγμονῶν νῦν <note resp="ed" place="unspecified" anchored="yes">
<foreign lang="greek">πολυπραγμονῶν νῦν</foreign> Emperius: <foreign lang="greek">νῦν πολυπραγμονῶν</foreign>
</note> ὁ κατάρατος περιπατεῖ.
<milestone unit="tlnum" n="25"/>
</l>
</quote>
</p>
</div1>
<div1 type="section" n="8">
<p>οἱ δὲ πολυπράγμονες ὡς ἕωλόν τι πρᾶγμα καὶ ψυχρὸν καὶ ἀτράγῳδον
               φεύγοντες τὴν <pb id="v.3.p.344"/> ἀγροικίαν, εἰς τὸ δεῖγμα καὶ τὴν ἀγορὰν
               καὶ τοὺς λιμένας ὠθοῦνται· “μή τι καινόν;” “οὐ γὰρ ἦς πρωῒ κατʼ ἀγοράν;ʼ” “τί οὖν; ἐν ὥραις τρισὶν οἴει τὴν πόλιν μετακεκοσμῆσθαι ;ʼ” οὐ μὴν
               ἀλλʼ ἂν μέν τις ἔχῃ τι τοιοῦτον
<milestone unit="tlnum" n="5"/> εἰπεῖν,
               καταβὰς ἀπὸ τοῦ ἵππου δεξιωσάμενος καὶ <note resp="ed" place="unspecified" anchored="yes">
<foreign lang="greek">καὶ</foreign>] om. codd. mei</note> καταφιλήσας ἕστηκεν ἀκροώμενος.
               ἐὰν δʼ ἀπαντήσας εἴπῃ τις ὅτι οὐθὲν καινὸν , ὥσπερ ἀχθόμενος “τί
                  λέγεις;ʼ” φησὶν “οὐ γέγονας κατʼ ἀγοράν; οὐ
<milestone unit="stephpage" id="stephpage-519b" n="519b"/> παρελήλυθας τὸ στρατήγιον;
                  οὐδὲ τοῖς ἐξ Ἰταλίας
<milestone unit="tlnum" n="10"/> ἥκουσιν
                  ἐντετύχηκας;ʼ” διὸ καλῶς οἱ τῶν Λοκρῶν ἄρχοντες, ἐπεί τις ἐξ
               ἀποδημίας προσιὼν ἠρώτησε “μή τι καινόν,” ἐζημίωσαν αὐτόν. ὡς γὰρ
               οἱ μάγειροι φορὰν εὔχονται βοσκημάτων οἱ δʼ ἁλιεῖς ἰχθύων, οὕτως οἱ
               πολυπράγμονες εὔχονται φορὰν κακῶν καὶ
<milestone unit="tlnum" n="15"/> πλῆθος
               πραγμάτων καὶ καινότητας καὶ μεταβολάς, ἵνʼ ἀεί τι θηρεύειν καὶ
               κατακόπτειν ἔχωσιν. εὖ δὲ καὶ ὁ τῶν Θουρίων νομοθέτης· κωμῳδεῖσθαι γὰρ
               ἐκώλυσε τοὺς πολίτας πλὴν μοιχοὺς καὶ πολυπράγμονας.
<milestone unit="stephpage" id="stephpage-519c" n="519c"/> ἔοικε γάρ ἥ τε μοιχεία
               πολυπραγμοσύνη
<milestone unit="tlnum" n="20"/> τις ἀλλοτρίας ἡδονῆς εἶναι
               καὶ ζήτησις καὶ ἔρευνα τῶν φυλαττομένων καὶ λανθανόντων τοὺς πολλούς· ἥ
               τε πολυπραγμοσύνη παράλυσίς ἐστι καὶ φθορὰ <note resp="ed" place="unspecified" anchored="yes">
<foreign lang="greek">φθορὰ</foreign>] <foreign lang="greek">φώρασις</foreign> R. latere mihi vid. vox <foreign lang="greek">φώρα</foreign>, quae Hesychio teste <foreign lang="greek">ἔρευνα</foreign> est</note> καὶ ἀπογύμνωσις τῶν ἀπορρήτων.
            </p>
</div1>
<div1 type="section" n="9">
<p>τῇ μὲν οὖν πολυμαθείᾳ τὴν πολυλογίαν ἕπεσθαι
<milestone unit="tlnum" n="25"/> συμβαίνει· διὸ καὶ Πυθαγόρας ἔταξε τοῖς νέοις πενταέτιδα
               σιωπήν, ἐχεμυθίαν προσαγορεύσας. τῇ δὲ περιεργίᾳ τὴν κακολογίαν ἀνάγκη
               συνακολουθεῖν <pb id="v.3.p.345"/> ἃ γὰρ ἡδέως ἀκούουσιν ἡδέως λαλοῦσι,
               καὶ ἃ παρʼ ἄλλων σπουδῇ συλλέγουσι πρὸς ἑτέρους μετὰ χαρᾶς
<milestone unit="stephpage" id="stephpage-519d" n="519d"/> ἐκφέρουσιν. ὅθεν αὐτοῖς
               μετὰ τῶν ἄλλων κακῶν τὸ νόσημα καὶ πρὸς τὴν ἐπιθυμίαν ἐμποδών ἐστι·
               πάντες
<milestone unit="tlnum" n="5"/> γὰρ αὐτοὺς φυλάττονται καὶ
               ἀποκρύπτονται, καὶ οὔτε πρᾶξαί τι πολυπράγμονος ὁρῶντος οὔτε εἰπεῖν
               ἀκούοντος ἡδέως ἔχουσιν· ἀλλὰ καὶ βουλὰς ἀνατίθενται καὶ σκέψεις
               πραγμάτων ὑπερβάλλονται, μέχρι ἂν ἐκποδὼν ὁ τοιοῦτος γένηται· κἂν ἢ
               λόγου τινὸς
<milestone unit="tlnum" n="10"/> ἀπορρήτου παρόντος ἢ πράξεως
               σπουδαίας περαινομένης ἀνὴρ πολυπράγμων ἐπιφανῇ, καθάπερ ὄψον γαλῆς
               παραδραμούσης αἴρουσιν ἐκ μέσου καὶ ἀποκρύπτουσιν·
<milestone unit="stephpage" id="stephpage-519e" n="519e"/> ὥστε πολλάκις τὰ τοῖς
               ἄλλοις ῥητὰ καὶ θεατὰ τούτοις μόνοις ἄρρητα καὶ ἀθέατα γίγνεσθαι.
<milestone unit="tlnum" n="15"/>διὸ καὶ πίστεως ἁπάσης ἔρημος ὁ
               πολυπράγμων ἐστίν· οἰκέταις γοῦν καὶ ξένοις πιστεύομεν μᾶλλον ἐπιστολὰς
               καὶ γράμματα καὶ σφραγῖδας ἢ φίλοις καὶ οἰκείοις πολυπράγμοσιν. ὁ δὲ
               Βελλεροφόντης <note resp="ed" place="unspecified" anchored="yes">
<foreign lang="greek">Βελλεροφόντης</foreign>] cf. Hom. Z 155 sqq.</note> ἐκεῖνος οὐδὲ καθʼ ἑαυτοῦ γράμματα κομίζων ἔλυσεν,
<milestone unit="tlnum" n="20"/> ἀλλʼ ἀπέσχετο τῆς ἐπιστολῆς τοῦ βασιλέως
               ὡς τῆς γυναικὸς διὰ τὴν αὐτὴν ἐγκράτειαν. ἀκρασίας γὰρ τὸ
               πολυπραγμονεῖν ὡς καὶ τὸ μοιχεύειν, καὶ πρὸς τῇ ἀκρασίᾳ δεινῆς ἀνοίας
               καὶ ἀφροσύνης· τὸ γὰρ τοσαύτας παρελθόντα κοινὰς καὶ δεδημοσιωμένας
<milestone unit="tlnum" n="25"/>
<milestone unit="stephpage" id="stephpage-519f" n="519f"/> γυναῖκας; ἐπὶ τὴν
               κατάκλειστον ὠθεῖσθαι καὶ πολυτελῆ, πολλάκις ἂν <note resp="ed" place="unspecified" anchored="yes">
<foreign lang="greek">ἂν</foreign>] <foreign lang="greek">δʼ ἂν</foreign>?</note> οὕτω τύχῃ καὶ ἄμορφον
               οὖσαν, ὑπερβολὴ μανίας καὶ παραφροσύνης. ταὐτὸ δʼ οἱ <pb id="v.3.p.346"/>
               πολυπράγμονες ποιοῦσι · πολλὰ <note resp="ed" place="unspecified" anchored="yes">
<foreign lang="greek">πολλὰ</foreign>] <foreign lang="greek">πολλὰ γὰρ</foreign> Stegmannus</note> καὶ καλὰ θεάματα καὶ ἀκούσματα καὶ σχολὰς
               καὶ διατριβὰς παρελθόντες, ἐπιστόλια διορύττουσιν ἀλλότρια καὶ παραβάλλουσι
               γειτόνων τοίχοις τὰ ὦτα καὶ συμψιθυρίζουσιν οἰκέταις
<milestone unit="tlnum" n="5"/> καὶ γυναίοις, πολλάκις μὲν οὐδʼ ἀκινδύνως ἀεὶ δʼ ἀδόξως. </p>
</div1>
<div1 type="section" n="10">
<p>διὸ καὶ χρήσιμον ὡς ἔνι μάλιστα πρὸς τὴν <note resp="ed" place="unspecified" anchored="yes">
<foreign lang="greek">τὴν</foreign>] <foreign lang="greek">τὴν τοῦ πάθους</foreign> R. malim <foreign lang="greek">τὴν ἀπὸ τοῦ πάθους</foreign>
</note>
<milestone unit="stephpage" id="stephpage-520a" n="520a"/> ἀποτροπὴν τοῖς πολυπράγμοσιν ἡ τῶν
               προεγνωσμένων ἀνάμνησις. ἂν γάρ , ὥσπερ ὁ Σιμωνίδης ἔλεγε
<milestone unit="tlnum" n="10"/> τὰς κιβωτοὺς ἀνοίγων διὰ χρόνου τὴν μὲν τῶν μισθῶν
               ἀεὶ μεστὴν τὴν δὲ τῶν χαρίτων εὑρίσκειν ἀεὶ κενήν, οὕτως; ἄν τις <note resp="ed" place="unspecified" anchored="yes">
<foreign lang="greek">τις</foreign> Huttenus</note> τῆς
               πολυπραγμοσύνης τὴν ἀποθήκην ἀνοίγῃ διὰ χρόνου καὶ κατασκέπτηται πολλῶν
               ἀχρήστων καὶ ματαίων καὶ ἀτερπῶν γέμουσαν, ἴσως
<milestone unit="tlnum" n="15"/> ἂν αὐτῷ τὸ πρᾶγμα προσσταίη, φανὲν ἀηδὲς παντάπασι καὶ
               φλυαρῶδες. φέρε γάρ, εἴ τις ἐπιὼν τὰ συγγράμματα τῶν παλαιῶν ἐκλαμβάνοι
               τὰ κάκιστα τῶν ἐν αὐτοῖς, καὶ βιβλίον ἔχοι συντεταγμένον, οἷον
               Ὁμηρικῶν
<milestone unit="stephpage" id="stephpage-520b" n="520b"/> στίχων
               ἀκεφάλων καὶ τραγικῶν σολοικισμῶν
<milestone unit="tlnum" n="20"/> καὶ τῶν
               ὑπʼ Ἀρχιλόχου πρὸς τὰς γυναῖκας ἀπρεπῶς καὶ ἀκολάστως εἰρημένων,
               ἑαυτὸν παραδειγματίζοντος· ἆρʼ οὐκ ἔστι τῆς τραγικῆς κατάρας ἄξιος,
               <quote rend="blockquote"> ὄλοιο θνητῶν ἐκλέγων τὰς συμφοράς;ʼ </quote>
<note resp="ed" place="unspecified" anchored="yes">Nauck. p. 913</note> καὶ
               ἄνευ δὲ τῆς κατάρας ἀπρεπὴς καὶ ἀνωφελὴς ὁ
<milestone unit="tlnum" n="25"/> θησαυρὸς αὐτοῦ τῶν ἀλλοτρίων ἁμαρτημάτων ὥσπερ ἡ πόλις, ἣν ἐκ τῶν
               κακίστων καὶ <pb id="v.3.p.347"/> ἀναγωγοτάτων οἰκίσας ὁ Φίλιππος
               Πονηρόπολιν προσηγόρευσεν. οἱ τοίνυν πολυπράγμονες οὐ στίχων οὐδὲ
               ποιημάτων, ἀλλὰ βίων ἀστοχήματα καὶ πλημμελήματα καὶ σολοικισμοὺς
               ἀναλεγόμενοι καὶ συνάγοντες,
<milestone unit="tlnum" n="5"/>
<milestone unit="stephpage" id="stephpage-520c" n="520c"/> ἀμουσότατον καὶ
               ἀτερπέστατον κακῶν γραμματοφυλακεῖον τὴν ἑαυτῶν μνήμην περιφέρουσιν. ὥσπερ
               οὖν ἐν Ῥώμῃ τινὲς τὰς γραφὰς καὶ τοὺς ἀνδριάντας καὶ νὴ Δία τὰ
               κάλλη τῶν ὠνίων παίδων καὶ γυναικῶν ἐν μηδενὶ λόγῳ τιθέμενοι, περὶ τὴν
               τῶν
<milestone unit="tlnum" n="10"/> τεράτων ἀγορὰν ἀναστρέφονται, τοὺς
               ἀκνήμους καὶ τοὺς γαλεάγκωνας καὶ τοὺς τριοφθάλμους καὶ τοὺς
               στρουθοκεφάλους καταμανθάνοντες καὶ ζητοῦντες εἴ τι γεγένηται <quote rend="blockquote">σύμμικτον εἶδος κἀποφώλιον <note resp="ed" place="unspecified" anchored="yes">
<foreign lang="greek">καὶ ἀποφώλιον</foreign> codd. mei</note> τέρας· <note resp="ed" place="unspecified" anchored="yes">
<foreign lang="greek">τέρας</foreign>] <foreign lang="greek">τρέφος</foreign> Nauckius. cf. Vit. Thes. c. 15</note>
<note resp="ed" place="unspecified" anchored="yes">Nauck. p. 680</note>
<milestone unit="tlnum" n="15"/>
</quote> ἀλλʼ ἐὰν συνεχῶς τις ἐπάγῃ τοῖς τοιούτοις αὐτοὺς θεάμασι, ταχὺ
               πλησμονὴν καὶ ναυτίαν τὸ πρᾶγμα παρέξει· οὕτως οἱ τὰ περὶ τὸν βίον
               ἀστοχήματα καὶ γενῶν αἴσχη καὶ διαστροφάς τινας ἐν οἴκοις ἀλλοτρίοις
<milestone unit="stephpage" id="stephpage-520d" n="520d"/> καὶ πλημμελείας
               πολυπραγμονοῦντες, τῶν
<milestone unit="tlnum" n="20"/> πρώτων ἀναμιμνησκέτωσαν
               ἑαυτοὺς ὅτι χάριν καὶ ὄνησιν οὐδεμίαν ἤνεγκε. </p>
</div1>
<div1 type="section" n="11">
<p>μέγιστον μέντοι πρὸς τὴν τοῦ πάθους ἀποτροπὴν ὁ ἐθισμός, ἐὰν πόρρωθεν
               ἀρξάμενοι γυμνάζωμεν ἑαυτοὺς καὶ διδάσκωμεν <note resp="ed" place="unspecified" anchored="yes">
<foreign lang="greek">διδάσκωμεν</foreign>] <foreign lang="greek">διασκῶμεν</foreign>?</note> ἐπὶ ταύτην τὴν ἐγκράτειαν·
<milestone unit="tlnum" n="25"/> καὶ γὰρ ἡ αὔξησις ἔθει γέγονε, τοῦ
               νοσήματος κατὰ μικρὸν εἰς τὸ πρόσω χωροῦντος· ὃν δὲ τρόπον, <pb id="v.3.p.348"/> εἰσόμεθα περὶ τῆς ἀσκήσεως ὁμοῦ διαλεγόμενοι. πρῶτον
               μὲν οὖν ἀπὸ τῶν βραχυτάτων καὶ φαυλοτάτων ἀρξώμεθα. τί γὰρ χαλεπόν
               ἐστιν ἐν ταῖς ὁδοῖς τὰς ἐπὶ τῶν τάφων ἐπιγραφὰς μὴ ἀναγιγνώσκειν, ἢ
               τί
<milestone unit="tlnum" n="5"/>
<milestone unit="stephpage" id="stephpage-520e" n="520e"/> δυσχερὲς ἐν τοῖς
               περιπάτοις τὰ κατὰ τῶν τοίχων γράμματα <note resp="ed" place="unspecified" anchored="yes">
<foreign lang="greek">γράμματα</foreign>] <foreign lang="greek">ἐπιγράμματα</foreign> R</note> τῇ ὄψει παρατρέχειν, ὑποβάλλοντας
               αὑτοῖς ὅτι χρήσιμον οὐδὲν οὐδʼ ἐπιτερπὲς ἐν τούτοις γέγραπται· ἀλλʼ “ἐμνήσθη” ὁ δεῖνα τοῦ δεῖνος ἐπʼ ἀγαθῷ καὶ “φίλων ἄριστοσ” ὅδε τις, καὶ πολλὰ τοιαύτης
<milestone unit="tlnum" n="10"/> γέμοντα φλυαρίας·
               ἃ δοκεῖ μὲν οὐ βλάπτειν ἀναγιγνωσκόμενα, βλάπτει δὲ λεληθότως τῷ
               μελέτην παρεμποιεῖν τοῦ ζητεῖν τὰ μὴ προσήκοντα; καὶ καθάπερ οἱ κυνηγοὶ
               τοὺς σκύλακας οὐκ ἐῶσιν ἐκτρέπεσθαι
<milestone unit="stephpage" id="stephpage-520f" n="520f"/> καὶ διώκειν πᾶσαν ὀδμήν, ἀλλὰ τοῖς
               ῥυτῆρσιν
<milestone unit="tlnum" n="15"/> ἕλκουσι καὶ ἀνακρούουσι, καθαρὸν
               αὐτῶν φυλάττοντες καὶ ἄκρατον τὸ αἰσθητήριον ἐπὶ τὸ οἰκεῖον ἔργον,
               ἵνʼ εὐτονώτερον ἐμφύηται τοῖς ἴχνεσι <quote rend="blockquote"> πέλματα <note resp="ed" place="unspecified" anchored="yes">
<foreign lang="greek">πέλματα</foreign> Emperius: <foreign lang="greek">τέρματα</foreign>
</note>
                  θηρείων μελέων μυκτῆρσιν ἐρευνῶν· </quote> οὕτω δεῖ τὰς ἐπὶ πᾶν θέαμα
               καὶ πᾶν ἄκουσμα τοῦ
<milestone unit="tlnum" n="20"/> πολυπράγμονος ἐκδρομὰς
               καὶ περιπλανήσεις ἀφαιρεῖν καὶ ἀντισπᾶν ἐπὶ τὰ χρήσιμα φυλάττοντας.
               ὥσπερ γὰρ οἱ ἀετοὶ καὶ οἱ λέοντες ἐν τῷ περιπατεῖν συστρέφουσιν εἴσω
               τοὺς ὄνυχας, ἵνα μὴ τὴν ἀκμὴν
<milestone unit="stephpage" id="stephpage-521a" n="521a"/> αὐτῶν καὶ τὴν ὀξύτητα κατατρίβωσιν, οὕτω
               τὸ πολύπραγμον
<milestone unit="tlnum" n="25"/> τοῦ φιλομαθοῦς ἀκμήν τινα καὶ
               στόμωμα νομίζοντες ἔχειν καταναλίσκωμεν ἐν τοῖς ἀχρήστοις μηδʼ
               ἀπαμβλύνωμεν. <pb id="v.3.p.349"/>
</p>
</div1>
<div1 type="section" n="12">
<p>δεύτερον τοίνυν ἐθιζώμεθα θύραν παριόντες ἀλλοτρίαν μὴ βλέπειν εἴσω μηδὲ
               τῶν ἐντὸς ἐπιδράττεσθαι τῇ ὄψει <note resp="ed" place="unspecified" anchored="yes">
<foreign lang="greek">τῇ ὄψει</foreign>] del. R</note> καθάπερ χειρὶ τῇ περιεργίᾳ, ἀλλὰ τὸ
               τοῦ Ξενοκράτους ἔχωμεν πρόχειρον, ὃς ἔφη μηδὲν
<milestone unit="tlnum" n="5"/> διαφέρειν τοὺς πόδας ἢ τοὺς ὀφθαλμοὺς εἰς ἀλλοτρίαν οἰκίαν
               τιθέναι· οὔτε γὰρ δίκαιον οὔτε καλόν, ἀλλʼ οὐδʼ ἡδὺ τὸ θέαμα. <quote rend="blockquote"> δύσμορφα μέντοι τἄνδον εἰσιδεῖν, ξένε· </quote>
<note resp="ed" place="unspecified" anchored="yes">Nauck. p. 617. Kock. 3 p. 613</note> τὰ γὰρ
               πολλὰ τοιαῦτα τῶν ἐν ταῖς οἰκίαις, σκευάρια
<milestone unit="tlnum" n="10"/>
<milestone unit="stephpage" id="stephpage-521b" n="521b"/> κείμενα καὶ
               θεραπαινίδια καθεζόμενα καὶ σπουδαῖον οὐδὲν οὐδʼ ἐπιτερπές. ἡ δὲ
               συνδιαστρέφουσα τὴν ψυχὴν παράβλεψις αὕτη καὶ παρατόξευσις αἰσχρὰ καὶ τὸ
               ἔθος μοχθηρόν· ὁ μὲν γὰρ Διογένης θεασάμενος εἰσελαύνοντα τὸν
               ὀλυμπιονίκην Διώξιππον
<milestone unit="tlnum" n="15"/> ἐφʼ ἅρματος, καὶ
               γυναικὸς εὐμόρφου θεωμένης τὴν πομπὴν ἀποσπάσαι τὰς ὄψεις μὴ δυνάμενον
               ἀλλʼ ὑποβλέποντα καὶ παρεπιστρεφόμενον , “ὁρᾶτʼ” εἶπε “τὸν ἀθλητὴν
                  ὑπὸ παιδισκαρίου τραχηλιζόμενον” τοὺς δὲ πολυπράγμονας ἴδοις ἂν
               ὑπὸ παντὸς ὁμοίως
<milestone unit="tlnum" n="20"/> θεάματος τραχηλιζομένους
               καὶ περιαγομένους, ὅταν ἔθος καὶ μελέτη γένηται τῆς ὄψεως αὐτοῖς
               πανταχοῦ <note resp="ed" place="unspecified" anchored="yes">malim <foreign lang="greek">πανταχοῖ</foreign>
</note>
<milestone unit="stephpage" id="stephpage-521c" n="521c"/> διαφορουμένης
               δεῖ δʼ , ὡς οἶμαι, μὴ καθάπερ θεράπαιναν ἀνάγωγον ἔξω ῥέμβεσθαι τὴν
               αἴσθησιν, ἀλλʼ ἀποπεμπομένην ὑπὸ τῆς ψυχῆς ἐπὶ· τὰ
<milestone unit="tlnum" n="25"/> πράγματα συντυγχάνειν αὐτοῖς ταχὺ καὶ διαγγέλλειν·
               εἶτα πάλιν κοσμίως ἐντὸς εἶναι τοῦ λογισμοῦ <pb id="v.3.p.350"/> καὶ
               προσέχειν αὐτῷ. νῦν δὲ συμβαίνει τὸ τοῦ Σοφοκλέους <note resp="ed" place="unspecified" anchored="yes">
<foreign lang="greek">Σοφοκλέους</foreign>] Electr. 724</note>
<quote rend="blockquote">
<l> ἔπειτα δʼ Αἰνιᾶνος ἀνδρὸς ἄστομοι </l>
<l> πῶλοι φοροῦσιν <note resp="ed" place="unspecified" anchored="yes">
<foreign lang="greek">φέρουσιν</foreign> Sophocles</note>
</l>
</quote>
<milestone unit="tlnum" n="5"/> αἱ μὴ τυχοῦσαι παιδαγωγίας ὥσπερ ἐλέγομεν <note resp="ed" place="unspecified" anchored="yes">
<foreign lang="greek">ἐλέγομεν</foreign> R: <foreign lang="greek">λέγομεν</foreign>
</note>
               ὀρθῆς μηδʼ ἀσκήσεως αἰσθήσεις προεκτρέχουσαι καὶ συνεφελκόμεναι
<milestone unit="stephpage" id="stephpage-521d" n="521d"/> πολλάκις εἰς ἃ μὴ δεῖ
               καταβάλλουσι τὴν διάνοιαν. ὅθεν ἐκεῖνο μὲν ψεῦδός ἐστι, τὸ Δημόκριτον
               ἑκουσίως σβέσαι τὰς ὄψεις ἀπερεισάμενον
<milestone unit="tlnum" n="10"/> εἰς
               ἔσοπτρον πυρωθέν, καὶ τὴν ἀπʼ αὐτοῦ ἀνάκλασιν δεξάμενον, <note resp="ed" place="unspecified" anchored="yes">malim <foreign lang="greek">δεξάμενον ἀνάκλασιν</foreign>
</note> ὅπως μὴ
               παρέχωσι θόρυβον τὴν διάνοιαν ἔξω καλοῦσαι πολλάκις, ἀλλʼ ἐῶσιν ἔνδον
               οἰκουρεῖν καὶ διατρίβειν πρὸς τοῖς νοητοῖς, ὥσπερ παρόδιοι θυρίδες
               ἐμφραγεῖσαι· τοῦτο μέντοι παντὸς
<milestone unit="tlnum" n="15"/> μᾶλλον
               ἀληθές ἐστιν, ὅτι τὴν αἴσθησιν ὀλίγα κινοῦσιν οἱ πλεῖστα τῇ διανοίᾳ
               χρώμενοι. καὶ γὰρ τὰ μουσεῖα πορρωτάτω τῶν πόλεων ἱδρύσαντο, καὶ τὴν
               νύκτα προσεῖπον “εὐφρόνην” μέγα πρὸς εὕρεσιν
<milestone unit="stephpage" id="stephpage-521e" n="521e"/> τῶν ζητουμένων καὶ σκέψιν ἡγούμενοι τὴν
               ἡσυχίαν
<milestone unit="tlnum" n="20"/> καὶ τὸ ἀπερίσπαστον. </p>
</div1>
<div1 type="section" n="13">
<p>ἀλλὰ μὴν οὐδʼ ἐκεῖνο χαλεπὸν καὶ δύσκολον, ἀνθρώπων λοιδορουμένων ἐν
               ἀγορᾷ καὶ κακῶς λεγόντων ἀλλήλους μὴ προσελθεῖν· ἢ συνδρομῆς ἐπὶ τι
               πλειόνων γενομένης μεῖναι καθήμενον· ἐὰν δʼ
<milestone unit="tlnum" n="25"/>
               ἀκρατῶς ἔχῃς, ἀπελθεῖν ἀναστάντα χρηστοῦ μὲν γὰρ οὐδενὸς τοῖς
               πολυπραγμονοῦσιν ἀναμίξας σεαυτὸν ἀπολαύσεις, μεγάλα δʼ ὠφεληθήσῃ τὸ <pb id="v.3.p.351"/> πολύπραγμον ἀποστρέψας βίᾳ καὶ κολούσας ὑπακούειν
<milestone unit="stephpage" id="stephpage-521f" n="521f"/> τῷ λογισμῷ
               συνεθιζόμενον. ἐκ δὲ τούτου μᾶλλον ἐπιτείνοντα τὴν ἄσκησιν ὀρθῶς ἔχει
               καὶ θέατρον ἀκροάματος εὐημεροῦντος παρελθεῖν, καὶ φίλους ἐπʼ
<milestone unit="tlnum" n="5"/> ὀρχηστοῦ τινος ἢ κωμῳδοῦ θέαν παραλαμβάνοντας
               διώσασθαι , καὶ βοῆς ἐν σταδίῳ γενομένης ἢ ἱπποδρόμῳ μὴ ἐπιστραφῆναι.
               καθάπερ γὰρ ὁ Σωκράτης παρῄνει φυλάττεσθαι τῶν βρωμάτων ὅσα μὴ
               πεινῶντας ἐσθίειν ἀναπείθει, καὶ τῶν πωμάτων <note resp="ed" place="unspecified" anchored="yes">
<foreign lang="greek">πωμάτων</foreign> *: <foreign lang="greek">πομάτων</foreign>
</note> ὅσα
<milestone unit="tlnum" n="10"/> πίνειν μὴ διψῶντας· οὕτω χρὴ καὶ ἡμᾶς τῶν θεαμάτων καὶ
               ἀκουσμάτων φυλάττεσθαι καὶ φεύγειν ὅσα κρατεῖ καὶ προσάγεται τοὺς μηδὲν
               δεομένους. ὁ δὲ Κῦρος <note resp="ed" place="unspecified" anchored="yes">
<foreign lang="greek">Κῦρος κἑ</foreign>] Xen. Cyrop. 5, 1, 8</note> οὐκ ἐβούλετο τὴν Πάνθειαν ἰδεῖν, ἀλλὰ τοῦ
               Ἀράσπου λέγοντος ὡς ἄξιον θέας εἴη τὸ τῆς
<milestone unit="tlnum" n="15"/>
<milestone unit="stephpage" id="stephpage-522a" n="522a"/> γυναικὸς εἶδος, “οὐκοῦν” ἔφη “διὰ τοῦτο μᾶλλον αὐτῆς ἀφεκτέον· εἰ γὰρ ὑπὸ
                  σοῦ πεισθεὶς ἀφικοίμην πρὸς αὐτήν, ἴσως ἄν με πάλιν ἀναπείσειεν
                  αὐτὴ <note resp="ed" place="unspecified" anchored="yes">
<foreign lang="greek">αὕτη</foreign> *: <foreign lang="greek">αὐτὴ</foreign>
</note> καὶ μὴ σχολάζοντα φοιτᾶν θεᾶσθαι τε καὶ παρακαθῆσθαι προέμενον
                  πολλὰ τῶν σπουδῆς ἀξίων” ὁμοίως
<milestone unit="tlnum" n="20"/> οὐδʼ
               Ἀλέξανδρος εἰς ὄψιν ἦλθε τῆς Δαρείου γυναικὸς ἐκπρεπεστάτης εἶναι
               λεγομένης· ἀλλὰ πρὸς τὴν μητέρα φοιτῶν αὐτῆς πρεσβῦτιν οὖσαν, οὐχ
               ὑπέμεινε τὴν νέαν καὶ καλὴν ἰδεῖν. ἡμεῖς δὲ τοῖς φορείοις τῶν γυναικῶν
               ὑποβάλλοντες τοὺς ὀφθαλμοὺς
<milestone unit="tlnum" n="25"/>
<milestone unit="stephpage" id="stephpage-522b" n="522b"/> καὶ τῶν θυρίδων
               ἐκκρεμαννύντες, οὐδὲν ἁμαρτάνειν δοκοῦμεν οὕτως ὀλισθηρὰν καὶ ῥευστὴν
               εἰς ἅπαντα τὴν πολυπραγμοσύνην ποιοῦντες. <pb id="v.3.p.352"/>
</p>
</div1>
<div1 type="section" n="14">
<p>ἔστι τοίνυν καὶ πρὸς δικαιοσύνην <note resp="ed" place="unspecified" anchored="yes">
<foreign lang="greek">δικαιοσύνην</foreign> Madvigius: <foreign lang="greek">δικαιοσύνης</foreign>
</note> ἄσκησις, ὑπερβῆναί ποτε λῆμμα δίκαιον,
               ἵνα πόρρω τῶν ἀδίκων ἐθίσῃς σεαυτὸν εἶναι· καὶ πρὸς σωφροσύνην
               ὁμοίως, ἀποσχέσθαι ποτὲ γυναικὸς ἰδίας, ἵνα μηδέποτε
<milestone unit="tlnum" n="5"/> κινηθῇς ὑπʼ ἀλλοτρίας. τοῦτο δὴ τὸ ἔθος ἐπάγων
               τῇ πολυπραγμοσύνῃ πειρῶ καὶ τῶν ἰδίων ἔνια παρακοῦσαί ποτε καὶ
               παριδεῖν καί, βουλομένου τινὸς ἀγγεῖλαί τι τῶν ἐπὶ τῆς οἰκίας,
               ὑπερβαλέσθαι, καὶ λόγους περὶ σοῦ λελέχθαι δοκοῦντας ἀπώσασθαι.
<milestone unit="tlnum" n="10"/> καὶ γὰρ τὸν Οἰδίποδα τοῖς μεγίστοις κακοῖς ἡ
               περιεργία
<milestone unit="stephpage" id="stephpage-522c" n="522c"/> περιέβαλε·
               ζητῶν γὰρ ἑαυτὸν ὡς οὐκ ὄντα Κορίνθιον ἀλλὰ ξένον, ἀπήντησε τῷ
               Λαΐῳ, καὶ τοῦτον ἀνελὼν καὶ τὴν μητέρα λαβὼν ἐπὶ τῇ βασιλείᾳ
               γυναῖκα καὶ δοκῶν εἶναι μακάριος πάλιν ἑαυτὸν
<milestone unit="tlnum" n="15"/> ἐζήτει. καὶ τῆς γυναικὸς οὐκ ἐώσης, ἔτι μᾶλλον ἤλεγχε τὸν συνειδότα
               γέροντα, πᾶσαν προσφέρων ἀνάγκην. τέλος δὲ τοῦ πράγματος ἢδη περιφέροντος
               αὐτὸν τῇ ὑπονοίᾳ καὶ τοῦ γέροντος ἀναβοήσαντος <quote rend="blockquote">
                  οἴμοι πρὸς αὐτῷ γʼ εἰμὶ τῷ δεινῷ λέγειν, </quote>
<note resp="ed" place="unspecified" anchored="yes">Soph. OR 1169. 1170</note>
<milestone unit="tlnum" n="20"/> ὅμως ἐξημμένος ὑπὸ τοῦ πάθους καὶ
               σφαδᾴζων ἀποκρίνεται <quote rend="blockquote"> κἄγωγʼ ἀκούειν· ἀλλʼ ὅμως
                  ἀκουστέον. </quote>
<note resp="ed" place="unspecified" anchored="yes">Soph. OR 1169. 1170</note>
<milestone unit="stephpage" id="stephpage-522d" n="522d"/> οὕτω τίς ἐστι
               γλυκύπικρος καὶ ἀκατάσχετος ὁ τῆς πολυπραγμοσύνης γαργαλισμός, ὥσπερ
               ἕλκος αἱμάσσων
<milestone unit="tlnum" n="25"/> ἑαυτόν, ὅταν ἀμύσσηται. ὁ
               δʼ ἀπηλλαγμένος <pb id="v.3.p.353"/> τῆς νόσου ταύτης καὶ φύσει πρᾶος,
               ἀγνοήσας τι τῶν δυσχερῶν εἴποι ἄν <note resp="ed" place="unspecified" anchored="yes">
<foreign lang="greek">ἄν</foreign>] <foreign lang="greek">νὴ Δίʼ ἄν</foreign>?</note>
<quote rend="blockquote"> ὦ πότνια λήθη
                  τῶν κακῶν, ὡς εἶ σοφή. </quote>
<note resp="ed" place="unspecified" anchored="yes">Eur. Or. 213</note>
</p>
</div1>
<div1 type="section" n="15">
<p> διὸ καὶ πρὸς ταῦτα συνεθιστέον αὑτούς,
<milestone unit="tlnum" n="5"/>
               ἐπιστολὴν κομισθεῖσαν μὴ ταχὺ μηδὲ κατεσπευσμένως λῦσαι, καθάπερ οἱ πολλοὶ
               ποιοῦσιν, ἂν αἱ χεῖρες βραδύνωσι, τοῖς ὀδοῦσι τοὺς δεσμοὺς
               διαβιβρώσκοντες· ἀγγέλου ποθὲν ἥκοντος, μὴ προσδραμεῖν μηδʼ ἐξαναστῆναι·
               φίλου τινὸς εἰπόντος “ἔχω σοί τι
<milestone unit="tlnum" n="10"/>
<milestone unit="stephpage" id="stephpage-522e" n="522e"/> καινὸν εἰπεῖν
                  πρᾶγμα” “μᾶλλον, εἴ τι <note resp="ed" place="unspecified" anchored="yes">
<foreign lang="greek">εἴ τι</foreign>] <foreign lang="greek">εἰπεῖν εἴ τι</foreign>?</note> χρήσιμον ἔχεις ὠφέλιμον.” ἐμοῦ ποτʼ ἐν Ῥώμῃ
               διαλεγομένου, Ῥούστικος ἐκεῖνος, ὃν ὕστερον ἀπέκτεινε Δομετιανὸς τῇ
               δόξῃ φθονήσας, ἠκροᾶτο, καὶ διὰ μέσου στρατιώτης παρελθὼν ἐπιστολὴν
               αὐτῷ Καίσαρος ἐπέδωκε·
<milestone unit="tlnum" n="15"/> γενομένης δὲ σιωπῆς
               κἀμοῦ διαλιπόντος, ὅπως ἀναγνῷ τὴν ἐπιστολήν, οὐκ ἠθέλησεν οὐδʼ
               ἔλυσε πρότερον ἢ διεξελθεῖν ἐμὲ τὸν λόγον καὶ διαλυθῆναι τὸ
               ἀκροατήριον ἐφʼ ᾧ πάντες ἐθαύμασαν τὸ βάρος τἀνδρός. <note resp="ed" place="unspecified" anchored="yes">
<foreign lang="greek">τἀνδρός</foreign> *: <foreign lang="greek">τοῦ ἀνδρός</foreign>
</note> ὅταν δέ τις
               οἷς ἔξεστι τρέφων τὸ πολύπραγμον,
<milestone unit="tlnum" n="20"/> ἰσχυρὸν
               ἀπεργάσηται καὶ βίαιον, οὐκέτι
<milestone unit="stephpage" id="stephpage-522f" n="522f"/> ῥᾳδίως, πρὸς ἃ κεκώλυται φερομένου διὰ συνήθειαν, κρατεῖν
               δυνατός ἐστιν· ἀλλʼ ἐπιστόλια παραλύουσιν οὗτοι φίλων, συνεδρίοις
               ἀπορρήτοις ἑαυτοὺς παρεμβάλλουσιν, ἱερῶν, ἃ μὴ θέμις ὁρᾶν, γίγνονται
               θεαταί,
<milestone unit="tlnum" n="25"/> τόπους ἀβάτους πατοῦσι, πράγματα καὶ
               λόγους βασιλικοὺς ἀνερευνῶσι. <pb id="v.3.p.354"/> γιγνώσκειν , ἐπαχθεστάτους
               ποιεῖ τὸ τῶν λεγομένων ὤτων καὶ προσαγωγέων γένος. ὠτακουστὰς μὲν οὖν
               πρῶτος ἔσχεν ὁ νέος Δαρεῖος ἀπιστῶν ἑαυτῷ καὶ πάντας
<milestone unit="stephpage" id="stephpage-523a" n="523a"/> ὑφορώμενος καὶ δεδοικώς· τοὺς
               δὲ προσαγωγίδας
<milestone unit="tlnum" n="5"/> οἱ Διονύσιοι τοῖς Συρακοσίοις <note resp="ed" place="unspecified" anchored="yes">
<foreign lang="greek">Συρακοσίοις</foreign> hic et infra *: <foreign lang="greek">συρακουσίοις</foreign>
</note>
               κατέμιξαν· ὅθεν ἐν τῇ μεταβολῇ τῶν πραγμάτων τούτους πρώτους οἱ
               Συρακόσιοι συλλαμβάνοντες ἀπετυμπάνιζον. καὶ γὰρ τὸ τῶν συκοφαντῶν γένος
               ἐκ τῆς τῶν πολυπραγμόνων φρατρίας καὶ ἑστίας ἐστίν. ἀλλʼ οἱ μὲν
               συκοφάνται
<milestone unit="tlnum" n="10"/> ζητοῦσιν, εἴ τις <note resp="ed" place="unspecified" anchored="yes">
<foreign lang="greek">τις</foreign>] <foreign lang="greek">τί τις</foreign>?</note> ἢ βεβούλευται
               κακὸν ἢ πεποίηκεν· οἱ δὲ πολυπράγμονες καὶ τὰς ἀβουλήτους ἀτυχίας τῶν
               πέλας ἐλέγχοντες εἰς μέσον ἐκφέρουσι. λέγεται δὲ καὶ τὸν ἀλιτήριον ἐκ
               φιλοπραγμοσύνης κατονομασθῆναι τὸ πρῶτον· λιμοῦ γὰρ ὡς ἔοικεν
<milestone unit="tlnum" n="15"/>Ἀθηναίοις ἰσχυροῦ γενομένου, καὶ τῶν ἐχόντων πυρὸν
<milestone unit="stephpage" id="stephpage-523b" n="523b"/> εἰς μέσον οὐ
               φερόντων ἀλλὰ κρύφα καὶ νύκτωρ ἐν ταῖς οἰκίαις ἀλούντων, περιιόντες
               ἐτήρουν τῶν μύλων τὸν ψόφον εἶτʼ “ἀλιτήριοι” προσηγορεύθησαν.
               ὁμοίως δὲ καὶ τῷ συκοφάντῃ τοὔνομα γεγενῆσθαι·
<milestone unit="tlnum" n="20"/> κεκωλυμένου γὰρ ἐκφέρειν τὰ σῦκα, μηνύοντες καὶ φαίνοντες τοὺς
               ἐξάγοντας ἐκλήθησαν “συκοφάνται.” καὶ τοῦτʼ οὖν οὐκ ἄχρηστόν ἐστιν
               ἐννοεῖν τοὺς πολυπράγμονας, ὅπως αἰσχύνωνται τὴν πρὸς τοὺς μισουμένους
               μάλιστα καὶ δυσχεραινομένους ὁμοιότητα καὶ
<milestone unit="tlnum" n="25"/>
               συγγένειαν τοῦ ἐπιτηδεύματος.</p>
</div1>
</body>
</text>
</TEI.2>
