<?xml version="1.0" encoding="UTF-8"?>
<?xml-model href="http://www.stoa.org/epidoc/schema/latest/tei-epidoc.rng"
schematypens="http://relaxng.org/ns/structure/1.0"?>
<TEI xmlns="http://www.tei-c.org/ns/1.0">
<teiHeader xml:lang="eng">
<fileDesc>
<titleStmt>
<title xml:lang="grc">Περὶ πολυπραγμοσύνης</title>
<author>Plutarch</author>
<editor>Grēgorios N. Vernardakēs</editor>
<sponsor>Perseus Project, Tufts University</sponsor>
<principal>Gregory Crane</principal>
<respStmt>
<resp>Prepared under the supervision of</resp>
<name>Lisa Cerrato</name>
<name>Rashmi Singhal</name>
<name>Bridget Almas</name>
</respStmt>
<funder n="org:NEH">The National Endowment for the Humanities</funder>
</titleStmt>
<publicationStmt>
<publisher>Trustees of Tufts University</publisher>
<pubPlace>Medford, MA</pubPlace>
<authority>Perseus Project</authority>
<date type="release">2010-12-13</date>
</publicationStmt>
<sourceDesc>
<biblStruct>
<monogr>
<author>Plutarch</author>
<title xml:lang="lat">Moralia</title>
<editor>Grēgorios N. Vernardakēs</editor>
<imprint>
<pubPlace>Leipzig</pubPlace>
<publisher>Teubner</publisher>
<date>1891</date>
</imprint>
<biblScope unit="volume">3</biblScope>
</monogr>
<ref target="https://archive.org/details/moralia03plut/page/334">The Internet Archive</ref>
</biblStruct>
</sourceDesc>
</fileDesc>
<encodingDesc>
<editorialDecl>
<correction method="silent">
<p>optical character recognition</p>
</correction>
</editorialDecl>
<p>Text encoded in accordance with the latest EpiDoc standards</p>
<p>The following text is encoded in accordance with EpiDoc standards and with the CTS/CITE
Architecture</p>
<refsDecl n="CTS">
<!-- SECTION ONLY -->
<cRefPattern n="section" matchPattern="(\w+)"
replacementPattern="#xpath(/tei:TEI/tei:text/tei:body/tei:div/tei:div[@n='$1'])">
<p>This pointer pattern extracts sections</p>
</cRefPattern>
<!-- <state unit="chapter" delim="."/>
<state unit="section"/>
</refsDecl>
<refsDecl doctype="TEI.2">
<state unit="stephpage" n="chunk"/> -->
</refsDecl>
</encodingDesc>
<profileDesc>
<langUsage>
<language ident="grc">Greek</language>
<language ident="eng">English</language>
<language ident="lat">Latin</language>
</langUsage>
</profileDesc>
<revisionDesc>
<change who="RS" when="2010-05">tagged and parsed</change>
<change who="1ucyP" when="2019-07-16">EpiDoc and CTS Conversion</change>
</revisionDesc>
</teiHeader>
<text xml:lang="grc">
<body>
<div n="urn:cts:greekLit:tlg0007.tlg102.perseus-grc2" type="edition" xml:lang="grc">
    <pb xml:id="v.3.p.334"/>
<div n="1" subtype="section" type="textpart">
<p rend="indent">
    <milestone n="515b" unit="stephpage" xml:id="stephpage-515b"/>
    ἄπνουν ἢ σκοτεινὴν ἢ δυσχείμερον οἰκίαν ἢ νοσώδη φυγεῖν μὲν ἴσως ἄριστον· ἂν δὲ
φιλοχωρῇ τις ὑπὸ συνηθείας, ἔστι καὶ φῶτα μεταθέντα καὶ κλίμακα μεταβαλόντα καὶ θύρας τινὰς
ἀνοίξαντα τὰς <milestone n="5" unit="tlnum"/> δὲ κλείσαντα, λαμπροτέραν εὐπνουστέραν ὑγιεινοτέραν
<milestone n="515c" unit="stephpage" xml:id="stephpage-515c"/> ἐργάσασθαι. καὶ πόλεις τινὲς οὕτω
μεταθέντες ὠφέλησαν ὥσπερ τὴν ἐμὴν πατρίδα πρὸς ζέφυρον ἄνεμον κεκλιμένην, καὶ τὸν ἥλιον ἐρείδοντα
δείλης ἀπὸ τοῦ Παρνασοῦ δεχομένην ἐπὶ τὰς ἀνατολὰς; τραπῆναι <milestone n="10" unit="tlnum"/>
λέγουσιν ὑπὸ τοῦ Χαίρωνος. ὁ δὲ φυσικὸς Ἐμπεδοκλῆς ὄρους τινὰ διασφάγα βαρὺν καὶ νοσώδη κατὰ τῶν
πεδίων τὸν νότον ἐμπνέουσαν <note anchored="true" place="unspecified" resp="ed" xml:lang="lat">
<foreign xml:lang="grc">ἐκπνέουσαν</foreign> R</note> ἐμφράξας, λοιμὸν ἔδοξεν ἐκκλεῖσαι τῆς χώρας.
ἐπεὶ τοίνυν ἔστι τινὰ πάθη νοσώδη καὶ βλαβερὰ καὶ χειμῶνα <milestone n="15" unit="tlnum"/> παρέχοντα
τῇ ψυχῇ καὶ σκότος, ἄριστον μὲν ἐξωθεῖν ταῦτα καὶ καταλύειν εἰς ἔδαφος, αἰθρίαν καὶ <milestone
n="515d" unit="stephpage" xml:id="stephpage-515d"/> φῶς καὶ πνεῦμα καθαρὸν διδόντας ἑαυτοῖς· εἰ δὲ
μή, μεταλαμβάνειν γε καὶ μεθαρμόττειν ἁμωσγέπως <note anchored="true" place="unspecified" resp="ed"
xml:lang="lat">
<foreign xml:lang="grc">ἀμωσγέπως</foreign> R: <foreign xml:lang="grc">ἄλλως γέ πως</foreign>
</note> περιάγοντας ἢ στρέφοντας. οἷον εὐθὺς ἡ πολυπραγμοσύνη <milestone n="20" unit="tlnum"/>
φιλομάθειὰ τίς ἐστιν ἀλλοτρίων κακῶν, οὔτε φθόνου δοκοῦσα καθαρεύειν νόσος οὔτε κακοηθείας. <pb
xml:id="v.3.p.335"/>
<quote rend="blockquote">
<l> τί τἀλλότριον, ἄνθρωπε βασκανώτατε, </l>
<note anchored="true" place="unspecified" resp="ed" xml:lang="lat">Kock. 3 p. 476</note>
<l> κακὸν ὀξυδορκεῖς τὸ δʼ ἴδιον παραβλέπεις; </l>
</quote> μετάθες ἔξωθεν καὶ μετάστρεψον εἴσω τὴν πολυπραγμοσύνην εἰ χαίρεις κακῶν μεταχειριζόμενος
<milestone n="5" unit="tlnum"/> ἱστορίαν, ἔχεις οἴκοι πολλὴν διατριβήν· <quote rend="blockquote">
ὅσσον ὕδωρ κατʼ Ἀλιζόνος ἢ <note anchored="true" place="unspecified" resp="ed" xml:lang="lat">
<foreign xml:lang="grc">ὅσσος ὕδωρ καθʼ ἁλὸς στόνος ἢ δρ. ἀμφι πέτ.</foreign> Madvigius</note> δρυὸς
ἀμφὶ πέτηλα,ʼ</quote>
<note anchored="true" place="unspecified" resp="ed" xml:lang="lat">versus ignoti poetae</note>
τοσοῦτον πλῆθος εὑρήσεις ἁμαρτημάτων ἐν τῷ βίῳ <note anchored="true" place="unspecified" resp="ed"
xml:lang="lat">
<foreign xml:lang="grc">ἐν τῷ σῷ βίῳ</foreign> R</note> καὶ παθῶν ἐν τῇ ψυχῇ καὶ παροραμάτων ἐν τοῖς
<milestone n="515e" unit="stephpage" xml:id="stephpage-515e"/> καθήκουσιν. ὡς γὰρ ὁ Ξενοφῶν <note
anchored="true" place="unspecified" resp="ed" xml:lang="lat">
<foreign xml:lang="grc">Ξενοφῶν</foreign>] Oecon. c. 8</note> λέγει τοῖς οἰκονομικοῖς <milestone
n="10" unit="tlnum"/> ἴδιον εἶναι τῶν ἀμφὶ θυσίαν σκευῶν, ἴδιον τῶν ἀμφὶ δεῖπνα τόπον, ἀλλαχοῦ
κεῖσθαι τὰ γεωργικά, χωρὶς τὰ πρὸς πόλεμον· οὕτω σοὶ τὰ μέν ἐστιν ἀπὸ φθόνου κακὰ κείμενα τὰ δʼ ἀπὸ
ζηλοτυπίας τὰ δʼ ἀπὸ δειλίας τὰ δʼ ἀπὸ μικρολογίας· ταῦτʼ ἔπελθε, <milestone n="15" unit="tlnum"/>
ταῦτʼ ἀναθεώρησον τὰς εἰς γειτόνων θυρίδας καὶ <milestone n="515f" unit="stephpage"
xml:id="stephpage-515f"/> τὰς παρόδους τῆς πολυπραγμοσύνης ἔμφραξον, ἑτέρας δʼ ἄνοιξον εἰς τὴν
ἀνδρωνῖτιν τὴν σεαυτοῦ φερούσας, εἰς τὴν γυναικωνῖτιν, εἰς τὰς τῶν θεραπόντων διαίτας· ἐνταῦθʼ ἔχει
διατριβὰς οὐκ ἀχρήστους <milestone n="20" unit="tlnum"/> οὐδὲ κακοήθεις ἀλλʼ ὠφελίμους καὶ σωτηρίους
τὸ φιλοπευθὲς τοῦτο καὶ φιλόπραγμον, ἑκάστου πρὸς ἑαυτὸν λέγοντος <quote rend="blockquote"> πῆ
παρέβην; <note anchored="true" place="unspecified" resp="ed" xml:lang="lat">
<foreign xml:lang="grc">παρέβην</foreign>] <foreign xml:lang="grc">τραπόμην</foreign> mei codd. cf.
p. 168 b</note> τί δʼ ἔρεξα; τί μοι δέον οὐκ ἐτελέσθη; </quote>
<milestone n="25" unit="tlnum"/>
</p>
</div>
<div n="2" subtype="section" type="textpart">
<p rend="indent"> νῦν δʼ ὥσπερ ἐν τῷ μύθῳ τὴν Λάμιαν <pb xml:id="v.3.p.336"/> λέγουσιν οἴκοι μὲν
εὕδειν <note anchored="true" place="unspecified" resp="ed" xml:lang="lat">
<foreign xml:lang="grc">εὔδειν</foreign> X: <foreign xml:lang="grc">ᾄδειν</foreign>
</note> τυφλήν, ἐν ἀγγείῳ τινὶ <milestone n="516a" unit="stephpage" xml:id="stephpage-516a"/> τοὺς
ὀφθαλμοὺς ἔχουσαν ἀποκειμένους, ἔξω δὲ προϊοῦσαν ἐπιτίθεσθαι καὶ βλέπειν· οὕτως ἡμῶν ἕκαστος ἔξω καὶ
πρὸς ἑτέρους τῇ κακονοίᾳ τὴν περιεργίαν <milestone n="5" unit="tlnum"/> ὥσπερ ὀφθαλμὸν ἐντίθησι·
τοῖς δʼ ἑαυτῶν ἁμαρτήμασι καὶ κακοῖς πολλάκις περιπταίομεν ὑπʼ ἀγνοίας, ὄψιν ἐπʼ αὐτὰ καὶ φῶς οὐ
ποριζόμενοι. διὸ καὶ τοῖς ἐχθροῖς ὠφελιμώτερός ἐστιν ὁ πολυπράγμων· τὰ γὰρ ἐκείνων ἐλέγχει καὶ
προφέρεται καὶ δείκνυσιν αὐτοῖς <milestone n="10" unit="tlnum"/> ἃ δεῖ φυλάξασθαι καὶ διορθῶσαι, τῶν
δʼ οἴκοι τὰ πλεῖστα παρορᾷ διὰ τὴν περὶ τὰ ἔξω πτόησιν. ὁ μὲν γὰρ Ὀδυσσεὺς <note anchored="true"
place="unspecified" resp="ed" xml:lang="lat">
<foreign xml:lang="grc">Ὀδυσσεὺς</foreign>] Hom. <foreign xml:lang="grc">λ</foreign> 88. 153 sqq.
235, 281</note> οὐδὲ τῇ μητρὶ διαλεχθῆναι πρότερον <milestone n="516b" unit="stephpage"
xml:id="stephpage-516b"/> ὑπέμεινεν ἢ πυθέσθαι παρὰ τοῦ μάντεως, ὧν ἕνεκʼ ἦλθεν εἰς Ἅιδου· πυθόμενος
δὲ τοῦτο πρός τε ταύτην <milestone n="15" unit="tlnum"/> ἔτρεψεν αὑτόν, καὶ τὰς ἄλλας γυναῖκας
ἀνέκρινε, τίς ἡ Τυρὼ καί τίς ἡ καλὴ Χλωρὶς <note anchored="true" place="unspecified" resp="ed"
xml:lang="lat">
<foreign xml:lang="grc">Χλωρὶς</foreign>] <foreign xml:lang="grc">Χλῶριν</foreign> vocat
Homerus</note> καὶ διὰ τί Ἐπικάστη Ἐπικάστη <quote rend="blockquote"> ἁψαμένη βρόχον αἰπὺν ἀφʼ
ὑψηλοῖο μελάθρου </quote>
<note anchored="true" place="unspecified" resp="ed" xml:lang="lat">Hom. <foreign xml:lang="grc"
>λ</foreign> 278</note> ἡμεῖς δὲ τὰ καθʼ αὑτοὺς ἐν πολλῇ ῥᾳθυμίᾳ καὶ <milestone n="20" unit="tlnum"
/> ἀγνοίᾳ θέμενοι καὶ ἀμελήσαντες ἑτέρους γενεαλογοῦμεν, ὅτι τοῦ γείτονος ὁ πάππος ἦν Σύρος, Θρᾷττα
δʼ ἡ τήθη· ὁ δεῖνα δʼ ὀφείλει τάλαντα τρία καὶ τοὺς τόκους οὐκ ἀπέδωκεν. ἐξετάζομεν δὲ καὶ τὰ
τοιαῦτα πόθεν ἡ γυνὴ τοῦ δεῖνος ἐπανήρχετο, τί δʼ ὁ δεῖνα <milestone n="25" unit="tlnum"/>
<milestone n="516c" unit="stephpage" xml:id="stephpage-516c"/> καὶ ὁ δεῖνα καθʼ ἑαυτοὺς <note
anchored="true" place="unspecified" resp="ed" xml:lang="lat">
<foreign xml:lang="grc">καθʼ αὑτοὺς</foreign>?</note> ἐν τῇ γωνίᾳ διελέγοντο. Σωκράτης δὲ περιῄει
διαπορῶν, τί Πυθαγόρας λὲγων <pb xml:id="v.3.p.337"/> ἔπειθε· καὶ Ἀρίστιππος Ὀλυμπίασιν Ἰσχομάχῳ
συμβαλὼν ἠρώτα τί Σωκράτης διαλεγόμενος οὕτω τοὺς Ἀθηναίους διατίθησι· καὶ μίκρʼ ἄττα τῶν λόγων
αὐτοῦ σπέρματα καὶ δείγματα λαβὼν οὕτως <milestone n="5" unit="tlnum"/> ἐμπαθῶς ἔσχεν, ὥστε τῷ
σώματι συμπεσεῖν καὶ γενέσθαι παντάπασιν ὠχρὸς καὶ ἰσχνός ἄχρι οὗ πλεύσας Ἀθήναζε διψῶν καὶ
διακεκαυμένος ἠρύσατο τῆς πηγῆς, καὶ τὸν ἄνδρα καὶ τοὺς λόγους αὐτοῦ καὶ τὴν φιλοσοφίαν ἱστόρησεν,
ἧς ἦν τέλος ἐπιγνῶναι <milestone n="10" unit="tlnum"/> τὰ ἑαυτοῦ κακὰ καὶ ἀπαλλαγῆναι. <milestone
n="516d" unit="stephpage" xml:id="stephpage-516d"/>
</p>
</div>
<div n="3" subtype="section" type="textpart">
<p rend="indent">ἀλλʼ ἔνιοι τὸν ἴδιον βίον ὡς ἀτερπέστατον θέαμα προσιδεῖν οὐχ ὑπομένουσιν οὐδʼ
ἀνακλάσαι τὸν λογισμὸν ὡς φῶς ἐφʼ ἑαυτοὺς καὶ περιαγαγεῖν, ἀλλʼ ἡ ψυχὴ γέμουσα κακῶν παντοδαπῶν καὶ
φρίττουσα <milestone n="15" unit="tlnum"/> καὶ φοβουμένη τὰ ἔνδον ἐκπηδᾷ θύραζε καὶ πλανᾶται περὶ
τἀλλότρια, βόσκουσα καὶ πιαίνουσα τὸ κακόηθες. ὡς γὰρ ὄρνις ἐν οἰκίᾳ <note anchored="true"
place="unspecified" resp="ed" xml:lang="lat">
<foreign xml:lang="grc">οἰκίᾳ</foreign>] <foreign xml:lang="grc">οἰκίσκῳ</foreign>
Valckenarius</note> πολλάκις, τροφῆς πολλῆς <note anchored="true" place="unspecified" resp="ed"
xml:lang="lat">
<foreign xml:lang="grc">πολλάκις τροφῆς πολλῆς</foreign> *: <foreign xml:lang="grc">πολλάκις
τροφῆς</foreign> aut <foreign xml:lang="grc">τροφῆς πολλῆς</foreign>
</note> παρακειμένης, εἰς γωνίαν καταδῦσα σκαλεύει <milestone n="20" unit="tlnum"/>
<quote rend="blockquote"> ἔνθα γέ που διαφαίνεθʼ ἅτʼ ἐν κοπρίῃ <note anchored="true"
place="unspecified" resp="ed" xml:lang="lat">
<foreign xml:lang="grc">κοπρίῃ</foreign> idem: <foreign xml:lang="grc">κοπρίᾳ</foreign>
</note> μία κριθή· </quote>
<note anchored="true" place="unspecified" resp="ed" xml:lang="lat">versum Callimacho tribuit
Schneiderus</note> παραπλησίως οἱ πολυπράγμονες, ὑπερβάντες τοὺς ἐν μέσῳ λόγους καὶ ἱστορίας καὶ ἃ
μηδεὶς κωλύει πυνθάνεσθαι <milestone n="516e" unit="stephpage" xml:id="stephpage-516e"/> μηδʼ
ἄχθεται πυνθανομένοις, τὰ κρυπτόμενα καὶ λανθάνοντα κακὰ πάσης οἰκίας ἐκλέγουσι. <milestone n="25"
unit="tlnum"/> καίτοι γε τὸ τοῦ Αἰγυπτίου χάριεν πρὸς τὸν ἐρωτῶντα τί φέρει συγκεκαλυμμένον, <q>διὰ
    τοῦτο <pb xml:id="v.3.p.338"/> συγκεκάλυπται</q> καὶ σὺ δὴ τί πολυπραγμονεῖς τὸ ἀποκρυπτόμενον; εἰ μή
τι κακὸν ἦν, οὐκ ἂν ἀπεκρύπτετο. καίτοι μὴ κόψαντά γε θύραν εἰς οἰκίαν ἀλλοτρίαν οὐ νομίζεται
παρελθεῖν ἀλλὰ νῦν μὲν <milestone n="5" unit="tlnum"/> εἰσὶ θυρωροί, πάλαι δὲ ῥόπτρα κρουόμενα πρὸς
ταῖς θύραις αἴσθησιν παρεῖχεν, ἵνα μὴ τὴν οἰκοδέσποιναν ἐν μέσῳ καταλάβῃ ὁ ἀλλότριος ἢ τὴν παρθένον
<milestone n="516f" unit="stephpage" xml:id="stephpage-516f"/> ἢ κολαζόμενον οἰκέτην ἢ κεκραγυίας
τὰς θεραπαινίδας· ὁ δὲ πολυπράγμων ἐπʼ αὐτὰ ταῦτα παραδύεται, <milestone n="10" unit="tlnum"/>
σώφρονος μὲν οἰκίας καὶ καθεστώσης οὐδʼ ἂν παρακαλῇ τις ἡδέως γιγνόμενος θεατής· ὧν δʼ ἕνεκα κλεὶς
καὶ μοχλὸς καὶ αὔλειος, ταῦτʼ ἀνακαλύπτων καὶ φέρων εἰς τὸ μέσον ἑτέροις. καίτοι καὶ <q>τῶν ἀνέμων
μάλιστα δυσχεραίνομεν</q> ὡς Ἀρίστων <milestone n="15" unit="tlnum"/> φησὶν <q>ὅσοι τὰς περιβολὰς
    ἀναστέλλουσιν ἡμῶν·</q> ὁ δὲ πολυπράγμων οὐ τὰ ἱμάτια τῶν πέλας οὐδὲ τοὺς χιτῶνας, ἀλλὰ τοὺς τοίχους
    ἀπαμφιέννυσι, τὰς θύρας ἀναπετάννυσι, καὶ <q>διὰ παρθενικῆς ἁπαλόχροοσ</q> <note anchored="true"
place="unspecified" resp="ed" xml:lang="lat">Hes. <title rend="italic">OD</title> 519</note> ὡς
<milestone n="517a" unit="stephpage" xml:id="stephpage-517a"/> πνεῦμα διαδύεται καὶ διέρπει, βακχεῖα
καὶ χοροὺς καὶ παννυχίδας ἐξετάζων καὶ συκοφαντῶν. <milestone n="20" unit="tlnum"/>
</p>
</div>
<div n="4" subtype="section" type="textpart">
<p rend="indent">καὶ καθάπερ τοῦ κωμῳδουμένου Κλέωνος <quote rend="blockquote"> τὼ χεῖρʼ ἐν
Αἰτωλοῖς, ὁ νοῦς δʼ ἐν Κλωπιδῶν. </quote>
<note anchored="true" place="unspecified" resp="ed" xml:lang="lat">Arist. <title rend="italic"
>Equ</title>. 79</note> οὕτω τοῦ πολυπράγμονος ὁ νοῦς <note anchored="true" place="unspecified"
resp="ed" xml:lang="lat">
<foreign xml:lang="grc">νοῦς δʼ</foreign> idem: <foreign xml:lang="grc">δὲ νοῦς</foreign>
</note> ἅμʼ ἐν πλουσίων οἴκοις ἐστὶν ἐν δωματίοις πενήτων ἐν αὐλαῖς βασιλέων <milestone n="25"
unit="tlnum"/> ἐν θαλάμοις νεογάμων · πάντα <note anchored="true" place="unspecified" resp="ed"
xml:lang="lat">
<foreign xml:lang="grc">πάντα</foreign>] <foreign xml:lang="grc">παντοῖᾳ</foreign> R</note> πράγματα
ζητεῖ, τὰ ξένων τὰ ἡγεμόνων· οὐδʼ ἀκινδύνως ταῦτα <pb xml:id="v.3.p.339"/> ζητῶν· ἀλλʼ οἷον, εἴ τις
ἀκονίτου γεύοιτο <note anchored="true" place="unspecified" resp="ed" xml:lang="lat">
<foreign xml:lang="grc">γεύοιτο</foreign>] additamentum librarii vid.</note> πολυπραγμονῶν
<milestone n="517b" unit="stephpage" xml:id="stephpage-517b"/> τὴν ποιότητα, φθάσει τῆς αἰσθήσεως
προανελὼν τὸν προαισθανόμενον· <note anchored="true" place="unspecified" resp="ed" xml:lang="lat"
>malim <foreign xml:lang="grc">τό προαισθανόμενον</foreign> (R)</note> οὕτως οἱ τὰ τῶν μειζόνων κακὰ
ζητοῦντες προαναλίσκουσι τῆς γνώσεως ἑαυτούς. <milestone n="5" unit="tlnum"/> καὶ γὰρ οἱ τοῦ ἡλίου
τὴν ἄφθονόν γε ταύτην καὶ κατακεχυμένην ἅπασιν ἀκτῖνα παρορῶντες, αὐτὸν δὲ τὸν κύκλον ἀναιδῶς
καταβλέπειν καὶ διαστέλλειν τὸ φῶς εἴσω βιαζόμενοι καὶ τολμῶντες, ἀποτυφλοῦνται. διὸ καλῶς
Φιλιππίδης ὁ κωμῳδιοποιός, εἰπόντος <milestone n="10" unit="tlnum"/> αὐτῷ ποτε Λυσιμάχου τοῦ
    βασιλέως <q>τίνος σοι τῶν ἐμῶν μεταδῶ;</q> <q>μόνον</q> εἶπεν <q>ὦ βασιλεῦ, μὴ τῶν ἀπορρήτων</q> τὰ γὰρ ἥδιστα καὶ
κάλλιστα τῶν βασιλέων ἔξω πρόκειται, τὰ δεῖπνα, οἱ πλοῦτοι, αἱ πανηγύρεις, αἱ χάριτες· εἰ δέ τι
ἀπόρρητον ἐστι, μὴ <milestone n="15" unit="tlnum"/>
<milestone n="517c" unit="stephpage" xml:id="stephpage-517c"/> προσέλθῃς μηδὲ κινήσῃς;. οὐ κρύπτεται
χαρὰ βασιλέως εὐτυχοῦντος οὐδὲ γέλως παίζοντος οὐδὲ φιλανθρωπίας; παρασκευὴ καὶ χάριτος· φοβερόν
ἐστι τὸ κρυπτόμενον, σκυθρωπὸν ἀγέλαστον δυσπρόσιτον, ὀργῆς τινος ὑπούλου θησαυρὸς ἢ τιμωρίας
βαρυθύμου <milestone n="20" unit="tlnum"/> σκέψις ἢ ζηλοτυπία γυναικὸς ἢ πρὸς υἱὸν ὑποψία τις ἢ πρὸς
φίλον ἀπιστία. φεῦγε τὸ μελαῖνον τοῦτο καὶ συνιστάμενον νέφος· οὐ λήσεταί σε βροντῆσαν οὐδʼ
ἀστράψαν, ὅταν ἐκραγῇ τὸ νῦν κρυπτόμενον. <milestone n="25" unit="tlnum"/>
</p>
</div>
<div n="5" subtype="section" type="textpart">
<p rend="indent">τίς οὖν ἡ φυγή; περισπασμός, ὡς εἴρηται, καὶ μεθολκὴ τῆς πολυπραγμοσύνης μάλιστα
μὲν <note anchored="true" place="unspecified" resp="ed" xml:lang="lat">
<foreign xml:lang="grc">μὲν</foreign>] opponitur <foreign xml:lang="grc">ἀλλʼ εἰ δεῖ κἑ</foreign> p.
340, 21</note> ἐπὶ τὰ <milestone n="517d" unit="stephpage" xml:id="stephpage-517d"/> βελτίω καὶ τὰ
ἡδίω τρέψαντι τὴν ψυχήν. τὰ ἐν <pb xml:id="v.3.p.340"/> οὐρανῷ πολυπραγμόνει τὰ ἐν γῇ τὰ ἐν ἀέρι τὰ
ἐν θαλάττῃ. μικρῶν <note anchored="true" place="unspecified" resp="ed" xml:lang="lat">
<foreign xml:lang="grc">μικρῶν</foreign>] malim <foreign xml:lang="grc">ἢ μικρῶν</foreign>
</note> πέφυκας ἢ μεγάλων φιλοθεάμων εἰ μεγάλων, ἥλιον πολυπραγμόνει ποῦ <note anchored="true"
place="unspecified" resp="ed" xml:lang="lat">
<foreign xml:lang="grc">ποῦ</foreign>] <foreign xml:lang="grc">ποι</foreign>?</note> κάτεισι καὶ
πόθεν ἄνεισι· ζήτει τὰς ἐν σελήνῃ καθάπερ ἐν ἀνθρώπῳ <milestone n="5" unit="tlnum"/> μεταβολάς, ποῦ
τοσοῦτον κατανάλωσε φῶς πόθεν αὖθις, ἐκτήσατο, πῶς <quote rend="blockquote">
<l> ἐξ ἀδήλου πρῶτον ἔρχεται νέα </l>
<note anchored="true" place="unspecified" resp="ed" xml:lang="lat">Nauck. p. 315</note>
<l> πρόσωπα καλλύνουσα καὶ πληρουμένη· </l>
<l> χὤταν περ αὑτῆς εὐπρεπεστάτη φανῇ, <milestone n="10" unit="tlnum"/>
</l>
<l> πάλιν διαρρεῖ κἀπὶ μηδὲν ἔρχεται. </l>
</quote> καὶ ταῦτʼ ἀπόρρητʼ ἐστὶ φύσεως, ἀλλʼ οὐκ ἄχθεται <milestone n="517e" unit="stephpage"
xml:id="stephpage-517e"/> τοῖς ἐλέγχουσιν. ἀλλὰ τῶν μεγάλων ἀπέγνωκας; πολυπραγμόνει τὰ μικρότερα,
πῶς τῶν φυτῶν τὰ μὲν ἀεὶ τέθηλε καὶ χλοάζει καὶ ἀγάλλεται παντὶ <milestone n="15" unit="tlnum"/>
καιρῷ τὸν ἑαυτῶν ἐπιδεικνύμενα πλοῦτον, τὰ δὲ νῦν μέν ἐστιν ὅμοια τούτοις, νῦν δʼ ὥσπερ
ἀνοικονόμητος ἄνθρωπος ἐκχέαντʼ ἀθρόως τὴν περιουσίαν γυμνὰ καὶ πτωχὰ καταλείπεται· διὰ τί δὲ τὰ μὲν
προμήκεις τὰ δὲ γωνιώδεις τὰ δὲ στρογγύλους καὶ περιφερεῖς <milestone n="20" unit="tlnum"/> ἐκδίδωσι
καρπούς. ἴσως δὲ ταῦτʼ οὐ πολυπραγμονήσεις, ὅτι τούτοις οὐδὲν κακὸν ἔστιν. ἀλλʼ εἰ δεῖ <milestone
n="517f" unit="stephpage" xml:id="stephpage-517f"/> πάντως τὸ περίεργον ἐν φαύλοις τισὶν ὥσπερ
ἑρπετὸν ἐν θανασίμοις ὕλαις ἀεὶ νέμεσθαι καὶ διατρίβειν, ἐπὶ τὰς ἱστορίας ἀγάγωμεν αὐτὸ καὶ
παραβάλωμεν <milestone n="25" unit="tlnum"/> ἀφθονίαν κακῶν καὶ περιουσίαν· ἐνταῦθα γὰρ ἔνεισι
<quote rend="blockquote"> πεσήματʼ ἀνδρῶν κἀπολακτισμοὶ <note anchored="true" place="unspecified"
resp="ed" xml:lang="lat">
<foreign xml:lang="grc">πεσήματʼ - κἀπολακτισμοὶ</foreign> Duebnerus: <foreign xml:lang="grc"
>πεσήματα - καὶ ἀπολακτισμοὶ</foreign>
</note> βίων· <note anchored="true" place="unspecified" resp="ed" xml:lang="lat">
<foreign xml:lang="grc">βίου</foreign> Aeschylus</note>
</quote>
<note anchored="true" place="unspecified" resp="ed" xml:lang="lat">Aesch. <title rend="italic"
>Suppl</title>. 937</note>
<pb xml:id="v.3.p.341"/> φθοραὶ γυναικῶν, ἐπιθέσεις οἰκετῶν, διαβολαὶ φίλων, παρασκευαὶ φαρμάκων,
φθόνοι, ζηλοτυπίαι, ναυάγιʼ οἴκων, <note anchored="true" place="unspecified" resp="ed"
xml:lang="lat">
<foreign xml:lang="grc">ναυάγιʼ οἴκων</foreign> distinxit Duebnerus</note> ἐκπτώσεις ἡγεμονιῶν
ἐμπίπλασο καὶ τέρπε σαυτόν, ἐνοχλῶν μηδενὶ τῶν συνόντων μηδὲ λυπῶν. <milestone n="5" unit="tlnum"/>
</p>
</div>
<div n="6" subtype="section" type="textpart">
<p rend="indent">ἀλλʼ ἔοικεν ἡ πολυπραγμοσύνη μὴ χαίρειν ἑώλοις κακοῖς ἀλλὰ θερμοῖς καὶ προσφάτοις·
καὶ καινὰς <milestone n="518a" unit="stephpage" xml:id="stephpage-518a"/> τραγῳδίας ἡδέως θεᾶσθαι,
τοῖς δὲ κωμικοῖς καὶ ἱλαρωτέροις πράγμασιν οὐ μάλα προθύμως ὁμιλεῖν. διὸ γάμον μέν τινος ἢ θυσίαν ἢ
προπομπὴν <milestone n="10" unit="tlnum"/> διεξιόντος ἀμελὴς ὁ πολυπράγμων καὶ ῥᾴθυμος ἀκροατής
ἐστι, καὶ προακηκοέναι τὰ πλεῖστά φησι καὶ κελεύει ταῦτα συντέμνειν καὶ παρέρχεσθαι τὸν διηγούμενον·
ἂν δʼ ἢ φθοράν τις παρθένου παρακαθήμενος <milestone n="15" unit="tlnum"/> ἢ μοιχείαν γυναικὸς ἢ
δίκης παρασκευὴν ἢ στάσιν ἀδελφῶν διηγῆται, οὔτε νυστάζει οὔτʼ ἀσχολεῖται, <quote rend="blockquote">
ἄλλα τε <note anchored="true" place="unspecified" resp="ed" xml:lang="lat">
<foreign xml:lang="grc">δὲ</foreign> Schneiderus, qui versum Callimacho vindicat</note> δίζηται
ἐπέων παρὰ τʼ οὔατα βάλλει.</quote> καὶ τὸ <quote rend="blockquote">
<l> οἴμοι, τὸ κακὸν τῆς εὐτυχίας <note anchored="true" place="unspecified" resp="ed" xml:lang="lat"
>Nauck. p. 913</note>
<milestone n="20" unit="tlnum"/>
</l>
<l>ὡς μᾶλλον ἐς οὖς φέρεται θνητῶν <milestone n="518b" unit="stephpage" xml:id="stephpage-518b"/>
</l>
</quote> ἐπὶ τῶν πολυπραγμόνων ἐστὶν ἀληθῶς εἰρημένον. ὡς γὰρ αἱ σικύαι τὸ χείριστον ἐκ τῆς σαρκὸς
ἕλκουσιν, οὕτω τὰ τῶν πολυπραγμόνων ὦτα τοὺς φαυλοτάτους λόγους ἐπισπᾶται· μᾶλλον δʼ, ὥσπερ αἱ
πόλεις <milestone n="25" unit="tlnum"/> ἔχουσί τινας πύλας ἀποφράδας καὶ σκυθρωπάς, διʼ ὧν ἐξάγουσι
τοὺς θανατουμένους καὶ τὰ λύματα <pb xml:id="v.3.p.342"/> καὶ τοὺς καθαρμοὺς ἐκβάλλουσιν, εὐαγὲς δʼ
οὐδὲν οὐδʼ ἱερὸν εἴσεισι οὐδʼ ἔξεισι διʼ αὐτῶν· οὕτω καὶ τὰ τῶν πολυπραγμόνων ὦτα χρηστὸν οὐδὲν οὐδʼ
ἀστεῖον ἀλλʼ οἱ φονικοὶ λόγοι διέρχονται καὶ τρίβουσιν, <milestone n="5" unit="tlnum"/> ἐκθύσιμα καὶ
μιαρὰ διηγήματα παρακομίζοντες· <milestone n="518c" unit="stephpage" xml:id="stephpage-518c"/>
<quote rend="blockquote">
<l> ἀεὶ δʼ ἀοιδῶν μοῦνος ἐν στέγαις ἐμαῖς </l>
<note anchored="true" place="unspecified" resp="ed" xml:lang="lat">Nauck. p. 913</note>
<l> κωκυτὸς ἐμπέπτωκεν· </l>
</quote> αὕτη τοῖς πολυπράγμοσι μοῦσα καὶ σειρὴν μία, τοῦθʼ ἥδιστον ἀκουσμάτων αὐτοῖς. ἔστι γὰρ ἡ
πολυπραγμοσύνη <milestone n="10" unit="tlnum"/> φιλοπευστία τῶν ἐν ἀποκρύψει καὶ λανθανόντων οὐδεὶς
δʼ ἀγαθὸν ἀποκρύπτει κεκτημένος, ὅπου καὶ τὰ μὴ ὄντα προσποιοῦνται. κακῶν οὖν ἱστορίας ὁ πολυπράγμων
ὀρεγόμενος, ἐπιχαιρεκακίας συνέχεται. πάθει, φθόνου καὶ βασκανίας ἀδελφῷ. <milestone n="15"
unit="tlnum"/> φθόνος μὲν γάρ ἐστι; λύπη ἐπʼ ἀλλοτρίοις ἀγαθοῖς, ἐπιχαιρεκακία δʼ ἡδονὴ ἐπʼ
ἀλλοτρίοις κακοῖς· ἀμφότερα <milestone n="518d" unit="stephpage" xml:id="stephpage-518d"/> δʼ ἐκ
πάθους ἀνημέρου καὶ θηριώδους γεγένηται, τῆς κακοηθείας. </p>
</div>
<div n="7" subtype="section" type="textpart">
<p rend="indent"> οὕτω δʼ ἑκάστῳ λυπηρόν ἐστιν ἡ τῶν περὶ <milestone n="20" unit="tlnum"/> αὐτὸν
κακῶν ἀνακάλυψις, ὥστε πολλοὺς ἀποθανεῖν ἂν πρότερον ἢ δεῖξαί τι τῶν ἀπορρήτων νοσημάτων ἰατροῖς.
φέρε γὰρ Ἡρόφιλον ἢ Ἐρασίστρατον ἢ τὸν Ἀσκληπιὸν αὐτόν, ὅτʼ ἦν ἄνθρωπος, ἔχοντα τὰ φάρμακα καὶ τὰ
ὄργανα, κατʼ οἰκίαν παριστάμενον ἀνακρίνειν, <milestone n="25" unit="tlnum"/> μή τις ἔχει; σύριγγα
περὶ δακτύλιον ἢ γυνὴ καρκίνον ἐν ὑστέρᾳ· καίτοι σωτήριόν ἐστι τῆς τέχνης ταύτης τὸ πολύπραγμον ἀλλὰ
πᾶς ἄν τις, οἶμαι, <pb xml:id="v.3.p.343"/> τὸν τοιοῦτον ἀπήλασεν, ὅτι τὴν χρείαν οὐ περιμένων
<milestone n="518e" unit="stephpage" xml:id="stephpage-518e"/> ἄκλητος ἐπʼ ἀλλοτρίων κακῶν ἔρχεται
κατανόησιν. οἱ δὲ πολυπράγμονες αὐτὰ ταῦτα καὶ τὰ τούτων ἔτι χείρονα ζητοῦσιν, οὐ θεραπεύοντες ἀλλὰ
<milestone n="5" unit="tlnum"/> μόνον ἀνακαλύπτοντες· ὅθεν μισοῦνται δικαίως. καὶ γὰρ τοὺς τελώνας
βαρυνόμεθα καὶ δυσχεραίνομεν, οὐχ ὅταν τὰ ἐμφανῆ τῶν εἰσαγομένων ἐκλέγωσιν, ἀλλʼ ὅταν τὰ κεκρυμμένα
ζητοῦντες ἐν ἀλλοτρίοις σκεύεσι καὶ φορτίοις ἀναστρέφωνται· καίτοι τοῦτο <milestone n="10"
unit="tlnum"/> ποιεῖν ὁ νόμος δίδωσιν αὐτοῖς, καὶ βλάπτονται μὴ <milestone n="518f" unit="stephpage"
xml:id="stephpage-518f"/> ποιοῦντες. οἱ δὲ πολυπράγμονες ἀπολλύουσι καὶ προΐενται τὰ αὑτῶν
ἀσχολούμενοι περὶ τἀλλότρια <note anchored="true" place="unspecified" resp="ed" xml:lang="lat">
<foreign xml:lang="grc">τἀλλότρια</foreign> *: <foreign xml:lang="grc">τὰ ἀλλότρια</foreign>
</note> καὶ σπανίως μὲν εἰς ἀγρὸν βαδίζουσι, τὸ ἥσυχον καὶ σιωπηρὸν τῆς ἐρημίας οὐ φέροντες ἐὰν δὲ
καὶ <milestone n="15" unit="tlnum"/> παραβάλωσι διὰ χρόνου, ταῖς τῶν γειτόνων ἀμπέλοις ἐμβλέπουσι
μᾶλλον ἢ ταῖς ἰδίαις· καὶ πυνθάνονται πόσοι βόες τοῦ γείτονος; ἀποτεθνήκασιν ἢ πόσος οἶνος ὀξίνης
γέγονε· ταχὺ δὲ τούτων ἐμπλησθέντες ἀποτρέχουσιν. ὁ μὲν γὰρ ἀληθινὸς ἐκεῖνος γεωργὸς <milestone
n="20" unit="tlnum"/> οὐδὲ τὸν αὐτομάτως ἐρχόμενον ἐκ πόλεως λόγον ἡδέως προσδέχεται, λέγων <quote
rend="blockquote">
<l> εἶτά μοι σκάπτων ἐρεῖ, <milestone n="519a" unit="stephpage" xml:id="stephpage-519a"/>
</l>
<note anchored="true" place="unspecified" resp="ed" xml:lang="lat">Kock. 3 p. 473</note>
<l>ἐφʼ οἷς γεγόνασιν αἱ διαλύσεις· ταῦτα γὰρ </l>
<l> πολυπραγμονῶν νῦν <note anchored="true" place="unspecified" resp="ed" xml:lang="lat">
<foreign xml:lang="grc">πολυπραγμονῶν νῦν</foreign> Emperius: <foreign xml:lang="grc">νῦν
πολυπραγμονῶν</foreign>
</note> ὁ κατάρατος περιπατεῖ. <milestone n="25" unit="tlnum"/>
</l>
</quote>
</p>
</div>
<div n="8" subtype="section" type="textpart">
<p rend="indent">οἱ δὲ πολυπράγμονες ὡς ἕωλόν τι πρᾶγμα καὶ ψυχρὸν καὶ ἀτράγῳδον φεύγοντες τὴν <pb
xml:id="v.3.p.344"/> ἀγροικίαν, εἰς τὸ δεῖγμα καὶ τὴν ἀγορὰν καὶ τοὺς λιμένας ὠθοῦνται· <q>μή τι
    καινόν;</q> <q>οὐ γὰρ ἦς πρωῒ κατʼ ἀγοράν;</q> <q>τί οὖν; ἐν ὥραις τρισὶν οἴει τὴν πόλιν μετακεκοσμῆσθαι;</q>
οὐ μὴν ἀλλʼ ἂν μέν τις ἔχῃ τι τοιοῦτον <milestone n="5" unit="tlnum"/> εἰπεῖν, καταβὰς ἀπὸ τοῦ ἵππου
δεξιωσάμενος καὶ <note anchored="true" place="unspecified" resp="ed" xml:lang="lat">
<foreign xml:lang="grc">καὶ</foreign>] om. codd. mei</note> καταφιλήσας ἕστηκεν ἀκροώμενος. ἐὰν δʼ
    ἀπαντήσας εἴπῃ τις ὅτι οὐθὲν καινὸν, ὥσπερ ἀχθόμενος <q>τί λέγεις;</q> φησὶν <q>οὐ γέγονας κατʼ ἀγοράν;
οὐ <milestone n="519b" unit="stephpage" xml:id="stephpage-519b"/> παρελήλυθας τὸ στρατήγιον; οὐδὲ
    τοῖς ἐξ Ἰταλίας <milestone n="10" unit="tlnum"/> ἥκουσιν ἐντετύχηκας;</q> διὸ καλῶς οἱ τῶν Λοκρῶν
    ἄρχοντες, ἐπεί τις ἐξ ἀποδημίας προσιὼν ἠρώτησε <q>μή τι καινόν,</q> ἐζημίωσαν αὐτόν. ὡς γὰρ οἱ μάγειροι
φορὰν εὔχονται βοσκημάτων οἱ δʼ ἁλιεῖς ἰχθύων, οὕτως οἱ πολυπράγμονες εὔχονται φορὰν κακῶν καὶ
<milestone n="15" unit="tlnum"/> πλῆθος πραγμάτων καὶ καινότητας καὶ μεταβολάς, ἵνʼ ἀεί τι θηρεύειν
καὶ κατακόπτειν ἔχωσιν. εὖ δὲ καὶ ὁ τῶν Θουρίων νομοθέτης· κωμῳδεῖσθαι γὰρ ἐκώλυσε τοὺς πολίτας πλὴν
μοιχοὺς καὶ πολυπράγμονας. <milestone n="519c" unit="stephpage" xml:id="stephpage-519c"/> ἔοικε γάρ
ἥ τε μοιχεία πολυπραγμοσύνη <milestone n="20" unit="tlnum"/> τις ἀλλοτρίας ἡδονῆς εἶναι καὶ ζήτησις
καὶ ἔρευνα τῶν φυλαττομένων καὶ λανθανόντων τοὺς πολλούς· ἥ τε πολυπραγμοσύνη παράλυσίς ἐστι καὶ
φθορὰ <note anchored="true" place="unspecified" resp="ed" xml:lang="lat">
<foreign xml:lang="grc">φθορὰ</foreign>] <foreign xml:lang="grc">φώρασις</foreign> R. latere mihi
vid. vox <foreign xml:lang="grc">φώρα</foreign>, quae Hesychio teste <foreign xml:lang="grc"
>ἔρευνα</foreign> est</note> καὶ ἀπογύμνωσις τῶν ἀπορρήτων. </p>
</div>
<div n="9" subtype="section" type="textpart">
<p rend="indent">τῇ μὲν οὖν πολυμαθείᾳ τὴν πολυλογίαν ἕπεσθαι <milestone n="25" unit="tlnum"/>
συμβαίνει· διὸ καὶ Πυθαγόρας ἔταξε τοῖς νέοις πενταέτιδα σιωπήν, ἐχεμυθίαν προσαγορεύσας. τῇ δὲ
περιεργίᾳ τὴν κακολογίαν ἀνάγκη συνακολουθεῖν <pb xml:id="v.3.p.345"/> ἃ γὰρ ἡδέως ἀκούουσιν ἡδέως
λαλοῦσι, καὶ ἃ παρʼ ἄλλων σπουδῇ συλλέγουσι πρὸς ἑτέρους μετὰ χαρᾶς <milestone n="519d"
unit="stephpage" xml:id="stephpage-519d"/> ἐκφέρουσιν. ὅθεν αὐτοῖς μετὰ τῶν ἄλλων κακῶν τὸ νόσημα
καὶ πρὸς τὴν ἐπιθυμίαν ἐμποδών ἐστι· πάντες <milestone n="5" unit="tlnum"/> γὰρ αὐτοὺς φυλάττονται
καὶ ἀποκρύπτονται, καὶ οὔτε πρᾶξαί τι πολυπράγμονος ὁρῶντος οὔτε εἰπεῖν ἀκούοντος ἡδέως ἔχουσιν·
ἀλλὰ καὶ βουλὰς ἀνατίθενται καὶ σκέψεις πραγμάτων ὑπερβάλλονται, μέχρι ἂν ἐκποδὼν ὁ τοιοῦτος
γένηται· κἂν ἢ λόγου τινὸς <milestone n="10" unit="tlnum"/> ἀπορρήτου παρόντος ἢ πράξεως σπουδαίας
περαινομένης ἀνὴρ πολυπράγμων ἐπιφανῇ, καθάπερ ὄψον γαλῆς παραδραμούσης αἴρουσιν ἐκ μέσου καὶ
ἀποκρύπτουσιν· <milestone n="519e" unit="stephpage" xml:id="stephpage-519e"/> ὥστε πολλάκις τὰ τοῖς
ἄλλοις ῥητὰ καὶ θεατὰ τούτοις μόνοις ἄρρητα καὶ ἀθέατα γίγνεσθαι. <milestone n="15" unit="tlnum"
/>διὸ καὶ πίστεως ἁπάσης ἔρημος ὁ πολυπράγμων ἐστίν· οἰκέταις γοῦν καὶ ξένοις πιστεύομεν μᾶλλον
ἐπιστολὰς καὶ γράμματα καὶ σφραγῖδας ἢ φίλοις καὶ οἰκείοις πολυπράγμοσιν. ὁ δὲ Βελλεροφόντης <note
anchored="true" place="unspecified" resp="ed" xml:lang="lat">
<foreign xml:lang="grc">Βελλεροφόντης</foreign>] cf. Hom. Z 155 sqq.</note> ἐκεῖνος οὐδὲ καθʼ ἑαυτοῦ
γράμματα κομίζων ἔλυσεν, <milestone n="20" unit="tlnum"/> ἀλλʼ ἀπέσχετο τῆς ἐπιστολῆς τοῦ βασιλέως
ὡς τῆς γυναικὸς διὰ τὴν αὐτὴν ἐγκράτειαν. ἀκρασίας γὰρ τὸ πολυπραγμονεῖν ὡς καὶ τὸ μοιχεύειν, καὶ
πρὸς τῇ ἀκρασίᾳ δεινῆς ἀνοίας καὶ ἀφροσύνης· τὸ γὰρ τοσαύτας παρελθόντα κοινὰς καὶ δεδημοσιωμένας
<milestone n="25" unit="tlnum"/>
<milestone n="519f" unit="stephpage" xml:id="stephpage-519f"/> γυναῖκας; ἐπὶ τὴν κατάκλειστον
ὠθεῖσθαι καὶ πολυτελῆ, πολλάκις ἂν <note anchored="true" place="unspecified" resp="ed"
xml:lang="lat">
<foreign xml:lang="grc">ἂν</foreign>] <foreign xml:lang="grc">δʼ ἂν</foreign>?</note> οὕτω τύχῃ καὶ
ἄμορφον οὖσαν, ὑπερβολὴ μανίας καὶ παραφροσύνης. ταὐτὸ δʼ οἱ <pb xml:id="v.3.p.346"/> πολυπράγμονες
ποιοῦσι · πολλὰ <note anchored="true" place="unspecified" resp="ed" xml:lang="lat">
<foreign xml:lang="grc">πολλὰ</foreign>] <foreign xml:lang="grc">πολλὰ γὰρ</foreign>
Stegmannus</note> καὶ καλὰ θεάματα καὶ ἀκούσματα καὶ σχολὰς καὶ διατριβὰς παρελθόντες, ἐπιστόλια
διορύττουσιν ἀλλότρια καὶ παραβάλλουσι γειτόνων τοίχοις τὰ ὦτα καὶ συμψιθυρίζουσιν οἰκέταις
<milestone n="5" unit="tlnum"/> καὶ γυναίοις, πολλάκις μὲν οὐδʼ ἀκινδύνως ἀεὶ δʼ ἀδόξως. </p>
</div>
<div n="10" subtype="section" type="textpart">
<p rend="indent">διὸ καὶ χρήσιμον ὡς ἔνι μάλιστα πρὸς τὴν <note anchored="true" place="unspecified"
resp="ed" xml:lang="lat">
<foreign xml:lang="grc">τὴν</foreign>] <foreign xml:lang="grc">τὴν τοῦ πάθους</foreign> R. malim
<foreign xml:lang="grc">τὴν ἀπὸ τοῦ πάθους</foreign>
</note>
<milestone n="520a" unit="stephpage" xml:id="stephpage-520a"/> ἀποτροπὴν τοῖς πολυπράγμοσιν ἡ τῶν
προεγνωσμένων ἀνάμνησις. ἂν γάρ, ὥσπερ ὁ Σιμωνίδης ἔλεγε <milestone n="10" unit="tlnum"/> τὰς
κιβωτοὺς ἀνοίγων διὰ χρόνου τὴν μὲν τῶν μισθῶν ἀεὶ μεστὴν τὴν δὲ τῶν χαρίτων εὑρίσκειν ἀεὶ κενήν,
οὕτως; ἄν τις <note anchored="true" place="unspecified" resp="ed" xml:lang="lat">
<foreign xml:lang="grc">τις</foreign> Huttenus</note> τῆς πολυπραγμοσύνης τὴν ἀποθήκην ἀνοίγῃ διὰ
χρόνου καὶ κατασκέπτηται πολλῶν ἀχρήστων καὶ ματαίων καὶ ἀτερπῶν γέμουσαν, ἴσως <milestone n="15"
unit="tlnum"/> ἂν αὐτῷ τὸ πρᾶγμα προσσταίη, φανὲν ἀηδὲς παντάπασι καὶ φλυαρῶδες. φέρε γάρ, εἴ τις
ἐπιὼν τὰ συγγράμματα τῶν παλαιῶν ἐκλαμβάνοι τὰ κάκιστα τῶν ἐν αὐτοῖς, καὶ βιβλίον ἔχοι
συντεταγμένον, οἷον Ὁμηρικῶν <milestone n="520b" unit="stephpage" xml:id="stephpage-520b"/> στίχων
ἀκεφάλων καὶ τραγικῶν σολοικισμῶν <milestone n="20" unit="tlnum"/> καὶ τῶν ὑπʼ Ἀρχιλόχου πρὸς τὰς
γυναῖκας ἀπρεπῶς καὶ ἀκολάστως εἰρημένων, ἑαυτὸν παραδειγματίζοντος· ἆρʼ οὐκ ἔστι τῆς τραγικῆς
κατάρας ἄξιος, <quote rend="blockquote"> ὄλοιο θνητῶν ἐκλέγων τὰς συμφοράς;ʼ </quote>
<note anchored="true" place="unspecified" resp="ed" xml:lang="lat">Nauck. p. 913</note> καὶ ἄνευ δὲ
τῆς κατάρας ἀπρεπὴς καὶ ἀνωφελὴς ὁ <milestone n="25" unit="tlnum"/> θησαυρὸς αὐτοῦ τῶν ἀλλοτρίων
ἁμαρτημάτων ὥσπερ ἡ πόλις, ἣν ἐκ τῶν κακίστων καὶ <pb xml:id="v.3.p.347"/> ἀναγωγοτάτων οἰκίσας ὁ
Φίλιππος Πονηρόπολιν προσηγόρευσεν. οἱ τοίνυν πολυπράγμονες οὐ στίχων οὐδὲ ποιημάτων, ἀλλὰ βίων
ἀστοχήματα καὶ πλημμελήματα καὶ σολοικισμοὺς ἀναλεγόμενοι καὶ συνάγοντες, <milestone n="5"
unit="tlnum"/>
<milestone n="520c" unit="stephpage" xml:id="stephpage-520c"/> ἀμουσότατον καὶ ἀτερπέστατον κακῶν
γραμματοφυλακεῖον τὴν ἑαυτῶν μνήμην περιφέρουσιν. ὥσπερ οὖν ἐν Ῥώμῃ τινὲς τὰς γραφὰς καὶ τοὺς
ἀνδριάντας καὶ νὴ Δία τὰ κάλλη τῶν ὠνίων παίδων καὶ γυναικῶν ἐν μηδενὶ λόγῳ τιθέμενοι, περὶ τὴν τῶν
<milestone n="10" unit="tlnum"/> τεράτων ἀγορὰν ἀναστρέφονται, τοὺς ἀκνήμους καὶ τοὺς γαλεάγκωνας
καὶ τοὺς τριοφθάλμους καὶ τοὺς στρουθοκεφάλους καταμανθάνοντες καὶ ζητοῦντες εἴ τι γεγένηται <quote
rend="blockquote">σύμμικτον εἶδος κἀποφώλιον <note anchored="true" place="unspecified" resp="ed"
xml:lang="lat">
<foreign xml:lang="grc">καὶ ἀποφώλιον</foreign> codd. mei</note> τέρας· <note anchored="true"
place="unspecified" resp="ed" xml:lang="lat">
<foreign xml:lang="grc">τέρας</foreign>] <foreign xml:lang="grc">τρέφος</foreign> Nauckius. cf.
<title rend="italic">Vit. Thes.</title> c. 15</note>
<note anchored="true" place="unspecified" resp="ed" xml:lang="lat">Nauck. p. 680</note>
<milestone n="15" unit="tlnum"/>
</quote> ἀλλʼ ἐὰν συνεχῶς τις ἐπάγῃ τοῖς τοιούτοις αὐτοὺς θεάμασι, ταχὺ πλησμονὴν καὶ ναυτίαν τὸ
πρᾶγμα παρέξει· οὕτως οἱ τὰ περὶ τὸν βίον ἀστοχήματα καὶ γενῶν αἴσχη καὶ διαστροφάς τινας ἐν οἴκοις
ἀλλοτρίοις <milestone n="520d" unit="stephpage" xml:id="stephpage-520d"/> καὶ πλημμελείας
πολυπραγμονοῦντες, τῶν <milestone n="20" unit="tlnum"/> πρώτων ἀναμιμνησκέτωσαν ἑαυτοὺς ὅτι χάριν
καὶ ὄνησιν οὐδεμίαν ἤνεγκε. </p>
</div>
<div n="11" subtype="section" type="textpart">
<p rend="indent">μέγιστον μέντοι πρὸς τὴν τοῦ πάθους ἀποτροπὴν ὁ ἐθισμός, ἐὰν πόρρωθεν ἀρξάμενοι
γυμνάζωμεν ἑαυτοὺς καὶ διδάσκωμεν <note anchored="true" place="unspecified" resp="ed" xml:lang="lat">
<foreign xml:lang="grc">διδάσκωμεν</foreign>] <foreign xml:lang="grc">διασκῶμεν</foreign>?</note>
ἐπὶ ταύτην τὴν ἐγκράτειαν· <milestone n="25" unit="tlnum"/> καὶ γὰρ ἡ αὔξησις ἔθει γέγονε, τοῦ
νοσήματος κατὰ μικρὸν εἰς τὸ πρόσω χωροῦντος· ὃν δὲ τρόπον, <pb xml:id="v.3.p.348"/> εἰσόμεθα περὶ
τῆς ἀσκήσεως ὁμοῦ διαλεγόμενοι. πρῶτον μὲν οὖν ἀπὸ τῶν βραχυτάτων καὶ φαυλοτάτων ἀρξώμεθα. τί γὰρ
χαλεπόν ἐστιν ἐν ταῖς ὁδοῖς τὰς ἐπὶ τῶν τάφων ἐπιγραφὰς μὴ ἀναγιγνώσκειν, ἢ τί <milestone n="5"
unit="tlnum"/>
<milestone n="520e" unit="stephpage" xml:id="stephpage-520e"/> δυσχερὲς ἐν τοῖς περιπάτοις τὰ κατὰ
τῶν τοίχων γράμματα <note anchored="true" place="unspecified" resp="ed" xml:lang="lat">
<foreign xml:lang="grc">γράμματα</foreign>] <foreign xml:lang="grc">ἐπιγράμματα</foreign> R</note>
τῇ ὄψει παρατρέχειν, ὑποβάλλοντας αὑτοῖς ὅτι χρήσιμον οὐδὲν οὐδʼ ἐπιτερπὲς ἐν τούτοις γέγραπται·
ἀλλʼ <q>ἐμνήσθη</q> ὁ δεῖνα τοῦ δεῖνος ἐπʼ ἀγαθῷ καὶ <q>φίλων ἄριστοσ</q> ὅδε τις, καὶ πολλὰ τοιαύτης
<milestone n="10" unit="tlnum"/> γέμοντα φλυαρίας· ἃ δοκεῖ μὲν οὐ βλάπτειν ἀναγιγνωσκόμενα, βλάπτει
δὲ λεληθότως τῷ μελέτην παρεμποιεῖν τοῦ ζητεῖν τὰ μὴ προσήκοντα; καὶ καθάπερ οἱ κυνηγοὶ τοὺς
σκύλακας οὐκ ἐῶσιν ἐκτρέπεσθαι <milestone n="520f" unit="stephpage" xml:id="stephpage-520f"/> καὶ
διώκειν πᾶσαν ὀδμήν, ἀλλὰ τοῖς ῥυτῆρσιν <milestone n="15" unit="tlnum"/> ἕλκουσι καὶ ἀνακρούουσι,
καθαρὸν αὐτῶν φυλάττοντες καὶ ἄκρατον τὸ αἰσθητήριον ἐπὶ τὸ οἰκεῖον ἔργον, ἵνʼ εὐτονώτερον ἐμφύηται
τοῖς ἴχνεσι <quote rend="blockquote"> πέλματα <note anchored="true" place="unspecified" resp="ed"
xml:lang="lat">
<foreign xml:lang="grc">πέλματα</foreign> Emperius: <foreign xml:lang="grc">τέρματα</foreign>
</note> θηρείων μελέων μυκτῆρσιν ἐρευνῶν· </quote> οὕτω δεῖ τὰς ἐπὶ πᾶν θέαμα καὶ πᾶν ἄκουσμα τοῦ
<milestone n="20" unit="tlnum"/> πολυπράγμονος ἐκδρομὰς καὶ περιπλανήσεις ἀφαιρεῖν καὶ ἀντισπᾶν ἐπὶ
τὰ χρήσιμα φυλάττοντας. ὥσπερ γὰρ οἱ ἀετοὶ καὶ οἱ λέοντες ἐν τῷ περιπατεῖν συστρέφουσιν εἴσω τοὺς
ὄνυχας, ἵνα μὴ τὴν ἀκμὴν <milestone n="521a" unit="stephpage" xml:id="stephpage-521a"/> αὐτῶν καὶ
τὴν ὀξύτητα κατατρίβωσιν, οὕτω τὸ πολύπραγμον <milestone n="25" unit="tlnum"/> τοῦ φιλομαθοῦς ἀκμήν
τινα καὶ στόμωμα νομίζοντες ἔχειν καταναλίσκωμεν ἐν τοῖς ἀχρήστοις μηδʼ ἀπαμβλύνωμεν. <pb
xml:id="v.3.p.349"/>
</p>
</div>
<div n="12" subtype="section" type="textpart">
<p rend="indent">δεύτερον τοίνυν ἐθιζώμεθα θύραν παριόντες ἀλλοτρίαν μὴ βλέπειν εἴσω μηδὲ τῶν ἐντὸς
ἐπιδράττεσθαι τῇ ὄψει <note anchored="true" place="unspecified" resp="ed" xml:lang="lat">
<foreign xml:lang="grc">τῇ ὄψει</foreign>] del. R</note> καθάπερ χειρὶ τῇ περιεργίᾳ, ἀλλὰ τὸ τοῦ
Ξενοκράτους ἔχωμεν πρόχειρον, ὃς ἔφη μηδὲν <milestone n="5" unit="tlnum"/> διαφέρειν τοὺς πόδας ἢ
τοὺς ὀφθαλμοὺς εἰς ἀλλοτρίαν οἰκίαν τιθέναι· οὔτε γὰρ δίκαιον οὔτε καλόν, ἀλλʼ οὐδʼ ἡδὺ τὸ θέαμα.
<quote rend="blockquote"> δύσμορφα μέντοι τἄνδον εἰσιδεῖν, ξένε· </quote>
<note anchored="true" place="unspecified" resp="ed" xml:lang="lat">Nauck. p. 617. Kock. 3 p.
613</note> τὰ γὰρ πολλὰ τοιαῦτα τῶν ἐν ταῖς οἰκίαις, σκευάρια <milestone n="10" unit="tlnum"/>
<milestone n="521b" unit="stephpage" xml:id="stephpage-521b"/> κείμενα καὶ θεραπαινίδια καθεζόμενα
καὶ σπουδαῖον οὐδὲν οὐδʼ ἐπιτερπές. ἡ δὲ συνδιαστρέφουσα τὴν ψυχὴν παράβλεψις αὕτη καὶ παρατόξευσις
αἰσχρὰ καὶ τὸ ἔθος μοχθηρόν· ὁ μὲν γὰρ Διογένης θεασάμενος εἰσελαύνοντα τὸν ὀλυμπιονίκην Διώξιππον
<milestone n="15" unit="tlnum"/> ἐφʼ ἅρματος, καὶ γυναικὸς εὐμόρφου θεωμένης τὴν πομπὴν ἀποσπάσαι
    τὰς ὄψεις μὴ δυνάμενον ἀλλʼ ὑποβλέποντα καὶ παρεπιστρεφόμενον, <q>ὁρᾶτʼ</q> εἶπε <q>τὸν ἀθλητὴν ὑπὸ
    παιδισκαρίου τραχηλιζόμενον</q> τοὺς δὲ πολυπράγμονας ἴδοις ἂν ὑπὸ παντὸς ὁμοίως <milestone n="20"
unit="tlnum"/> θεάματος τραχηλιζομένους καὶ περιαγομένους, ὅταν ἔθος καὶ μελέτη γένηται τῆς ὄψεως
αὐτοῖς πανταχοῦ <note anchored="true" place="unspecified" resp="ed" xml:lang="lat">malim <foreign
xml:lang="grc">πανταχοῖ</foreign>
</note>
<milestone n="521c" unit="stephpage" xml:id="stephpage-521c"/> διαφορουμένης δεῖ δʼ, ὡς οἶμαι, μὴ
καθάπερ θεράπαιναν ἀνάγωγον ἔξω ῥέμβεσθαι τὴν αἴσθησιν, ἀλλʼ ἀποπεμπομένην ὑπὸ τῆς ψυχῆς ἐπὶ· τὰ
<milestone n="25" unit="tlnum"/> πράγματα συντυγχάνειν αὐτοῖς ταχὺ καὶ διαγγέλλειν· εἶτα πάλιν
κοσμίως ἐντὸς εἶναι τοῦ λογισμοῦ <pb xml:id="v.3.p.350"/> καὶ προσέχειν αὐτῷ. νῦν δὲ συμβαίνει τὸ
τοῦ Σοφοκλέους <note anchored="true" place="unspecified" resp="ed" xml:lang="lat">
<foreign xml:lang="grc">Σοφοκλέους</foreign>] <title rend="italic">Electr</title>. 724</note>
<quote rend="blockquote">
<l> ἔπειτα δʼ Αἰνιᾶνος ἀνδρὸς ἄστομοι </l>
<l> πῶλοι φοροῦσιν <note anchored="true" place="unspecified" resp="ed" xml:lang="lat">
<foreign xml:lang="grc">φέρουσιν</foreign> Sophocles</note>
</l>
</quote>
<milestone n="5" unit="tlnum"/> αἱ μὴ τυχοῦσαι παιδαγωγίας ὥσπερ ἐλέγομεν <note anchored="true"
place="unspecified" resp="ed" xml:lang="lat">
<foreign xml:lang="grc">ἐλέγομεν</foreign> R: <foreign xml:lang="grc">λέγομεν</foreign>
</note> ὀρθῆς μηδʼ ἀσκήσεως αἰσθήσεις προεκτρέχουσαι καὶ συνεφελκόμεναι <milestone n="521d"
unit="stephpage" xml:id="stephpage-521d"/> πολλάκις εἰς ἃ μὴ δεῖ καταβάλλουσι τὴν διάνοιαν. ὅθεν
ἐκεῖνο μὲν ψεῦδός ἐστι, τὸ Δημόκριτον ἑκουσίως σβέσαι τὰς ὄψεις ἀπερεισάμενον <milestone n="10"
unit="tlnum"/> εἰς ἔσοπτρον πυρωθέν, καὶ τὴν ἀπʼ αὐτοῦ ἀνάκλασιν δεξάμενον, <note anchored="true"
place="unspecified" resp="ed" xml:lang="lat">malim <foreign xml:lang="grc">δεξάμενον
ἀνάκλασιν</foreign>
</note> ὅπως μὴ παρέχωσι θόρυβον τὴν διάνοιαν ἔξω καλοῦσαι πολλάκις, ἀλλʼ ἐῶσιν ἔνδον οἰκουρεῖν καὶ
διατρίβειν πρὸς τοῖς νοητοῖς, ὥσπερ παρόδιοι θυρίδες ἐμφραγεῖσαι· τοῦτο μέντοι παντὸς <milestone
n="15" unit="tlnum"/> μᾶλλον ἀληθές ἐστιν, ὅτι τὴν αἴσθησιν ὀλίγα κινοῦσιν οἱ πλεῖστα τῇ διανοίᾳ
    χρώμενοι. καὶ γὰρ τὰ μουσεῖα πορρωτάτω τῶν πόλεων ἱδρύσαντο, καὶ τὴν νύκτα προσεῖπον <q>εὐφρόνην</q> μέγα
πρὸς εὕρεσιν <milestone n="521e" unit="stephpage" xml:id="stephpage-521e"/> τῶν ζητουμένων καὶ
σκέψιν ἡγούμενοι τὴν ἡσυχίαν <milestone n="20" unit="tlnum"/> καὶ τὸ ἀπερίσπαστον. </p>
</div>
<div n="13" subtype="section" type="textpart">
<p rend="indent">ἀλλὰ μὴν οὐδʼ ἐκεῖνο χαλεπὸν καὶ δύσκολον, ἀνθρώπων λοιδορουμένων ἐν ἀγορᾷ καὶ
κακῶς λεγόντων ἀλλήλους μὴ προσελθεῖν· ἢ συνδρομῆς ἐπὶ τι πλειόνων γενομένης μεῖναι καθήμενον· ἐὰν
δʼ <milestone n="25" unit="tlnum"/> ἀκρατῶς ἔχῃς, ἀπελθεῖν ἀναστάντα χρηστοῦ μὲν γὰρ οὐδενὸς τοῖς
πολυπραγμονοῦσιν ἀναμίξας σεαυτὸν ἀπολαύσεις, μεγάλα δʼ ὠφεληθήσῃ τὸ <pb xml:id="v.3.p.351"/>
πολύπραγμον ἀποστρέψας βίᾳ καὶ κολούσας ὑπακούειν <milestone n="521f" unit="stephpage"
xml:id="stephpage-521f"/> τῷ λογισμῷ συνεθιζόμενον. ἐκ δὲ τούτου μᾶλλον ἐπιτείνοντα τὴν ἄσκησιν
ὀρθῶς ἔχει καὶ θέατρον ἀκροάματος εὐημεροῦντος παρελθεῖν, καὶ φίλους ἐπʼ <milestone n="5"
unit="tlnum"/> ὀρχηστοῦ τινος ἢ κωμῳδοῦ θέαν παραλαμβάνοντας διώσασθαι, καὶ βοῆς ἐν σταδίῳ
γενομένης ἢ ἱπποδρόμῳ μὴ ἐπιστραφῆναι. καθάπερ γὰρ ὁ Σωκράτης παρῄνει φυλάττεσθαι τῶν βρωμάτων ὅσα
μὴ πεινῶντας ἐσθίειν ἀναπείθει, καὶ τῶν πωμάτων <note anchored="true" place="unspecified" resp="ed"
xml:lang="lat">
<foreign xml:lang="grc">πωμάτων</foreign> *: <foreign xml:lang="grc">πομάτων</foreign>
</note> ὅσα <milestone n="10" unit="tlnum"/> πίνειν μὴ διψῶντας· οὕτω χρὴ καὶ ἡμᾶς τῶν θεαμάτων καὶ
ἀκουσμάτων φυλάττεσθαι καὶ φεύγειν ὅσα κρατεῖ καὶ προσάγεται τοὺς μηδὲν δεομένους. ὁ δὲ Κῦρος <note
anchored="true" place="unspecified" resp="ed" xml:lang="lat">
<foreign xml:lang="grc">Κῦρος κἑ</foreign>] Xen. <title rend="italic">Cyrop</title>. 5, 1, 8</note>
οὐκ ἐβούλετο τὴν Πάνθειαν ἰδεῖν, ἀλλὰ τοῦ Ἀράσπου λέγοντος ὡς ἄξιον θέας εἴη τὸ τῆς <milestone
n="15" unit="tlnum"/>
    <milestone n="522a" unit="stephpage" xml:id="stephpage-522a"/> γυναικὸς εἶδος, <q>οὐκοῦν</q> ἔφη <q>διὰ
τοῦτο μᾶλλον αὐτῆς ἀφεκτέον· εἰ γὰρ ὑπὸ σοῦ πεισθεὶς ἀφικοίμην πρὸς αὐτήν, ἴσως ἄν με πάλιν
ἀναπείσειεν αὐτὴ <note anchored="true" place="unspecified" resp="ed" xml:lang="lat">
<foreign xml:lang="grc">αὕτη</foreign> *: <foreign xml:lang="grc">αὐτὴ</foreign>
</note> καὶ μὴ σχολάζοντα φοιτᾶν θεᾶσθαι τε καὶ παρακαθῆσθαι προέμενον πολλὰ τῶν σπουδῆς ἀξίων</q>
ὁμοίως <milestone n="20" unit="tlnum"/> οὐδʼ Ἀλέξανδρος εἰς ὄψιν ἦλθε τῆς Δαρείου γυναικὸς
ἐκπρεπεστάτης εἶναι λεγομένης· ἀλλὰ πρὸς τὴν μητέρα φοιτῶν αὐτῆς πρεσβῦτιν οὖσαν, οὐχ ὑπέμεινε τὴν
νέαν καὶ καλὴν ἰδεῖν. ἡμεῖς δὲ τοῖς φορείοις τῶν γυναικῶν ὑποβάλλοντες τοὺς ὀφθαλμοὺς <milestone
n="25" unit="tlnum"/>
<milestone n="522b" unit="stephpage" xml:id="stephpage-522b"/> καὶ τῶν θυρίδων ἐκκρεμαννύντες, οὐδὲν
ἁμαρτάνειν δοκοῦμεν οὕτως ὀλισθηρὰν καὶ ῥευστὴν εἰς ἅπαντα τὴν πολυπραγμοσύνην ποιοῦντες. <pb
xml:id="v.3.p.352"/>
</p>
</div>
<div n="14" subtype="section" type="textpart">
<p rend="indent">ἔστι τοίνυν καὶ πρὸς δικαιοσύνην <note anchored="true" place="unspecified"
resp="ed" xml:lang="lat">
<foreign xml:lang="grc">δικαιοσύνην</foreign> Madvigius: <foreign xml:lang="grc"
>δικαιοσύνης</foreign>
</note> ἄσκησις, ὑπερβῆναί ποτε λῆμμα δίκαιον, ἵνα πόρρω τῶν ἀδίκων ἐθίσῃς σεαυτὸν εἶναι· καὶ πρὸς
σωφροσύνην ὁμοίως, ἀποσχέσθαι ποτὲ γυναικὸς ἰδίας, ἵνα μηδέποτε <milestone n="5" unit="tlnum"/>
κινηθῇς ὑπʼ ἀλλοτρίας. τοῦτο δὴ τὸ ἔθος ἐπάγων τῇ πολυπραγμοσύνῃ πειρῶ καὶ τῶν ἰδίων ἔνια παρακοῦσαί
ποτε καὶ παριδεῖν καί, βουλομένου τινὸς ἀγγεῖλαί τι τῶν ἐπὶ τῆς οἰκίας, ὑπερβαλέσθαι, καὶ λόγους
περὶ σοῦ λελέχθαι δοκοῦντας ἀπώσασθαι. <milestone n="10" unit="tlnum"/> καὶ γὰρ τὸν Οἰδίποδα τοῖς
μεγίστοις κακοῖς ἡ περιεργία <milestone n="522c" unit="stephpage" xml:id="stephpage-522c"/>
περιέβαλε· ζητῶν γὰρ ἑαυτὸν ὡς οὐκ ὄντα Κορίνθιον ἀλλὰ ξένον, ἀπήντησε τῷ Λαΐῳ, καὶ τοῦτον ἀνελὼν
καὶ τὴν μητέρα λαβὼν ἐπὶ τῇ βασιλείᾳ γυναῖκα καὶ δοκῶν εἶναι μακάριος πάλιν ἑαυτὸν <milestone n="15"
unit="tlnum"/> ἐζήτει. καὶ τῆς γυναικὸς οὐκ ἐώσης, ἔτι μᾶλλον ἤλεγχε τὸν συνειδότα γέροντα, πᾶσαν
προσφέρων ἀνάγκην. τέλος δὲ τοῦ πράγματος ἢδη περιφέροντος αὐτὸν τῇ ὑπονοίᾳ καὶ τοῦ γέροντος
ἀναβοήσαντος <quote rend="blockquote"> οἴμοι πρὸς αὐτῷ γʼ εἰμὶ τῷ δεινῷ λέγειν, </quote>
<note anchored="true" place="unspecified" resp="ed" xml:lang="lat">Soph. <title rend="italic"
>OR</title> 1169. 1170</note>
<milestone n="20" unit="tlnum"/> ὅμως ἐξημμένος ὑπὸ τοῦ πάθους καὶ σφαδᾴζων ἀποκρίνεται <quote
rend="blockquote"> κἄγωγʼ ἀκούειν· ἀλλʼ ὅμως ἀκουστέον. </quote>
<note anchored="true" place="unspecified" resp="ed" xml:lang="lat">Soph. <title rend="italic"
>OR</title> 1169. 1170</note>
<milestone n="522d" unit="stephpage" xml:id="stephpage-522d"/> οὕτω τίς ἐστι γλυκύπικρος καὶ
ἀκατάσχετος ὁ τῆς πολυπραγμοσύνης γαργαλισμός, ὥσπερ ἕλκος αἱμάσσων <milestone n="25" unit="tlnum"/>
ἑαυτόν, ὅταν ἀμύσσηται. ὁ δʼ ἀπηλλαγμένος <pb xml:id="v.3.p.353"/> τῆς νόσου ταύτης καὶ φύσει πρᾶος,
ἀγνοήσας τι τῶν δυσχερῶν εἴποι ἄν <note anchored="true" place="unspecified" resp="ed" xml:lang="lat">
<foreign xml:lang="grc">ἄν</foreign>] <foreign xml:lang="grc">νὴ Δίʼ ἄν</foreign>?</note>
<quote rend="blockquote"> ὦ πότνια λήθη τῶν κακῶν, ὡς εἶ σοφή. </quote>
<note anchored="true" place="unspecified" resp="ed" xml:lang="lat">Eur. <title rend="italic"
>Or</title>. 213</note>
</p>
</div>
<div n="15" subtype="section" type="textpart">
<p rend="indent"> διὸ καὶ πρὸς ταῦτα συνεθιστέον αὑτούς, <milestone n="5" unit="tlnum"/> ἐπιστολὴν
κομισθεῖσαν μὴ ταχὺ μηδὲ κατεσπευσμένως λῦσαι, καθάπερ οἱ πολλοὶ ποιοῦσιν, ἂν αἱ χεῖρες βραδύνωσι,
τοῖς ὀδοῦσι τοὺς δεσμοὺς διαβιβρώσκοντες· ἀγγέλου ποθὲν ἥκοντος, μὴ προσδραμεῖν μηδʼ ἐξαναστῆναι·
φίλου τινὸς εἰπόντος <q>ἔχω σοί τι <milestone n="10" unit="tlnum"/>
    <milestone n="522e" unit="stephpage" xml:id="stephpage-522e"/> καινὸν εἰπεῖν πρᾶγμα</q> <q>μᾶλλον, εἴ τι
<note anchored="true" place="unspecified" resp="ed" xml:lang="lat">
<foreign xml:lang="grc">εἴ τι</foreign>] <foreign xml:lang="grc">εἰπεῖν εἴ τι</foreign>?</note>
    χρήσιμον ἔχεις ὠφέλιμον.</q> ἐμοῦ ποτʼ ἐν Ῥώμῃ διαλεγομένου, Ῥούστικος ἐκεῖνος, ὃν ὕστερον ἀπέκτεινε
Δομετιανὸς τῇ δόξῃ φθονήσας, ἠκροᾶτο, καὶ διὰ μέσου στρατιώτης παρελθὼν ἐπιστολὴν αὐτῷ Καίσαρος
ἐπέδωκε· <milestone n="15" unit="tlnum"/> γενομένης δὲ σιωπῆς κἀμοῦ διαλιπόντος, ὅπως ἀναγνῷ τὴν
ἐπιστολήν, οὐκ ἠθέλησεν οὐδʼ ἔλυσε πρότερον ἢ διεξελθεῖν ἐμὲ τὸν λόγον καὶ διαλυθῆναι τὸ ἀκροατήριον
ἐφʼ ᾧ πάντες ἐθαύμασαν τὸ βάρος τἀνδρός. <note anchored="true" place="unspecified" resp="ed"
xml:lang="lat">
<foreign xml:lang="grc">τἀνδρός</foreign> *: <foreign xml:lang="grc">τοῦ ἀνδρός</foreign>
</note> ὅταν δέ τις οἷς ἔξεστι τρέφων τὸ πολύπραγμον, <milestone n="20" unit="tlnum"/> ἰσχυρὸν
ἀπεργάσηται καὶ βίαιον, οὐκέτι <milestone n="522f" unit="stephpage" xml:id="stephpage-522f"/>
ῥᾳδίως, πρὸς ἃ κεκώλυται φερομένου διὰ συνήθειαν, κρατεῖν δυνατός ἐστιν· ἀλλʼ ἐπιστόλια παραλύουσιν
οὗτοι φίλων, συνεδρίοις ἀπορρήτοις ἑαυτοὺς παρεμβάλλουσιν, ἱερῶν, ἃ μὴ θέμις ὁρᾶν, γίγνονται θεαταί,
<milestone n="25" unit="tlnum"/> τόπους ἀβάτους πατοῦσι, πράγματα καὶ λόγους βασιλικοὺς ἀνερευνῶσι.
<pb xml:id="v.3.p.354"/> γιγνώσκειν, ἐπαχθεστάτους ποιεῖ τὸ τῶν λεγομένων ὤτων καὶ προσαγωγέων
γένος. ὠτακουστὰς μὲν οὖν πρῶτος ἔσχεν ὁ νέος Δαρεῖος ἀπιστῶν ἑαυτῷ καὶ πάντας <milestone n="523a"
unit="stephpage" xml:id="stephpage-523a"/> ὑφορώμενος καὶ δεδοικώς· τοὺς δὲ προσαγωγίδας <milestone
n="5" unit="tlnum"/> οἱ Διονύσιοι τοῖς Συρακοσίοις <note anchored="true" place="unspecified"
resp="ed" xml:lang="lat">
<foreign xml:lang="grc">Συρακοσίοις</foreign> hic et infra *: <foreign xml:lang="grc"
>συρακουσίοις</foreign>
</note> κατέμιξαν· ὅθεν ἐν τῇ μεταβολῇ τῶν πραγμάτων τούτους πρώτους οἱ Συρακόσιοι συλλαμβάνοντες
ἀπετυμπάνιζον. καὶ γὰρ τὸ τῶν συκοφαντῶν γένος ἐκ τῆς τῶν πολυπραγμόνων φρατρίας καὶ ἑστίας ἐστίν.
ἀλλʼ οἱ μὲν συκοφάνται <milestone n="10" unit="tlnum"/> ζητοῦσιν, εἴ τις <note anchored="true"
place="unspecified" resp="ed" xml:lang="lat">
<foreign xml:lang="grc">τις</foreign>] <foreign xml:lang="grc">τί τις</foreign>?</note> ἢ
βεβούλευται κακὸν ἢ πεποίηκεν· οἱ δὲ πολυπράγμονες καὶ τὰς ἀβουλήτους ἀτυχίας τῶν πέλας ἐλέγχοντες
εἰς μέσον ἐκφέρουσι. λέγεται δὲ καὶ τὸν ἀλιτήριον ἐκ φιλοπραγμοσύνης κατονομασθῆναι τὸ πρῶτον· λιμοῦ
γὰρ ὡς ἔοικεν <milestone n="15" unit="tlnum"/>Ἀθηναίοις ἰσχυροῦ γενομένου, καὶ τῶν ἐχόντων πυρὸν
<milestone n="523b" unit="stephpage" xml:id="stephpage-523b"/> εἰς μέσον οὐ φερόντων ἀλλὰ κρύφα καὶ
    νύκτωρ ἐν ταῖς οἰκίαις ἀλούντων, περιιόντες ἐτήρουν τῶν μύλων τὸν ψόφον εἶτʼ <q>ἀλιτήριοι</q>
προσηγορεύθησαν. ὁμοίως δὲ καὶ τῷ συκοφάντῃ τοὔνομα γεγενῆσθαι· <milestone n="20" unit="tlnum"/>
    κεκωλυμένου γὰρ ἐκφέρειν τὰ σῦκα, μηνύοντες καὶ φαίνοντες τοὺς ἐξάγοντας ἐκλήθησαν <q>συκοφάνται.</q> καὶ
τοῦτʼ οὖν οὐκ ἄχρηστόν ἐστιν ἐννοεῖν τοὺς πολυπράγμονας, ὅπως αἰσχύνωνται τὴν πρὸς τοὺς μισουμένους
μάλιστα καὶ δυσχεραινομένους ὁμοιότητα καὶ <milestone n="25" unit="tlnum"/> συγγένειαν τοῦ
ἐπιτηδεύματος.</p>
</div>
</div>
</body>
</text>
</TEI>
