<ti:work xml:lang="lat" xmlns:ti="http://chs.harvard.edu/xmlns/cts" urn="urn:cts:latinLit:phi0474.phi055" groupUrn="urn:cts:latinLit:phi0474">
            <ti:title xml:lang="lat">De Officiis</ti:title>
            <ti:edition urn="urn:cts:latinLit:phi0474.phi055.perseus-lat1" workUrn="urn:cts:latinLit:phi0474.phi055">
              <ti:label xml:lang="eng">De Officiis, De officiis</ti:label>
              <ti:description xml:lang="eng">Cicero, Marcus Tullius, creator; Miller, Walter, 1864-1949, editor</ti:description>
            </ti:edition>
          <ti:translation xml:lang="eng" urn="urn:cts:latinLit:phi0474.phi055.perseus-eng1" workUrn="urn:cts:latinLit:phi0474.phi055">
              <ti:label xml:lang="eng">De Officiis, De officiis</ti:label>
              <ti:description xml:lang="eng">Cicero, Marcus Tullius, creator; Miller, Walter, 1864-1949, translator</ti:description>
            </ti:translation>
          </ti:work>