<ti:work xml:lang="lat" xmlns:ti="http://chs.harvard.edu/xmlns/cts" groupUrn="urn:cts:latinLit:phi0474" projid="latinLit:phi002" urn="urn:cts:latinLit:phi0474.phi002">
            <ti:title xml:lang="eng">For Sextus Roscius of Ameria</ti:title>
            <ti:title xml:lang="lat">Pro S. Roscio Amerino</ti:title>
    
            <ti:edition urn="urn:cts:latinLit:phi0474.phi002.perseus-lat2" workUrn="urn:cts:latinLit:phi0474.phi002">
                <ti:label xml:lang="eng">For Sextus Roscius of Ameria</ti:label>
                <ti:description xml:lang="eng">Perseus:bib:oclc,26994431, M. Tullius Cicero. M. Tulli
                    Ciceronis Orationes: Recognovit brevique adnotatione critica instruxit Albertus
                    Curtis Clark Collegii Reginae Socius. Albert Curtis Clark. Oxonii. e Typographeo
                    Clarendoniano. 1908. Scriptorum Classicorum Bibliotheca
                    Oxoniensis.</ti:description>
                <ti:memberof collection="Perseus:collection:Greco-Roman" />
            </ti:edition>
    
         <ti:translation urn="urn:cts:latinLit:phi0474.phi002.perseus-eng2" workUrn="urn:cts:latinLit:phi0474.phi002" xml:lang="eng">
        <ti:label xml:lang="eng">For Sextus Roscius of Ameria, The orations of Marcus Tullius Cicero Vol 1 Orations for Quintius, Sextus Roscius, Quintus Roscius, against Quintus Cæcilius, and against Verres
        </ti:label>
        <ti:description xml:lang="eng">
            Cicero, Marcus Tullius, creator; Yonge, Charles Duke, 1812-1891, translator
        </ti:description>
         </ti:translation>
        
        </ti:work>
        