<ti:work xml:lang="lat" xmlns:ti="http://chs.harvard.edu/xmlns/cts" urn="urn:cts:latinLit:phi0474.phi036" groupUrn="urn:cts:latinLit:phi0474">
            <ti:title xml:lang="lat">De Inventione</ti:title>
            <ti:edition urn="urn:cts:latinLit:phi0474.phi036.perseus-lat1" workUrn="urn:cts:latinLit:phi0474.phi036">
              <ti:label xml:lang="eng">De Inventione, Rhetorici libri duo qui vocantur de inventione</ti:label>
              <ti:description xml:lang="eng">Cicero, Marcus Tullius, creator; Stroebel, Eduard, editor</ti:description>
            </ti:edition>
          </ti:work>
        