<?xml version="1.0" encoding="UTF-8"?>
<TEI xmlns="http://www.tei-c.org/ns/1.0">
    <teiHeader>
        <fileDesc>
            <titleStmt>
                <title n="Ab urbe condita" type="work">Ab Urbe Condita, books 8-10 - 14s</title>
                <title type="sub">Machine readable text</title>
                <author n="Liv.">Titus Livius (Livy)</author>
                <editor n="Foster" role="editor">Benjamin Oliver Foster, Ph.D.</editor>
                <sponsor>Perseus Project, Tufts University</sponsor>
                <principal>Gregory Crane</principal>
                <respStmt>
                    <resp>Prepared under the supervision of</resp>
                    <name>Bridget Almas</name>
                    <name>Lisa Cerrato</name>
                    <name>David Mimno</name>
                    <name>Rashmi Singhal</name>
                </respStmt>
                <funder n="org:NEH">The National Endowment for the Humanities</funder>
            </titleStmt>
            <extent/>
            <publicationStmt>
                <publisher>Trustees of Tufts University</publisher>
                <pubPlace>Medford, MA</pubPlace>
                <authority>Perseus Project</authority>
                <date type="release" notBefore="2006"/>
            </publicationStmt>
            <sourceDesc default="false">
                <biblStruct default="false">
                    <monogr>
                        <author>Livy</author>
                        <title>Books VIII-X With An English Translation</title>
                        <imprint>
                            <pubPlace>Cambridge</pubPlace>
                            <publisher>Cambridge, Mass., Harvard University Press; London, William
                                Heinemann, Ltd.</publisher>
                            <date>1926: no copyright notice</date>
                        </imprint>
                    </monogr>
                </biblStruct>
            </sourceDesc>
        </fileDesc>
        <encodingDesc>
            <refsDecl>
                <refState unit="book"/>
                <refState unit="chapter" n="chunk"/>
            </refsDecl>
        </encodingDesc>
        <profileDesc>
            <langUsage default="false">
                <language ident="la">Latin</language>
                <language ident="en">English</language>
                <language ident="greek">Greek</language>
            </langUsage>
        </profileDesc>
        <revisionDesc>
            <!--
            <change>
                <date>2006</date>
                <respStmt>
                    <name>GRC</name>
                    <resp>tagging</resp>
                </respStmt>
                <item/>
            </change>
        -->
            <change when="2014-10-09" who="Stella Dee">edited markup</change>
        </revisionDesc>
    </teiHeader>
    <text xml:lang="la">
        <body>
            <div part="N" sample="complete" org="uniform" n="14s" type="book">
                <head>Libri XIIII Periocha</head>
                <p> PYRRHUS in Siciliam traiecit. <reg>cum</reg> inter alia prodigia fulmine
                    deiectum esset in Capitolio Iovis signum, caput eius per haruspices inventum
                    est. <name>Curius</name> Dentatus cos. cum <note anchored="true"
                        place="unspecified"> cos. cum <hi rend="italics">
                            <name>Rossbach</name> : </hi> 'is' cum <hi rend="italics">MSS.</hi>
                    </note> dilectum haberet, eius qui citatus non responderat bona primus vendidit;
                    iterum Pyrrhum ex Sicilia in Italiam reversum vicit et Italia expulit.
                        <name>Fabricius</name> censor P. Cornelium Rufinum consularem senatu movit,
                    quod is x pondo argenti facti haberet. <reg>lustro</reg> a censoribus condito
                    censa sunt civium capita <hi rend="overline">CCLXXI</hi> ccxxiiii.
                        <reg>cum</reg> Ptolemaeo, Aegypti rege, societas iuncta est.
                        <reg>sextilia</reg> , virgo Vestalis, damnata incesti viva defossa est.
                        <reg>coloniae</reg> deductae sunt Posidonia et Cosa.
                        <reg>carthaginiensium</reg> classis auxilio Tarentinis venit, quo facto ab
                    his foedus violatum est. <reg>res</reg> praeterea contra Lucanos et Bruttios et
                    Samnites feliciter gestas et Pyrrhi regis mortem continet. </p>
                <pb n="p.552"/>
            </div>
        </body>
    </text>
</TEI>
