<?xml version="1.0" encoding="UTF-8"?>
<TEI xmlns="http://www.tei-c.org/ns/1.0">
    <teiHeader>
        <fileDesc>
            <titleStmt>
                <title n="Ab urbe condita" type="work">Ab Urbe Condita, books 8-10 - 14s</title>
                <title type="sub">Machine readable text</title>
                <author n="Liv.">Titus Livius (Livy)</author>
                <editor n="Foster" role="editor">Benjamin Oliver Foster, Ph.D.</editor>
                <sponsor>Perseus Project, Tufts University</sponsor>
                <principal>Gregory Crane</principal>
                <respStmt>
                    <resp>Prepared under the supervision of</resp>
                    <name>Bridget Almas</name>
                    <name>Lisa Cerrato</name>
                    <name>David Mimno</name>
                    <name>Rashmi Singhal</name>
                </respStmt>
                <funder n="org:NEH">The National Endowment for the Humanities</funder>
            </titleStmt>
            <extent/>
            <publicationStmt>
                <publisher>Trustees of Tufts University</publisher>
                <pubPlace>Medford, MA</pubPlace>
                <authority>Perseus Project</authority>
                <date type="release" notBefore="2006"/>
            </publicationStmt>
            <sourceDesc default="false">
                <biblStruct default="false">
                    <monogr>
                        <author>Livy</author>
                        <title>Books VIII-X With An English Translation</title>
                        <imprint>
                            <pubPlace>Cambridge</pubPlace>
                            <publisher>Cambridge, Mass., Harvard University Press; London, William
                                Heinemann, Ltd.</publisher>
                            <date>1926: no copyright notice</date>
                        </imprint>
                    </monogr>
                </biblStruct>
            </sourceDesc>
        </fileDesc>
        <encodingDesc>
            <refsDecl>
                <refState unit="book"/>
                <refState unit="chapter" n="chunk"/>
            </refsDecl>
        </encodingDesc>
        <profileDesc>
            <langUsage default="false">
                <language ident="en">English</language>
                <language ident="la">Latin</language>
                <language ident="greek">Greek</language>
            </langUsage>
        </profileDesc>
        <revisionDesc>
            <!--
            <change>
                <date>2006</date>
                <respStmt>
                    <name>GRC</name>
                    <resp>tagging</resp>
                </respStmt>
                <item/>
            </change>
        -->
            <change when="2014-10-09" who="Stella Dee">edited markup</change>
        </revisionDesc>
    </teiHeader>
    <text xml:lang="en">
        <body>
            <div part="N" sample="complete" org="uniform" n="14s" type="book">
                <head>Summary of Book XIV</head>
                <p> PYRRHUS crossed into Sicily. <reg>when</reg> , amongst other prodigies, the
                    statue of Jupiter in the Capitol had been thrown down by a thunderbolt, its head
                    was discovered by haruspices. <name>The</name> consul Curius Dentatus, on
                    holding a levy, was the first to sell the goods of any man who did not answer
                    the summons; he likewise defeated Pyrrhus, who had returned from Sicily into
                    Italy, and drove him out of Italy. <name>The</name> censor Fabricius removed
                    Publius Cornelius Rufinus, an ex—consul, from the senate, because he had in his
                    possession ten pounds of wrought silver. <reg>when</reg> the censors had closed
                    the lustrum, there were found to be 271,224 citizens. <name>An</name> alliance
                    was made with Ptolemy, king of Egypt. <reg>sextilia</reg> , a Vestal Virgin, was
                    found guilty of unchastity and was buried alive. <name>The</name> colonies of
                    Posidonia and Cosa were established. <reg>a</reg> fleet of the Carthaginians
                    came to the assistance of the Tarentines, an act which constituted a violation
                    of the treaty. <name>The</name> book also contains successful wars with the
                    Lucanians, the Bruttians, and the Samnites, and the death of King Pyrrhus. </p>
                <pb n="p.553"/>
            </div>
        </body>
    </text>
</TEI>
