<ti:work xmlns:ti="http://chs.harvard.edu/xmlns/cts" urn="urn:cts:latinLit:phi0631.phi002" xml:lang="lat" groupUrn="urn:cts:latinLit:phi0631">
  <ti:title xml:lang="lat">Bellum Iugurthinum</ti:title>
  <ti:edition urn="urn:cts:latinLit:phi0631.phi002.perseus-lat3" workUrn="urn:cts:latinLit:phi0631.phi002">
    <ti:label xml:lang="eng">Bellum Iugurthinum, C. Sallusti Crispi Catilina, Iugurtha, orationes et epistulae excerptae de historiis</ti:label>
    <ti:description xml:lang="eng">Sallust, 86-34 B.C, creator; Ahlberg, Axel Wilhelm, 1874-1951, editor</ti:description>
  </ti:edition>
<ti:translation urn="urn:cts:latinLit:phi0631.phi002.perseus-eng2" workUrn="urn:cts:latinLit:phi0631.phi002" xml:lang="eng">
    <ti:label xml:lang="eng">Bellum Iugurthinum, Sallust, Florus, and Velleius Paterculus</ti:label>
    <ti:description xml:lang="eng">Sallust, 86-34 B.C, creator; Florus, Lucius Annaeus, creator; Velleius Paterculus, ca. 19 B.C.-ca. 30 A.D, creator; Watson, J. S. (John Selby), 1804-1884, translator</ti:description>
  </ti:translation>
<ti:edition urn="urn:cts:latinLit:phi0631.phi002.perseus-lat4" workUrn="urn:cts:latinLit:phi0631.phi002">
    <ti:label xml:lang="eng">Bellum Iugurthinum, Jugurthine War</ti:label>
    <ti:description xml:lang="eng">Sallust, 86-34 B.C, creator; , editor</ti:description>
  </ti:edition>
</ti:work>