<work xmlns="http://chs.harvard.edu/xmlns/cts" groupUrn="urn:cts:latinLit:phi0914" projid="latinLit:phi001" urn="urn:cts:latinLit:phi0914.phi001" xml:lang="lat">
    <title xml:lang="eng">The History of Rome</title>
    <title xml:lang="lat">Ab urbe condita</title>
    <translation projid="latinLit:perseus-eng3" urn="urn:cts:latinLit:phi0914.phi001.perseus-eng3" workUrn="urn:cts:latinLit:phi0914.phi001" xml:lang="eng">
        <label xml:lang="eng">The History of Rome</label>
        <description xml:lang="eng">Perseus:bib:oclc,2311635, Livy. History of Rome. English
            Translation by. Rev. Canon Roberts. New York, New York. E. P. Dutton and Co. 1912. 1.
            Livy. History of Rome. English Translation. Rev. Canon Roberts. New York, New York. E. P.
            Dutton and Co. 1912. 2.</description>
        <memberof collection="Perseus:collection:Greco-Roman" />
    </translation>
    <edition urn="urn:cts:latinLit:phi0914.phi001.perseus-lat2" workUrn="urn:cts:latinLit:phi0914.phi001">
        <label xml:lang="lat">Ab urbe condita</label>
        <description xml:lang="lat">Titi Livi ab urbe condita libri editionem priman curavit
            Guilelmus Weissenborn editio altera auam curavit Mauritius Mueller
            Pars I-IV. Libri I-XL. Editio Stereotypica. 1884-1911.</description>
        <memberof collection="Perseus:collection:Greco-Roman" />
    </edition>   
</work>