<?xml version="1.0" encoding="UTF-8"?>
<ti:work xmlns:ti="http://chs.harvard.edu/xmlns/cts" groupUrn="urn:cts:greekLit:tlg0007"
    projid="greekLit:tlg087" urn="urn:cts:greekLit:tlg0007.tlg087" xml:lang="grc">
    <ti:title xml:lang="lat">De Alexandri magni fortuna aut virtute</ti:title>

    <ti:translation urn="urn:cts:greekLit:tlg0007.tlg087.perseus-eng3"
        workUrn="urn:cts:greekLit:tlg0007.tlg087" xml:lang="eng">
        <ti:label xml:lang="eng">On the Fortune or the Virtue of Alexander I and II</ti:label>
        <ti:description xml:lang="mul">Plutarch. Moralia, Vol. 4. Babbitt, Frank Cole, translator.
            Cambridge, MA: Harvard University Press. London: William Heinemann Ltd. 1936
            (printing).</ti:description>
    </ti:translation>

    <ti:translation urn="urn:cts:greekLit:tlg0007.tlg087.perseus-eng4"
        workUrn="urn:cts:greekLit:tlg0007.tlg087" xml:lang="eng">
        <ti:label xml:lang="eng">Concerning the fortune or virtue of Alexander the Great.</ti:label>
        <ti:description xml:lang="eng">Plutarch. Plutarch's Morals, Vol. 1. Goodwin, William W.,
            editor; Phillips, John, translator. Boston: Little, Brown, and Company. Cambridge.
            1874.</ti:description>
    </ti:translation>

    <ti:edition urn="urn:cts:greekLit:tlg0007.tlg087.perseus-grc3"
        workUrn="urn:cts:greekLit:tlg0007.tlg087" xml:lang="grc">
        <ti:label xml:lang="grc">Περὶ τῆς Ἀλεξάνδρου τύχης ἢ ἀρετῆς λόγος Α, λόγος Β</ti:label>
        <ti:description xml:lang="mul">Plutarch. Moralia, Vol. 4. Babbitt, Frank Cole, editor.
            Cambridge, MA: Harvard University Press. London: William Heinemann Ltd. 1936
            (printing).</ti:description>
    </ti:edition>

    <ti:edition urn="urn:cts:greekLit:tlg0007.tlg087.perseus-grc4"
        workUrn="urn:cts:greekLit:tlg0007.tlg087" xml:lang="grc">
        <ti:label xml:lang="grc">Περὶ τῆς Ἀλεξάνδρου τύχης ἢ ἀρετῆς λόγος Α, λόγος Β</ti:label>
        <ti:description xml:lang="mul">Plutarch. Plutarchi Chaeronensis Moralia, Vol 2. Vernardakēs,
            Grēgorios N., editor; Leipzig: Teubner. 1889.</ti:description>
    </ti:edition>
</ti:work>
