<ti:work xml:lang="lat" xmlns:ti="http://chs.harvard.edu/xmlns/cts" urn="urn:cts:latinLit:phi0474.phi035" groupUrn="urn:cts:latinLit:phi0474">
            <ti:title xml:lang="lat">Philippics</ti:title>
            <ti:edition urn="urn:cts:latinLit:phi0474.phi035.perseus-lat1" workUrn="urn:cts:latinLit:phi0474.phi035">
              <ti:label xml:lang="eng">Philippics, Orationes Volume II</ti:label>
              <ti:description xml:lang="eng">Cicero, Marcus Tullius, creator; Clark, Albert Curtis, 1859-1937, editor</ti:description>
            </ti:edition>
          <ti:translation xml:lang="eng" urn="urn:cts:latinLit:phi0474.phi035.perseus-eng1" workUrn="urn:cts:latinLit:phi0474.phi035">
              <ti:label xml:lang="eng">Philippics, The orations of Marcus Tullius Cicero Vol 4 The fourteen orations against Marcus Antonius</ti:label>
              <ti:description xml:lang="eng">Cicero, Marcus Tullius, creator; Yonge, Charles Duke, 1812-1891, translator</ti:description>
            </ti:translation>
          </ti:work>