<?xml version="1.0" encoding="UTF-8"?>
<ti:work xml:lang="lat" xmlns:ti="http://chs.harvard.edu/xmlns/cts" groupUrn="urn:cts:latinLit:phi0474" urn="urn:cts:latinLit:phi0474.phi004" projid="latinLit:phi004">
    <ti:title xml:lang="eng">Against Quintus Caecilius</ti:title>
    <ti:title xml:lang="eng">Divinatio against Q. Caecilius</ti:title>
    <ti:title xml:lang="lat">Divinatio in Q. Caecilium</ti:title>
   <ti:title xml:lang="lat">In Caecilium</ti:title>
 
    
    <ti:edition workUrn="urn:cts:latinLit:phi0474.phi004" urn="urn:cts:latinLit:phi0474.phi004.perseus-lat2" xml:lang="lat">
        <ti:label xml:lang="eng">Divinatio against Q. Caecilius, Orationes Volume III</ti:label>
        <ti:description xml:lang="eng">Cicero, Marcus Tullius, creator; Peterson, William, 1856-1921, editor</ti:description>
    </ti:edition>
    
    <ti:translation workUrn="urn:cts:latinLit:phi0474.phi004" urn="urn:cts:latinLit:phi0474.phi004.perseus-eng2" xml:lang="eng">
        <ti:label xml:lang="eng">Divinatio against Q. Caecilius, The orations of Marcus Tullius Cicero Vol 1 Orations for Quintius, Sextus Roscius, Quintus Roscius, against Quintus Cæcilius, and against Verres</ti:label>
        <ti:description xml:lang="eng">Cicero, Marcus Tullius, creator; Yonge, Charles Duke, 1812-1891, translator</ti:description>
    </ti:translation>
    
</ti:work>


