<?xml version="1.0" encoding="UTF-8"?>
<?xml-model href="http://www.stoa.org/epidoc/schema/latest/tei-epidoc.rng" schematypens="http://relaxng.org/ns/structure/1.0"?>
<TEI xmlns="http://www.tei-c.org/ns/1.0">
    <teiHeader>
<fileDesc>
<titleStmt>
<title type="sub">Machine readable text</title>
<title n="Comp.Lys.Sull." type="work">Comparison of Lysander and Sulla</title>
<author n="Plut.">Plutarch</author>
<editor>Bernadotte Perrin</editor>
<sponsor>Perseus Project, Tufts University</sponsor>
<principal>Gregory Crane</principal>
<respStmt>
<resp>Prepared under the supervision of</resp>
<name>Lisa Cerrato</name>
<name>William Merrill</name>
<name>Elli Mylonas</name>
<name>David Smith</name>
</respStmt>
<funder n="org:NEH">The National Endowment for the Humanities</funder>
</titleStmt>
<extent/>
<publicationStmt>
<publisher>Trustees of Tufts University</publisher>
<pubPlace>Medford, MA</pubPlace>
<authority>Perseus Project</authority>
</publicationStmt>
<sourceDesc>
<biblStruct>

<monogr>
<author>Plutarch</author>
<title>Plutarch's Lives</title>
    <idno type="ISBN">0674990897</idno>
<respStmt>
<resp>with an English Translation by</resp>
<name>Bernadotte Perrin</name>
</respStmt>
<imprint>
<pubPlace>Cambridge, MA</pubPlace>
<publisher>Harvard University Press</publisher>
<pubPlace>London</pubPlace>
<publisher>William Heinemann Ltd.</publisher>
<date>1916</date>
</imprint>
<biblScope unit="volume">4</biblScope>
</monogr>

</biblStruct>
</sourceDesc>
</fileDesc>
<encodingDesc>
<editorialDecl>
<correction method="silent">
<p>optical character recognition</p>
</correction>
</editorialDecl><refsDecl n="CTS">
    <cRefPattern n="section"
        matchPattern="(\w+).(\w+)"
        replacementPattern="#xpath(/tei:TEI/tei:text/tei:body/tei:div/tei:div[@n='$1']/tei:div[@n='$2'])">
        <p>This pointer pattern extracts chapter and section</p>
    </cRefPattern>
    <cRefPattern n="chapter"
        matchPattern="(\w+)"
        replacementPattern="#xpath(/tei:TEI/tei:text/tei:body/tei:div/tei:div[@n='$1'])">
        <p>This pointer pattern extracts chapter</p>
    </cRefPattern>
</refsDecl>
    <refsDecl>
        <refState unit="chapter" delim="."/>
        <refState unit="section"/>
    </refsDecl>
</encodingDesc>
<profileDesc>
<langUsage>
<language ident="grc">Greek</language>
</langUsage>
</profileDesc>
<revisionDesc>
    <change when="2018-02-16" who="Lisa Cerrato">EpiDoc and CTS file conversion.</change>
<change when="2010-03-01" who="RS">tagged and parsed</change>
</revisionDesc>
</teiHeader>
    
<text xml:lang="grc">
<body>
    <div type="edition" n="urn:cts:greekLit:tlg0007.tlg034.perseus-grc2" xml:lang="grc"> 
        <pb n="p.444"/> 
        <div type="textpart" subtype="chapter" n="1"> 
           <div type="textpart" subtype="section" n="1"><p>ἐπεὶ δὲ καὶ τὸν τούτου διεληλύθαμεν βίον, ἴωμεν ἤδη πρὸς τὴν σύγκρισιν. τὸ μὲν οὖν ἀφʼ ἑαυτῶν αὐξήσεως ἀρχὴν λαβοῦσι μεγάλοις γενέσθαι κοινὸν ἀμφοτέροις ὑπῆρξεν, ἴδιον δὲ Λυσάνδρου τὸ βουλομένων τῶν πολιτῶν καὶ ὑγιαινόντων ὅσας ἔσχεν ἀρχὰς λαβεῖν, βιάσασθαι δὲ μηδὲν ἀκόντων μηδʼ ἰσχῦσαι παρὰ τοὺς νόμους.</p></div> 
<div type="textpart" subtype="section" n="2"><p><quote rend="blockquote">ἐν δὲ διχοστασίῃ καὶ ὁ πάγκακος ἔλλαχε τιμῆς,</quote> ὥσπερ ἐν Ῥώμῃ τότε διεφθαρμένου τοῦ δήμου καὶ νοσοῦντος αὐτοῖς τοῦ πολιτεύματος ἄλλος <pb n="paris.1624.476"/> ἀλλαχόθεν ἀνίστατο δυνάστης. καὶ οὐδὲν ἦν θαυμαστὸν εἰ Σύλλας ἦρχεν, ὅτε Γλαυκίαι καὶ <pb n="p.446"/> Σατορνῖνοι Μετέλλους ἤλαυνον ἐκ τῆς πόλεως, ὑπάτων δὲ ἀπεσφάττοντο παῖδες ἐν ἐκκλησίαις, ἀργυρίῳ δὲ καὶ χρυσίῳ τὰ ὅπλα παρελάμβανον ὠνούμενοι τοὺς στρατευομένους, πυρὶ δὲ καὶ σιδήρῳ τοὺς νόμους ἐτίθεσαν βιαζόμενοι τοὺς ἀντιλέγοντας.</p></div> 
<div type="textpart" subtype="section" n="3"><p>οὐκ αἰτιῶμαι δὲ τὸν ἐν τοιούτοις πράγμασι μέγιστον ἰσχῦσαι διαπραξάμενον, ἀλλὰ σημεῖον οὐ τίθεμαι τοῦ βέλτιστον εἶναι τὸ γενέσθαι πρῶτον οὕτω πονηρὰ πραττούσης τῆς πόλεως, ὁ δὲ ἀπὸ τῆς Σπάρτης εὐνομουμένης τότε μάλιστα καὶ σωφρονούσης ἐπὶ τὰς μεγίστας ἐκπεμπόμενος ἡγεμονίας καὶ πράξεις σχεδὸν ἀρίστων ἄριστος ἐκρίνετο καὶ πρώτων πρῶτος. </p></div> 
<div type="textpart" subtype="section" n="4"><p>ὅθεν ὁ μὲν πολλάκις τὴν ἀρχὴν ἀποδοὺς τοῖς πολίταις ἀνέλαβε πολλάκις· διέμενε γὰρ ἡ τιμὴ τῆς ἀρετῆς ἔχουσα τὸ πρωτεῖον ὁ δὲ ἅπαξ αἱρεθεὶς στρατεύματος ἡγεμών, ἔτη συνεχῶς δέκα, νῦν μὲν ὕπατον, νῦν δὲ δικτάτορα ποιῶν ἑαυτόν, ἀεὶ δὲ ὢν τύραννος, ἐν τοῖς ὅπλοις ἔμενεν.</p></div></div> 
        <div type="textpart" subtype="chapter" n="2"> 
            <div type="textpart" subtype="section" n="1"><p>ἐπεχείρησε μὲν οὖν ὁ Λύσανδρος, ὡς εἴρηται, μεταστῆσαι τὰ περὶ τὴν πολιτείαν πρᾳότερον καὶ νομιμώτερον ἢ Σύλλας· πειθοῖ γὰρ, οὐ διʼ ὅπλων οὐδὲ πάντα συλλήβδην ἀναιρῶν, ὥσπερ ἐκεῖνος, ἀλλʼ αὐτὴν ἐπανορθούμενος τὴν κατάστασιν τῶν βασιλέων ὃ καὶ φύσει που δίκαιον ἐδόκει, τὸν ἐξ ἀρίστων ἄριστον ἄρχειν ἐν πόλει τῆς Ἑλλάδος ἡγουμένῃ διʼ ἀρετήν, οὐ διʼ εὐγένειαν.</p></div>
         <div type="textpart" subtype="section" n="2"><p>ὥσπερ γὰρ κυνηγὸς οὐ ζητεῖ τὸ ἐκ κυνός, ἀλλὰ κύνα, καὶ ἱππικὸς ἵππον, οὐ τὸ ἐξ ἵππου· τί γὰρ, ἂν ἐξ ἵππου ἡμίονος γένηται; <pb n="p.448"/> οὕτως ὁ πολιτικὸς ἁμαρτήσεται τοῦ παντός, ἐὰν μὴ ζητῇ τὸν ἄρχοντα τίς ἐστιν, ἀλλὰ ἐκ τίνος, αὐτοί γέ τοι Σπαρτιᾶται βασιλεύοντας ἐνίους ἀφείλοντο τὴν ἀρχήν, ὡς οὐ βασιλικούς, ἀλλὰ φαύλους καὶ τὸ μηδὲν ὄντας, εἰ δὲ κακία καὶ μετά γένους ἄτιμον, οὐδʼ ἀρετὴ διʼ εὐγένειαν, ἀλλʼ ἀφʼ ἑαυτῆς ἔντιμον.</p></div> 
            <div type="textpart" subtype="section" n="3"><p>αἱ τοίνυν ἀδικίαι τῷ μὲν ὑπὲρ φίλων, τῷ δʼ ἄχρι φίλων ἐπράχθησαν. Λύσανδρος μὲν γὰρ ὁμολογεῖται τὰ πλεῖστα διὰ τοὺς ἑταίρους ἐξαμαρτεῖν καὶ τὰς πλείστας σφαγὰς ὑπὲρ τῆς ἐκείνων ἀπεργάσασθαι δυναστείας καὶ τυραννίδος· </p></div> 
           <div type="textpart" subtype="section" n="4"><p>Σύλλας δὲ καὶ Πομπηΐου περιέκοψε τὸ στρατιωτικὸν φθονήσας, καὶ Δολοβέλλα τὴν ναυαρχίαν ἐπεχείρησε δοὺς ἀφελέσθαι, καὶ Λουκρήτιον Ὀφέλλαν ἀντὶ πολλῶν καὶ μεγάλων ὑπατείαν μνώμενον ἐν ὀφθαλμοῖς ἀποσφάξαι προσέταξε, φρίκην καὶ δέος ἐμποιῶν πρὸς αὑτὸν ἀνθρώποις ἅπασι διὰ τῆς τῶν φιλτάτων ἀναιρέσεως.</p></div></div>
        <div type="textpart" subtype="chapter" n="3"> 
            <div type="textpart" subtype="section" n="1"><p>ἔτι δὲ μᾶλλον ἡ περὶ τὰς ἡδονὰς καὶ τὰ χρήματα σπουδὴ δείκνυσι τὸν μὲν ἡγεμονικήν, τοῦ δὲ τυραννικὴν τὴν προαίρεσιν οὖσαν. ὁ μὲν γὰρ οὐδὲν ἀκόλαστον οὐδὲ μειρακιῶδες ἐν ἐξουσίᾳ καὶ δυνάμει τηλικαύτῃ φαίνεται διαπεπραγμένος, ἀλλʼ, εἰ δή τις ἄλλος, ἐκπεφευγὼς τουτὶ τὸ περίακτον <q>οἴκοι λέοντες, ἐν ὑπαίθρῳ δὲ ἀλώπεκες.</q> οὕτω σώφρονα καὶ Λακωνικὴν καὶ κεκολασμένην ἐπεδείκνυτο πανταχοῦ τὴν δίαιταν.</p></div> 
<div type="textpart" subtype="section" n="2"><p>ὁ δὲ οὔτε νέος ὢν περὶ τὰς ἐπιθυμίας ἐμετρίαζε διὰ τὴν πενίαν οὔτε γηράσας διὰ τὴν ἡλικίαν, <pb n="p.450"/> ἀλλὰ τοὺς περὶ γάμων καὶ σωφροσύνης εἰσηγεῖτο νόμους τοῖς πολίταις αὐτὸς ἐρῶν καὶ μοιχεύων, ὥς φησι Σαλούστιος. ὅθεν οὕτω τὴν πόλιν πτωχὴν καὶ κενὴν ἐποίησε χρημάτων ὥστε ταῖς συμμαχίσι καὶ φίλαις πόλεσιν ἀργυρίου πωλεῖν τὴν ἐλευθερίαν καὶ τὴν αὐτονομίαν, καίτοι τοὺς πολυαργυρωτάτους οἴκους καὶ μεγίστους ὁσημέραι δημεύοντος αὑτοῦ καὶ ἀποκηρύττοντος.</p></div> 
<div type="textpart" subtype="section" n="3"><p>ἀλλὰ μέτρον οὐδὲν ἦν τῶν ῥιπτουμένων καὶ καταχορηγουμένων εἰς τοὺς κόλακας, τίνα γὰρ εἰκὸς εἶναι λογισμὸν ἢ φειδὼ πρὸς τὰς παρʼ οἶνον συνουσίας <pb n="paris.1624.477"/> αὑτοῦ καὶ χάριτας, ὃς ἐν φανερῷ ποτε τοῦ δήμου περιεστῶτος οὐσίαν μεγάλην διαπιπράσκων τιμῆς τῆς τυχούσης εἰς ἕνα τῶν φίλων ἐκέλευε κατακηρύσσειν, ἑτέρου δὲ τὴν τιμὴν ὑπερβαλομένου καὶ τοῦ κήρυκος τὸ προστεθὲν ἀγορεύσαντος διηγανάκτησε, <q>δεινά γε, ὦ φίλοι πολῖται, καὶ τυραννικὰ πάσχω,</q> φάμενος, <q>εἰ τὰ ἐμά μοι λάφυρα διαθέσθαι μὴ ἔξεστιν ὡς βούλομαι.</q></p></div> 
            <div type="textpart" subtype="section" n="4"><p>Λύσανδρος δὲ καὶ τὰς αὐτῷ δοθείσας δωρεὰς μετὰ τῶν ἄλλων ἀπέπεμψε τοῖς πολίταις. καὶ οὐκ ἐπαινῶ τὸ ἔργον· ἴσως γὰρ ἔβλαψε τῇ κτήσει τῶν χρημάτων τὴν Σπάρτην οὗτος ὅσον οὐκ ἔβλαψε τῇ ἀφαιρέσει τὴν Ῥώμην ἐκεῖνος· ἀλλὰ τεκμήριον τοῦτο ποιοῦμαι τῆς ἀφιλοπλουτίας τοῦ ἀνδρός. </p></div> 
<div type="textpart" subtype="section" n="5"><p>ἴδιον δέ τι πρὸς τὴν ἑαυτοῦ πόλιν ἑκάτερος ἔπαθε. Σύλλας μὲν γὰρ ἀκόλαστος ὢν καὶ πολυτελὴς ἐσωφρόνιζε τοὺς πολίτας, Λύσανδρος δʼ ὧν αὐτὸς ἀπείχετο παθῶν ἐνέπλησε τὴν πόλιν, ὥστε ἁμαρτάνειν τὸν μὲν αὐτὸν ὄντα χείρονα τῶν ἰδίων νόμων, τὸν δὲ αὑτοῦ χείρονας ἀπεργαζόμενον τοὺς πολίτας· δεῖσθαι γὰρ ἐδίδαξε <pb n="p.452"/> τὴν Σπάρτην ὧν αὐτὸς ἔμαθε μὴ προσδεῖσθαι. καὶ τὰ μὲν πολιτικὰ ταῦτα.</p></div></div> 
        
        <div type="textpart" subtype="chapter" n="4"> 
           <div type="textpart" subtype="section" n="1"><p>πολέμων δὲ ἀγῶσι καὶ στρατηγικαῖς πράξεσι καὶ πλήθει τροπαίων καὶ μεγέθει κινδύνων ἀσύγκριτος ὁ Σύλλας. ὁ μέντοι γε δύο νίκας ἐξηνέγκατο ναυμαχίαις δυσί· προσθήσω δὲ αὐτῷ τὴν Ἀθηνῶν πολιορκίαν, ἔργῳ μὲν οὐ μεγάλην, τῇ δὲ δόξῃ λαμπροτάτην γενομένην.</p></div> 
<div type="textpart" subtype="section" n="2"><p>τὰ δʼ ἐν Βοιωτίᾳ καὶ Ἁλιάρτῳ δυστυχίᾳ μὲν ἴσως ἐπράχθη τινί, κακοβουλίᾳ δὲ προσέοικεν οὐκ ἀναμείναντος ὅσον οὔπω παροῦσαν ἐκ Πλαταιῶν τὴν μεγάλην τοῦ βασιλέως δύναμιν, ἀλλὰ θυμῷ καὶ φιλοτιμίᾳ παρὰ καιρὸν ὠσαμένου πρὸς τὸ τεῖχος, ὥστε τοὺς τυχόντας ἀνθρώπους ἐκπηδήσαντας ἐν οὐδενὶ λόγῳ καταβαλεῖν αὐτόν, οὐ γὰρ ὡς Κλεόμβροτος ἐν Λεύκτροις ἀντερείδων ἐπικειμένοις τοῖς πολεμίοις, οὐδὲ ὡς Κῦρος οὐδὲ ὡς Ἐπαμεινώνδας κατέχων ἐγκεκλικότας καὶ τὸ νίκημα βεβαιούμενος πληγῇ καιρίᾳ περιέπεσεν· </p></div> 
<div type="textpart" subtype="section" n="3"><p>ἀλλʼ οὗτοι μὲν βασιλέων καὶ στρατηγῶν θάνατον ἀπέθνησκον, Λύσανδρος δὲ πελταστοῦ καὶ προδρόμου δίκην ἀκλεῶς παραναλώσας ἑαυτόν, ἐμαρτύρησε τοῖς παλαιοῖς Σπαρτιάταις ὅτι καλῶς ἐφυλάττοντο τὰς τειχομαχίας, ἐν αἷς οὐχ ὑπʼ ἀνδρὸς μόνον τοῦ τυχόντος, ἀλλὰ καὶ ὑπὸ παιδὸς καὶ γυναικὸς ἀποθανεῖν ἂν συντύχοι πληγέντα τὸν κράτιστον, ὥσπερ τὸν Ἀχιλλέα φασὶν ὑπὸ τοῦ Πάριδος ἐν ταῖς πύλαις ἀναιρεθῆναι.</p></div> 
            <div type="textpart" subtype="section" n="4"><p>Σύλλας μὲν οὖν ὅσας ἐκ παρατάξεως ἐνίκησε νίκας καὶ κατέβαλε μυριάδας πολεμίων οὐδὲ ἀριθμῆσαι ῥᾴδιόν ἐστιν αὐτὴν δὲ τὴν Ῥώμην δὶς εἷλε, καὶ τὸν Πειραιᾶ τῶν Ἀθηνῶν οὐ λιμῷ <pb n="p.454"/> καθάπερ Λύσανδρος, ἀλλὰ πολλοῖς ἀγῶσι καὶ μεγάλοις, ἐκβαλὼν Ἀρχέλαον ἐκ τῆς γῆς ἐπὶ τὴν θάλατταν, κατέσχεν. ἔστι δὲ μέγα καὶ τὸ τῶν ἀντιστρατήγων, τρυφὴν γὰρ οἶμαι καὶ παιδιὰν πρὸς Ἀντίοχον διαναυμαχεῖν τὸν Ἀλκιβιάδου κυβερνήτην, καὶ Φιλοκλέα τὸν Ἀθηναίων ἐξαπατᾶν δημαγωγόν, <quote rend="blockquote">ἄδοξον, ἄκραν γλῶσσαν ἠκονημένον</quote> οὓς οὐκ ἂν ἱπποκόμῳ Μιθριδάτης οὐδὲ ῥαβδούχῳ Μάριος ἠξίωσε παραβαλεῖν τῶν ἑαυτοῦ.</p></div> 
<div type="textpart" subtype="section" n="5"><p>τῶν δὲ πρὸς Σύλλαν ἀνταραμένων δυναστῶν, ὑπάτων, στρατηγῶν, δημαγωγῶν, ἵνα τοὺς ἄλλους ἐάσω, τίς ἦν Ῥωμαίων Μαρίου φοβερώτερος ἢ Μιθριδάτου βασιλέων δυνατώτερος ἢ Λαμπωνίου καὶ Τελεσίνου τῶν Ἰταλικῶν μαχιμώτερος; ὧν ἐκεῖνος τὸν μὲν ἐξέβαλε, τὸν δὲ ὑπέταξε, τοὺς δὲ ἀπέκτεινε.</p></div></div>
    
        <div type="textpart" subtype="chapter" n="5"> 
            <div type="textpart" subtype="section" n="1"><p>τὸ δὲ πάντων μέγιστον, ὡς ἐγὼ νομίζω, τῶν εἰρημένων ἐκεῖνό ἐστιν, ὅτι Λύσανδρος μὲν <pb n="paris.1624.478"/> κατώρθου πάντα τῶν οἴκοι συναγωνιζομένων, Σύλλας δὲ φυγὰς ὢν καὶ κατεστασιασμένος ὑπὸ τῶν ἐχθρῶν, καθʼ ὃν χρόνον ἠλαύνετο μὲν αὐτοῦ γυνή, κατεσκάπτετο δὲ οἰκία, φίλοι δὲ ἀπέθνησκον, αὐτὸς ἐν Βοιωτίᾳ ταῖς ἀναριθμήτοις μυριάσι παρατασσόμενος καὶ κινδυνεύων ὑπὲρ τῆς πατρίδος, </p></div> 
<div type="textpart" subtype="chapter" n="2"><p>ἵστη τρόπαιον, καὶ Μιθριδάτῃ συμμαχίαν διδόντι καὶ δύναμιν ἐπὶ τοὺς ἐχθροὺς οὐδὲν οὐδαμῆ <pb n="p.456"/> μαλακὸν ἐνέδωκεν οὐδὲ φιλάνθρωπον, ἀλλʼ οὐδὲ προσεῖπεν οὐδὲ τὴν δεξιὰν ἐνέβαλε πρότερον ἢ πυθέσθαι παρόντος ὅτι καὶ τὴν Ἀσίαν ἀφίησι καὶ τὰς ναῦς παραδίδωσι καὶ τοῖς βασιλεῦσιν ἐξίσταται καὶ Βιθυνίας καὶ Καππαδοκίας.</p></div> 
<div type="textpart" subtype="chapter" n="3"><p>ὧν οὐδὲν ὅλως δοκεῖ Σύλλας κάλλιον ἔργον οὐδὲ ἀπὸ μείζονος εἰργάσθαι φρονήματος, ὅτι τὸ κοινὸν τοῦ οἰκείου πρόσθεν θέμενος, καὶ καθάπερ οἱ γενναῖοι κύνες οὐκ ἀνεὶς τὸ δῆγμα καὶ τὴν λαβὴν πρότερον ἢ τὸν ἀνταγωνιστὴν ἀπειπεῖν, τότε πρὸς τὴν τῶν ἰδίων ἄμυναν ὥρμησεν. </p></div> 
<div type="textpart" subtype="chapter" n="4"><p>ἐπὶ πᾶσι δὲ καὶ τὸ περὶ τὰς Ἀθήνας ἔχει τινὰ ῥοπὴν εἰς ἤθους σύγκρισιν εἴγε Σύλλας μὲν ὑπὲρ τῆς Μιθριδάτου δυνάμεως καὶ ἡγεμονίας πολεμήσασαν αὐτῷ τὴν πόλιν ἑλὼν ἐλευθέραν ἀφῆκε καὶ αὐτόνομον, Λύσανδρος δὲ τοσαύτης ἡγεμονίας καὶ ἀρχῆς ἐκπεσοῦσαν οὐκ ᾤκτειρεν, ἀλλὰ καὶ τὴν δημοκρατίαν ἀφελόμενος ὠμοτάτους αὐτῇ καὶ παρανόμους ἀπέδειξε τοὺς τυράννους.</p></div>
    <div type="textpart" subtype="chapter" n="5"><p>ὥρα δὴ σκοπεῖν, μὴ οὐ πολὺ τἀληθοῦς διαμαρτάνωμεν ἀποφαινόμενοι πλέονα μὲν κατωρθωκέναι Σύλλαν, ἐλάττονα δὲ ἐξημαρτηκέναι Λύσανδρον, καὶ τῷ μὲν ἐγκρατείας καὶ σωφροσύνης, τῷ δὲ στρατηγίας καὶ ἀνδρείας ἀποδιδόντες τὸ πρωτεῖον. </p></div></div> 
        </div>
</body>
</text>
</TEI>
