<ti:work xmlns:ti="http://chs.harvard.edu/xmlns/cts" urn="urn:cts:latinLit:phi0845.phi002" xml:lang="lat" groupUrn="urn:cts:latinLit:phi0845">
	<ti:title xml:lang="lat">Res Rustica</ti:title>
	<ti:edition urn="urn:cts:latinLit:phi0845.phi002.perseus-lat3" workUrn="urn:cts:latinLit:phi0845.phi002">
	  <ti:label xml:lang="eng">Res Rustica, On agriculture Volume I Res Rustica I-IV</ti:label>
	  <ti:description xml:lang="eng">Columella, Lucius Junius Moderatus, creator; Ash, Harrison Boyd, editor; Ash, Harrison Boyd, translator, editor</ti:description>
	</ti:edition>
</ti:work>
