<?xml version="1.0" encoding="UTF-8"?>
<?xml-model href="http://www.stoa.org/epidoc/schema/latest/tei-epidoc.rng" schematypens="http://relaxng.org/ns/structure/1.0"?>
<TEI xmlns="http://www.tei-c.org/ns/1.0">
    <teiHeader>
<fileDesc>
<titleStmt>
<title type="sub">Machine readable text</title>
<title type="work">Comparison of Aristides and Marcus Cato</title>
<author >Plutarch</author>
<editor>Bernadotte Perrin</editor>
<sponsor>Perseus Project, Tufts University</sponsor>
<principal>Gregory Crane</principal>
<respStmt>
<resp>Prepared under the supervision of</resp>
<name>Lisa Cerrato</name>
<name>William Merrill</name>
<name>Elli Mylonas</name>
<name>David Smith</name>
</respStmt>
<funder n="org:NEH">The National Endowment for the Humanities</funder>
</titleStmt>
<extent/>
<publicationStmt>
<publisher>Trustees of Tufts University</publisher>
<pubPlace>Medford, MA</pubPlace>
<authority>Perseus Project</authority>
</publicationStmt>
<sourceDesc>
<biblStruct>

<monogr>
<author>Plutarch</author>
<title>Plutarch's Lives</title><idno type="ISBN">0674990536</idno>
<respStmt>
<resp>with an English Translation by</resp>
<name>Bernadotte Perrin</name>
</respStmt>
<imprint>
<pubPlace>Cambridge, MA</pubPlace>
<publisher>Harvard University Press</publisher>
<pubPlace>London</pubPlace>
<publisher>William Heinemann Ltd.</publisher>
<date>1914</date>
</imprint>
<biblScope unit="volume">2</biblScope>
</monogr>

</biblStruct>
</sourceDesc>
</fileDesc>
<encodingDesc>
<editorialDecl>
<correction method="silent">
<p>optical character recognition</p>
</correction>
</editorialDecl>
    <refsDecl n="CTS">
        <cRefPattern n="section"
            matchPattern="(\w+).(\w+)"
            replacementPattern="#xpath(/tei:TEI/tei:text/tei:body/tei:div/tei:div[@n='$1']/tei:div[@n='$2'])">
            <p>This pointer pattern extracts chapter and section</p>
        </cRefPattern>
        <cRefPattern n="chapter"
            matchPattern="(\w+)"
            replacementPattern="#xpath(/tei:TEI/tei:text/tei:body/tei:div/tei:div[@n='$1'])">
            <p>This pointer pattern extracts chapter</p>
        </cRefPattern>
    </refsDecl>
    <refsDecl>
        <refState unit="chapter" delim="."/>
        <refState unit="section"/>
    </refsDecl>
</encodingDesc>
<profileDesc>
<langUsage>
<language ident="grc">Greek</language>
</langUsage>
</profileDesc>
<revisionDesc>
    <change who="Lisa Cerrato" when="2018-02-01">converted to EpiDoc and CTS</change>
    <change who="Lisa Cerrato" when="2018-01-31">bumped URN</change>
    <change who="RS" when="2010-03-01">tagged and parsed</change>
</revisionDesc>
</teiHeader>
    
<text xml:lang="grc">
<body>
    <div type="edition" n="urn:cts:greekLit:tlg0007.tlg026.perseus-grc2" xml:lang="grc"> 
        <head><add>Ἀριστείδου καὶ Κάτωνος σύγκρισις</add></head> 
        <pb n="p.384"/> 
        <div type="textpart" subtype="chapter" n="1"> 
<div type="textpart" subtype="section" n="1"><p> γεγραμμένων δὲ καὶ περὶ τούτων τῶν ἀξίων <pb n="paris.1624.353"/> μνήμης, ὅλος ὁ τούτου βίος ὅλῳ τῷ θατέρου παρατεθεὶς οὐκ εὐθεώρητον ἔχει τὴν διαφοράν ἐναφανιζομένην πολλαῖς καὶ μεγάλαις ὁμοιότησιν. εἰ δὲ δεῖ κατὰ μέρος τῇ συγκρίσει διαλαβεῖν ὥσπερ ἔπος ἢ γραφὴν ἑκάτερον, τὸ μὲν ἐξ οὐχ ὑπαρχούσης ἀφορμῆς εἰς πολιτείαν καὶ δόξαν <pb n="p.386"/> ἀρετῇ καὶ δυνάμει προελθεῖν ἀμφοτέροις κοινόν ἐστι.</p></div>
<div type="textpart" subtype="section" n="2"><p> φαίνεται δʼ ὁ μὲν Ἀριστείδης οὔπω τότε μεγάλων οὐσῶν τῶν Ἀθηνῶν καὶ ταῖς οὐσίαις ἔτι συμμέτροις καὶ ὁμαλοῖς ἐπιβαλὼν δημαγωγοῖς καὶ στρατηγοῖς ἐπιφανὴς γενέσθαι· τὸ γὰρ μέγιστον ἦν τίμημα τότε πεντακοσίων μεδίμνων, τὸ δὲ δεύτερον τριακοσίων, ἔσχατον δὲ καὶ τρίτον διακοσίων·</p></div>
<div type="textpart" subtype="section" n="3"><p> ὁ δὲ Κάτων ἐκ πολίχνης τε μικρᾶς καὶ διαίτης ἀγροίκου δοκούσης φέρων ἀφῆκεν ἑαυτὸν ὥσπερ εἰς πέλαγος ἀχανὲς τὴν ἐν Ῥώμῃ πολιτείαν, οὐκέτι Κουρίων καὶ Φαβρικίων καὶ Ἀτιλίων ἔργον οὖσαν ἡγεμόνων, οὐδʼ ἀπʼ ἀρότρου καὶ σκαφείου πένητας καὶ αὐτουργοὺς ἀναβαίνοντας ἐπὶ τὸ βῆμα προσιεμένην ἄρχοντας καὶ δημαγωγούς, ἀλλὰ πρὸς γένη μεγάλα καὶ πλούτους καὶ νομὰς καὶ σπουδαρχίας ἀποβλέπειν εἰθισμένην, καὶ διʼ ὄγκον ἤδη καὶ δύναμιν ἐντρυφῶσαν τοῖς ἄρχειν ἀξιοῦσιν.</p></div>
<div type="textpart" subtype="section" n="4"><p> οὐκ ἦν δʼ ὅμοιον ἀντιπάλῳ χρῆσθαι Θεμιστοκλεῖ μήτʼ ἀπὸ γένους λαμπρῷ καὶ κεκτημένῳ μέτρια πέντε γὰρ ἢ τριῶν ταλάντων οὐσίαν αὐτῷ γενέσθαι λέγουσιν ὅτε πρῶτον ἥπτετο τῆς πολιτείας καὶ πρὸς Σκηπίωνας Ἀφρικανοὺς καὶ Σερουίους Γάλβας καὶ Κοϊντίους Φλαμινίνους ἁμιλλᾶσθαι περὶ πρωτείων, μηδὲν ὁρμητήριον ἔχοντα πλὴν φωνὴν παρρησιαζομένην ὑπὲρ τῶν δικαίων.</p></div></div>
<div type="textpart" subtype="chapter" n="2">
<div type="textpart" subtype="section" n="1"><p> ἔτι δʼ Ἀριστείδης μὲν ἐν Μαραθῶνι καὶ πάλιν ἐν Πλαταιαῖς δέκατος ἦν στρατηγός, Κάτων δὲ δεύτερος μὲν ὕπατος ᾑρέθη πολλῶν ἀντιμετιόντων, δεύτερος δὲ τιμητής ἑπτὰ τοὺς ἐπιφανεστάτους καὶ πρώτους ἁμιλλωμένους ὑπερβαλόμενος. καὶ μὴν Ἀριστείδης μὲν ἐν <pb n="p.388"/> οὐδενὶ τῶν κατορθωμάτων γέγονε πρῶτος, ἀλλὰ Μιλτιάδης ἔχει τοῦ Μαραθῶνος τὸ πρωτεῖον, Θεμιστοκλῆς δὲ τῆς Σαλαμῖνος, ἐν δὲ Πλαταιαῖς φησιν Ἡρόδοτος ἀνελέσθαι καλλίστην νίκην Παυσανίαν, </p></div>
<div type="textpart" subtype="section" n="2"><p>Ἀριστείδῃ δὲ καὶ τῶν δευτερείων ἀμφισβητοῦσι Σωφάναι καὶ Ἀμεινίαι καὶ Καλλίμαχοι καὶ Κυναίγειροι διαπρεπῶς ἀριστεύσαντες ἐν ἐκείνοις τοῖς ἀγῶσι· Κάτων δʼ οὐ μόνον αὐτὸς ὑπατεύων ἐπρώτευσε καὶ χειρὶ καὶ γνώμῃ κατὰ τὸν Ἰβηρικὸν πόλεμον, ἀλλὰ καὶ χιλιαρχῶν περὶ Θερμοπύλας ὑπατεύοντος ἑτέρου τὴν δόξαν ἔσχε τῆς νίκης, μεγάλας ἐπʼ Ἀντίοχον Ῥωμαίοις ἀναπετάσας κλεισιάδας καὶ πρόσω μόνον ὁρῶντι τῷ βασιλεῖ περιστήσας κατὰ νώτου τὸν πόλεμον.</p></div>
<div type="textpart" subtype="section" n="3"><p> ἐκείνη γὰρ ἡ νίκη περιφανῶς ἔργον οὖσα Κάτωνος ἐξήλασε τῆς Ἑλλάδος τὴν Ἀσίαν καὶ παρέσχεν ἐπιβατὴν αὖθις Σκηπίωνι. 
<milestone unit="para" resp="editor"/>πολεμοῦντες μὲν οὖν ἀήττητοι γεγόνασιν ἀμφότεροι, περὶ δὲ τὴν πολιτείαν Ἀριστείδης μὲν ἔπταισεν ἐξοστρακισθεὶς καὶ καταστασιασθεὶς ὑπὸ Θεμιστοκλέους, Κάτων δʼ, οἵπερ ἦσαν ἐν Ῥώμῃ δυνατώτατοι καὶ μέγιστοι, πᾶσιν, ὡς ἔπος εἰπεῖν, ἀντιπάλοις χρώμενος καὶ μέχρι γήρως ὥσπερ ἀθλητὴς ἀγωνιζόμενος ἀπτῶτα διετήρησεν ἑαυτόν, </p></div>
<div type="textpart" subtype="section" n="4"><p> πλείστας δὲ καὶ φυγὼν δημοσίας δίκας καὶ διώξας πολλὰς μὲν εἷλε, πάσας δʼ ἀπέφυγε, πρόβλημα τοῦ βίου καὶ δραστήριον ὄργανον ἔχων τὸν λόγον, ᾧ δικαιότερον ἄν τις ἢ τύχῃ καὶ δαίμονι τοῦ ἀνδρὸς τὸ μηδὲν παθεῖν παρʼ ἀξίαν ἀνατιθείη. μέγα γὰρ καὶ Ἀριστοτέλει τῷ <pb n="paris.1624.354"/> <pb n="p.390"/> φιλοσόφῳ τοῦτο προσεμαρτύρησεν Ἀντίπατρος γράφων περὶ αὐτοῦ μετὰ τὴν τελευτήν, ὅτι πρὸς τοῖς ἄλλοις ὁ ἀνὴρ καὶ τὸ πιθανὸν εἶχεν.</p></div></div>
<div type="textpart" subtype="chapter" n="3">
<div type="textpart" subtype="section" n="1"><p> ὅτι μέν δὴ τῆς πολιτικῆς ἄνθρωπος ἀρετῆς οὐ κτᾶται τελειοτέραν, ὁμολογούμενόν ἐστι ταύτης δέ που μόριον οἱ πλεῖστοι τὴν οἰκονομικὴν οὐ οὐμικρόν τίθενται· καὶ γὰρ ἡ πόλις οἴκων τι σύστημα καὶ κεφάλαιον οὖσα ῥώννυται πρὸς τὰ δημόσια τοῖς ἰδίοις βίοις τῶν πολιτῶν εὐθενούντων, ὅπου καὶ Λυκοῦργος ἐξοικίσας μέν ἄργυρον, </p></div>
<div type="textpart" subtype="section" n="2"><p> ἐξοικίσας δὲ χρυσὸν τῆς Σπάρτης, νόμισμα δὲ διεφθαρμένου πυρὶ σιδήρου θέμενος αὐτοῖς οἰκονομίας οὐκ ἀπήλλαξε τοὺς πολίτας, ἀλλά τὰ τρυφῶντα καὶ ὕπουλα καὶ φλεγμαίνοντα τοῦ πλούτου περιελών, ὅπως εὐπορήσωσι τῶν ἀναγκαίων καὶ χρησίμων ἅπαντες, ὡς ἄλλος οὐδεὶς νομοθέτης προὐνόησε, τὸν ἄπορον καὶ ἀνέστιον καὶ πένητα σύνοικον ἐπὶ κοινωνίᾳ πολιτείας μᾶλλον τοῦ πλουσίου καὶ ὑπερόγκου φοβηθείς.</p></div>
<div type="textpart" subtype="section" n="3"><p> φαίνεται τοίνυν ὁ μέν Κάτων οὐδέν τι φαυλότερος οἴκου προστάτης ἢ πόλεως γενόμενος· καὶ γὰρ αὐτὸς ηὔξησε τὸν αὑτοῦ βίον καὶ κατέστη διδάσκαλος οἰκονομίας καὶ γεωργίας ἑτέροις, πολλὰ καὶ χρήσιμα περὶ τούτων συνταξάμενος· Ἀριστείδης δὲ τῇ πενίᾳ καὶ τὴν δικαιοσύνην συνδιέβαλεν ὡς οἰκοφθόρον καὶ πτωχοποιὸν καὶ πᾶσι μᾶλλον ἢ τοῖς κεκτημένοις ὠφέλιμον.</p></div>
<div type="textpart" subtype="section" n="4"><p> καίτοι πολλὰ μέν Ἡσίοδος <pb n="p.392"/> πρὸς δικαιοσύνην ἅμα καὶ οἰκονομίαν παρακαλῶν ἡμᾶς εἴρηκε καὶ τὴν ἀργίαν ὡς ἀδικίας ἀρχὴν λελοιδόρηκεν, εὖ δὲ καὶ Ὁμήρῳ πεποίηται· <quote rend="blockquote"> <l>ἔργον δέ μοι οὐ φίλον ἦεν </l> <l>οὐδʼ οἰκωφελίη, ἥ τε τρέφει ἀγλαά τέκνα, </l> <l>ἀλλά μοι αἰεὶ νῆες ἐπήρετμοι φίλαι ἦσαν </l> <l>καὶ πόλεμοι καὶ ἄκοντες ἐύξεστοι καὶ ὀϊστοί·</l> </quote> ὡς τοὺς αὐτοὺς ἀμελοῦντας οἰκίας καὶ ποριζομένους ἐξ ἀδικίας. </p></div>
    <div type="textpart" subtype="section" n="5"><p> οὐ γὰρ, ὡς τοὔλαιον οἱ ἰατροί φασι τοῦ σώματος εἶναι τοῖς μέν ἐκτὸς ὠφελιμώτατον, τοῖς δʼ ἐντὸς βλαβερώτατον, οὕτως ὁ δίκαιος ἑτέροις μέν ἐστι χρήσιμος, αὑτοῦ δὲ καὶ τῶν ἰδίων ἀκηδής, ἀλλʼ ἔοικε ταύτῃ πεπηρῶσθαι τῷ Ἀριστείδῃ τὸ πολιτικόν, εἴπερ, ὡς οἱ πλεῖστοι λέγουσιν, οὐδὲ προῖκα τοῖς θυγατρίοις οὐδὲ ταφὴν αὐτῷ καταλιπέσθαι προὐνόησεν.</p></div>
<div type="textpart" subtype="section" n="6"><p> ὅθεν ὁ μὲν Κάτωνος οἶκος ἄχρι γένους τετάρτου στρατηγοὺς καὶ ὑπάτους τῇ Ῥώμῃ παρεῖχε· καὶ γὰρ υἱωνοὶ καὶ τούτων ἔτι παῖδες ἦρξαν ἀρχὰς τὰς μεγίστας· τῆς δʼ Ἀριστείδου τοῦ πρωτεύσαντος Ἑλλήνων γενεᾶς ἡ πολλὴ καὶ ἄπορος πενίᾳ τοὺς μέν εἰς ἀγυρτικοὺς κατέβαλε πίνακας, τοὺς δὲ δημοσίῳ τὰς χεῖρας ἐράνῳ διʼ ἔνδειαν ὑπέχειν ἠνάγκασεν, οὐδενὶ δὲ λαμπρὸν οὐδέν οὐδʼ ἄξιον ἐκείνου τοῦ ἀνδρὸς φρονῆσαι παρέσχεν.</p></div></div>
<div type="textpart" subtype="chapter" n="4">
<div type="textpart" subtype="section" n="1"><p> ἢ τοῦτο πρῶτον ἀμφιλογίαν ἔχει; πενία γὰρ αἰσχρὸν οὐδαμοῦ μὲν διʼ αὑτήν, ἀλλʼ ὅπου δεῖγμα ῥᾳθυμίας ἐστίν, ἀκρασίας, πολυτελείας, <pb n="p.394"/> ἀλογιστίας, ἀνδρὶ δὲ σώφρονι καὶ φιλοπόνῳ καὶ δικαίῳ καὶ ἀνδρείῳ καὶ δημοσιεύοντι ταῖς ἀρεταῖς άπάσαις συνοῦσα μεγαλοψυχίας ἐστὶ καὶ μεγαλοφροσύνης σημεῖον.</p></div>
<div type="textpart" subtype="section" n="2"><p> οὐ γὰρ ἔστι πράττειν μεγάλα φροντίζοντα μικρῶν, οὐδὲ πολλοῖς δεομένοις βοηθεῖν πολλῶν αὐτὸν δεόμενον. μέγα δʼ εἰς πολιτείαν ἐφόδιον οὐχὶ πλοῦτος, ἀλλʼ αὐτάρκεια, τῷ μηδενὸς ἰδίᾳ τῶν περιττῶν δεῖσθαι πρὸς οὐδεμίαν ἀσχολίαν ἄγουσα τῶν δημοσίων, ἀπροσδεὴς μὲν γὰρ ἁπλῶς ὁ θεὸς, ἀνθρωπίνης δʼ ἀρετῆς, ᾧ συνάγεται πρὸς τὸ ἐλάχιστον ἡ χρείᾳ, τοῦτο τελειότατον καὶ θειότατον.</p></div>
    <div type="textpart" subtype="section" n="3"><p> ὡς γὰρ σῶμα τὸ <pb n="paris.1624.355"/> καλῶς πρὸς εὐεξίαν κεκραμένον οὔτʼ ἐσθῆτος οὔτε τροφῆς δεῖται περιττῆς, οὕτω καὶ βίος καὶ οἶκος ὑγιαίνων ἀπὸ τῶν τυχόντων διοικεῖται. δεῖ δὲ τῇ χρείᾳ σύμμετρον ἔχειν τὴν κτῆσιν· ὡς ὅ γε πολλὰ συνάγων, ὀλίγοις δὲ χρώμενος οὐκ ἔστιν αὐτάρκης, ἀλλʼ εἴτε μὴ δεῖται, τῆς παρασκευῆς ὧν οὐκ ὀρέγεται μάταιος, εἴτʼ ὀρέγεται, μικρολογίᾳ κολούων τὴν ἀπόλαυσιν ἄθλιος. 
<milestone unit="para" resp="editor"/>αὐτοῦ γέ τοι Κάτωνος ἡδέως ἂν πυθοίμην· </p></div>
    <div type="textpart" subtype="section" n="4"><p> εἰ μὲν ἀπολαυστὸν ὁ πλοῦτός ἐστι, τί σεμνύνῃ τῷ πολλὰ κεκτημένος ἀρκεῖσθαι μετρίοις; εἰ δὲ λαμπρόν ἐστιν, ὥσπερ ἐστίν, ἄρτῳ τε χρῆσθαι τῷ προστυχόντι καὶ πίνειν οἷον ἐργάται πίνουσι καὶ θεράποντες οἶνον καὶ πορφύρας μὴ δεηθῆναι μηδὲ οἰκίας κεκονιαμένης, οὐδὲν οὔτʼ Ἀριστείδης οὔτʼ Ἐπαμεινώνδας οὔτε Μάνιος Κούριος οὔτε Γάιος Φαβρίκιος ἐνέλιπον τοῦ <pb n="p.396"/> προσήκοντος, χαίρειν ἐάσαντες τὴν κτῆσιν ὧν τὴν χρῆσιν ἀπεδοκίμαζον.</p></div>
<div type="textpart" subtype="section" n="5"><p> οὐ γὰρ ἦν ἀναγκαῖον ἀνθρώπῳ γογγυλίδας ἥδιστον ὄψον πεποιημένῳ καὶ διʼ αὑτοῦ ταύτας ἕψοντι, ματτούσης ἅμα τῆς γυναικὸς ἄλφιτα, τοσαῦτα περὶ ἀσσαρίου θρυλεῖν καὶ γράφειν ἀφʼ ἧς ἄν τις ἐργασίας τάχιστα πλούσιος γένοιτο, μέγα γὰρ τὸ εὐτελὲς καὶ αὔταρκες, ὅτι τῆς ἐπιθυμίας ἅμα καὶ τῆς φροντίδος ἀπαλλάττει τῶν περιττῶν.</p></div>
<div type="textpart" subtype="section" n="6"><p> διὸ καὶ τοῦτό φασιν ἐν τῇ Καλλίου δίκῃ τὸν Ἀριστείδην εἰπεῖν, ὡς αἰσχύνεσθαι πενίαν προσήκει τοῖς ἀκουσίως πενομένοις, τοῖς δʼ, ὥσπερ αὐτὸς, ἑκουσίως, ἐγκαλλωπίζεσθαι. γελοῖον γὰρ οἴεσθαι ῥᾳθυμίας εἶναι τὴν Ἀριστείδου πενίαν, ᾧ παρῆν αἰσχρὸν εἰργασμένῳ μηδέν, ἀλλʼ ἕνα σκυλεύσαντι βάρβαρον ἢ μίαν σκηνὴν καταλαβόντι πλουσίῳ γενέσθαι, ταῦτα μὲν οὖν περὶ τούτων.</p></div></div>
<div type="textpart" subtype="chapter" n="5">
<div type="textpart" subtype="section" n="1"><p> στρατηγίαι δὲ αἱ μὲν Κάτωνος οὐδὲν ὡς μεγάλοις πράγμασι μέγα προσέθηκαν, ἐν δὲ ταῖς Ἀριστείδου τὰ κάλλιστα καὶ λαμπρότατα καὶ πρῶτα τῶν Ἑλληνικῶν ἔργων ἐστίν, ὁ Μαραθών, ἡ Σαλαμίς, αἱ Πλαταιαί. καὶ οὐκ ἄξιον δήπου παραβαλεῖν τῷ Ξέρξῃ τὸν Ἀντίοχον καὶ τὰ περιαιρεθέντα τῶν Ἰβηρικῶν πόλεων τείχη ταῖς τοσαύταις μὲν ἐν γῇ, τοσαύταις δʼ ἐν θαλάσσῃ πεσούσαις μυριάσιν· </p></div>
<div type="textpart" subtype="section" n="2"><p> ἐν οἷς Ἀριστείδης ἔργῳ μὲν οὐδενὸς ἐλείπετο, δόξης δὲ καὶ στεφάνων, ὥσπερ ἀμέλει πλούτου καὶ χρημάτων, ὑφήκατο τοῖς μᾶλλον δεομένοις, ὅτι καὶ πάντων τούτων διέφερεν· <pb n="p.398"/> 
<milestone unit="para" resp="editor"/>ἐγὼ δʼ οὐ μέμφομαι μὲν Κάτωνος τὸ μεγαλύνειν ἀεί καὶ πρῶτον ἑαυτὸν ἁπάντων τίθεσθαι· καίτοι φησὶν ἔν τινι λόγῳ τὸ ἐπαινεῖν αὑτὸν ὥσπερ τὸ λοιδορεῖν ἄτοπον εἶναι· τελειότερος δέ μοι δοκεῖ πρὸς ἀρετὴν τοῦ πολλάκις ἑαυτὸν ἐγκωμιάζοντος ὁ μηδʼ ἑτέρων τοῦτο ποιούντων δεόμενος.</p></div>
<div type="textpart" subtype="section" n="3"><p> τὸ γὰρ ἀφιλότιμον οὐ μικρὸν εἰς πρᾳότητα πολιτικὴν ἐφόδιον, καὶ τοὐναντίον ἡ φιλοτιμία χαλεπὸν καὶ φθόνου γονιμώτατον, ἧς ὁ μὲν ἀπήλλακτο παντάπασιν, ὁ δὲ καὶ πάνυ πολλῆς μετεῖχεν. Ἀριστείδης μέν γε Θεμιστοκλεῖ τὰ μέγιστα συμπράττων καὶ τρόπον τινὰ τὴν στρατηγίαν αὐτοῦ δορυφορῶν ὤρθωσε τὰς Ἀθήνας, </p></div>
<div type="textpart" subtype="section" n="4"><p>Κάτων δʼ ἀντιπράττων Σκηπίωνι μικροῦ μὲν ἀνέτρεψε καὶ διελυμήνατο τὴν ἐπὶ Καρχηδονίους αὐτοῦ στρατηγίαν, ἐν ᾗ τὸν ἀήττητον Ἀννίβαν καθεῖλε, τέλος δὲ μηχανώμενος ἀεί τινας ὑποψίας καὶ διαβολάς αὐτὸν μὲν ἐξήλασε τῆς πόλεως, τὸν δʼ ἀδελφὸν αἰσχίστῃ κλοπῆς καταδίκῃ περιέβαλεν.</p></div></div>
<div type="textpart" subtype="chapter" n="6">
<div type="textpart" subtype="section" n="1"><p> ἥν τοίνυν πλείστοις ὁ Κάτων κεκόσμηκε καὶ καλλίστοις ἐπαίνοις ἀεὶ σωφροσύνην Ἀριστείδης μὲν ἄθικτον ὡς ἀληθῶς καὶ καθαρὰν ἐτήρησεν, αὐτοῦ δὲ τοῦ Κάτωνος ὁ παρʼ ἀξίαν ἅμα καὶ παρʼ ὥραν γάμος οὐ μικρὰν οὐδὲ φαύλην εἰς τοῦτο διαβολὴν κατεσκέδασε. πρεσβύτην <pb n="paris.1624.356"/> γὰρ ἤδη τοσοῦτον ἐνηλίκῳ παιδὶ καὶ γυναικὶ νύμφῃ παιδὸς ἐπιγῆμαι κόρην ὑπηρέτου καὶ δημοσιεύοντος ἐπὶ μισθῷ πατρὸς οὐδαμοῦ καλόν, <pb n="p.400"/> ἀλλʼ εἴτε πρὸς ἡδονὴν ταῦτʼ ἔπραξεν εἴτʼ ὀργῇ διὰ τὴν ἑταίραν ἀμυνόμενος τὸν υἱόν, αἰσχύνην ἔχει καὶ τὸ ἔργον καὶ ἡ πρόφασις. </p></div>
    <div type="textpart" subtype="section" n="2"><p> ᾧ δʼαὐτὸς ἐχρήσατο λόγῳ κατειρωνευόμενος τὸ μειράκιον, οὐκ ἦν ἀληθής, εἰ γὰρ ἐβούλετο παῖδας ἀγαθοὺς ὁμοίως τεκνῶσαι, γάμον ἔδει λαβεῖν γενναῖον ἐξ ἀρχῆς σκεψάμενον, οὐχ ἕως μὲν ἐλάνθανεν ἀνεγγύῳ γυναικὶ καὶ κοινῇ συγκοιμώμενος ἀγαπᾶν, ἐττει δὲ ἐφωράθη ποιήσασθαι πενθερὸν, δν ῥᾷστα πείσειν, οὐχ ᾧ κάλλιστα κηδεύσειν ἔμελλεν.</p></div></div></div>
</body>
</text>
</TEI>
