<?xml version="1.0" encoding="UTF-8"?><TEI.2>
<teiHeader>
<fileDesc>
<titleStmt>
<title>De invidia et odio</title>
<title type="sub">Machine readable text</title>
<author n="Plut.">Plutarch</author>
<editor>Gregorius N. Bernardakis</editor>
<sponsor>Perseus Project, Tufts University</sponsor>
<principal>Gregory Crane</principal>
<respStmt>
<resp>Prepared under the supervision of</resp>
<name>Lisa Cerrato</name>
<name>William Merrill</name>
<name>Elli Mylonas</name>
<name>David Smith</name>
</respStmt>
<funder n="org:NEH">The National Endosment for the Humanities</funder>
</titleStmt>
<extent/>
<publicationStmt>
<publisher>Trustees of Tufts University</publisher>
<pubPlace>Medford, MA</pubPlace>
<authority>Perseus Project</authority>
</publicationStmt>
<sourceDesc>
<biblStruct>
<analytic/>
<monogr>
<author>Plutarch</author>
<title>Moralia</title>
<editor>Gregorius N. Bernardakis</editor>
<imprint>
<pubPlace>Leipzig</pubPlace>
<publisher>Teubner</publisher>
<date>1891</date>
</imprint>
<biblScope type="volume">3</biblScope>
</monogr>
</biblStruct>
</sourceDesc>
</fileDesc>
<encodingDesc>
<editorialDecl>
<correction method="silent">
<p>optical character recognition</p>
</correction>
</editorialDecl>
<refsDecl doctype="TEI.2">
<state unit="section"/>
</refsDecl>
<refsDecl doctype="TEI.2">
<state unit="stephpage" n="chunk"/>
</refsDecl>
</encodingDesc>
<profileDesc>
<langUsage>
<language id="greek">Greek</language>
<language id="en">English</language>
</langUsage>
</profileDesc>
<revisionDesc>
<change>
<date>5/10</date>
<respStmt>
<name>RS</name>
<resp/>
</respStmt>
<item>tagged and parsed</item>
</change>
</revisionDesc>
</teiHeader>
<text>
<body>
<pb id="v.3.p.388"/>
<div1 type="section" n="1">
<milestone unit="stephpage" id="stephpage-536e" n="536e"/>
<p>
<note resp="ed" place="unspecified" anchored="yes">mihi quoque initium libelli deesse videtur</note>οὕτω δὴ καὶ δοκεῖ μηθὲν τοῦ μίσους διαφέρειν ὁ φθόνος ἀλλʼ ὁ αὐτὸς
               εἶναι. καθόλου μὲν γὰρ ὥσπερ πολυάγκιστρον <note resp="ed" place="unspecified" anchored="yes">
<foreign lang="greek">πολυάγκιστρον</foreign>] substantivum</note> ἡ κακία τοῖς ἐξηρτημένοις
               αὐτῆς πάθεσι κινουμένη δεῦρο κἀκεῖσε πολλὰς πρὸς
<milestone unit="tlnum" n="5"/> ἄλληλα συναφὰς καὶ περιπλοκὰς ἐνδίδωσι ταῦτα δʼ
<milestone unit="stephpage" id="stephpage-536f" n="536f"/> ὥσπερ νοσήματα συμπαθεῖ ταῖς
               ἀλλήλων φλεγμοναῖς. ὁ γὰρ εὐτυχῶν ὁμοίως καὶ τὸν μισοῦντα λυπεῖ καὶ
               τὸν φθονοῦντα. διὸ καὶ τὴν εὔνοιαν ἀμφοτέροις νομίζομεν ἀντικεῖσθαι,
               βούλησιν οὖσαν ἀγαθῶν
<milestone unit="tlnum" n="10"/> τοῖς πλησίον· καὶ τῷ
               μισεῖν τὸ φθονεῖν ταὐτὸν <note resp="ed" place="unspecified" anchored="yes">
<foreign lang="greek">ταὐτὸν</foreign> *: <foreign lang="greek">ταὐτὸ</foreign>
</note> εἶναι, ὅτι τὴν ἐναντίαν τῷ φιλεῖν ἔχει
               προαίρεσιν. ἐπεὶ δʼ οὐχ οὕτω ταὐτὸν αἱ ὁμοιότητες ὡς ἕτερον αἱ
               διαφοραὶ ποιοῦσι, κατὰ ταύτας ζητοῦμεν <note resp="ed" place="unspecified" anchored="yes">
<foreign lang="greek">κατὰ ταύτας ζητοῦμεν</foreign> (aut <foreign lang="greek">ζητῶμεν</foreign>) - <foreign lang="greek">μεταδιώξωμεν</foreign>] corrupta. <foreign lang="greek">κατὰ ταύτας τὰ ζητούμενα μεταδιώξωμεν</foreign> Madvigius</note> ἑὰν μεταδιώξωμεν, ἀπὸ τῆς γενέσεως
               ἀρξάμενοι τῶν παθῶν.
<milestone unit="tlnum" n="15"/>
</p>
</div1>
<div1 type="section" n="2">
<p>γεννᾶται τοίνυν τὸ μῖσος ἐκ φαντασίας τοῦ
<milestone unit="stephpage" id="stephpage-537a" n="537a"/> ὅτι πονηρὸς ἢ κοινῶς ἢ πρὸς αὐτόν ἐστιν
               ὁ μισούμενος· καὶ γὰρ <note resp="ed" place="unspecified" anchored="yes">
<foreign lang="greek">γὰρ</foreign>] <foreign lang="greek">γὰρ οἱ</foreign> R</note> ἀδικεῖσθαι δόξαντες αὐτοὶ <note resp="ed" place="unspecified" anchored="yes">
<foreign lang="greek">αὐτοί τε</foreign> R</note> πεφύκασι μισεῖν, καὶ
               τοὺς ἄλλως ἀδικητικοὺς ἢ πονηροὺς προβάλλονται καὶ δυσχεραίνουσι φθονοῦσι
               δʼ ἁπλῶς
<milestone unit="tlnum" n="20"/> τοῖς εὖ πράττειν δοκοῦσιν. ὅθεν
               ἔοικεν ὁ μὲν <note resp="ed" place="unspecified" anchored="yes">
<foreign lang="greek">μὲν</foreign>] om. codd. mei</note> φθόνος <pb id="v.3.p.389"/> ἀόριστος εἶναι, καθάπερ ὀφθαλμία
               πρὸς ἅπαν τὸ
<milestone unit="stephpage" id="stephpage-537b" n="537b"/> λαμπρὸν
               ἐκταρασσόμενος· τὸ δὲ μῖσος ὥρισται καθʼ ὑποκειμένων ἀεί τινων
               ἀπερειδόμενον πρὸς αὐτόν.<note resp="ed" place="unspecified" anchored="yes">
<foreign lang="greek">πρὸς αὐτόν</foreign>] <foreign lang="greek">προσαντῶν</foreign> R</note>
</p>
</div1>
<div1 type="section" n="3">
<p>δεύτερον δὲ τὸ μισεῖν γίγνεται καὶ πρὸς ἄλογα
<milestone unit="tlnum" n="5"/> ζῷα· καὶ γὰρ γαλᾶς καὶ κανθαρίδας ἔνιοι μισοῦσι καὶ φρύνους καὶ
               ὄφεις· Γερμανικὸς δʼ ἀλεκτρυόνος οὔτε φωνὴν οὔτʼ ὄψιν ὑπέμενεν <note resp="ed" place="unspecified" anchored="yes">
<foreign lang="greek">ὑπέμενεν</foreign> *: <foreign lang="greek">ὑπέμεινεν</foreign>
</note> οἱ δὲ
               Περσῶν μάγοι τοὺς μῦς ἀπεκτίννυσαν, ὡς αὐτοί τε μισοῦντες καὶ τοῦ θεοῦ
               δυσχεραίνοντος τὸ ζῷον· ὁμοῦ τι <note resp="ed" place="unspecified" anchored="yes">
<foreign lang="greek">τι</foreign> R: <foreign lang="greek">τε</foreign>
</note> γὰρ
<milestone unit="tlnum" n="10"/> πάντες
               Ἄραβες καὶ Αἰθίοπες μυσάττονται. τὸ μέντοι φθονεῖν πρὸς; μόνον
               ἄνθρωπον ἀνθρώπῳ γίγνεται. </p>
</div1>
<div1 type="section" n="4">
<p>κἂν <note resp="ed" place="unspecified" anchored="yes">
<foreign lang="greek">κἀν</foreign> *: <foreign lang="greek">κἂν</foreign>
</note> τοῖς θηρίοις δὲ φθόνον μὲν οὐκ εἰκὸς ἐγγίνεσθαι πρὸς ἄλληλα· τοῦ
               γὰρ εὖ πράττειν ἢ κακῶς ἕτερον φαντασίαν οὐ λαμβάνουσιν, οὐδʼ ἅπτεται
<milestone unit="tlnum" n="15"/> τὸ ἔνδοξον ἢ ἄδοξον αὐτῶν, οἷς ὁ
               φθόνος ἐκτραχύνεται μάλιστα. μισοῦσι δʼ ἄλληλα καὶ ἀπεχθάνονται καὶ
               πολεμοῦσιν ὥσπερ ἀσπείστους <note resp="ed" place="unspecified" anchored="yes">
<foreign lang="greek">ἀσπείστους</foreign> R: <foreign lang="greek">ἀπίστους</foreign>
</note> τινὰς πολέμους <note resp="ed" place="unspecified" anchored="yes">
<foreign lang="greek">πολέμους</foreign> Emperius: <foreign lang="greek">πολεμοῦσι δʼ</foreign>
</note> ἀετοὶ καὶ δράκοντες, κορῶναι
               καὶ γλαῦκες,
<milestone unit="stephpage" id="stephpage-537c" n="537c"/>
               αἰγιθαλλοὶ καὶ ἀκανθυλλίδες· ὥστε τούτων γέ φασι
<milestone unit="tlnum" n="20"/> μηδὲ τὸ αἷμα κίρνασθαι σφαττομένων, ἀλλὰ κἂν μίξῃς, ἰδίᾳ
               πάλιν ἀπορρεῖν <note resp="ed" place="unspecified" anchored="yes">
<foreign lang="greek">ἀπορρεῖν</foreign> W: <foreign lang="greek">ἀπορρεῖ</foreign>
</note> διακρινόμενον. εἰκότως; δʼ ἔχει <note resp="ed" place="unspecified" anchored="yes">
<foreign lang="greek">δʼ ἔχει</foreign> Emperius: <foreign lang="greek">δὲ καὶ</foreign>
</note> τῷ λέοντι πρὸς τὸν
               ἀλεκτρυόνα καὶ τῷ ἐλέφαντι πρὸς τὴν ὗν μῖσος ἰσχυρὸν γεγεννηκέναι <note resp="ed" place="unspecified" anchored="yes">
<foreign lang="greek">ἐγεγεννηκεναι</foreign> R</note> τὸν
               φόβον· ὃ γὰρ δεδίασι, καὶ μισεῖν πεφύκασιν ὥστε
<milestone unit="tlnum" n="25"/> καὶ ταύτῃ φαίνεσθαι διαφέροντα τοῦ μίσους τὸν <pb id="v.3.p.390"/> φθόνον, τὸ μὲν δεχομένης τῆς τῶν θηρίων φύσεως τὸν δὲ μὴ δεχομένης.
            </p>
</div1>
<div1 type="section" n="5">
<p>ἔτι τοίνυν τὸ μὲν φθονεῖν πρὸς οὐδένα γίγνεται δικαίως· οὐδεὶς γὰρ
               ἀδικεῖ τῷ εὐτυχεῖν, ἐπὶ
<milestone unit="tlnum" n="5"/> τούτῳ δὲ
               φθονοῦνται μισοῦνται δὲ πολλοὶ δικαίως,
<milestone unit="stephpage" id="stephpage-537d" n="537d"/> ὡς οὓς <note resp="ed" place="unspecified" anchored="yes">
<foreign lang="greek">ὡς οὓς</foreign>] <foreign lang="greek">οὓς</foreign> R. <foreign lang="greek">ὥστε καὶ ἄλλους</foreign> W. <foreign lang="greek">ὥστʼ</foreign> Emperius et deinde <foreign lang="greek">οἳ ἂν</foreign> pro <foreign lang="greek">ἂν</foreign>
</note> ἀξιομισήτους καλοῦμεν, <note resp="ed" place="unspecified" anchored="yes">
<foreign lang="greek">καλοῦμεν</foreign>] add. <foreign lang="greek">καὶ τοῖς αὐτῶν γνωρίμοις δυσχεραίνομεν</foreign> R</note> ἂν μὴ
               φεύγωσι τοὺς τοιούτους μηδὲ βδελύττωνται καὶ δυσχεραίνωσι. μέγα δὲ τούτου
               τεκμήριον, ὅτι μισεῖν μὲν πολλοὺς ὁμολογοῦσιν ἔνιοι φθονεῖν δʼ οὐδενὶ
               λέγουσι. καὶ γὰρ
<milestone unit="tlnum" n="10"/> ἡ μισοπονηρία τῶν
               ἐπαινουμένων ἐστί· καὶ τὸν ἀδελφιδοῦν τοῦ Λυκούργου Χάριλλον,
               βασιλεύοντα τῆς Σπάρτης ἐπιεικῆ δʼ ὄντα καὶ πρᾶον ἐπαινούντων τινῶν, ὁ
               συνάρχων “καὶ πῶσ” ἔφη “χρηστός ἐστι Χάριλλος, ὃς οὐδὲ τοῖς
                  πονηροῖς χαλεπός ἐστι;ʼ” καὶ
<milestone unit="tlnum" n="15"/> τοῦ
               Θερσίτου ὁ ποιητὴς τὴν μὲν τοῦ σώματος κακίαν πολυμερῶς καὶ περιωδευμένως
               ἐξεμόρφησε, τὴν
<milestone unit="stephpage" id="stephpage-537e" n="537e"/> δὲ
               τοῦ ἤθους μοχθηρίαν συντομώτατα καὶ διʼ ἑνὸς <note resp="ed" place="unspecified" anchored="yes">
<foreign lang="greek">διʼ ἑνος</foreign>] <foreign lang="greek">διʼ ἑνὸς ἔπους</foreign>? sed simile exemplum inveni in Schol. Soph. ad Aiac vs. 125: <foreign lang="greek">ὁ δὲ Ὁμηρος διʼ ἑνὸς αὐτάρκως τοῦτο δεδήλωκεν</foreign>. cf. Schol. ad Antig. vs. 107</note> ἔφρασεν, <quote rend="blockquote"> ἔχθιστος δʼ Ἀχιλῆι μάλιστʼ ἦν ἠδʼ Ὀδυσῆι <note resp="ed" place="unspecified" anchored="yes">Hom. B 220</note>
<milestone unit="tlnum" n="20"/>
</quote> ὑπερβολὴ γάρ τις φαυλότητος τὸ τοῖς κρατίστοις ἐχθρὸν εἶναι. καὶ <note resp="ed" place="unspecified" anchored="yes">
<foreign lang="greek">καὶ</foreign>] del. W</note>
               φθονεῖν δʼ ἀρνοῦνται κἂν ἐλέγχωνται, μυρίας σκήψεις προΐσχονται,
               ὀργίζεσθαι λέγοντες ἢ φοβεῖσθαι τὸν ἄνθρωπον ἢ μισεῖν ἢ ὁ τι ἂν
               τύχωσιν ἄλλο τῷ φθόνῳ τοῦ <note resp="ed" place="unspecified" anchored="yes">
<foreign lang="greek">τοῦ</foreign>] del. Duebnerus</note> πάθους ὄνομα <pb id="v.3.p.391"/> περιβάλλοντες
               καὶ καλύπτοντες, ὡς μόνον τοῦτο τῶν  <note resp="ed" place="unspecified" anchored="yes">
<foreign lang="greek">τῶν τῆς</foreign> Duebnerus</note> ψυχῆς νοσημάτων ἀπόρρητον. </p>
</div1>
<div1 type="section" n="6">
<p>ἀνάγκη <note resp="ed" place="unspecified" anchored="yes">
<foreign lang="greek">ἀνάγκῃ</foreign> S</note> τοίνυν τὰ πάθη ταῦτα <note resp="ed" place="unspecified" anchored="yes">
<foreign lang="greek">ταῦτα</foreign>] <foreign lang="greek">ταῦτʼ οὐ</foreign> R. fort. <foreign lang="greek">ἀνάγκη - ταῦτα τοῖς αὐτοῖς - αὔξεσθαι· καὶ γὰρ καὶ ἐπιγίγνεσθαι πέφυκεν ἀλλήλοις</foreign>
</note> τοῖς αὐτοῖς ὥσπερ τὰ φυτὰ καὶ τρέφεσθαι
               καὶ αὔξεσθαι καὶ ἐπιγίγνεσθαι
<milestone unit="tlnum" n="5"/> πέφυκεν
               ἀλλήλοις. μισοῦμέν <note resp="ed" place="unspecified" anchored="yes">
<foreign lang="greek">μισοῦσι μέντοι</foreign>?</note> γε μᾶλλον
<milestone unit="stephpage" id="stephpage-537f" n="537f"/> τοὺς μᾶλλον εἰς πονηρίαν ἐπιδιδόντας, φθονοῦσι δὲ μᾶλλον τοὺς
               μᾶλλον ἐπʼ ἀρετῇ προϊέναι δοκοῦσι. διὸ καὶ Θεμιστοκλῆς ἔτι μειράκιον
               ὢν οὐδὲν ἔφη πράττειν λαμπρόν· οὔπω γὰρ φθονεῖσθαι. καθάπερ γὰρ
<milestone unit="tlnum" n="10"/> αἱ κανθαρίδες ἐμφύονται μάλιστα τῷ
               ἀκμάζοντι σίτῳ καὶ τοῖς εὐθαλέσι ῥόδοις, οὕτως ὁ φθόνος ἅπτεται
               μάλιστα τῶν χρηστῶν καὶ αὐξομένων πρὸς ἀρετὴν καὶ δόξαν ἠθῶν καὶ
               προσώπων. <note resp="ed" place="unspecified" anchored="yes">
<foreign lang="greek">προσώπων</foreign>] add. <foreign lang="greek">κεκτημένων</foreign> Patzigius ex Maximo p. 961 d</note> καὶ τοὐναντίον αὖ πάλιν αἱ μὲν ἄκρατοι πονηρίαι συνεπιτείνουσι
               τὸ
<milestone unit="tlnum" n="15"/>
<milestone unit="stephpage" id="stephpage-538a" n="538a"/> μῖσος. τοὺς γοῦν
               Σωκράτη συκοφαντήσαντας ὡς εἰς ἔσχατον κακίας ἐληλακότας οὕτως ἐμίσησαν
               οἱ πολῖται καὶ ἀπεστράφησαν, ὡς μήτε πῦρ αὔειν <note resp="ed" place="unspecified" anchored="yes">
<foreign lang="greek">αὔειν</foreign>] <foreign lang="greek">ἐναύειν</foreign> Herwerdenus</note> μήτε <note resp="ed" place="unspecified" anchored="yes">
<foreign lang="greek">μήτε</foreign> R: <foreign lang="greek">μὴ</foreign>
</note> ἀποκρίνεσθαι
               πυνθανομένοις μήτʼ λουομένοις κοινωνεῖν ὕδατος, ἀλλʼ ἀναγκάζειν ἐκχεῖν
               ἐκεῖνο τοὺς
<milestone unit="tlnum" n="20"/> παραχύτας ὡς μεμιασμένον, ἕως
               ἀπήγξαντο μὴ φέροντες τὸ μῖσος. αἱ δὲ τῶν εὐτυχημάτων ὑπεροχαὶ καὶ
               λαμπρότητες πολλάκις τὸν φθόνον κατασβεννύουσιν. οὐ γὰρ εἰκὸς Ἀλεξάνδρῳ
               τινὰ φθονεῖν οὐδὲ Κύρῳ, κρατήσασι καὶ γενομένοις κυρίοις ἁπάντων.
<milestone unit="tlnum" n="25"/> ἀλλʼ ὥσπερ ὁ ἥλιος, ὧν ἂν ὑπὲρ
               κορυφῆς γένηται, <pb id="v.3.p.392"/>
<milestone unit="stephpage" id="stephpage-538b" n="538b"/> καταχεόμενος τὸ φῶς ἢ
               παντάπασι τὴν σκιὰν ἀνεῖλεν ἢ μικρὰν ἐποίησεν, οὕτω πολὺ τῶν ὕψος
               λαβόντων καὶ γενομένων κατὰ κεφαλῆς τοῦ φθόνου, συστέλλεται καὶ ἀναχωρεῖ
               καταλαμπόμενος.
<milestone unit="tlnum" n="5"/> τὸ μέντοι μῖσος οὐκ ἀνίησιν ἡ
               τῶν ἐχθρῶν ὑπεροχὴ καὶ δύναμις. ὁ γοῦν Ἀλέξανδρος φθονοῦντα μὲν
               οὐδένʼ εἶχε, μισοῦντας δὲ πολλοὺς ὑφʼ ὧν τέλος ἐπιβουλευθεὶς ἀπέθανεν.
               ὁμοίως τοίνυν καὶ τὰ δυστυχήματα τοὺς μὲν φθονοῦντας παύει τὰς δʼ αὖ
               ἔχθρας
<milestone unit="tlnum" n="10"/> οὐκ ἀναιρεῖ· μισοῦσι γὰρ καὶ
               ταπεινοὺς τοὺς ἐχθροὺς γενομένους, φθονεῖ δʼ οὐδεὶς τῷ δυστυχοῦντι. ἀλλὰ
<milestone unit="stephpage" id="stephpage-538c" n="538c"/> καὶ τὸ ῥηθὲν ὑπό
               τινος τῶν καθʼ ἡμᾶς σοφιστῶν, ὅτι ἥδισθʼ οἱ φθονοῦντες ἐλεοῦσιν, ἀληθές
               ἐστιν· ὥστε καὶ ταύτῃ <note resp="ed" place="unspecified" anchored="yes">
<foreign lang="greek">ταὐτῃ</foreign> R: <foreign lang="greek">ταύτην</foreign>
</note> μεγάλην εἶναι τῶν παθῶν διαφοράν,
<milestone unit="tlnum" n="15"/> ὡς τὸ μὲν μῖσος οὔτʼ εὐτυχούντων οὔτε
               δυστυχούντων ἀφίστασθαι πέφυκεν, ὁ δὲ φθόνος πρὸς τὴν ἀμφοῖν ὑπερβολὴν
               ἀπαγορεύει. </p>
</div1>
<div1 type="section" n="7">
<p> ἔτι τοίνυν καὶ μᾶλλον οὕτως ἀπὸ τῶν ἐναντίων ταὐτὸ <note resp="ed" place="unspecified" anchored="yes">
<foreign lang="greek">ταὐτὸ</foreign> *: <foreign lang="greek">τὸ αὐτὸ</foreign>
</note> σκοπῶμεν. λύουσι
               γὰρ ἔχθρας καὶ μῖσος
<milestone unit="tlnum" n="20"/> ἢ πεισθέντες μηδὲν
               ἀδικεῖσθαι, ἢ δόξαν ὡς χρηστῶν, οὓς ἐμίσουν ὡς πονηρούς, λαβόντες· ἢ
               τρίτον εὖ παθόντες· “ἡ γὰρ τελευταία χάρισ” ὡς Θουκυδίδης <note resp="ed" place="unspecified" anchored="yes">
<foreign lang="greek">Θουκυδ́δης</foreign>] 1, 42</note> φησὶ “κἂν ἐλάττων <note resp="ed" place="unspecified" anchored="yes">
<foreign lang="greek">ἐλάσσων</foreign> idem</note> ᾖ, καιρὸν ἔχουσα δύναται
<milestone unit="stephpage" id="stephpage-538d" n="538d"/> μεῖζον ἔγκλημα λῦσαι” τούτων δὲ τὸ
               μὲν πρῶτον
<milestone unit="tlnum" n="25"/> οὐ λύει τὸν φθόνον· πεπεισμένοι
               γὰρ ἐξ ἀρχῆς μηδὲν ἀδικεῖσθαι φθονοῦσι τὰ δὲ λοιπὰ καὶ παροξύνει τοῖς
               τε γὰρ δοκοῦσι χρηστοῖς βασκαίνουσι μᾶλλον, <pb id="v.3.p.393"/> ὡς δὴ τὸ
               μέγιστον ἀγαθὸν τὴν ἀρετὴν ἔχουσι κἂν εὖ πάσχωσιν ὑπὸ τῶν
               εὐτυχούντων, ἀνιῶνται, φθονοῦντες αὐτοῖς καὶ τῆς προαιρέσεως καὶ τῆς
               δυνάμεως· τὸ μὲν γὰρ ἀρετῆς ἐστι τὸ δʼ εὐτυχίας,. ἀγαθὰ
<milestone unit="tlnum" n="5"/> δʼ ἀμφότερα, διὸ παντελῶς ἕτερόν ἐστι τοῦ μίσους
               πάθος ὁ φθόνος, εἰ, διʼ ὧν ἐκεῖνο πραΰνεται, τοῦτο λυπεῖται καὶ
               παροξύνεται. </p>
</div1>
<div1 type="section" n="8">
<p>ἤδη τοίνυν καὶ τὴν προαίρεσιν αὐτὴν ἑκατέρου πάθους σκοπῶμεν. ἔστι δὲ
               μισοῦντος μὲν
<milestone unit="tlnum" n="10"/>
<milestone unit="stephpage" id="stephpage-538e" n="538e"/> προαίρεσις κακῶς
               ποιῆσαι κατὰ <note resp="ed" place="unspecified" anchored="yes">
<foreign lang="greek">κατὰ</foreign> S: <foreign lang="greek">καὶ τὴν</foreign>
</note> δύναμιν· καὶ <note resp="ed" place="unspecified" anchored="yes">
<foreign lang="greek">ᾗ καὶ</foreign> R</note> οὕτως ὁρίζονται, διάθεσίν τινα καὶ προαίρεσιν
               ἐπιτηρητικὴν τοῦ κακῶς ποιῆσαι. τῷ φθόνῳ δὲ τοῦτο γοῦν ἄπεστι πολλοὺς
               γὰρ οἱ φθονοῦντες τῶν συνήθων καὶ οἰκείων ἀπολέσθαι μὲν οὐκ ἂν
               ἐθέλοιεν οὐδὲ
<milestone unit="tlnum" n="15"/> δυστυχῆσαι, βαρύνονται δʼ
               εὐτυχοῦντας· καὶ κωλύουσι <note resp="ed" place="unspecified" anchored="yes">
<foreign lang="greek">κωλύουσι</foreign>] malim <foreign lang="greek">κολούουσι</foreign>
</note> μέν, εἰ δύνανται, τὴν δόξαν αὐτῶν καὶ
               λαμπρότητα, συμφορὰς δʼ ἀνηκέστους οὐκ ἂν προσβάλοιεν· ἀλλʼ ὥσπερ οἰκίας
               ὑπερεχούσης τὸ ἐπισκοτοῦν αὐτοῖς καθελόντες ἀρκοῦνται.</p>
</div1>
</body>
</text>
</TEI.2>
