<!DOCTYPE TEI.2 PUBLIC "-//TEI P4//DTD Main DTD Driver File//EN" "http://www.tei-c.org/Guidelines/DTD/tei2.dtd" [
<!ENTITY % TEI.XML "INCLUDE">
<!ENTITY % PersProse PUBLIC "-//Perseus P4//DTD Perseus Prose//EN" "http://www.perseus.tufts.edu/DTD/1.0/PersProse.dtd" >
%PersProse;
]>
<TEI.2>
  <teiHeader>
    <fileDesc>
      <titleStmt>
	<title>Lydia, Appendix Vergiliana</title>
    <editor>Robinson Ellis</editor>
        <sponsor>Perseus Project, Tufts University</sponsor>
        <principal>Gregory Crane</principal>
        <respStmt>
          <resp>Prepared under the supervision of</resp>
          <name>Bridget Almas</name>
          <name>Lisa Cerrato</name>
          <name>Rashmi Singhal</name>
        </respStmt>
        <funder n="org:Tufts">Tufts University</funder>
      </titleStmt>
      <publicationStmt>
        <publisher>Trustees of Tufts University</publisher>
        <pubPlace>Medford, MA</pubPlace>
        <authority>Perseus Project</authority>
        <date type="release"/>
      </publicationStmt>
      <sourceDesc>
        <biblStruct>
          <monogr>
            <title>Appendix Vergiliana, sive carmina minora Vergilio adtributa</title>
            <editor>Robinson Ellis</editor>
            <imprint>
              <publisher>e Typographeo Clarendoniano</publisher>
              <pubPlace>Oxonii</pubPlace>
              <date>1907</date>
            </imprint>
          </monogr>
        </biblStruct>
        
        <p>Keyboarding</p></sourceDesc>
    </fileDesc>

    <encodingDesc>
      <editorialDesc>
        <p>Keyboarding</p>
      </editorialDesc>
<refsDecl n="text=1"  doctype="TEI.2">
<state unit="text"/>
<state unit="book"/>
<state unit="chapter" n="chunk"/>
<state unit="section"/>
</refsDecl>

    </encodingDesc>

    <profileDesc>
      <langUsage>
	<language id="la">Latin</language>
	<language id="greek">Greek</language>
      </langUsage>
    </profileDesc>
    <change>Added to repository November, 2011. Unreleased.</change>
  </teiHeader>

<text n="lydia" id="phi0692.phi002.perseus.lat1"><body>
  <head>Lydia</head><p>
<lb n="1"/>invideo uobis agri, formosaque prata,
<lb n="2"/><milestone unit="thruline" n="105"/>hoc formosa magis, mea quod formosa puella 
<lb n="3"/>ex uobis tacite nostrum suspirat amorem.
<lb n="4"/>uos nunc illa uidet, uobis mea Lydia ludit,
<lb n="5"/> uos nunc alloquitur, uos nunc arridet ocellis, 
<lb n="6"/>et mea summissa meditatur carmina uoce,
<lb n="7"/><milestone unit="thruline" n="110"/>cantat et interea mihi quae cantabat in aurem. 
<lb n="8"/>inuideo uobis agri : discetis amare.
<lb n="9"/>o fortunati nimium multumque beati,
<lb n="10"/> in quibus illa pedis niuei uestigia ponet 



<lb n="11"/>aut roseis digitis uiridem decerpserit uuam:
<lb n="12"/><milestone unit="thruline" n="115"/>dulci namque tumet nondum uitecula Baccho: 
<lb n="13"/>aut inter uarios uenerem stipantia flores
<lb n="14"/>membra reclinarit temere atque illiserit herbam,
<lb n="15"/> et secreta meos furtim narrabit amores. 
<lb n="16"/>gaudebunt siluae, gaudebunt mollia prata,
<lb n="17"/><milestone unit="thruline" n="120"/>et gelidi fontes, auiumque silentia fient. 
<lb n="18"/>tardabunt riui lapsantes gurgite lymphae,
<lb n="19"/>dum mea iucundas exponat cura querelas.
<lb n="20"/> inuideo uobis agri: mea gaudia habetis, 
<lb n="21"/>et uobis nunc est mea quae fuit ante uoluptas.
<lb n="22"/><milestone unit="thruline" n="125"/>at male tabescunt morientia membra dolore, 
<lb n="23"/>et calor infuso decedit frigore mortis,
<lb n="24"/>quod mea non mecum domina est. non ulla puella
<lb n="25"/> doctior in terris fuit aut formosior; ac si 
<lb n="26"/>fabula non uana est, tauro Ioue digna uel auro
<lb n="27"/><milestone unit="thruline" n="130"/>(Iuppiter auertas aurem) mea sola puella est. 
<lb n="28"/>felix taure, pater magni gregis et decus, a te
<lb n="29"/>uaccula non umquam secreta cubilia captans



<lb n="30"/> frustra te patitur siluis mugire dolorem. 
<lb n="31"/>et pater haedorum felix semperque beate
<lb n="32"/><milestone unit="thruline" n="135"/>siue petis montis praeruptos, saxa pererrans, 
<lb n="33"/>siue tibi siluis noua pabula fastidire
<lb n="34"/>siue libet campis : tecum tua laeta capella est.
<lb n="35"/> et mas quodcumque est, illi sua femina iuncta 
<lb n="36"/>interpellatos numquam plorauit amores.
<lb n="37"/><milestone unit="thruline" n="140"/>cur non et nobis facilis natura &dagger;fuisset? 
<lb n="38"/>cur ego crudelem patior tam saepe dolorem?
<lb n="39"/>sidera per uiridem redeunt cum pallida mundum,
<lb n="40"/> inque uicem Phoebae coiens atque aureus orbis, 
<lb n="41"/>Luna, tuus tecum est: cur non est et mea mecum?
<lb n="42"/><milestone unit="thruline" n="145"/>Luna, dolor nosti quid sit : miserere dolentis. 
<lb n="43"/>Phoebe, gerens in te laurus celebrauit amorem;
<lb n="44"/>et quae pompa deum, non siluis fama, locuta est?
<lb n="45"/> (omnia uos estis) secum sua gaudia gestat, 



<lb n="46"/>aut insparsa uidet mundo: quae dicere longum est.
<lb n="47"/><milestone unit="thruline" n="150"/>aurea quin etiam cum saecula uoluebantur, 
<lb n="48"/>condicio similisque &dagger;foret mortalibus illis,
<lb n="49"/>haec quoque praetereo: notum Minoidos astrum,
<lb n="50"/> quaeque uirum uirgo, sicut captiua, secuta est. 
<lb n="51"/>laedere, caelicolae, potuit uos nostra quid aetas,
<lb n="52"/><milestone unit="thruline" n="155"/>condicio nobis uitae quo durior esset?
<lb n="53"/>ausus ego primus castos uiolare pudores,
<lb n="54"/>sacratamque meae uittam temptare puellae,
<lb n="55"/> immatura mea cogor nece soluere fata? 
<lb n="56"/>istius atque utinam facti mea culpa magistra
<lb n="57"/><milestone unit="thruline" n="160"/>prima foret: letum uita mihi dulcius esset,
<lb n="58"/>non mea, non ullo moreretur tempore fama,
<lb n="59"/>dulcia cum Veneris furatus gaudia primum
<lb n="60"/> dicerer, atque ex me dulcis foret orta uoluptas. 
<lb n="61"/>nam mihi non tantum tribuerunt impia uota,
<lb n="62"/><milestone unit="thruline" n="165"/>auctor ut occulti noster foret error amoris. 
<lb n="63"/>Iuppiter ante sui semper mendacia factus,
<lb n="64"/>cum Iunone, prius coniunx quam dictus uterque est,
<lb n="65"/> gaudia libauit dulcem furatus amorem. 



<lb n="66"/>et moechum tenera gauisa est laedere in herba
<lb n="67"/><milestone unit="thruline" n="170"/>purpureos flores, quos insuper accumbebat, 
<lb n="68"/>clam dea formoso supponens &dagger;gaudia&dagger; collo.
<lb n="69"/>tum credo fuerat Mauors distentus in armis:
<lb n="70"/> nam certe Vulcanus opus faciebat, et illi 
<lb n="71"/>tristi turpabat malam fuligine barba.
<lb n="72"/><milestone unit="thruline" n="175"/>non Aurora nouos etiam plorauit amores, 
<lb n="73"/>atque rubens oculos roseo celauit amictu?
<lb n="74"/>talia caelicolae. numquid minus aurea promo?
<lb n="75"/> ergo quod deus atque heros, cur non minor aetas? 
<lb n="76"/>infelix ego, non illo qui tempore natus
<lb n="77"/><milestone unit="thruline" n="180"/>quo facilis natura fuit. sors o mea laeua 
<lb n="78"/>nascendi, miserumque genus, quoi sera libido est!
<lb n="79"/>tantam, uita, meae cortis fecere rapinam,
<lb n="80"/> ut maneam quod uix oculis cognoscere possis. 





</p></body></text>
</TEI.2>
