<?xml version="1.0" encoding="UTF-8"?>
<TEI xmlns="http://www.tei-c.org/ns/1.0">
    <teiHeader>
        <fileDesc>
            <titleStmt>
                <title n="Ab urbe condita" type="work">Ab Urbe Condita, books 8-10 - 17s</title>
                <title type="sub">Machine readable text</title>
                <author n="Liv.">Titus Livius (Livy)</author>
                <editor n="Foster" role="editor">Benjamin Oliver Foster, Ph.D.</editor>
                <sponsor>Perseus Project, Tufts University</sponsor>
                <principal>Gregory Crane</principal>
                <respStmt>
                    <resp>Prepared under the supervision of</resp>
                    <name>Bridget Almas</name>
                    <name>Lisa Cerrato</name>
                    <name>David Mimno</name>
                    <name>Rashmi Singhal</name>
                </respStmt>
                <funder n="org:NEH">The National Endowment for the Humanities</funder>
            </titleStmt>
            <extent/>
            <publicationStmt>
                <publisher>Trustees of Tufts University</publisher>
                <pubPlace>Medford, MA</pubPlace>
                <authority>Perseus Project</authority>
                <date type="release" notBefore="2006"/>
            </publicationStmt>
            <sourceDesc default="false">
                <biblStruct default="false">
                    <monogr>
                        <author>Livy</author>
                        <title>Books VIII-X With An English Translation</title>
                        <imprint>
                            <pubPlace>Cambridge</pubPlace>
                            <publisher>Cambridge, Mass., Harvard University Press; London, William
                                Heinemann, Ltd.</publisher>
                            <date>1926: no copyright notice</date>
                        </imprint>
                    </monogr>
                </biblStruct>
            </sourceDesc>
        </fileDesc>
        <encodingDesc>
            <refsDecl>
                <refState unit="book"/>
                <refState unit="chapter" n="chunk"/>
            </refsDecl>
        </encodingDesc>
        <profileDesc>
            <langUsage default="false">
                <language ident="en">English</language>
                <language ident="la">Latin</language>
                <language ident="greek">Greek</language>
            </langUsage>
        </profileDesc>
        <revisionDesc>
            <!--
            <change>
                <date>2006</date>
                <respStmt>
                    <name>GRC</name>
                    <resp>tagging</resp>
                </respStmt>
                <item/>
            </change>
        -->
            <change when="2014-10-09" who="Stella Dee">edited markup</change>
        </revisionDesc>
    </teiHeader>
    <text xml:lang="en">
        <body>
            <div part="N" sample="complete" org="uniform" n="17s" type="book">
                <head>Summary of Book XVII</head>
                <p> THE consul Gnaeus Cornelius was surrounded by a Carthaginian fleet and was made
                    prisoner by fraud, having been lured out as to a colloquy. <name>The</name>
                    consul Gaius Duillius fought a successful engagement with the fleet of the
                    Carthaginians and was first of all Roman leaders to triumph for a naval victory.
                        <reg>for</reg> this reason he was granted a perpetual honour—that a waxen
                    torch should be borne before him and a flautist should make music when he
                    returned from dining out. <note anchored="true" place="unspecified">
                        <hi rend="italics"> cf. <reg>cic</reg> . Cato Maior, § </hi> 44. </note>
                    <name>The</name> consul Lucius Cornelius fought successfully in Sardinia and
                    Corsica against the Sardinians and Corsicans and against Hanno, the Carthaginian
                    general. <name>The</name> consul Atilius Calatinus having rashly led his army
                    into a place surrounded by the Carthaginians, escaped through the valiant
                    services of Marcus Calpurnius, a tribune of the soldiers, who with three hundred
                    men broke through the enemy and drew their attack upon himself.
                        <name>Hannibal</name> , a Carthaginian general, on the defeat of the fleet
                    which he commanded, was crucified by his own soldiers. <name>Atilius</name>
                    Regulus the consul, having beaten the Carthaginians in a naval battle, crossed
                    into Africa. </p>
            </div>
        </body>
    </text>
</TEI>
