<?xml version="1.0" encoding="UTF-8"?>
<ti:work xml:lang="lat" xmlns:ti="http://chs.harvard.edu/xmlns/cts" groupUrn="urn:cts:latinLit:phi0474" urn="urn:cts:latinLit:phi0474.phi009" projid="latinLit:phi009">
    <ti:title xml:lang="eng">In Defense of the Proposed Manilian Law</ti:title>
    <ti:title xml:lang="eng">On Pompey's Command</ti:title>
    <ti:title xml:lang="lat">De imperio Cn. Pompei</ti:title>
    <ti:title xml:lang="lat">Pro lege manilia</ti:title>
    
    <ti:edition urn="urn:cts:latinLit:phi0474.phi009.perseus-lat2" workUrn="urn:cts:latinLit:phi0474.phi009" xml:lang="lat">
        <ti:label xml:lang="eng">In Defense of the Proposed Manilian Law</ti:label>
        <ti:description xml:lang="eng">Pro Sex. Roscio, De imperio Cn. Pompei, Pro Cluentio, In Catilinam, Pro
            Murena, Pro Caelio, Cicero, Marcus Tullius, creator; Clark, Albert Curtis, 1859-1937, editor
        </ti:description>
    </ti:edition>
  
    
    <ti:translation urn="urn:cts:latinLit:phi0474.phi009.perseus-eng2" workUrn="urn:cts:latinLit:phi0474.phi009" xml:lang="eng">
        <ti:label xml:lang="eng">On Pompey’s Command</ti:label>
        <ti:description xml:lang="eng">The orations of Marcus Tullius Cicero Vol 2 Three orations on the Agrarian law, the four against Catiline, the orations for Rabirius, Murena, Sulla, Archias, Flaccus, Scaurus, etc, Cicero, Marcus Tullius, creator; Yonge, Charles Duke, 1812-1891, translator
        </ti:description>
        
    </ti:translation>
    
    
</ti:work>