<?xml version='1.0' encoding='UTF-8'?>
<?xml-model href="http://www.stoa.org/epidoc/schema/latest/tei-epidoc.rng" schematypens="http://relaxng.org/ns/structure/1.0"?>
<TEI xmlns="http://www.tei-c.org/ns/1.0">
 <teiHeader xml:lang="eng">
  <fileDesc>
   <titleStmt>
    <title>In Defense of the Proposed Manilian Law</title>
    <title>Three orations on the Agrarian law, the four against Catiline, the orations for Rabirius,
     Murena, Sylla, Archias, Flaccus, Scaurus, etc.</title>
    <title type="sub">Machine readable text</title>
    <author n="M. Tullius Cicero">M. Tullius Cicero</author>
    <editor role="editor" n="Yonge">C. D. Yonge</editor>
    <sponsor>Perseus Project, Tufts University</sponsor>
    <principal>Gregory Crane</principal>
    <respStmt>
     <resp>Prepared under the supervision of</resp>
     <name>Bridget Almas</name>
     <name>Lisa Cerrato</name>
     <name>William Merrill</name>
     <name>David Mimno</name>
     <name>Rashmi Singhal</name>
     <name>David Smith</name>
    </respStmt>
    <funder n="org:NEH">National Endowment For The Humanities (NEH)</funder> 
   </titleStmt>
   <publicationStmt>
    <publisher>Trustees of Tufts University</publisher>
    <pubPlace>Medford, MA</pubPlace>
    <authority>Perseus Project</authority>
    <date type="release">1997-10-28</date>
   </publicationStmt> 
   <sourceDesc>
    <biblStruct>
     <monogr>
      <author>M. Tullius Cicero</author>
      <title>The Orations of Marcus Tullius Cicero, literally translated by C. D. Yonge, B.
       A.</title>
      <imprint>
       <pubPlace>London</pubPlace>
       <publisher>Henry G. Bohn, York Street, Covent Garden.</publisher>
       <date>1856</date>
      </imprint>
     </monogr>
    </biblStruct>
   </sourceDesc>
  </fileDesc>
  
  <encodingDesc>
   <refsDecl n="CTS">
    <cRefPattern n="section" matchPattern="(\w+)" replacementPattern="#xpath(/tei:TEI/tei:text/tei:body/tei:div/tei:div[@n='$1'])">
     <p>This pointer pattern extracts section</p>
    </cRefPattern>
   </refsDecl>
   <refsDecl>
    <refState unit="section"/>
   </refsDecl>
  </encodingDesc>
  
  <!-- 
  <encodingDesc>
   <refsDecl>
    <refState delim=" " unit="text"/>
    <refState unit="section"/>
   </refsDecl>
   <refsDecl>
    <refState delim=" " unit="text"/>
    <refState delim="." unit="chapter"/>
    <refState unit="section"/>
   </refsDecl>
   <refsDecl n="text=Catil.;text=Agr.">
    <refState delim=" " unit="text"/>
    <refState delim="." unit="speech"/>
    <refState unit="section"/>
   </refsDecl>
   <refsDecl n="text=Catil.;text=Agr.">
    <refState delim=" " unit="text"/>
    <refState delim="." unit="speech"/>
    <refState delim="." unit="chapter"/>
    <refState unit="section"/>
   </refsDecl>
   <refsDecl n="text=Corn.">
    <refState delim=" " unit="text"/>
    <refState unit="speech"/>
   </refsDecl>
  </encodingDesc> -->
  
  <profileDesc>
   <langUsage>
    <language ident="eng">English</language>
    <language ident="lat">Latin</language>
    <language ident="grc">Greek</language>
   </langUsage>
  </profileDesc>
  
  <revisionDesc>
   <change when="2016-04-13" who="Lisa Cerrato">Review of CTS and EpiDoc; bumped URN; minor edits</change>
   <change when="2016-03-14" who="Zach Himes">Converted section milestones to divs. Moved some section divs that were incorrectly placed (after checking with the Latin text)</change>
   <change when="2015-12-13" who="Zach Himes">Cleaned up teiHeader. Converted to TEI P5 and EpiDoc.</change>
   <change when="2014-08-01" who="Stella Dee">edited markup</change>
   <change when="2014-07-01" who="Stella Dee">split composite text and converted to unicode</change>
   <change when="2013-09-13" who="balmas01">reverting texts back to pre_cts_reorg tagged version</change>
   <change when="2011-03-21" who="lcerrato">fixed typo in while to in which</change>
   <change when="2011-03-17" who="lcerrato">fixing gap tags against source</change>
   <change when="2010-08-31" who="rsingh04">cleaned up log keyword</change>
   <change when="2010-08-31" who="rsingh04">cleaned up log keyword</change>
   <change when="2010-07-08" who="student">fixing place tags - AD</change>
   <change when="2009-10-09" who="rsingh04">more reorganizing of texts module by collection</change>
   <change when="2009-09-22" who="rsingh04">fixed references to Cic. Ver.</change>
   <change when="2007-01-04" who="packel">fixed the refsDecls for Cornelius</change>
   <change when="2006-05-05" who="packel">fixed date tags</change>
   <change when="2006-02-10" who="packel">places/dates now actually tagged</change>
   <change when="2005-11-21" who="lcerrato">changed thought you shall not perceive them to though...</change>
   <change when="2005-11-21" who="lcerrato">changed: does not the precaution taken of assembling the senate in thus most defensible place thus to this</change>
   <change when="2005-08-01" who="packel">removed stray item tags</change>
   <change when="2005-07-25" who="packel">Converted to XML</change>
   <change when="2005-03-24" who="lcerrato">Marcus Aquillius changed to Manius Aquilius Agrarian 2.83</change>
   <change when="2005-03-23" who="lcerrato">changed Pro Font. 38 Marcus Aquillius to Manius Aquilius based on Latin and user report</change>
   <change when="2005-01-19" who="mimno">div1s missing type attributes</change>
   <change when="2004-06-14" who="lcerrato">changed Rob. Perd. 31 "heave" to "leave"</change>
   <change when="2003-07-01" who="yorkc">Updated texts to TEI P4 and Perseus P4 extensions; minor cleanup (esp. character encodings and typos.)</change>
   <change when="2001-03-14" who="lcerrato">changed ought to he to ought to be in first oration against Cataline</change>
   <change when="2000-05-04" who="amahoney">really fix language ids</change>
   <change when="2000-05-04" who="amahoney">fix language codes</change>
   <change when="2000-03-04" who="dasmith">Added separate funder entity to TEI header.</change>
   <change when="2000-02-22" who="amahoney">fix a couple of broken bibl refs</change>
   <change when="1999-12-02" who="amahoney">replace the refsdecl, which disappeared somehow, and fix a couple of funny syntax errors</change>
   <change when="1999-11-30" who="lcerrato">revised and proofread again</change>
   <change when="1999-10-14" who="dasmith">Added explanatory subtitles to titleStmt</change>
   <change when="1999-09-01" who="dasmith">Removed tag from attribute value.</change>
   <change when="1999-08-12" who="dasmith">Fixed refsDecl</change>
   <change when="1997-11-07" who="textgod">Fixed typo.</change>
   <change when="1997-10-31" who="textgod">Fixed typo.</change>
   <change when="1997-09-01" who="textgod">Added sections.</change>
   <change when="1997-08-18" who="textgod">Added to repository.</change>
   <change when="1997-07-14" who="DAS">ed.</change>
  </revisionDesc>
 </teiHeader>
 
 <text xml:lang="eng">
  <body>
   <div type="translation" xml:lang="eng" n="urn:cts:latinLit:phi0474.phi009.perseus-eng2" subtype="translation">
    <head>THE SPEECH OF M. T. CICERO IN DEFENCE OF THE PROPOSED MANILIAN LAW.</head>
    <div type="commentary" resp="ed">
   <head>THE ARGUMENT.</head>
   <p>In the year B.C. <date when="-0067">67</date>, Aulus Gabinius had obtained the passing of a
    decree by which Pompey was invested for three years with the supreme command over all the
    Mediterranean, and over all the coasts of that sea, to a distance of four hundred furlongs from
    the sea. And in this command he had acted with great vigour and with complete success;
    destroying all the pirates' strongholds, and distributing the men themselves as colonists among
    the inland towns of <placeName key="tgn,7002294">Asia Minor</placeName> and <placeName key="tgn,1000074">Greece</placeName>. After this achievement he did not return to <placeName key="perseus,Rome">Rome</placeName>, but remained in <placeName key="tgn,1000004">Asia</placeName>, making various regulations for the towns which he had conquered. </p>
   <p>During this period Lucullus had been prosecuting the war against Mithridates, and proceeding
    gradually in the reduction of <placeName key="tgn,7016619">Pontus</placeName>; he had
    penetrated also into <placeName key="tgn,7001554">Mesopotamia</placeName>, but had subsequently
    been distressed by seditions in his army, excited by Clodius, his brother-in-law; and these
    seditions had given fresh courage to Mithridates who had fallen on Caius Triarius, one of his
    lieutenants, and routed his army with great slaughter. At the time that Pompey commenced his
    campaign against the pirates, the consul Marcus Aquillius Glabrio was sent to supersede
    Lucullus in his command, but he was perfectly incompetent to oppose Mithridates, who seemed
    likely with such an enemy to recover all the power of which Lucullus had deprived him. So in
    the year B.C. <date when="-0066">66</date>, while Glabrio was still in <placeName key="tgn,7016608">Bithynia</placeName>, and Pompey in <placeName key="tgn,7002294">Asia
     Minor</placeName>, Caius Manilius, a tribune of the people, brought forward a proposition,
    that, in addition to the command which Pompey already possessed, he should be invested with
    unlimited power in <placeName key="tgn,7016608">Bithynia</placeName>, <placeName key="tgn,7016619">Pontus</placeName>, and <placeName key="tgn,7006651">Armenia</placeName>,
    for the purpose of conducting the war against Mithridates. The measure was strongly opposed by
    Catulus and by Hortensius, but it was supported by Caesar, and by Cicero in the following
    speech, which is the first which he ever addressed to the people; and the proposition was
    carried.</p></div>
   
   <milestone n="1" unit="chapter"/>
   <div type="textpart" subtype="section" n="1" resp="perseus"><p>
   <milestone unit="para"/>Although, O Romans, your numerous assembly has always seemed to me the most agreeable body
    that any one can address, and this place, which is most honourable to plead in, has also seemed
    always the most distinguished place for delivering an oration in, still I have been prevented
    from trying this road to glory, which has at all times been entirely open to every virtuous man,
    not indeed by my own will, but by the system of life which I have adopted from my earliest
    years. For as hitherto I have not dared, on account of my youth, to intrude upon the authority
    of this place, and as I considered that no arguments ought to be brought to this place except
    such as were the fruit of great ability, and worked up with the greatest industry, I have
    thought it fit to devote all my time to the necessities of my friends. </p></div>
   <div type="textpart" subtype="section" n="2" resp="perseus"><p> And accordingly, this place has never been unoccupied by men who were
    defending your cause, and my industry, which has been virtuously and honestly employed about the
    dangers of private individuals, has received its most honourable reward in your approbation. For
    when, on account of the adjournment of the comitia, I was three times elected the first praetor
    by all the centuries, I easily perceived, O Romans, what your opinion of me was, and what
    conduct you enjoined to others. Now, when there is that authority in me which you, by conferring
    honours on me, have chosen that there should be, and all that facility in pleading which almost
    daily practice in speaking can give a vigilant man who has habituated himself to the forum, at
    all events, if I have any authority, I will employ it before those who have given it to me; and
    if I can accomplish anything by speaking, I will display it to those men above all others, who
    have thought fit, by their decision, to confer honours on that qualification. </p></div>
   <div type="textpart" subtype="section" n="3" resp="perseus"><p> And, above all things, I see that I have reason to rejoice on this account,
    that, since I am speaking in this place, to which I am so entirely unaccustomed, I have a cause
    to advocate in which eloquence can hardly fail any one; for I have to speak of the eminent and
    extraordinary virtue of Cnaeus Pompey; and it is harder for me to find out how to end a
    discourse on such a subject, than how to begin one. So that what I have to seek for is not so
    much a variety of arguments, as moderation in employing them.</p></div>
   <milestone n="2" unit="chapter"/><div type="textpart" subtype="section" n="4" resp="perseus"><p>
   <milestone unit="para"/>And, that my oration may take its origin from the same source from which all this cause is to
    be maintained; an important war, and one perilous to your revenues and to your allies, is being
    waged against you by two most powerful kings, Mithridates and Tigranes. One of these having been
    left to himself, and the other having been attacked, thinks that an opportunity offers itself to
    him to occupy all <placeName key="tgn,1000004">Asia</placeName>. Letters are brought from
     <placeName key="tgn,1000004">Asia</placeName> every day to Roman knights, most honourable men,
    who have great property at stake, which is all employed in the collection of your revenues; and
    they, in consequence of the intimate connection which I have with their order, have come to me
    and entrusted me with the task of pleading the cause of the republic, and warding off danger
    from their private fortunes. </p></div>
   <div type="textpart" subtype="section" n="5" resp="perseus"><p> They say that many of the
    villages of <placeName key="tgn,7016608">Bithynia</placeName>, which is at present a province
    belonging to you, have been burnt; that the kingdom of Ariobarzanes, which borders on those
    districts from which you derive a revenue, is wholly in the power of the enemy; that Lucullus,
    after having performed great exploits, is departing from that war; that it is not enough that
    whoever succeeds him should be prepared for the conduct of so important a war; that one general
    is demanded and required by all men, both allies and citizens, for that war; that he alone is
    feared by the enemy, and that no one else is. </p></div>
   <div type="textpart" subtype="section" n="6" resp="perseus"><p>
   <milestone unit="para"/>You see what the case is; now consider what you ought to do. It seems to me that I ought to
    speak in the first place of the sort of war that exists; in the second place, of its importance;
    and lastly, of the selection of a general. The kind of war is such as ought above all others to
    excite and inflame your minds to a determination to persevere in it. It is a war in which the
    glory of the Roman people is at stake; that glory which has been handed down to you from your
    ancestors, great indeed in everything, but most especially in military affairs. The safety of
    our friends and allies is at stake, in behalf of which your ancestors have waged many most
    important wars. The most certain and the largest revenues of the Roman people are at stake; and
    if they be lost, you will be at a loss for the luxuries of peace, and the sinews of war. The
    property of many citizens is at stake, which you ought greatly to regard, both for your own
    sake, and for that of the republic</p></div>
   <milestone n="3" unit="chapter"/><div type="textpart" subtype="section" n="7" resp="perseus"><p>
   <milestone unit="para"/>And since you have at all times been covetous of glory and greedy of praise beyond all other
    nations, you have to wipe out that stain, received in the former Mithridates War, which has now
    fixed itself deeply and eaten its way into the Roman name, the stain arising from the fact that
    he, who in one day marked down by one order, and one single letter, all the Roman citizens in
    all <placeName key="tgn,1000004">Asia</placeName>, scattered as they were over so many cities,
    for slaughter and butchery, has not only never yet suffered any chastisement worthy of his
    wickedness, but now, twenty-three years after that time, is still a king, and a king in such a
    way that he is not content to hide himself in <placeName key="tgn,7016619">Pontus</placeName>,
    or in the recesses of <placeName key="tgn,6003016">Cappadocia</placeName>, but he seeks to
    emerge from his hereditary kingdom, and to range among your revenues, in the broad light of
     <placeName key="tgn,1000004">Asia</placeName>. </p></div>
   <div type="textpart" subtype="section" n="8" resp="perseus"><p> Indeed up to
    this time your generals have been, contending with the king so as to carry off tokens of victory
    rather than actual victory. Lucius Sulla has triumphed, Lucius Murena has triumphed over
    Mithridates, two most gallant men, and most consummate generals; but yet they have triumphed in
    such a way that he, though routed and defeated, was still king. Not but what praise is to be
    given to those generals for what they did. Pardon must be conceded to them for what they left
    undone; because the republic recalled Sulla from that war into <placeName key="tgn,1000080">Italy</placeName>, and Sulla recalled Murena.</p></div>
   <milestone n="4" unit="chapter"/><div type="textpart" subtype="section" n="9" resp="perseus"><p>
   <milestone unit="para"/>But Mithridates employed all the time which he had left to him, not in forgetting the old war,
    but in preparing for a new one; and, after he had built and equipped very large fleets, and had
    got together mighty armies from every nation he could, and had pretended to be preparing war
    against the tribes of the Bosphorus, his neighbours, sent ambassadors and letters as far as
     <placeName key="tgn,1000095">Spain</placeName> to those chiefs with whom we were at war at the
    time, in order that, as you would by that means have war waged against you in the two parts of
    the world the furthest separated and most remote of all from one another, by two separate
    enemies warring against you with one uniform plan, you, hampered by the double enmity, might
    find that you were fighting for the empire itself.</p></div> 
   <div type="textpart" subtype="section" n="10" resp="perseus"><p>
    However; the danger on one side, the danger from Sertorius and from <placeName key="tgn,1000095">Spain</placeName>, which had much the most solid foundation and the most formidable strength,
    was warded off by the divine wisdom and extraordinary valour of Cnaeus Pompeius. And on the
    other side of the empire, affairs were so managed by Lucilius Lucullus, that most illustrious of
    men, that the beginning, of all those achievements in those countries, great and eminent as they
    were, deserve to be attributed not to his good fortune but to his valour; but the latter events
    which have taken place lately, ought to be imputed not to his fault, but to his ill-fortune.
    However, of Lucullus I will speak hereafter, and I will speak, O Romans, in such a manner, that
    his true glory shall not appear to be at all disparaged by my pleading, nor, on the other hand,
    shall any undeserved credit seem to be given to him. </p></div>
   <div type="textpart" subtype="section" n="11" resp="perseus"><p> At
    present, when we are speaking of the dignity and glory of your empire, since that is the
    beginning of my oration, consider what feelings you think you ought to entertain. <milestone n="5" unit="chapter"/>
   <milestone unit="para"/>Your ancestors have often waged war on account of their merchants and seafaring men having
    been injuriously treated. What ought to be your feelings when so many thousand Roman citizens
    have been put to death by one order and at one time? Because their ambassadors had been spoken
    to with insolence, your ancestors determined that <placeName key="perseus,Corinth">Corinth</placeName>, the light of all <placeName key="tgn,1000074">Greece</placeName>, should
    be destroyed. Will you allow that king to remain unpunished, who has murdered a lieutenant of
    the Roman people of consular rank, having tortured him with chains and scourging, and every sort
    of punishment? They would not allow the freedom of Roman citizens to be diminished; will you be
    indifferent to their lives being taken? They avenged the privileges of our embassy when they
    were violated by a word; will you abandon an ambassador who has been put to death with every
    sort of cruelty? </p></div>
   <div type="textpart" subtype="section" n="12" resp="perseus"><p> Take care lest, as it was a most glorious
    thing for them, to leave you such wide renown and such a powerful empire, it should be a most
    discreditable thing for you, not to be able to defend and preserve that which you have received.
    What more shall I say? Shall I say, that the safety of our allies is involved in the greatest
    hazard and danger? King Ariobarzanes has been driven from his kingdom, an ally and friend of the
    Roman people; two kings are threatening all <placeName key="tgn,1000004">Asia</placeName>, who
    are not only most hostile to you, but also to your friends and allies. And every city throughout
    all Asia, and throughout all <placeName key="tgn,1000074">Greece</placeName>, is compelled by
    the magnitude of the danger to put its whole trust in the expectation of your assistance. They
    do not dare to beg of you any particular general, especially since you have sent them another,
    nor do they think that they can do this without extreme danger. </p></div>
   <div type="textpart" subtype="section" n="13" resp="perseus"><p> They see and feel this, the same thing which you too see and feel,—that there is one man in
    whom all qualities are in the highest perfection, and that he is near, (which circumstance makes
    it seem harder to be deprived of him,) by whose mere arrival and name, although it was a
    maritime war for which he came, they are nevertheless aware that the attacks of the enemy were
    retarded and repressed. They then, since they cannot speak freely, silently entreat you to think
    them (as you have thought your allies in the other provinces) worthy of having their safety
    recommended to such a man; and to think them worthy even more than others, because we often send
    men with absolute authority into such a province as theirs, of such character, that, even if
    they protect them from the enemy, still their arrival among the cities of the allies is not very
    different from an invasion of the enemy. They used to hear of him before, now they see him among
    them; a man of such moderation, such mildness, such humanity, that those seem to be the happiest
    people among whom he remains for the longest time.</p></div>
   <milestone n="6" unit="chapter"/><div type="textpart" subtype="section" n="14" resp="perseus"><p>
   <milestone unit="para"/>Wherefore, if on account of their allies, though they themselves had not been roused by any
    injuries, your ancestors waged war against Antiochus, against Philip, against the Aetolians, and
    against the Carthaginians; with how much earnestness ought you, when you yourselves have been
    provoked by injurious treatment, to defend the safety of the allies, and at the same time, the
    dignity of your empire? especially when your greatest revenues are at stake. For the revenues of
    the other provinces, O Romans, are such that we can scarcely derive enough from them for the
    protection of the provinces themselves. But <placeName key="tgn,1000004">Asia</placeName> is so
    rich and so productive, that in the fertility of its soil, and in the variety of its fruits, and
    in the vastness of its pasture lands, and in the multitude of all those things which are matters
    of exportation, it is greatly superior to all other countries. Therefore, O Romans, this
    province, if you have any regard for what tends to your advantage in time of war, and to your
    dignity in time of peace, must be defended by you, not only from all calamity, but from all fear
    of calamity. </p></div>
   <div type="textpart" subtype="section" n="15" resp="perseus"><p> For in other matters when calamity comes on one,
    then damage is sustained; but in the case of revenues, not only the arrival of evil, but the
    bare dread of it, brings disaster. For when the troops of the enemy are not far off, even though
    no actual irruption takes place, still the flocks are abandoned, agriculture is relinquished,
    the sailing of merchants is at an end. And accordingly, neither from harbour dues, nor from
    tenths, nor from the tax on pasture lands, can any revenue be maintained. And therefore it often
    happens that the produce of an entire year is lost by one rumour of danger, and by one alarm of
    war. </p></div>
   <div type="textpart" subtype="section" n="16" resp="perseus"><p> What do you think ought to be the feelings of those who
    pay us tribute, or of those who get it in, and exact it, when two kings with very numerous
    armies are all but on the spot? when one inroad of cavalry may in a very short time carry off
    the revenue of a whole year? when the publicans think that they retain the large households of
    slaves which they have in the salt-works, in the fields, in the harbours, and custom-houses, at
    the greatest risk? Do you think that you can enjoy these advantages unless you preserve those
    men who are productive to you, free not only, as I said before, from calamity, but even from the
    dread of calamity?</p></div>
   <milestone n="7" unit="chapter"/><div type="textpart" subtype="section" n="17" resp="perseus"><p>
   <milestone unit="para"/>And even this must not be neglected by you, which I had proposed to myself as the last thing
    to be mentioned, when I was to speak of the kind of war, for it concerns the property of many
    Roman citizens; whom you, as becomes your wisdom, O Romans, must regard with the most careful
    solicitude. The publicans, <note anchored="true">It has been said before that the publicans were
     taken almost exclusively from the equestrian order.</note> most honourable and accomplished
    men, have taken all their resources and all their wealth into that province; and their property
    and fortunes ought, by themselves, to be an object of your special care. In truth, if we have
    always considered the revenues as the sinews of the republic, certainly we shall be right if we
    call that order of men which collects them, the prop and support of all the other orders.
     </p></div>
   <div type="textpart" subtype="section" n="18" resp="perseus"><p> In the next place, clever and industrious men, of all the
    other orders of the state, are some of them actually trading themselves in <placeName key="tgn,1000004">Asia</placeName>, and you ought to show a regard for their interests in their
    absence; and others of them have large sums invested in that province. It will, therefore become
    your humanity to protect a large number of those citizens from misfortune; it will become your
    wisdom to perceive that the misfortune of many citizens cannot be separated from the misfortune
    of the republic. In truth, firstly, it is of but little consequence for you afterwards to
    recover for the publicans revenues which have been once lost; for the same men have not
    afterwards the same power of contracting for them, and others have not the inclination, through
    fear. </p></div>
   <div type="textpart" subtype="section" n="19" resp="perseus"><p> In the next place, that which the same <placeName key="tgn,1000004">Asia</placeName>, and that same Mithridates taught us, at the beginning of
    the Asiatic war that, at all events, we, having learnt by disaster, ought to keep in our
    recollection. For we know that then, when many had lost large fortunes in <placeName key="tgn,1000004">Asia</placeName>, all credit failed at <placeName key="perseus,Rome">Rome</placeName>, from payments being hindered. For it is not possible for many men to lose
    their property and fortunes in one city, without drawing many along with them into the same
    vortex of disaster. But do you now preserve the republic from this misfortune; and believe me,
    (you yourselves see that it is the case,) this credit, and this state of the money-market which
    exists at <placeName key="perseus,Rome">Rome</placeName> and in the forum, is bound up with, and
    is inseparable from, those fortunes which are invested in <placeName key="tgn,1000004">Asia</placeName>. Those fortunes cannot fall without credit here being undermined by the came
    blow, and perishing along with them. Consider, then, whether you ought to hesitate to apply
    yourselves with all zeal to that war, in which the glory of your name, the safety of your
    allies, your greatest revenues, and the fortunes of numbers of your citizens, will be protected
    at the same time as the republic. </p></div>
   <milestone n="8" unit="chapter"/><div type="textpart" subtype="section" n="20" resp="perseus"><p>
   <milestone unit="para"/>Since I have spoken of the description of war, I will now say a few words about its magnitude.
    For this may be said of it,—that it is a kind of war so necessary, that it must absolutely be
    waged, and yet not one of such magnitude as to be formidable. And in this we must take the
    greatest care that those things do not appear to you contemptible which require to be most
    diligently guarded against. And that all men may understand that I give Lucius Lucullus all the
    praise that is due to a gallant man, and most wise <note anchored="true">The Latin is, “<foreign xml:lang="lat">forti <emph>viro</emph>, et sapientissimo <emph>homini</emph></foreign>,” and
     this opposition of <foreign xml:lang="lat">vir</foreign> and <foreign xml:lang="lat">homo</foreign> is not uncommon in Cicero's orations. “<foreign xml:lang="lat">Homo</foreign>
     is nearly synonymous with <foreign xml:lang="lat">vir</foreign>, but with this distinction, that
      <foreign xml:lang="lat">homo</foreign> is used of a man considered as an intellectual and moral
     being.—namely, where personal qualities are to be denoted; whereas <foreign xml:lang="lat">vir</foreign> signifies a man his relations to the state.”—Riddle, Lat. Dict. v. <foreign xml:lang="lat">Homo</foreign>.</note> man, and to a most consummate general, I say that when he
    first arrived in <placeName key="tgn,1000004">Asia</placeName>, the forces of Mithridates were
    most numerous, well appointed, and provided with every requisite; and that the finest city in
     <placeName key="tgn,1000004">Asia</placeName>, and the one, too, that was most friendly to us,
    the city of <placeName key="perseus,Cyzicus">Cyzicus</placeName>, was besieged by the king in
    person, with an enormous army, and that the siege had been pressed most vigorously, when Lucius
    Lucullus, by his valour, and perseverance, and wisdom, relieved it from the most extreme danger.
     </p></div>
   <div type="textpart" subtype="section" n="21" resp="perseus"><p> I say that he also, when general, defeated and destroyed
    that great and well-appointed fleet, which the chiefs of Sertorius's party were leading against
     <placeName key="tgn,1000080">Italy</placeName> with furious zeal; I say besides, that by him
    numerous armies of the enemy were destroyed in several battles, and that <placeName key="tgn,7016619">Pontus</placeName> was opened to our legions, which before his time had been
    closed against the Roman people on every side; and that Sinope and <placeName key="tgn,7002339">Amisus</placeName>, towns in which the king had palaces, adorned and furnished with every kind
    of magnificence, and many other cities of <placeName key="tgn,7016619">Pontus</placeName> and
     <placeName key="tgn,6003016">Cappadocia</placeName>, were taken by his mere approach and
    arrival near them; that the king himself was stripped of the kingdom possessed by his father and
    his grandfather, and forced to betake himself as a suppliant to other kings and other nations;
    and that all these great deeds were achieved without any injury to the allies of the Roman
    people, or any diminution of its revenues. I think that this is praise enough;—such praise that
    you must see, O Romans, that Lucius Lucullus has not been praised as much from this rostrum by
    any one of these men who are objecting to this law and arguing against our cause.</p></div>
   <milestone n="9" unit="chapter"/><div type="textpart" subtype="section" n="22" resp="perseus"><p>
   <milestone unit="para"/>Perhaps now it will be asked, how, when all this has been already done, there can be any great
    war left behind. I will explain this, O Romans; for this does not seem an unreasonable question.
    At first Mithridates fled from his kingdom, as Medea is formerly said to have fled from the same
    region of <placeName key="tgn,7016619">Pontus</placeName>; for they say that she, in her flight,
    strewed about the limbs of her brother in those places along which her father was likely to
    pursue her, in order that the collection of them, dispersed as they were, and the grief which
    would afflict his father, might delay the rapidity of his pursuit. Mithridates, flying in the
    same manner, left in <placeName key="tgn,7016619">Pontus</placeName> the whole of the vast
    quantity of gold and silver, and of beautiful things which he had inherited from his ancestors,
    and which he himself had collected and brought into his own kingdom, having obtained them by
    plunder in the former war from all <placeName key="tgn,1000004">Asia</placeName>. While our men
    were diligently occupied in collecting all this, the king himself escaped out of their hands.And so grief retarded the father of Medea in his pursuit,
    but delight delayed our men.
     </p></div>
   <div type="textpart" subtype="section" n="23" resp="perseus"><p> In this alarm and flight of his, Tigranes, the king of <placeName key="tgn,7006651">Armenia</placeName>, received him, encouraged him while despairing of his
    fortunes, gave him new spirit in his depression, and recruited with new strength his powerless
    condition. And after Lucius Lucullus arrived in his kingdom, very many tribes were excited to
    hostilities against our general. For those nations which the Roman people never had thought
    either of attacking in war or tampering with, had been inspired with fear. There was, besides, a
    general opinion which had taken deep root, and had spread over all the barbarian tribes in those
    districts, that our army had been led into those countries with the object of plundering a very
    wealthy and most religiously worshipped temple. And so, many powerful nations were roused
    against us by a fresh dread and alarm. But our army although it had taken a city of Tigranes's
    kingdom, and had fought some successful battles, still was out of spirits at its immense
    distance from <placeName key="perseus,Rome">Rome</placeName>, and its separation from its
    friends. </p></div>
   <div type="textpart" subtype="section" n="24" resp="perseus"><p> At present I will not say more; for the result of
    these feelings of theirs was, that they were more anxious for a speedy return home than for any
    further advance into the enemies' country. But Mithridates had by this time strengthened his
    army by reinforcements of those men belonging to his own dominions who had assembled together,
    and by large promiscuous forces belonging to many other kings and tribes. And we see that this
    is almost invariably the case, that kings when in misfortune easily induce many to pity and
    assist them, especially such as are either kings themselves, or who live under kingly power,
    because to them the name of king appears something great and sacred. </p></div>
   <div type="textpart" subtype="section" n="25" resp="perseus"><p> And accordingly he, when conquered, was able to accomplish what, when he was
    in the full enjoyment of his powers, he never dared even to wish for. For when he had returned
    to his kingdom, he was not content (though that had happened to him beyond all his hopes) with
    again setting his foot on that land after he had been expelled from it; but he even volunteered
    an attack on your army, flushed as it was with glory and victory. Allow me, in this place, O
    Romans, (just as poets do who write of Roman affairs,) to pass over our disaster, which was so
    great that it came to Lucius Lucullus's ears, not by means of a messenger despatched from the
    scene of action, but through the report of common conversation. </p></div>
   <div type="textpart" subtype="section" n="26" resp="perseus"><p> At the very time of this misfortune,—of this most terrible disaster in the whole war, Lucius
    Lucullus, who might have been able, to a great extent, to remedy the calamity, being compelled
    by your orders, because you thought, according to the old principle of your ancestors, that
    limits ought to be put to length of command, discharged a part of his soldiers who had served
    their appointed time, and delivered over part to Glabrio. I pass over many things designedly;
    but you yourselves can easily conjecture how important you ought to consider that war which most
    powerful kings are uniting in,—which disturbed nations are renewing,—which nations, whose
    strength is unimpaired, are undertaking, and which anew general of yours has to encounter after
    a veteran army has been defeated.</p></div>
   <milestone n="10" unit="chapter"/><div type="textpart" subtype="section" n="27" resp="perseus"><p>
   <milestone unit="para"/>I appear to have said enough to make you see why this war is in its very nature unavoidable,
    in its magnitude dangerous. It remains for me to speak of the general who ought to be selected
    for that war, and appointed to the management of such important affairs.
   <milestone unit="para"/>I wish, O Romans, that you had such an abundance of brave and honest men, that it was a
    difficult subject for your deliberations, whom you thought most desirable to be appointed to the
    conduct of such important affairs, and so vast a war. But now, when there is Cnaeus Pompeius
    alone, who has exceeded in valour, not only the glory of these men who are now alive, but even
    all recollections of antiquity, what is there that, in this case, can raise a doubt in the mind
    of any one? </p></div>
   <div type="textpart" subtype="section" n="28" resp="perseus"><p> For I think that these four qualities are
    indispensable in a great general,—knowledge of military affairs, valour, authority and good
    fortune. Who, then, ever was, or ought to have been, better acquainted with military affairs
    than this man? who, the moment that he left school and finished his education as a boy, at a
    time when there was a most important war going on, and most active enemies were banded against
    us, went to his father's army and to the discipline of the camp; who, when scarcely out of his
    boyhood, became a soldier of a consummate general,—when entering on manhood, became himself the
    general of a mighty army; who has been more frequently engaged with the enemy, than any one else
    has ever disputed with an adversary; who has himself, as general, conducted more wars than other
    men have read of; who has subdued more provinces than other men have wished for; whose youth was
    trained to the knowledge of military affairs, not by the precepts of others, but by commanding
    himself,—not by the disasters of war, but by victories,—not by campaigns, but by triumphs. In
    short, what description of war can there be in which the fortune of the republic has not given
    him practice? Civil war, African war, Transalpine war, Spanish war, promiscuous war of the most
    warlike cities and nations, servile war, naval war, every variety and diversity of wars and of
    enemies, has not only been encountered by this one man, but encountered victoriously; and these
    exploits show plainly that there is no circumstance, in military practice which can elude the
    knowledge of this man.</p></div>
   <milestone n="11" unit="chapter"/><div type="textpart" subtype="section" n="29" resp="perseus"><p>
   <milestone unit="para"/>But now, what language can be found equal to the valour of Cnaeus Pompeius? What statement can
    any one make which shall be either worthy of him, or new to you, or unknown to any one? For
    those are not the only virtuous of a general which are usually thought so,—namely, industry in
    business, fortitude amid dangers, energy in acting, rapidity in executing, wisdom in foreseeing;
    which all exist in as great perfection in that one man as in all the other generals put together
    whom we have either seen or heard of. </p></div>
   <div type="textpart" subtype="section" n="30" resp="perseus"><p>
    <placeName key="tgn,1000080">Italy</placeName> is my witness, which that illustrious conqueror
    himself, Lucius Sulla, confessed had been delivered by this man's valour and ready assistance.
     <placeName key="tgn,7003122">Sicily</placeName> is my witness, which he released when it was
    surrounded on all sides by many dangers, not by the dread of his power, but by the promptitude
    of his wisdom. <placeName key="tgn,7001242">Africa</placeName> is my witness, which, having been
    overwhelmed by numerous armies of enemies, overflowed with the blood of those same enemies.
     <placeName key="tgn,1000070">Gaul</placeName> is my witness, through which a road into
     <placeName key="tgn,1000095">Spain</placeName> was laid open to our legions by the destruction
    of the Gauls. <placeName key="tgn,1000095">Spain</placeName> is my witness, which has repeatedly
    seen our many enemies there defeated and subdued by this man. Again and again, <placeName key="tgn,1000080">Italy</placeName> is my witness, which, when it was weighed down by the
    disgraceful and perilous servile war, entreated aid from this man, though he, was at a distance;
    and that war, having dwindled down and wasted away at the expectation of Pompeius, was destroyed
    and buried by his arrival. </p></div>
   <div type="textpart" subtype="section" n="31" resp="perseus"><p> But now, also every coast, all
    foreign nations and countries, all seas, both in their open waters and in every bay, and creek,
    and harbour, are my witnesses. For during these last years, what place in any part of the sea
    had so strong a garrison as to be safe from him? what place was so much hidden as to escape his
    notice? Whoever put to sea without being aware that he was committing himself to the hazard of
    death or slavery, either from storms or from the sea being crowded with pirates? Who would ever
    have supposed that a war of such extent, so mean, so old a war, a war so extensive in its
    theatre and so widely scattered, could have been terminated by all our generals put together in
    one year, or by one general in all the years of his life? </p></div>
   <div type="textpart" subtype="section" n="32" resp="perseus"><p> In
    all these later years what province have you had free from pirates? what revenue has been safe?
    what ally have you been able to protect? to whom have your fleets been any defence? How many
    islands do you suppose have been deserted? how many cities of the allies do you think have been
    either abandoned out of fear of the pirates, or have been taken by them? <milestone n="12" unit="chapter"/>
   <milestone unit="para"/>But why do I speak of distant events? It was—it was, indeed, formerly—a characteristic of the
    Roman people to carry on its wars at a distance from home, and to defend by the bulwarks of its
    power not its own homes, but the fortunes of its allies. Need I say, that the sea has during all
    these latter years been closed against your allies, when even our own armies never ventured to
    cross over from <placeName key="perseus,Brundusium">Brundusium</placeName>, except in the depth
    of winter? Need I complain that men who were coming to you from foreign nations were taken
    prisoners, when even the ambassadors of the Roman people were forced to be ransomed? Need I say,
    that the sea was not safe for merchants, when twelve axes <note anchored="true">The Scholiast
     says that a consul named Milienus (whose name, however, does not appear in the Fasti) was taken
     prisoner by the pirates, and sold with his ensigns of office. The axes mean his <foreign xml:lang="lat">faces</foreign>.</note> came into the power of the pirates? </p></div>
   <div type="textpart" subtype="section" n="33" resp="perseus"><p> Need I mention, how <placeName key="tgn,5003757">Cnidus</placeName>, and
     <placeName key="perseus,Colophon">Colophon</placeName>, and <placeName key="tgn,7002673">Samos</placeName>, most noble cities, and others too in countless numbers, were taken by them,
    when you know that your own harbours, and those harbours too from which you derive, as it were,
    your very life and breath, were in the power of the pirates? Are you ignorant that the harbour
    of <placeName key="perseus,Caieta">Caieta</placeName>, that illustrious harbour, when full of
    ships, was plundered by the pirates under the very eyes of the praetor? and that from <placeName key="perseus,Misenum">Misenum</placeName>, the children of the very man who had before that
    waged war against the pirates in that place, were carried off by the pirates? For why should I
    complain of the disaster of <placeName key="perseus,Ostia">Ostia</placeName>, and of that stain
    and blot on the republic, when almost under your very eyes, that fleet which was under the
    command of a Roman consul was taken and destroyed by the pirates? O ye immortal gods! could the
    incredible and godlike virtue of one man in so short a time bring so much light to the republic,
    that you who had lately been used to see a fleet of the enemy before the mouth of the <placeName key="tgn,1130786">Tiber</placeName>, should now hear that there is not one ship belonging to
    the pirates on this side of the Atlantic? </p></div>
   <div type="textpart" subtype="section" n="34" resp="perseus"><p> And although you
    have seen with what rapidity these things were done, still that rapidity ought not to be passed
    over by me in speaking of them.—For who ever, even if he were only going for the purpose of
    transacting business or making profit, contrived in so short a time to visit so many places, and
    to perform such long journeys, with as great celerity as Cnaeus Pompeius has performed his
    voyage, bearing with him the terrors of war as our general? He, when the weather could hardly be
    called open for sailing, went to <placeName key="tgn,7003122">Sicily</placeName>, explored the
    coasts of <placeName key="tgn,7001242">Africa</placeName>; from thence he came with his fleet to
     <placeName key="tgn,7003121">Sardinia</placeName>, and these three great granaries of the
    republic he fortified with powerful garrisons and fleets; </p></div>
   <div type="textpart" subtype="section" n="35" resp="perseus"><p>
    when, leaving <placeName key="tgn,7003121">Sardinia</placeName>, he came to <placeName key="tgn,1000080">Italy</placeName>, having secured the two Spains and Cisalpine Gaul with
    garrisons and ships. Having sent vessels also to the coast of <placeName key="tgn,7016683">Illyricum</placeName>, and to every part of <placeName key="tgn,7002733">Achaia</placeName>
    and <placeName key="tgn,1000074">Greece</placeName>, he also adorned the two seas of <placeName key="tgn,1000080">Italy</placeName> with very large fleets, and very sufficient garrisons; and
    he himself going in person, added all <placeName key="tgn,7002470">Cilicia</placeName> to the
    dominions of the Roman people, on the forty-ninth day after he set out from <placeName key="perseus,Brundusium">Brundusium</placeName>. Will the pirates who were anywhere to be
    found, were either taken prisoners and put to death, or else had surrendered themselves
    voluntarily to the power and authority of this one man. Also, when the Cretans had sent
    ambassadors to implore his mercy even into <placeName key="tgn,7002611">Pamphylia</placeName> to
    him, he did not deny them hopes of being allowed to surrender, and he exacted hostages from
    them. And thus Cnaeus Pompeius at the end of winter prepared, at the beginning of spring
    undertook, and by the middle of summer terminated, this most important war, which had lasted so
    long, which was scattered in such distant and such various places, and by which every nation and
    country was incessantly distressed. </p></div>
   <milestone n="13" unit="chapter"/><div type="textpart" subtype="section" n="36" resp="perseus"><p>
   <milestone unit="para"/>This is the godlike and incredible virtue of that general. What more shall I say? How many and
    how great are his other exploits which I began to mention a short time back; for we are not only
    to seek for skill in war in a consummate and perfect general, but there are many other eminent
    qualities which are the satellites and companions of this virtue. And first of all, how great
    should be the incorruptibility of generals! How great should be their moderation in everything!
    How perfect their good faith! How universal should be their affability! how brilliant their
    genius! how tender their humanity! And let us briefly consider to what extent these qualities
    exist in Cnaeus Pompeius. For they are all of the highest importance, O Romans, but yet they are
    to be seen and ascertained more by comparison with the conduct of others than by any display
    which they make of themselves. </p></div>
   <div type="textpart" subtype="section" n="37" resp="perseus"><p> For how can we rank a man
    among generals of any class at all, if centurionships <note anchored="true">The Scholiast says
     that Cicero is here hinting at Glabrio the consul, or at the younger Marius.</note> are sold,
    and have been constantly sold in his army? What great or honourable thoughts can we suppose that
    that man cherishes concerning the republic, who has either distributed the money which was taken
    from the treasury for the conduct of the war among the magistrates, out of ambition <note anchored="true">Lucullus is supposed to be meant here as it is said that he had employed large
     sums in soliciting the votes of influential men, so as to be left in command of the province of
      <placeName key="tgn,1000004">Asia</placeName>, in which he had amassed enormous riches.</note>
    to keep his province, or, out of avarice, has left it behind him at <placeName key="perseus,Rome">Rome</placeName>, invested for his own advantage? Your murmurs show, O
    Romans, that you recognise, in my description, men who have done these things. But I name no
    one, so that no one can be angry with me, without making confession beforehand of his own
    malpractices. But who is there who is ignorant what terrible distresses our armies suffer
    wherever they go, through this covetousness of our generals? </p></div>
   <div type="textpart" subtype="section" n="38" resp="perseus"><p>
    Recollect the marches which, during these latter years, our generals have made in <placeName key="tgn,1000080">Italy</placeName>, through the lands and towns of the Roman citizens; then
    you will more easily imagine what is the course pursued among foreign nations. Do you think that
    of late years more cities of the enemy have been destroyed by the arms of your soldiers, or more
    cities of your own allies by their winter campaigns? For that general who does not restrain
    himself can never restrain his army; nor can he be strict in judging others who is unwilling for
    others to be strict in judging him. </p></div>
   <div type="textpart" subtype="section" n="39" resp="perseus"><p> Do we wonder now that
    this man should be so far superior to all others, when his legions arrived in <placeName key="tgn,1000004">Asia</placeName> in such order that not only no man's hand in so numerous an
    army, but not even any man's footstep was said to have done the least injury to any peaceful
    inhabitant? But now we have daily rumours—yes, and letters too—brought to <placeName key="perseus,Rome">Rome</placeName> about the way in which the soldiers are behaving in their
    winter quarters; not only is no one compelled to spend money on the entertainment of the troops,
    but he is not permitted to do so, even if he wish. For our ancestors thought fit that the houses
    of our allies and friends should be a shelter to our soldiers from the winter, not a theatre for
    the exercise of their avarice. </p></div>
   <milestone n="14" unit="chapter"/><div type="textpart" subtype="section" n="40" resp="perseus"><p>
   <milestone unit="para"/>Come now, consider also what moderation he has displayed in other matters also. How was it, do
    you suppose, that he was able to display that excessive rapidity, and to perform that incredible
    voyage? For it was no unexampled number of rowers, no hitherto unknown skill in navigation, no
    new winds, which bore him so swiftly to the most distant lands; but those circumstances which
    are wont to delay other men did not delay him. No avarice turned him aside from his intended
    route in pursuit of some plunder or other; no lust led him away in pursuit of pleasure; no
    luxury allured him to seek its delights; the illustrious reputation of no city tempted him to
    make its acquaintance; even labour did not turn him aside to seek rest. Lastly, as for the
    statues, and pictures, and other embellishments of Greek cities, which other men think worth
    carrying away, he did not think them worthy even of a visit from him.  
</p></div>
   <div type="textpart" subtype="section" n="41" resp="perseus"><p>
And, therefore, every one
    in those countries looks upon Cnaeus Pompeius as some one descended from heaven, not as some one
    sent out from this city. Now they begin to believe that there
    really were formerly Romans of the same moderation; which hitherto has seemed to foreign nations
    a thing incredible, a false and ridiculous tradition. Now the splendour of your dominion is
    really brilliant in the eyes of those nations. Now they understand that it was not without
    reason that, when we had magistrates of the same moderation, their ancestors preferred being
    subject to the Roman people to being themselves lords of other nations. But now the access of
    all private individuals to him is so easy, their complaints of the injuries received from others
    are so little checked, that he who in dignity is superior to the noblest men, in affability
    seems to be on a par with the meanest. </p></div>
   <div type="textpart" subtype="section" n="42" resp="perseus"><p> How great his wisdom
    is, how great his authority and fluency in speaking,—and that too is a quality in which the
    dignity of a general is greatly concerned,—you, O Romans, have often experienced yourselves in
    this very place. But how great do you think his good faith must have been towards your allies,
    when the enemies of all nations have placed implicit confidence in it? His humanity is such that
    it is difficult to say, whether the enemy feared his valour more when fighting against him, or
    loved his mildness more when they had been conquered by him. And will any one doubt, that this
    important war ought to be entrusted to him, who seems to have been born by some especial design
    and favour of the gods for the express purpose of finishing all the wars which have existed in
    their own recollection?
   </p></div>
   <milestone n="15" unit="chapter"/><div type="textpart" subtype="section" n="43" resp="perseus"><p><milestone unit="para"/> And since authority has great weight in conducting wars,
    and in discharging the duties of military command, it certainly is not doubtful to any one that
    in that point this same general is especially preeminent. And who is ignorant that it is of
    great importance in the conduct of wars, what opinion the enemy, and what opinion the allies
    have of your generals, when we know that men are not less influenced in such serious affairs, to
    despise, or fear, or hate, or love a man by common opinion and common report, than by sure
    grounds and principles? What name, then, in the whole world has ever been more illustrious than
    his? whose achievements have ever been equal to his? And, what gives authority in the highest
    degree, concerning whom have you ever passed such numerous and such honourable resolutions?
     </p></div>
   <div type="textpart" subtype="section" n="44" resp="perseus"><p> Do you believe that there is anywhere in the whole world any
    place so desert that the renown of that day has not reached it, when the whole Roman people, the
    forum being crowded, and all the adjacent temples from which this place can be seen being
    completely filled,—the whole Roman people, I say, demanded Cnaeus Pompeius alone as their
    general in the war in which the common interests of all nations were at stake? Therefore, not to
    say more on the subject, nor to confirm what I say by instances of others as to the influence
    which authority has in war, all our instances of splendid exploits in war must be taken from
    this same Cnaeus Pompeius. The very day that he was appointed by you commander-in-chief of the
    maritime war, in a moment such a cheapness of provisions ensued, (though previously there had
    been a great scarcity of corn, and the price had been exceedingly high,) owing to the hope
    conceived of one single man, and his high reputation, as could scarcely have been produced by a
    most productive harvest after a long period of peace. </p></div>
   <div type="textpart" subtype="section" n="45" resp="perseus"><p> Now,
    too, after the disaster which befell us in <placeName key="tgn,7016619">Pontus</placeName>, from
    the result of that battle, of which, sorely against my will, I just now reminded you, when our
    allies were in a state of alarm, when the power and spirits of our enemies had risen, and the
    province was in a very insufficient state of defence, you would have entirely lost <placeName key="tgn,1000004">Asia</placeName>, O Romans, if the fortune of the Roman people had not, by
    some divine interposition, brought Cnaeus Pompeius at that particular moment into those regions.
    His arrival both checked Mithridates, elated with his unusual victory, and delayed Tigranes, who
    was threatening <placeName key="tgn,1000004">Asia</placeName> with a formidable army. And can
    any one doubt what he will accomplish by his valour, when he did so much by his authority and
    reputation? or how easily he will preserve our allies and our revenues by his power and his
    army, when he defended them by the mere, terror of his name?</p></div>
   <milestone n="16" unit="chapter"/><div type="textpart" subtype="section" n="46" resp="perseus"><p>
   <milestone unit="para"/>Come, now; what a great proof does this circumstance afford us of the influence of the same
    man on the enemies of the Roman people, that all of them, living in countries so far distant
    from us and from each other, surrendered themselves to him alone in so short a time? that the
    ambassadors of the Cretans, though there was at the time a general <note anchored="true">Metellus, afterwards called Creticus, from his victory over the Cretans.</note> and an army of
    ours in their island came almost to the end of the world to Cnaeus Pompeius, and said, all the
    cities of the Cretans were willing to surrender themselves to him? What did Mithridates himself
    do? Did he not send an ambassador into <placeName key="tgn,1000095">Spain</placeName> to the
    same Cnaeus Pompeius? a man whom Pompeius has always considered an ambassador, but who that
    party, to whom it has always been a source of annoyance that he was sent to him particularly,
    have contended was sent as a spy rather than as an ambassador. You can now, then, O Romans, form
    an accurate judgment how much weight you must suppose that this authority of his—now, too, that
    it has been further increased by many subsequent exploits, and by many commendatory resolutions
    of your own—will have with those kings and among foreign nations. </p></div>
   <div type="textpart" subtype="section" n="47" resp="perseus"><p>
   <milestone unit="para"/>It remains for me timidly and briefly to speak of his good fortune, a quality which no man
    ought to boast of in his own case, but which we may remember and commemorate an happening to
    another, just as a man may extol the power of the gods. For my judgment is this, that very often
    commands have been conferred upon, and armies have been entrusted to Maximus, to Marcellus, to
    Scipio, to Marius, and to other great generals, not only on account of their valour, but also on
    account of their good fortune. For there has been, in truth, in the case of some most
    illustrious men, good fortune added as some contribution of the gods to their honour and glory,
    and as a means of performing mighty achievements. But concerning the good fortune of this man of
    whom we are now speaking, I will use so much moderation as not to say that good fortune was
    actually placed in his power, but I will so speak as to appear to remember what is past, to have
    good hope of what is to come; so that my speech may, on the one hand, not appear to the immortal
    gods to be arrogant, nor, on the other hand, to be ungrateful. </p></div>
   <div type="textpart" subtype="section" n="48" resp="perseus"><p> Accordingly, I do not intend to mention, O Romans, what great exploits he has achieved both
    at home and in war, by land and by sea, and with what invariable felicity he has achieved them;
    how, not only the citizens have always consented to his wishes,—the allies complied with
    them,—the enemy obeyed them, but how even the winds and weather have seconded them. I will only
    say this, most briefly,—that no one has ever been so impudent as to dare in silence to wish for
    so many and such great favours as the immortal gods have showered upon Cnaeus Pompeius. And that
    this favour may continue his, and be perpetual, you, O Romans, ought to wish and pray (as,
    indeed, you do), both for the sake of the common safety and prosperity, and for the sake of the
    man himself 
   </p></div>
   <div type="textpart" subtype="section" n="49" resp="perseus"><p><milestone unit="para"/> Wherefore, as the war is at the same time so necessary that
    it cannot be neglected, so important that it must be conducted with the greatest care; and since
    you have it in your power to appoint a general to conduct it, in whom there is the most perfect
    knowledge of war, the most extraordinary valour, the most splendid personal influence, and the
    most eminent good fortune, can you hesitate, O Romans, to apply this wonderful advantage which
    is offered you and given you by the immortal gods, to the preservation and increase of the power
    of the republic?
   </p></div>
   <milestone n="17" unit="chapter"/><div type="textpart" subtype="section" n="50" resp="perseus"><p><milestone unit="para"/> But, if Cnaeus Pompeius were a private individual at
     <placeName key="perseus,Rome">Rome</placeName> at this present time, still he would be the man
    who ought to be selected and sent out to so great a war. But now, when to all the other
    exceeding advantages of the appointment, this opportunity is also added,—that he is in those
    very countries already,—that he has an army with him,—that there is another army there which can
    at once be made over to him by those who are in command of it,—why do we delay? or why do we
    not, under the guidance of the immortal gods themselves, commit this royal war also to him to
    whom all the other wars in those parts have been already entrusted to the greatest advantage, to
    the very safety of the republic? </p></div>
   <div type="textpart" subtype="section" n="51" resp="perseus"><p>
   <milestone unit="para"/>But, to be sure, that most illustrious man, Quintus Catulus, a man most honestly attached to
    the republic, and loaded with your kindness in a way most honourable to him; and also Quintus
    Hortensius, a man endowed with the highest qualities of honour, and fortune, and virtue, and
    genius, disagree to this proposal. And I admit that their authority has in many instances had
    the greatest weight with you, and that it ought to have the greatest weight; but in this cause,
    although you are aware that the opinions of many very brave and illustrious men are unfavourable
    to us, still it is possible for us, disregarding those authorities, to arrive at the truth by
    the circumstances of the case and by reason. And so much the more easily, because those very men
    admit that everything which has been said by me up to this time is true,—that the war is
    necessary, that it is an important war, and that all the requisite qualifications are in the
    highest perfection in Cnaeus Pompeius. </p></div>
   <div type="textpart" subtype="section" n="52" resp="perseus"><p> What, then, does
    Hortensius say? “That if the whole power must be given to one man, Pompeius alone is most worthy
    to have it, but that, nevertheless, the power ought not to be entrusted to one individual.” That
    argument, however, has now become obsolete, having been refuted much more by facts than by
    words. For you, also, Quintus Hortensius, said many things with great force and fluency (as
    might be expected from your exceeding ability, and eminent facility as an orator) in the senate
    against that brave man, Aulus Gabinius, when he had brought forward the law about appointing one
    commander-in-chief against the pirates; and also from this place where I now stand, you made a
    long speech against that law. </p></div>
   <div type="textpart" subtype="section" n="53" resp="perseus"><p> What then? By the immortal
    gods, if your authority had had greater weight with the Roman people than the safety and real
    interests of the Roman people itself, should we have been this day in possession of our present
    glory, and of the empire of the whole earth? Did this, then, appear to you to be dominion, when
    it was a common thing for the ambassadors, and praetors, and quaestors of the Roman people to be
    taken prisoners? when we were cut off from all supplies, both public and private, from all our
    provinces? when all the seas were so closed against us, that we could neither visit any private
    estate of our own, nor any public domain beyond the sea?</p></div>
   <milestone n="18" unit="chapter"/><div type="textpart" subtype="section" n="54" resp="perseus"><p>
   <milestone unit="para"/>What city ever was there before this time,—I speak not of the city of the Athenians, which is
    said formerly to have had a sufficiently extensive naval dominion; nor of that of the
    Carthaginians, who had great power with their fleet and maritime resources; nor of those of the
    Rhodians, whose naval discipline and naval renown has lasted even to our recollection,—but was
    there ever any city before this time so insignificant, if it was only a small island, as not to
    be able by its own power to defend its harbours, and its lands, and some part of its country and
    maritime coast? But, forsooth, for many years before the Gabinian law was passed, the Roman
    people, whose name, till within our own memory remained invincible in naval battles, was
    deprived not only of a great, aye, of much the greatest part of its usefulness, but also of its
    dignity and dominion. </p></div>
   <div type="textpart" subtype="section" n="55" resp="perseus"><p> We, whose ancestors conquered with our
    fleets Antiochus the king, and Perses, and in every naval engagement defeated the Carthaginians,
    the best practiced and best equipped of all men in maritime affairs; we could now in no place
    prove ourselves equal to the pirates. We, who formerly had not only all <placeName key="tgn,1000080">Italy</placeName> in safety, but who were able by the authority of our empire
    to secure the safety of all our allies in the most distant countries, so that even the island of
     <placeName key="perseus,Delos">Delos</placeName>, situated so far from us in the <placeName key="tgn,7002675">Aegean</placeName> sea, at which all men were in the habit of touching with
    their merchandise and their freights, full of riches as it was, little and unwalled as it was,
    still was in no alarm; we, I say, were cut off, not only from our provinces, and from the
    sea-coast of <placeName key="tgn,1000080">Italy</placeName>, and from our harbours, but even
    from the Appian road; and at this time, the magistrates of the Roman people were not ashamed to
    come up into this very rostrum where I am standing, which your ancestors had bequeathed to you
    adorned with nautical trophies, and the spoils of the enemy's fleet.</p></div>
   <milestone n="19" unit="chapter"/><div type="textpart" subtype="section" n="56" resp="perseus"><p>
   <milestone unit="para"/>When you opposed that law, the Roman people, O Quintus Hortensius, thought that you, and the
    others who held the same opinion with you, delivered your sentiments in a bold and gallant
    spirit. But still, in a matter affecting the safety of the commonwealth, the Roman people
    preferred consulting its own feelings of indignation to your authority. Accordingly, one law,
    one man, and one year, delivered us not only from that misery and disgrace, but also caused us
    again at length to appear really to be the masters of all nations and countries by land and sea.
     </p></div>
   <div type="textpart" subtype="section" n="57" resp="perseus"><p> And on this account the endeavour to detract, shall I say
    from Gabinius, or from Pompeius, or (what would be truer still) from both? appears to me
    particularly unworthy; being done in order that Aulus Gabinius might not be appointed lieutenant
    to Cnaeus Pompeius, though he requested and begged it. Is he who begs for a particular
    lieutenant in so important a war unworthy to obtain any one whom he desires, when all other
    generals have taken whatever lieutenants they chose, to assist them in pillaging the allies and
    plundering the provinces? or ought he, by whose law safety and dignity has been given to the
    Roman people, and to all nations, to be prevented from sharing in the glory of that commander
    and that army, which exists through his wisdom and was appointed at his risk? </p></div>
   <div type="textpart" subtype="section" n="58" resp="perseus"><p> Was it allowed to Caius Falcidius, to Quintus Metellus, to Quintus Caelius
    Laterensis, and to Cnaeus Lentulus, all of whom I name to do them honour, to be lieutenants the
    year after they had been tribunes of the people; and shall men be so exact in the case of
    Gabinius alone, who, in this war which is carried on under the provisions of the Gabinian law,
    and in the case of this commander and this army which he himself appointed with your assistance,
    ought to have the first right of any one? And concerning whose appointment as lieutenant I hope
    that the consuls will bring forward a motion in the senate; and if they hesitate, or are
    unwilling to do so, I undertake to bring it forward myself; nor, O Romans, shall the hostile
    edict of any one deter me from relying on you and defending your privileges and your kindness.
    Nor will I listen to anything except the interposition of the tribunes; and as to that, those
    very men who threaten it, will, I apprehend, consider over and over again what they have a right
    to do. In my own opinion, O Romans, Aulus Gabinius alone has a right to be put by the side of
    Cnaeus Pompeius as a partner of the glory of his exploits in the maritime war; because the one,
    with the assistance of your votes, gave to that man alone the task of undertaking that war, and
    the other, when it entrusted to him, undertook it and terminated it.</p></div>
   <milestone n="20" unit="chapter"/><div type="textpart" subtype="section" n="59" resp="perseus"><p>
   <milestone unit="para"/>It remains for me to speak of the authority and opinion of Quintus Catulus; who, when he asked
    of you, if you thus placed all your dependence on Cnaeus Pompeius, in whom you would have any
    hope, if anything were to happen to him, received a splendid reward for his own virtue and
    worth, when you all, with almost one voice, cried out that you would, in that case, put your
    trust in him. In truth he is such a man, that no affair can be so important, or so difficult,
    that, he cannot manage it by his wisdom, or defend it by his integrity, or terminate it by his
    valour. But, in this case, I entirely differ from him; because, the less certain and the less
    lasting the life of man is, the more ought the republic to avail itself of the life and valour
    of any admirable man, as long as the immortal gods allow it to do so. </p></div>
   <div type="textpart" subtype="section" n="60" resp="perseus"><p> But let no innovation be established contrary to the precedents and principles
    of our ancestors.— I will not say, at this moment, that our ancestors in peace always obeyed
    usage, but in war were always guided by expediency, and always accommodated themselves with new
    plans to the new emergencies of the times. I will not say that two most important wars, the
    Punic war and the Spanish war, were put an end to by one general; that two most powerful cities,
    which threatened the greatest danger to this empire— <placeName key="perseus,Carthage">Carthage</placeName> and <placeName key="tgn,7017511">Numantia</placeName>, were destroyed by
    the same Scipio. I will not remind you that it was but lately determined by you and by your
    ancestors, to rest all the hopes of the empire on Caius Marius, so that the same man conducted
    the war against Jugurtha, and against the Cimbri, and against the Teutones. But recollect, in
    the case of Cnaeus Pompeius himself, with reference to whom Catulus objects to having any new
    regulations introduced, how many new laws have been made with the most willing consent of
    Quintus Catulus.</p></div>
   <milestone n="21" unit="chapter"/><div type="textpart" subtype="section" n="61" resp="perseus"><p>
   <milestone unit="para"/>For what can be so unprecedented as for a young man in a private capacity to levy an army at a
    most critical time of the republic? He levied one.—To command it? He did command it.—To succeed
    gloriously in his undertaking? He did succeed. What can be so entirely contrary to usage, as for
    a very young man, whose age <note anchored="true">“As regards the age at which a person might
     become a senator, we have no express statement for the time of the republic, although it
     appears to have been fixed by some custom or law, as the <foreign xml:lang="lat">aetas
      senatoria</foreign> is frequently mentioned, especially during the latter period of the
     republic; but we may by induction discover the probable age. We know that according to the law
     of the tribune Villius the age fixed for the quaestorship was thirty-one. Now as it might
     happen that a quaestor was made the senator immediately after the expiration of his office, we
     may presume that the earliest age at which a man could become a senator was thirty-two.
     Augustus at last fixed the senatorial age at twenty-five, which appears to have remained
     unaltered throughout the time of the empire.”—Smith, Dict. Ant. p. 851, v. <foreign xml:lang="lat">Senatus</foreign>.</note> fell far short of that required for the rank of a
    senator, to have a command and an army entrusted to him? to have <placeName key="tgn,7003122">Sicily</placeName> committed to his care, and <placeName key="tgn,7001242">Africa</placeName>,
    and the war which was to be carried on there? He conducted himself in these provinces with
    singular blamelessness, dignity, and valour; he terminated a most serious war in <placeName key="tgn,7001242">Africa</placeName>, and brought away his army victorious. But what was ever
    so unheard of as for a Roman knight to have a triumph? But even that circumstance the Roman
    people not only say, but they thought that it deserved to be thronged to and honoured with all
    possible zeal. </p></div>
   <div type="textpart" subtype="section" n="62" resp="perseus"><p> What was ever so unusual, as, when there were
    two most gallant and most illustrious consuls, for a Roman knight to be sent as proconsul to a
    most important and formidable war? He was so sent—on which occasion, indeed, when some one in
    the senate said that a private individual ought not to be sent as proconsul, Lucius Philippus is
    reported to have answered, that if he had his will he should be sent not for one consul, but for
    both the consuls. Such great hope was entertained that the affairs of the republic would be
    prosperously managed by him, that the charge which properly belonged to the two consuls was
    entrusted to the valour of one young man. What was ever so extraordinary as for a man to be
    released from all laws by a formal resolution of the senate, and made consul before he was of an
    age to undertake any other magistracy according to the laws? What could be so incredible, as for
    a Roman knight to celebrate a second triumph in pursuance of a resolution of the senate? All the
    unusual circumstances which in the memory of man have ever happened to all other men put
    together, are not so many as these which we see have occurred in the history of this one man.
     </p></div>
   <div type="textpart" subtype="section" n="63" resp="perseus"><p> And all these instances, numerous, important and novel as
    they are, have all occurred in the case of the same man, taking their rise in the authority of
    Quintus Catulus himself and by that of other most honourable men of the same rank. <milestone n="22" unit="chapter"/>
   <milestone unit="para"/>Wherefore, let them take care that it is not considered a most unjust and intolerable thing,
    that their authority in matters affecting the dignity of Cnaeus Pompeius should hitherto have
    been constantly approved of by you, but that your judgment, and the authority of the Roman
    people in the case of the same man, should be disregarded by them. Especially when the Roman
    people can now, of its own right, defend its own authority with respect to this man against all
    who dispute it,—because, when those very same men objected, you chose him alone of all men to
    appoint to the management of the war against the pirates. </p></div>
   <div type="textpart" subtype="section" n="64" resp="perseus"><p> If
    you did this at random, and had but little regard for the interests of the republic, then they
    are right to endeavour to guide your party spirit by their wisdom; but if you at that time
    showed more foresight in the affairs of the state than they did; if you, in spite of their
    resistance, by yourselves conferred dignity on the empire, safety on the whole world; then at
    last let those noble men confess that both they and all other men must obey the authority of the
    universal Roman people. And in this Asiatic and royal war, not only is that military valour
    required, which exists in a singular degree in Cnaeus Pompeius, but many other great virtues of
    mind are also demanded. It is difficult for your commander-in-chief in <placeName key="tgn,1000004">Asia</placeName>, <placeName key="tgn,7002470">Cilicia</placeName>,
     <placeName key="tgn,1000140">Syria</placeName>, and all the kingdoms of the inland nations, to
    behave in such a manner as to think of nothing else but the enemy and glory. Then, even if there
    be some men moderate and addicted to the practice of modesty and self-government, still, such is
    the multitude of covetous and licentious men, that no one thinks that these are such men. </p></div>
   <div type="textpart" subtype="section" n="65" resp="perseus"><p>It is
    difficult to tell you, O Romans, how great our unpopularity is among foreign nations, on account
    of the injurious and licentious behaviour of those whom we have of late years sent among them
    with military command. For, in all those countries which are
    now under our dominion, what temple do you think has had a sufficiently holy reputation, what
    city has been sufficiently sacred, what private house has been sufficiently closed and
    fortified, to be safe from them? They seek out wealthy and splendid cities to find presence for
    making war on them for the sake of plundering them. </p></div>
   <div type="textpart" subtype="section" n="66" resp="perseus"><p> I would
    willingly argue this with those most eminent and illustrious men, Quintus Catulus and Quintus
    Hortensius; for they know the distresses of the allies, they see their calamities, they hear
    their complaints. Do you think that you are sending an army in defence of your allies against
    their enemies, or rather, under presence of the existence of enemies, against your allies and
    friends themselves? What city is there in <placeName key="tgn,1000004">Asia</placeName> which
    can stand the ferocity and arrogance, I will not say of the, army, of a commander-in-chief, or
    of a lieutenant, but of even the brigade of one single military tribune? <milestone n="23" unit="chapter"/>
   <milestone unit="para"/>So that even if you have any one who may appear able to cope in terms of advantage with the
    king's armies, still, unless he be also a man who can keep his hands, and eyes, and desires from
    the treasures of the allies, from their wives and children, from the ornaments of their temples
    and cities, from the gold and jewels of the king, he will not be a fit person to be sent to this
    Asiatic and royal war. Do you think that there is any city there peacefully inclined towards us
    which is rich? </p></div>
   <div type="textpart" subtype="section" n="67" resp="perseus"><p> Do you think that there is any rich city
    there, which will appear to those men to be peacefully inclined towards us? The sea-coast, O
    Romans, begged for Cnaeus Pompeius, not only on account of his renown for military achievements,
    but also because of the moderation of his disposition. For it saw that it was not the Roman
    people that was enriched every year by the public money, but only a few individuals, and that we
    did nothing more by the name of our fleets beyond sustaining losses, and so covering ourselves
    with additional disgrace. But now, are these men, who think that all these honours and offices
    are not to be conferred on one person, ignorant with what desires, with what hope of retrieving
    past losses, and on what conditions, these men go to the provinces? As if Cnaeus Pompeius did
    not appear great in our eyes, not only on account of his own positive virtues, but by a
    comparison with the vices of others. </p></div>
   <div type="textpart" subtype="section" n="68" resp="perseus"><p> And, therefore, do not
    you doubt to entrust everything to him alone, when he has been found to be the only man for many
    years whom the allies are glad to see come to their cities with an army. And if you think that
    our side of the argument, O Romans, should be confirmed by authorities, you have the authority
    of Publius Servilius, a man of the greatest skill in all wars, and in affairs of the greatest
    importance, who has performed such mighty achievements by land and sea, that, when you are
    deliberating about war, no one's authority ought to have more weight with you. You have the
    authority of Caius Curio, a man who has received great kindnesses from you, who has performed
    great exploits, who is endued with the highest abilities and wisdom; and of Cnaeus Lentulus, in
    whom all of you know there is (as, indeed, there ought to be from the ample honours which you
    have heaped upon him) the most eminent wisdom, and the greatest dignity of character; and of
    Caius Cassius, a man of extraordinary integrity, and valour, and virtue. Consider, therefore,
    whether we do not seem by the authority of these men to give a sufficient answer to the speeches
    of those men who differ from us. </p></div>
   <milestone n="24" unit="chapter"/><div type="textpart" subtype="section" n="69" resp="perseus"><p>
   <milestone unit="para"/>And as this is the case, O Caius Manilius, in the first place, I exceedingly praise and
    approve of that law of yours, and of your purpose, and of your sentiments. And in the second
    place, I exhort you, having the approbation of the Roman people, to persevere in those
    sentiments, and not to fear the violence or threats of any one. And, first of all, I think you
    have the requisite courage and perseverance; and, secondly, when we see such a multitude present
    displaying such zeal in our cause as we now see displayed for the second time, in appointing the
    same man to the supreme command how can we doubt in the matter, or question our power of
    carrying our point? As for me, all the zeal, and wisdom, and industry, and ability of which I am
    possessed, all the influence which I have through the kindness shown for me by the Roman people,
    and through my power as praetor, as also, through my reputation for authority, good faith, and
    virtue, all of it I pledge to you and the Roman people, and devote to the object of carrying
    this resolution. </p></div>
   <div type="textpart" subtype="section" n="70" resp="perseus"><p> And I call all the gods, to witness, and
    especially those who preside over this place and temple, who see into the minds of all those who
    apply themselves to affairs of state, that I am not doing this at the request of any one, nor
    because I think to conciliate the favour of Cnaeus Pompeius by taking this side, nor in order,
    through the greatness of any one else, to seek for myself protection against dangers, or aids in
    the acquirement of honours; because, as for dangers, we shall easily repel them, as a man ought
    to do, protected by our own innocence; and as for honours, we shall not gain them by the favour
    of any men, nor by anything that happens in this place, but by the same laborious course of life
    which I have hitherto adopted, if your favourable inclination assists me. </p></div>
   <div type="textpart" subtype="section" n="71" resp="perseus"><p> Wherefore, whatever I have undertaken in this cause, O Romans, I assure you
    that I have undertaken wholly for the sake of the republic; and I am so far from thinking that I
    have gained by it the favour of any influential man, that I know, on the other hand, that I have
    brought on myself many enmities, some secret, some undisguised, which I never need have
    incurred, and which get will not be mischievous to you. But I have considered that I, invested
    with my present honours, and loaded with so many kindnesses from you, ought to prefer your
    inclination, and the dignity of the republic, and the safety of our provinces and allies, to all
    considerations of my own private interest.
   </p></div>
  </div>
 </body></text>

</TEI>
