<ti:work xmlns:ti="http://chs.harvard.edu/xmlns/cts" groupUrn="urn:cts:latinLit:phi0472" projid="latinLit:phi001" urn="urn:cts:latinLit:phi0472.phi001" xml:lang="lat">
      <ti:title xml:lang="eng">Carmina</ti:title>
      <ti:translation projid="latinLit:perseus-eng1" urn="urn:cts:latinLit:phi0472.phi001.perseus-eng3" workUrn="urn:cts:latinLit:phi0472.phi001" xml:lang="eng">
        <ti:label xml:lang="eng">Carmina</ti:label>
        <ti:description xml:lang="eng">Perseus:bib:oclc,878062, Catullus. Carmina. Sir Richard Francis
          Burton. trans. London. For translator for private use. 1894.</ti:description>
        <ti:memberof collection="Perseus:collection:Greco-Roman" />
      </ti:translation>
      <ti:translation urn="urn:cts:latinLit:phi0472.phi001.perseus-eng4" workUrn="urn:cts:latinLit:phi0472.phi001" xml:lang="eng"><ti:label xml:lang="eng">Carmina of Caius Valerius Catullus, The Carmina of Caius Valerius Catullus</ti:label><ti:description xml:lang="eng">Catullus, Gaius Valerius, creator; Smithers, Leonard C. (Leonard Charles), 1861-1907, translator, Prose translator</ti:description></ti:translation>
      <ti:edition urn="urn:cts:latinLit:phi0472.phi001.perseus-lat2" workUrn="urn:cts:latinLit:phi0472.phi001"><ti:label xml:lang="eng">Poems, Catullus</ti:label><ti:description xml:lang="eng">Catullus, Gaius Valerius, creator; Merrill, Elmer Truesdell, 1860-1936, editor</ti:description></ti:edition>
    </ti:work>
  