<?xml version="1.0" encoding="UTF-8"?>
<?xml-model href="http://www.stoa.org/epidoc/schema/latest/tei-epidoc.rng" schematypens="http://relaxng.org/ns/structure/1.0"?>
<TEI xmlns="http://www.tei-c.org/ns/1.0">
    <teiHeader>

<fileDesc>
<titleStmt>
<title type="sub">Machine readable text</title>
<title n="Comp.Sert.Eum." type="work">Comparison of Sertorius and Eumenes</title>
<author n="Plut.">Plutarch</author>
<editor>Bernadotte Perrin</editor>
<sponsor>Perseus Project, Tufts University</sponsor>
<principal>Gregory Crane</principal>
<respStmt>
<resp>Prepared under the supervision of</resp>
<name>Lisa Cerrato</name>
<name>William Merrill</name>
<name>Elli Mylonas</name>
<name>David Smith</name>
</respStmt>
<funder n="org:NEH">The National Endowment for the Humanities</funder>
</titleStmt>
<extent/>
<publicationStmt>
<publisher>Trustees of Tufts University</publisher>
<pubPlace>Medford, MA</pubPlace>
<authority>Perseus Project</authority>
</publicationStmt>
<sourceDesc>
<biblStruct>

<monogr>
<author>Plutarch</author>
<title>Plutarch's Lives</title>
    <idno type="ISBN">0674991117</idno>
<respStmt>
<resp>with an English Translation by</resp>
<name>Bernadotte Perrin</name>
</respStmt>
<imprint>
<pubPlace>Cambridge, MA</pubPlace>
<publisher>Harvard University Press</publisher>
<pubPlace>London</pubPlace>
<publisher>William Heinemann Ltd.</publisher>
<date>1919</date>
</imprint>
<biblScope unit="volume">8</biblScope>
</monogr>

</biblStruct>
</sourceDesc>
</fileDesc>
<encodingDesc>
<editorialDecl>
<correction method="silent">
<p>optical character recognition</p>
</correction>
</editorialDecl>
    <refsDecl n="CTS">
        <cRefPattern n="section"
            matchPattern="(\w+).(\w+)"
            replacementPattern="#xpath(/tei:TEI/tei:text/tei:body/tei:div/tei:div[@n='$1']/tei:div[@n='$2'])">
            <p>This pointer pattern extracts chapter and section</p>
        </cRefPattern>
        <cRefPattern n="chapter"
            matchPattern="(\w+)"
            replacementPattern="#xpath(/tei:TEI/tei:text/tei:body/tei:div/tei:div[@n='$1'])">
            <p>This pointer pattern extracts chapter</p>
        </cRefPattern>
    </refsDecl>
    <refsDecl>
        <refState unit="chapter" delim="."/>
        <refState unit="section"/>
    </refsDecl></encodingDesc>
<profileDesc>
<langUsage>
<language ident="grc">Greek</language>
<language ident="eng">English</language>
</langUsage>
</profileDesc>
        <revisionDesc>
            <change when="2018-03-23" who="Lisa Cerrato">EpiDoc and CTS conversion</change>
            <change when="2010-03-01" who="RS">tagged and parsed</change>
</revisionDesc>
</teiHeader>
<text xml:lang="grc">
<body>
    <div type="edition" n="urn:cts:greekLit:tlg0007.tlg043.perseus-grc2" xml:lang="grc">
        <head>Σερτωρίου καὶ Εὐμένους σύγκρισις</head> <pb n="p.136"/> 
<div type="textpart" subtype="chapter" n="1">
<div type="textpart" subtype="section" n="1"><p>ταῦτα
ἔστιν ἃ περὶ Εὐμενοῦς καὶ Σερτωρίου  
<pb n="paris.1624.595"/> μνήμης ἄξια παρειλήφαμεν. ἐν δὲ τῇ συγκρίσει κοινὸν μὲν ἀμφοτέροις ὑπάρχει τὸ ξένους καὶ ἀλλοδαποὺς καὶ φυγάδας ὄντας ἐθνῶν τε  <pb n="p.138"/> παντοδαπῶν καὶ στρατευμάτων μαχίμων τε καὶ μεγάλων<note anchored="true" place="unspecified" resp="ed" xml:lang="eng"><foreign xml:lang="grc">μεγάλων</foreign> with Bekker: <foreign xml:lang="grc">μεγάλων δυνάμεων.</foreign>
</note> ἡγουμένους διατελεῖν, ἴδιον δὲ Σερτωρίῳ μὲν τὸ παρὰ πάντων τῶν συμμάχων δεδομένην ἔχειν διὰ τὸ ἀξίωμα τὴν ἀρχήν, Εὐμενεῖ δὲ τὸ πολλῶν διαφερομένων περὶ τῆς ἡγεμονίας πρὸς αὐτὸν ἐκ τῶν πράξεων λαμβάνειν τὸ πρωτεῖον καὶ τῷ μὲν ἄρχεσθαι βουλόμενοι δικαίως εἵποντο, τῷ δὲ ἄρχειν μὴ δυνάμενοι πρὸς τὸ συμφέρον ὑπήκουον.</p></div>
<div type="textpart" subtype="section" n="2"><p>καὶ γὰρ ὁ μὲν Ἰβήρων καὶ Λυσιτανῶν Ῥωμαῖος, ὁ δὲ Χερρονησίτης Μακεδόνων ἦρχεν, ὧν οἱ μὲν ἔκπαλαι Ῥωμαίοις ἐδούλευον, οἱ δὲ τότε πάντας ἀνθρώπους ἐδουλοῦντο. καὶ Σερτώριος μὲν ἀπὸ βουλῆς καὶ στρατηγίας θαυμαζόμενος, Εὐμενὴς δὲ διὰ τὴν γραμματείαν καταφρονούμενος ἐφʼ  ἡγεμονίαν προῆλθεν. οὐ μόνον τοίνυν ἐλάττοσι πρὸς τὴν ἀρχὴν ἀφορμαῖς, ἀλλὰ καὶ μείζοσι πρὸς τὴν αὔξησιν ἐχρήσατο κωλύμασιν Εὐμενής.</p></div>
<div type="textpart" subtype="section" n="3"><p>καὶ γὰρ ἄντικρυς τοὺς ἐνισταμένους καὶ κρύφα τοὺς ἐπιβουλεύοντας
εἶχε πολλούς, οὐχ ὥσπερ τῷ ἑτέρῳ φανερῶς μὲν οὐδείς, λάθρα δὲ ὕστερον καὶ ὀλίγοι τῶν συμμάχων ἐπανέστησαν. διὸ τῷ μὲν ἦν πέρας τοῦ κινδυνεύειν τὸ νικᾶν τοὺς πολεμίους, τῷ δὲ ἐκ τοῦ νικᾶν ὁ κίνδυνος ὑπὸ τῶν φθονούντων. </p></div></div>
<div type="textpart" subtype="chapter" n="2">
<div type="textpart" subtype="section" n="1"><p>τὰ μὲν οὖν κατὰ τὴν στρατηγίαν ἐφάμιλλα καὶ παράλληλα· τῷ δὲ ἄλλῳ τρόπῳ φιλοπόλεμος μὲν ὁ Εὐμενὴς καὶ φιλόνεικος, ἡσυχίας δὲ καὶ πρᾳότητος οἰκεῖος ὁ Σερτώριος. ὁ μὲν γὰρ,  <pb n="p.140"/> 
ἀσφαλῶς καὶ μετὰ τιμῆς βιοῦν ἐξὸν ἐκποδὼν γενομένῳ τοῖς πρώτοις, μαχόμενος καὶ κινδυνεύων διετέλεσε, τῷ δὲ οὐδὲν δεομένῳ πραγμάτων ὑπὲρ αὐτῆς τῆς τοῦ σώματος ἀσφαλείας πρὸς οὐκ ἐῶντας εἰρήνην ἄγειν ἦν ὁ πόλεμος.</p></div>
<div type="textpart" subtype="section" n="2"><p>Εὐμενεῖ μὲν γὰρ Ἀντίγονος ἐκστάντι τῶν ὑπὲρ τοῦ πρωτεύειν ἀγώνων ἡδέως ἂν ἐχρῆτο τὴν μετʼ αὐτὸν ἀγαπῶντι τάξιν, Σερτωρίῳ δὲ οἱ περὶ Πομπήϊον οὐδὲ ζῆν ἀπραγμόνως ἐπέτρεπον. διὸ τῷ μὲν ἑκοντὶ συνέβαινε πολεμεῖν ἐπʼ ἀρχῇ, τῷ δὲ ἀκουσίως ἄρχειν διὰ τὸ πολεμεῖσθαι.</p></div>
<div type="textpart" subtype="section" n="3"><p>φιλοπόλεμος μὲν οὖν ὁ τῆς ἀσφαλείας τὴν πλεονεξίαν προτιμῶν, πολεμικὸς δὲ ὁ τῷ πολέμῳ κτώμενος τὴν ἀσφάλειαν. <milestone unit="para"/>καὶ μὴν θανεῖν γε συνέβη τῷ μὲν οὐ προαισθομένῳ, τῷ δὲ καὶ προσδεχομένῳ τὴν τελευτήν, ὧν τὸ μὲν ἐπιεικείας, φίλοις γὰρ ἐδόκει πιστεύειν, τὸ δὲ ἀσθενείας, βουλόμενος γὰρ φυγεῖν συνελήφθη.</p></div>
<div type="textpart" subtype="section" n="4"><p>καὶ τοῦ μὲν οὐ κατῄσχυνε τὸν βίον ὁ θάνατος, πάσχοντος ὑπὸ τῶν συμμάχων ἃ τῶν πολεμίων αὐτὸν οὐδεὶς ἐποίησεν ὁ δὲ φεύγειν μὲν πρὸ 
<pb n="paris.1624.596"/> αἰχμαλωσίας μὴ δυνηθείς, ζῆν δὲ μετʼ αἰχμαλωσίαν βουληθείς, οὔτε ἐφυλάξατο καλῶς τὴν τελευτὴν οὔθʼ ὑπέμεινεν, ἀλλὰ προσλιπαρῶν καὶ δεόμενος τοῦ σώματος μόνου κρατεῖν δοκοῦντα τὸν πολέμιον καὶ τῆς ψυχῆς αὑτοῦ κύριον ἐποίησεν. </p></div></div>
    </div>
</body>
</text>
</TEI>
