<ti:work xml:lang="lat" xmlns:ti="http://chs.harvard.edu/xmlns/cts" urn="urn:cts:latinLit:phi0474.phi046" groupUrn="urn:cts:latinLit:phi0474">
            <ti:title xml:lang="lat">Lucullus</ti:title>
            <ti:edition urn="urn:cts:latinLit:phi0474.phi046.perseus-lat1" workUrn="urn:cts:latinLit:phi0474.phi046">
              <ti:label xml:lang="eng">Lucullus, Academicorum reliquiae cum Lucullo</ti:label>
              <ti:description xml:lang="eng">Cicero, Marcus Tullius, creator; Plasberg, Otto, 1869-1924, editor</ti:description>
            </ti:edition>
          </ti:work>
        