<?xml version="1.0" encoding="UTF-8"?>
<ti:work xmlns:ti="http://chs.harvard.edu/xmlns/cts" groupUrn="urn:cts:greekLit:tlg0007" projid="greekLit:tlg007" urn="urn:cts:greekLit:tlg0007.tlg007" xml:lang="grc">
  
   <ti:title xml:lang="eng">Solon</ti:title>
   
   <ti:edition urn="urn:cts:greekLit:tlg0007.tlg007.perseus-grc2" workUrn="urn:cts:greekLit:tlg0007.tlg007" xml:lang="grc">
      <ti:label xml:lang="eng">Solon</ti:label>
      <ti:description xml:lang="eng">Plutarch, creator; Plutarch's Lives Volume I; Perrin, Bernadotte, translator; Perrin, Bernadotte, editor; Cambridge, MA. Harvard University Press. London. William Heinemann Ltd. 1914.</ti:description>
   </ti:edition>

   <ti:translation urn="urn:cts:greekLit:tlg0007.tlg007.perseus-eng2" workUrn="urn:cts:greekLit:tlg0007.tlg007" xml:lang="eng">
      <ti:label xml:lang="eng">Solon</ti:label>
      <ti:description xml:lang="eng">Plutarch, creator; Plutarch's Lives Volume I; Perrin, Bernadotte, translator; Perrin, Bernadotte, editor; Cambridge, MA. Harvard University Press. London. William Heinemann Ltd. 1914.</ti:description>
   </ti:translation>

</ti:work>
