<?xml version="1.0" encoding="UTF-8"?>
<?xml-model href="http://www.stoa.org/epidoc/schema/latest/tei-epidoc.rng" schematypens="http://relaxng.org/ns/structure/1.0"?>
<TEI xmlns="http://www.tei-c.org/ns/1.0">
	<teiHeader>
<fileDesc>
<titleStmt>
<title n="Comp.Demetr.Ant." type="work">Comparison of Demetrius and Antony</title>
<title type="sub">Machine readable text</title>
<author n="Plut.">Plutarch</author>
<editor>Bernadotte Perrin</editor>
<sponsor>Perseus Project, Tufts University</sponsor>
<principal>Gregory Crane</principal>
<respStmt>
<resp>Prepared under the supervision of</resp>
<name>Lisa Cerrato</name>
<name>William Merrill</name>
<name>Elli Mylonas</name>
<name>David Smith</name>
</respStmt>
    <funder n="org:Tufts">Tufts University</funder>
</titleStmt>
<extent>about 682Kb</extent>
<publicationStmt>
<publisher>Trustees of Tufts University</publisher>
<pubPlace>Medford, MA</pubPlace>
<authority>Perseus Project</authority>
</publicationStmt>
<sourceDesc>
<listBibl>
<biblStruct>

<monogr>
<author>Plutarch</author>
<title>Plutarch's Lives</title>
<respStmt>
<resp>with an English Translation by</resp>
<name>Bernadotte Perrin</name>
</respStmt>
<imprint>
<pubPlace>Cambridge, MA</pubPlace>
<publisher>Harvard University Press</publisher>
<pubPlace>London</pubPlace>
<publisher>William Heinemann Ltd.</publisher>
<date>1920</date>
</imprint>
<biblScope unit="volume">9</biblScope>
</monogr>
</biblStruct>
</listBibl>
</sourceDesc>
</fileDesc>
<encodingDesc>
	<refsDecl n="CTS">
		<cRefPattern n="section"
			matchPattern="(\w+).(\w+)"
			replacementPattern="#xpath(/tei:TEI/tei:text/tei:body/tei:div/tei:div[@n='$1']/tei:div[@n='$2'])">
			<p>This pointer pattern extracts chapter and section</p>
		</cRefPattern>
		<cRefPattern n="chapter"
			matchPattern="(\w+)"
			replacementPattern="#xpath(/tei:TEI/tei:text/tei:body/tei:div/tei:div[@n='$1'])">
			<p>This pointer pattern extracts chapter</p>
		</cRefPattern>
	</refsDecl>
	<refsDecl>
		<refState unit="chapter" delim="."/>
		<refState unit="section"/>
	</refsDecl>
</encodingDesc>
<profileDesc>
<langUsage>
<language ident="grc">Greek</language>
<language ident="eng">English</language>
</langUsage>
</profileDesc>
<revisionDesc>
	<change when="2018-03-30" who="Lisa Cerrato">EpiDoc and CTS conversion</change>
	<change when="2013-09-13" who="balmas01">moving Greg's work-in-progress on CTS-izing greco-roman collection texts to a Work directory</change>
	<change when="2013-06-13" who="gcrane">tagging now should be compatible with CTS</change>
	<change when="2013-06-13" who="gcrane">changed chapters from milestones to divs</change>
	<change when="2011-01-04" who="gcrane">base SDL file</change>
	<change when="2010-11-17" who="gcrane">fixed a problem in the header</change>
	<change when="2010-11-13" who="gcrane">several loose ends cleaned up: above all -- the basic problem enclitic accent: a)ndro\s tinos to a)ndro/s tinos also: apostrophes represented as rough breathigns have been fixed: ei)=t) to ei)t' some noise has been cleaned up: ou(/tws:: to ou(/tws: floating "'" removed '*fw/kw| to *fw/kw|</change>
	<change when="2010-11-10" who="gcrane">a bug that removed spaces after ./:/; was fixed</change>
	<change when="2010-11-09" who="gcrane">We have run a script to check capitalized words at the starts of paragraphs, sentences and quotes, lower-casing
		common nouns and leaving proper names unchanged. The goal is to have files where only proper nouns are
		upper cased.</change>
	<change when="2010-09-08" who="rsingh04">added notes</change>
	<change when="2010-08-20" who="gcrane">some errors detected with morpheus fixed  -- more to do</change>
	<change when="2010-08-18" who="gcrane">capialization has been normalized as much as possible -- in Greek, we do not capitalize anything bu proper nouns. A number of common nouns at the start of paragraphs and quotations have been converted to lower case automatigcally.
	</change>
	<change when="2009-12-24" who="gcrane">fixed header</change>
	<change when="2009-12-24" who="gcrane">shifted from LDQUO/RDQUO entites to TEI q tags</change>
	<change when="2009-12-30" who="rsingh04">fixed the cvs log keyword</change>
	<change when="2009-12-15" who="rsingh04">converted demetrius, antony and comparison from sgml to xml and added to hopper.  also replaced xml snippets in other plutarch files with their respective entities.</change>
	<change when="1999-07-28" who="dasmith">Added text to REFSDECL.</change>
	<change when="1998-01-09" who="textgod">Added to repository. Passed SGML parse.</change>
</revisionDesc>
</teiHeader>
	
<text xml:lang="grc">
<body> 
<div type="edition" n="urn:cts:greekLit:tlg0007.tlg059.perseus-grc2" xml:lang="grc"> 
	<head>Δημητρίου καὶ Ἀντωνίου σύγκρισις</head> 
<div type="textpart" subtype="chapter" n="1"> 
<div type="textpart" subtype="section" n="1"><p> ἐπεὶ τοίνυν μεγάλαι περὶ ἀμφοτέρους γεγόνασι μεταβολαί, πρῶτον τὰ τῆς δυνάμεως καὶ τῆς ἐπιφανείας σκοπῶμεν, ὅτι τῷ μὲν ἦν πατρῷα καὶ προκατειργασμένα, μέγιστον ἰσχύσαντος Ἀντιγόνου τῶν διαδόχων καὶ πρὸ τοῦ Δημήτριον ἐν ἡλικίᾳ γενέσθαι τὰ πλεῖστα τῆς Ἀσίας ἐπελθόντος καὶ κρατήσαντος· </p></div> 
<div type="textpart" subtype="section" n="2"> <p>Ἀντώνιος δὲ χαρίεντος μὲν ἄλλως, ἀπολέμου δὲ καὶ μέγα μηδὲν εἰς δόξαν αὐτῷ καταλιπόντος γενόμενος πατρός, ἐπὶ τὴν <pb n="334"/> Καίσαρος ἐτόλμησεν ἀρχήν, οὐδὲν αὐτῷ κατὰ γένος προσήκουσαν, ἐλθεῖν, καὶ τοῖς ἐκείνῳ προπεπονημένοις αὐτὸς ἑαυτὸν εἰσεποίησε διάδοχον. καὶ τοσοῦτον ἴσχυσεν, ἐκ μόνων τῶν περὶ αὐτὸν ὑπαρχόντων ὁρμώμενος, ὥστε δύο μοίρας τὰ σύμπαντα ποιησάμενος τὴν ἑτέραν ἑλέσθαι καὶ λαβεῖν τὴν ἐπιφανεστέραν, ἀπὼν δὲ αὐτὸς ὑπηρέταις τε καὶ ὑποστρατήγοις Πάρθους τε νικῆσαι πολλάκις καὶ τὰ περὶ Καύκασον ἔθνη βάρβαρα μέχρι τῆς Κασπίας ὤσασθαι θαλάσσης. </p></div> 
<div type="textpart" subtype="section" n="3"> <p>μαρτύρια δὲ τοῦ μεγέθους αὐτῷ καὶ δι’ ἃ κακῶς ἀκούει. Δημητρίῳ μὲν γὰρ ὁ πατὴρ ἠγάπησε τὴν Ἀντιπάτρου Φίλαν ὡς κρείττονα συνοικῆσαι παρʼ ἡλικίαν, Ἀντωνίῳ δὲ ὁ Κλεοπάτρας γάμος ὄνειδος ἦν, γυναικὸς ὑπερβαλομένης δυνάμει καὶ λαμπρότητι πάντας πλὴν Ἀρσάκου τοὺς καθʼ αὑτὴν βασιλεῖς. ἀλλʼ οὕτως ἐποίησε μέγαν ἑαυτὸν ὥστε τοῖς ἄλλοις μειζόνων ἢ ἐβούλετο δοκεῖν ἄξιος.</p></div> </div> 
<div type="textpart" subtype="chapter" n="2"> 
<div type="textpart" subtype="section" n="1"><p> ἡ μέντοι προαίρεσις, ἀφʼ ἧς ἐκτήσαντο τὴν ἀρχήν, ἄμεμπτος ἐπὶ<note xml:lang="eng" n="1" resp="ed" place="unspecified" anchored="true"> <foreign xml:lang="grc">ἐπὶ</foreign> Bekker reads <foreign xml:lang="grc">ἡ,</foreign> with a single MS.</note> τοῦ Δημητρίου, κρατεῖν καὶ βασιλεύειν ἀνθ ρώπων εἰθισμένων κρατεῖσθαι καὶ βασιλεύεσθαι ζητοῦντος, ἡ δʼ Ἀντωνίου χαλεπὴ καὶ τυραννική, καταδουλουμένου τὸν Ῥωμαίων δῆμον ἄρτι διαφυγόντα τὴν ὑπὸ Καίσαρι μοναρχίαν. </p></div> 
<div type="textpart" subtype="section" n="2"> <p> ὃ δʼ οὖν μέγιστον αὐτῷ καὶ λαμπρότατόν ἐστι τῶν εἰργασμένων, ὁ πρὸς Κάσσιον καὶ Βροῦτον πόλεμος, ἐπὶ τῷ τὴν πατρίδα καὶ τοὺς πολίτας ἀφελέσθαι τὴν ἐλευθερίαν ἐπολεμήθη. Δημήτριος δέ, καὶ<note xml:lang="eng" n="2" resp="ed" place="unspecified" anchored="true"> <foreign xml:lang="grc">καὶ</foreign> deleted by Bekker, after Schaefer.</note> πρὶν εἰς τύχας ἐλθεῖν ἀναγκαίας,<pb n="336"/> ἐλευθερῶν τὴν Ἑλλάδα καὶ τῶν πόλεων ἐξελαύνων τὰς φρουρὰς διετέλεσεν, οὐχ ὥσπερ Ἀντώνιος, ὅτι τοὺς ἐλευθερώσαντας τὴν Ῥώμην ἀπέκτεινεν ἐν Μακεδονίᾳ, σεμνυνόμενος. </p></div> 
<div type="textpart" subtype="section" n="3"> <p>ἓν τοίνυν ἐστὶ τῶν ἐπαινουμένων Ἀντωνίου, τὸ φιλόδωρον καὶ μεγαλόδωρον, ἐν ᾧ τοσοῦτον ὑπεραίρει Δημήτριος ὥστε χαρίσασθαι τοῖς πολεμίοις ὅσα τοῖς φίλοις οὐκ ἔδωκεν Ἀντώνιος. καίτοι ταφῆναί γε καὶ περισταλῆναι κελεύσας Βροῦτον ἐκεῖνος εὐδοκίμησεν· οὗτος δὲ καὶ τοὺς ἀποθανόντας τῶν πολεμίων πάντας ἐκήδευσε καὶ τοὺς ἁλόντας Πτολεμαίῳ μετὰ χρημάτων καὶ δωρεῶν ἀπέπεμψεν.</p></div> </div> 
<div type="textpart" subtype="chapter" n="3"> 
<div type="textpart" subtype="section" n="1"><p> ὑβρισταὶ μὲν εὐτυχοῦντες ἀμφότεροι, καὶ πρὸς τρυφὰς ἀνειμένοι καὶ ἀπολαύσεις. οὐκ ἂν εἴποι δέ τις ὡς Δημήτριον ἐν εὐπαθείαις καὶ συνουσίαις ὄντα πράξεων καιρὸς ἐξέφυγεν, ἀλλὰ τῇ περιουσίᾳ τῆς σχολῆς ἐπεισῆγε τὰς ἡδονάς, καὶ τὴν Λάμιαν ὥσπερ τὴν μυθικὴν ἀτεχνῶς παίζων καὶ νυστάζων ἐποιεῖτο διαγωγήν. </p></div> 
<div type="textpart" subtype="section" n="2"> <p>ἐν δὲ ταῖς τοῦ πολέμου παρασκευαῖς οὐκ εἶχεν αὐτοῦ τὸ δόρυ κιττόν, οὐδὲ μύρων ὠδώδει τὸ κράνος, οὐδὲ γεγανωμένος καὶ ἀνθηρὸς ἐπὶ τὰς μάχας ἐκ τῆς γυναικωνίτιδος προῄει, κοιμίζων δὲ τοὺς θιάσους καὶ τὰ βακχεῖα καταπαύων ἀμφίπολος Ἄρεος ἀνιέρου, κατὰ τὸν Εὐριπίδην, ἐγίνετο, καὶ δι’ ἡδονὴν ἢ ῥαθυμίαν οὐθὲν ἁπλῶς ἔπταισεν. </p></div> 
	<div type="textpart" subtype="section" n="3"> <p><milestone unit="para"/>Ἀντώνιον δέ, ὥσπερ ἐν ταῖς γραφαῖς ὁρῶμεν τοῦ Ἡρακλέους τὴν Ὀμφάλην ὑφαιροῦσαν τὸ ῥόπαλον καὶ τὴν λεοντῆν ἀποδύουσαν, οὕτω πολλάκις Κλεοπάτρα παροπλίσασα καὶ καταθέλξασα<pb n="338"/> συνέπεισεν ἀφέντα μεγάλας πράξεις ἐκ τῶν χειρῶν καὶ στρατείας ἀναγκαίας ἐν ταῖς περὶ Κάνωβον καὶ Ταφόσιριν ἀκταῖς ἀλύειν καὶ παίζειν μετʼ αὐτῆς. </p></div> 
<div type="textpart" subtype="section" n="4"> <p>τέλος δέ, ὡς ὁ Πάρις, ἐκ τῆς μάχης ἀποδρὰς εἰς τοὺς ἐκείνης κατεδύετο κόλπους· μᾶλλον δὲ ὁ μὲν Πάρις ἡττηθεὶς ἔφυγεν εἰς τὸν θάλαμον, Ἀντώνιος δὲ Κλεοπάτραν διώκων ἔφυγε καὶ προήκατο τὴν νίκην.</p></div> </div> 
<div type="textpart" subtype="chapter" n="4"> 
<div type="textpart" subtype="section" n="1"><p> ἔτι Δημήτριος μέν, οὐ κεκωλυμένον, ἀλλʼ ἀπὸ Φιλίππου καὶ Ἀλεξάνδρου γεγονὸς ἐν ἔθει τοῖς Μακεδόνων βασιλεῦσιν, ἐγάνει γάνους πλείονας, ὥσπερ Λυσίμαχος καὶ Πτολεμαῖος, ἔσχε δὲ διὰ τιμῆς ὅσας ἔγημεν· Ἀντώνιος δὲ πρῶτον μὲν ὁμοῦ δύο γυναῖκας ἠγάγετο, πρᾶγμα μηδενὶ Ῥωμαίῳ τετολμημένον, ἔπειτα τὴν ἀστὴν καὶ δικαίως γαμηθεῖσαν ἐξήλασε τῇ ξένῃ καὶ μὴ κατὰ νόμους συνούσῃ χαριζόμενος· ὅθεν ἐκ γάμου τῷ μὲν οὐθέν, τῷ δὲ τὰ μέγιστα τῶν κακῶν ἀπήντησεν. </p></div> 
	<div type="textpart" subtype="section" n="2"> <p><milestone unit="para"/>ἀσέβημα μέντοι τοσοῦτον δι’ ἀσέλγειαν οὐθὲν ταῖς Ἀντωνίου πράξεσιν ὅσον ταῖς Δημητρίου πρόσεστιν. οἱ μὲν γὰρ ἱστορικοί φασι καὶ τῆς ἀκροπόλεως ὅλης εἴργεσθαι τὰς κύνας, διὰ τὸ τὴν μῖξιν ἐμφανῆ μάλιστα τοῦτο ποιεῖσθαι τὸ ζῷον· ὁ δὲ ἐν αὐτῷ τῷ Παρθενῶνι ταῖς τε πόρναις συνῆν καὶ τῶν ἀστῶν κατεπόρνευσε πολλάς· </p></div> 
<div type="textpart" subtype="section" n="3"> <p>καὶ οὗ τις ἂν ἥκιστα τὰς τοιαύτας τρυφὰς καὶ ἀπολαύσεις οἴοιτο μετέχειν κακοῦ, τῆς ὠμότητος, τοῦτο ἔνεστι τῇ Δημητρίου φιληδονίᾳ, περιϊδόντος, μᾶλλον δὲ ἀναγκάσαντος, οἰκτρῶς ἀποθανεῖν τὸν κάλλιστον καὶ σωφρονέστατον Ἀθηναίων, φεύγοντα τὸ καθυβρισθῆναι. συνελόντι δὲ εἰπεῖν,<pb n="340"/> Ἀντώνιος μὲν ἑαυτὸν διὰ τὴν ἀκρασίαν, Δημήτριος δὲ ἄλλους ἠδίκησε.</p></div> </div> 
<div type="textpart" subtype="chapter" n="5"> 
<div type="textpart" subtype="section" n="1"><p> πρὸς μέντοι γονεῖς ἄμεμπτον ἑαυτὸν εἰς ἅπαντα παρέσχεν ὁ Δημήτριος· Ἀντώνιος δὲ τὸν ἀδελφὸν τῆς μητρὸς ἐξέδωκεν ἐπὶ τῷ Κικέρωνα ἀποκτεῖναι, πρᾶγμα καὶ καθʼ ἑαυτὸ μιαρὸν καὶ ὠμόν, ὡς μόλις ἂν Ἀντώνιον ἐπʼ αὐτῷ συγγνώμης τυχεῖν, εἰ σωτηρίας τοῦ θείου μισθὸς ἦν ὁ Κικέρωνος θάνατος. </p></div> 
	<div type="textpart" subtype="section" n="2"> <p><milestone unit="para"/>ἃ τοίνυν ἐπιώρκησαν ἀμφότεροι καὶ παρεσπόνδησαν, ὁ μὲν Ἀρτάβαζον συλλαβών, ὁ δὲ Ἀλέξανδρον ἀποκτείνας, Ἀντωνίῳ μὲν ἔχει τὴν πρόφασιν ὁμολογουμένην· ἀπελείφθη γὰρ ἐν Μήδοις ὑπὸ Ἀρταβάζου καὶ προεδόθη· Δημήτριον δὲ πολλοὶ λέγουσι ψευδεῖς αἰτίας, ἐφʼ οἷς ἔδρασε, πλασάμενον κατηγορεῖν ἀδικηθέντα, οὐκ ἀδικήσαντα ἀμύνασθαι. <milestone unit="para"/>πάλιν δὲ τῶν μὲν κατορθωμάτων αὐτουργὸς ὁ Δημήτριος γέγονε· καὶ τοὐναντίον ὁ Ἀντώνιος, ἐν οἷς οὐ παρῆν, καλλίστας καὶ μεγίστας διὰ τῶν στρατηγῶν ἀνῃρεῖτο νίκας.</p></div> </div> 
<div type="textpart" subtype="chapter" n="6"> 
<div type="textpart" subtype="section" n="1"><p> ἐξέπεσον δὲ τῶν πραγμάτων ἀμφότεροι μὲν δι’ αὑτούς, οὐ μὴν ὁμοίως, ἀλλʼ ὁ μὲν ἐγκαταλειφθείς, ἀπέστησαν γὰρ αὐτοῦ Μακεδόνες, ὁ δὲ ἐγκαταλιπών, ἔφυγε γὰρ τοὺς ὑπὲρ αὐτοῦ κινδυνεύοντας· ὥστε τοῦ μὲν ἔγκλημα εἶναι τὸ δυσμενεῖς οὕτω πρὸς αὑτὸν ἀπεργάσασθαι τοὺς μαχομένους, τοῦ δὲ τὸ παρεσκευασμένην εὔνοιαν τοιαύτην καὶ πίστιν ἐγκαταλιπεῖν. </p></div> 
	<div type="textpart" subtype="section" n="2"> <p><milestone unit="para"/>τὸν δὲ θάνατον οὐδετέρου μὲν ἔστιν ἐπαινέσαι, ψεκτὸς δὲ ὁ Δημητρίου μᾶλλον. αἰχμάλωτός τε γὰρ ὑπέμεινε γενέσθαι, καὶ καθειρχθεὶς ἠγάπησεν<pb n="342"/> ἐπικερδᾶναι τριετίαν, οἴνῳ καὶ γαστρὶ καθάπερ τὰ ζῷα χειροήθης γενόμενος. Ἀντώνιος δὲ δειλῶς μὲν καὶ οἰκτρῶς καὶ ἀτίμως, οὐ μὴν ἀλλὰ πρό γε τοῦ κύριον γενέσθαι τὸν πολέμιον τοῦ σώματος ἑαυτόν ἐξήγαγεν.</p></div> </div> </div> </body>
</text>
</TEI>
