<?xml version="1.0" encoding="UTF-8"?>
<ti:work xmlns:ti="http://chs.harvard.edu/xmlns/cts" groupUrn="urn:cts:greekLit:tlg0007"
    projid="greekLit:tlg081" urn="urn:cts:greekLit:tlg0007.tlg081" xml:lang="grc">
    <ti:title xml:lang="lat">Regum et imperatorum apophthegmata</ti:title>

    <ti:translation urn="urn:cts:greekLit:tlg0007.tlg081.perseus-eng3"
        workUrn="urn:cts:greekLit:tlg0007.tlg081" xml:lang="eng">
        <ti:label xml:lang="eng">Sayings of Kings and Commanders</ti:label>
        <ti:description xml:lang="mul">Plutarch. Moralia, Vol. III. Babbitt, Frank Cole, translator.
            Cambridge, MA: Harvard University Press. London: William Heinemann Ltd. 1931
            (printing).</ti:description>
    </ti:translation>

    <ti:translation urn="urn:cts:greekLit:tlg0007.tlg081.perseus-eng4"
        workUrn="urn:cts:greekLit:tlg0007.tlg081" xml:lang="eng">
        <ti:label xml:lang="eng">The apophthegms or remarkable sayings of kings and great
            commanders.</ti:label>
        <ti:description xml:lang="eng">Plutarch. Plutarch's Morals, Vol. I. Goodwin, William W.,
            editor; Hinton, Edward, translator. Boston: Little, Brown, and Company. Cambridge.
            1874.</ti:description>
    </ti:translation>

    <ti:edition urn="urn:cts:greekLit:tlg0007.tlg081.perseus-grc3"
        workUrn="urn:cts:greekLit:tlg0007.tlg081" xml:lang="grc">
        <ti:label xml:lang="grc">Ἀποφθέγματα βασιλέων καὶ στρατηγῶν</ti:label>
        <ti:description xml:lang="mul">Plutarch. Moralia, Vol. III. Babbitt, Frank Cole, editor.
            Cambridge, MA: Harvard University Press. London: William Heinemann Ltd. 1931
            (printing).</ti:description>
    </ti:edition>

    <ti:edition urn="urn:cts:greekLit:tlg0007.tlg081.perseus-grc4"
        workUrn="urn:cts:greekLit:tlg0007.tlg081" xml:lang="grc">
        <ti:label xml:lang="grc">Ἀποφθέγματα βασιλέων καὶ στρατηγῶν</ti:label>
        <ti:description xml:lang="mul">Plutarch. Plutarchi Chaeronensis Moralia, Vol II.
            Vernardakēs, Grēgorios N., editor. Leipzig: Teubner. 1889.</ti:description>
    </ti:edition>
</ti:work>
