<ti:work xmlns:ti="http://chs.harvard.edu/xmlns/cts" groupUrn="urn:cts:latinLit:phi0550" projid="latinLit:phi001" urn="urn:cts:latinLit:phi0550.phi001" xml:lang="lat">
    <ti:title xml:lang="lat">De Rerum Natura</ti:title>
    <ti:translation projid="latinLit:perseus-eng1" urn="urn:cts:latinLit:phi0550.phi001.perseus-eng1" workUrn="urn:cts:latinLit:phi0550.phi001" xml:lang="eng">
      <ti:label xml:lang="eng">De Rerum Natura</ti:label>
      <ti:description xml:lang="eng">Lucretius. De Rerum Natura. William Ellery Leonard. E. P.
        Dutton. 1916.</ti:description>
      <ti:memberof collection="Perseus:collection:Greco-Roman" />
    </ti:translation>
    <ti:edition urn="urn:cts:latinLit:phi0550.phi001.perseus-lat1" workUrn="urn:cts:latinLit:phi0550.phi001">
      <ti:label xml:lang="eng">De Rerum Natura</ti:label>
      <ti:description xml:lang="eng">-</ti:description>
      <ti:memberof collection="Perseus:collection:Greco-Roman" />
    </ti:edition>
  </ti:work>
  