<?xml version="1.0" encoding="UTF-8"?>
<TEI xmlns="http://www.tei-c.org/ns/1.0">
    <teiHeader>
        <fileDesc>
            <titleStmt>
                <title n="Ab urbe condita" type="work">Ab Urbe Condita, books 8-10 - 13s</title>
                <title type="sub">Machine readable text</title>
                <author n="Liv.">Titus Livius (Livy)</author>
                <editor n="Foster" role="editor">Benjamin Oliver Foster, Ph.D.</editor>
                <sponsor>Perseus Project, Tufts University</sponsor>
                <principal>Gregory Crane</principal>
                <respStmt>
                    <resp>Prepared under the supervision of</resp>
                    <name>Bridget Almas</name>
                    <name>Lisa Cerrato</name>
                    <name>David Mimno</name>
                    <name>Rashmi Singhal</name>
                </respStmt>
                <funder n="org:NEH">The National Endowment for the Humanities</funder>
            </titleStmt>
            <extent/>
            <publicationStmt>
                <publisher>Trustees of Tufts University</publisher>
                <pubPlace>Medford, MA</pubPlace>
                <authority>Perseus Project</authority>
                <date type="release" notBefore="2006"/>
            </publicationStmt>
            <sourceDesc default="false">
                <biblStruct default="false">
                    <monogr>
                        <author>Livy</author>
                        <title>Books VIII-X With An English Translation</title>
                        <imprint>
                            <pubPlace>Cambridge</pubPlace>
                            <publisher>Cambridge, Mass., Harvard University Press; London, William
                                Heinemann, Ltd.</publisher>
                            <date>1926: no copyright notice</date>
                        </imprint>
                    </monogr>
                </biblStruct>
            </sourceDesc>
        </fileDesc>
        <encodingDesc>
            <refsDecl>
                <refState unit="book"/>
                <refState unit="chapter" n="chunk"/>
            </refsDecl>
        </encodingDesc>
        <profileDesc>
            <langUsage default="false">
                <language ident="en">English</language>
                <language ident="la">Latin</language>
                <language ident="greek">Greek</language>
            </langUsage>
        </profileDesc>
        <revisionDesc>
            <!--
            <change>
                <date>2006</date>
                <respStmt>
                    <name>GRC</name>
                    <resp>tagging</resp>
                </respStmt>
                <item/>
            </change>
        -->
            <change when="2014-10-09" who="Stella Dee">edited markup</change>
        </revisionDesc>
    </teiHeader>
    <text xml:lang="en">
        <body>
            <div part="N" sample="complete" org="uniform" n="13s" type="book">
                <head>Summary of Book XIII</head>
                <p> THE consul Valerius Laevinus fought a losing engagement with Pyrrhus, the
                    soldiers being greatly terrified by the strange sight of the elephants.
                        <reg>after</reg> this battle, when Pyrrhus was looking at the bodies of the
                    Romans who had fallen, he found that they all faced their enemies, and laying
                    waste the country, advanced towards the city of Rome. <name>Gaius</name>
                    Fabricius, being sent to him by the senate to treat for the ransom of the
                    prisoners, was in vain solicited by the King to forsake his country.
                        <name>The</name> prisoners were released without a price. <reg>cineas</reg>
                    , having been dispatched by Pyrrhus as an envoy to the senate, asked that the
                    King might be received into the City for the purpose of arranging terms of
                    peace. <reg>on</reg> its having been resolved to refer this proposal to a fuller
                    meeting of the senate, Appius Claudius, who by reason of a weakness of the eyes
                    had long abstained from public <pb n="p.551"/> business, entered the Curia and
                    by his speech prevailed on the senators to deny Pyrrhus his request.
                        <name>Gnaeus</name> Domitius was the first plebeian censor to close the
                    lustrum. <name>The</name> number of the citizens was returned as 287,222. There
                    was a second battle with Pyrrhus, of an indecisive nature. <name>The</name>
                    treaty with the Carthaginians was renewed for the fourth time. <reg>when</reg> a
                    deserter from Pyrrhus promised Gaius Fabricius the consul that he would poison
                    the King, Fabricius sent him back to the King with the story of his guilt.
                        <name>The</name> book contains also successful campaigns against the
                    Lucanians and the Bruttians, the Samnites and the Etruscans. </p>
            </div>
        </body>
    </text>
</TEI>
