<?xml version="1.0" encoding="UTF-8"?>

<ti:work xml:lang="lat" xmlns:ti="http://chs.harvard.edu/xmlns/cts" urn="urn:cts:latinLit:phi0474.phi006" groupUrn="urn:cts:latinLit:phi0474">
    <ti:title xml:lang="eng">For Marcus Tullius</ti:title>
    <ti:title xml:lang="eng">On Behalf of Marcus Tullius</ti:title>
    <ti:title xml:lang="lat">Pro Tullio</ti:title>
    
    <ti:translation urn="urn:cts:latinLit:phi0474.phi006.perseus-eng2" workUrn="urn:cts:latinLit:phi0474.phi006" xml:lang="eng">
        <ti:label xml:lang="eng">
            For Marcus Tullius, The orations of Marcus Tullius Cicero Vol 2 Three orations on the Agrarian law, the four against Catiline, the orations for Rabirius, Murena, Sulla, Archias, Flaccus, Scaurus, etc
        </ti:label>
        <ti:description xml:lang="eng">
            Cicero, Marcus Tullius, creator; Yonge, Charles Duke, 1812-1891, translator
        </ti:description>
    </ti:translation>
    
    <ti:edition urn="urn:cts:latinLit:phi0474.phi006.perseus-lat2" workUrn="urn:cts:latinLit:phi0474.phi006" xml:lang="lat">
        <ti:label xml:lang="eng">For Marcus Tullius, Orationes Volume VI</ti:label>
        <ti:description xml:lang="eng">
            Cicero, Marcus Tullius, creator; Clark, Albert Curtis, 1859-1937, editor
        </ti:description>
    </ti:edition>
    
    
    
</ti:work>


