<?xml version="1.0" encoding="UTF-8"?>
<TEI xmlns="http://www.tei-c.org/ns/1.0">
    <teiHeader>
        <fileDesc>
            <titleStmt>
                <title n="Ab urbe condita" type="work">Ab Urbe Condita, books 8-10 - 19s</title>
                <title type="sub">Machine readable text</title>
                <author n="Liv.">Titus Livius (Livy)</author>
                <editor n="Foster" role="editor">Benjamin Oliver Foster, Ph.D.</editor>
                <sponsor>Perseus Project, Tufts University</sponsor>
                <principal>Gregory Crane</principal>
                <respStmt>
                    <resp>Prepared under the supervision of</resp>
                    <name>Bridget Almas</name>
                    <name>Lisa Cerrato</name>
                    <name>David Mimno</name>
                    <name>Rashmi Singhal</name>
                </respStmt>
                <funder n="org:NEH">The National Endowment for the Humanities</funder>
            </titleStmt>
            <extent/>
            <publicationStmt>
                <publisher>Trustees of Tufts University</publisher>
                <pubPlace>Medford, MA</pubPlace>
                <authority>Perseus Project</authority>
                <date type="release" notBefore="2006"/>
            </publicationStmt>
            <sourceDesc default="false">
                <biblStruct default="false">
                    <monogr>
                        <author>Livy</author>
                        <title>Books VIII-X With An English Translation</title>
                        <imprint>
                            <pubPlace>Cambridge</pubPlace>
                            <publisher>Cambridge, Mass., Harvard University Press; London, William
                                Heinemann, Ltd.</publisher>
                            <date>1926: no copyright notice</date>
                        </imprint>
                    </monogr>
                </biblStruct>
            </sourceDesc>
        </fileDesc>
        <encodingDesc>
            <refsDecl>
                <refState unit="book"/>
                <refState unit="chapter" n="chunk"/>
            </refsDecl>
        </encodingDesc>
        <profileDesc>
            <langUsage default="false">
                <language ident="la">Latin</language>
                <language ident="en">English</language>
                <language ident="greek">Greek</language>
            </langUsage>
        </profileDesc>
        <revisionDesc>
            <!--
            <change>
                <date>2006</date>
                <respStmt>
                    <name>GRC</name>
                    <resp>tagging</resp>
                </respStmt>
                <item/>
            </change>
        -->
            <change when="2014-10-09" who="Stella Dee">edited markup</change>
        </revisionDesc>
    </teiHeader>
    <text xml:lang="la">
        <body>
            <div part="N" sample="complete" org="uniform" n="19s" type="book">
                <head>Libri XVIIII Periocha</head>
                <p> CAECILIUS METELLUS rebus adversus Poenos prospere gestis speciosum egit
                    triumphum, xiii ducibus hostium et cxx elephantis in eo ductis.
                        <name>Claudius</name> Pulcher cos. contra auspicia profectus—iussit mergi
                    pullos, qui cibari nolebant —infeliciter adversus Carthaginienses classe
                    pugnavit, et revocatus a senatu iussusque dictatorem dicere Claudium Gliciam
                    dixit, sortis ultimate hominem, qui coactus abdicare se magistratu pbstea ludos
                    praetextatus spectavit. A. Atilius Calatinns <note anchored="true"
                        place="unspecified"> calatinus vulg: calanus <hi rend="italics">MSS.</hi>
                    </note> primus dictator extra Italiam exercitum <pb n="p.558"/> duxit.
                        <reg>commutatio</reg> captivorum cum Poenis facta est. <reg>coloniae</reg>
                    deductae sunt Fregenae, in agro Sallentino Brundisium. <reg>lustrum</reg> a
                    censoribus conditum est. <reg>censa</reg> sunt civium capita <hi rend="overline"
                        >CCXLI</hi> CCXII. Claudia, soror P. Claudi, qui contemptis auspiciis male
                    pugnaverat, a ludis revertens cum turba premeretur, dixit: Utinam frater meus
                    viveret; iterum classem duceret. <reg>ob</reg> eam causam multa ei dicta est.
                        <reg>duo</reg> praetores tune primum creati sunt. <name>Caecilius</name>
                    Metellus, pontifex maximus, A. Postumium <note anchored="true"
                        place="unspecified"> A. Postumium <hi rend="italics">vulg.:</hi> aurelium
                        postumium <hi rend="italics">MSS.</hi>
                    </note> consulem, quoniam idem et flamen Martialis erat, cum is ad bellum
                    gerendum proficisci vellet, 'in urbe tenuit nec passus est a sacris recedere.
                        <reg>rebus</reg> adversus Poenos a pluribus ducibus prospere gestis, summam
                    victoriae <note anchored="true" place="unspecified"> victoriae <hi
                            rend="italics">vulg.:</hi> victoriam <hi rend="italics">MSS.</hi>
                    </note> C. Lutatius cos. victa ad Aegates insulas classe Poenorum imposuit.
                        <reg>petentibus</reg> Carthaginiensibus pax data est. <reg>cum</reg> templum
                    Vestae arderet, Caecilius Metellus, pontifex maximus, ex incendio sacra rapuit.
                        <reg>duae</reg> tribus adiectae sunt, Velina et Quirina. </p>
            </div>
        </body>
    </text>
</TEI>
