<?xml version="1.0" encoding="UTF-8"?>
<ti:work xmlns:ti="http://chs.harvard.edu/xmlns/cts" groupUrn="urn:cts:greekLit:tlg0007" projid="greekLit:tlg084b" urn="urn:cts:greekLit:tlg0007.tlg084b" xml:lang="grc">
    <ti:title xml:lang="lat">Quaestiones Graecae</ti:title>
    
    <ti:translation urn="urn:cts:greekLit:tlg0007.tlg084b.perseus-eng3" workUrn="urn:cts:greekLit:tlg0007.tlg084b" xml:lang="eng">
        <ti:label xml:lang="eng">The Greek Questions</ti:label>
        <ti:description xml:lang="mul">Plutarch. Moralia, Vol. IV. Babbitt, Frank Cole, translator. Cambridge, MA: Harvard University Press. London: William Heinemann Ltd. 1936 (printing).</ti:description>
    </ti:translation>
    
    <ti:translation urn="urn:cts:greekLit:tlg0007.tlg084b.perseus-eng4" workUrn="urn:cts:greekLit:tlg0007.tlg084b" xml:lang="eng">
        <ti:label xml:lang="eng">Greek Questions</ti:label>
        <ti:description xml:lang="eng">Plutarch. Plutarch's Morals, Vol. II. Goodwin, William W., editor; Chauncy, Isaac translator. Boston: Little, Brown, and Company. Cambridge. 1874.</ti:description>
    </ti:translation>
    
    <ti:edition urn="urn:cts:greekLit:tlg0007.tlg084b.perseus-grc3" workUrn="urn:cts:greekLit:tlg0007.tlg084b" xml:lang="grc">
        <ti:label xml:lang="grc">Αἴτια Ἑλληνικά</ti:label>
        <ti:description xml:lang="mul">Plutarch. Moralia, Vol. IV. Babbitt, Frank Cole, translator. Cambridge, MA: Harvard University Press. London: William Heinemann Ltd. 1936 (printing).</ti:description>
    </ti:edition>
    
    <ti:edition urn="urn:cts:greekLit:tlg0007.tlg084b.perseus-grc4" workUrn="urn:cts:greekLit:tlg0007.tlg084b" xml:lang="grc">
        <ti:label xml:lang="grc">Κεφαλαίων καταγραφή Ἑλληνικά</ti:label>
        <ti:description xml:lang="mul">Plutarch. Plutarchi Chaeronensis Moralia, Vol IΙ. Vernardakēs, Grēgorios N., editor; 
            Leipzig: Teubner. 1889.</ti:description>
    </ti:edition>
</ti:work>


