<?xml version="1.0" encoding="UTF-8"?>
<ti:work xmlns:ti="http://chs.harvard.edu/xmlns/cts" groupUrn="urn:cts:greekLit:tlg0007"
    projid="greekLit:tlg095" urn="urn:cts:greekLit:tlg0007.tlg095" xml:lang="grc">
    <ti:title xml:lang="lat">De cohibenda ira</ti:title>

    <ti:translation urn="urn:cts:greekLit:tlg0007.tlg095.perseus-eng3"
        workUrn="urn:cts:greekLit:tlg0007.tlg095" xml:lang="eng">
        <ti:label xml:lang="eng">On the Control of Anger</ti:label>
        <ti:description xml:lang="mul">Plutarch. Moralia, Vol. VI. Helmbold, William Clark,
            translator. Cambridge, MA: Harvard University Press. London: William Heinemann Ltd. 1936
            (printing).</ti:description>
    </ti:translation>

    <ti:translation urn="urn:cts:greekLit:tlg0007.tlg095.perseus-eng4"
        workUrn="urn:cts:greekLit:tlg0007.tlg095" xml:lang="eng">
        <ti:label xml:lang="eng">Concerning the cure of anger: a dialogue</ti:label>
        <ti:description xml:lang="eng">Plutarch. Plutarch's Morals, Vol. I. Goodwin, William W.,
            editor; Dillgham, William, translator. Boston: Little, Brown, and Company. Cambridge.
            1874.</ti:description>
    </ti:translation>

    <ti:edition urn="urn:cts:greekLit:tlg0007.tlg095.perseus-grc2"
        workUrn="urn:cts:greekLit:tlg0007.tlg095" xml:lang="grc">
        <ti:label xml:lang="grc">Περὶ ἀοπγησίας</ti:label>
        <ti:description xml:lang="mul">Plutarch. Plutarchi Chaeronensis Moralia, Vol III.
            Vernardakēs, Grēgorios N., editor. Leipzig: Teubner. 1891.</ti:description>
    </ti:edition>
</ti:work>
