<?xml version="1.0" encoding="UTF-8"?>
<?xml-model href="http://www.stoa.org/epidoc/schema/latest/tei-epidoc.rng" schematypens="http://relaxng.org/ns/structure/1.0"?>
<TEI xmlns="http://www.tei-c.org/ns/1.0">
    <teiHeader>
<fileDesc>
<titleStmt>
<title type="sub">Machine readable text</title>
<title n="Comp.Nic.Crass" type="work">Comparison of Nicias and Crassus</title>
<author n="Plut.">Plutarch</author>
<editor>Bernadotte Perrin</editor>
<sponsor>Perseus Project, Tufts University</sponsor>
<principal>Gregory Crane</principal>
<respStmt>
<resp>Prepared under the supervision of</resp>
<name>Lisa Cerrato</name>
<name>William Merrill</name>
<name>Elli Mylonas</name>
<name>David Smith</name>
</respStmt>
<funder n="org:NEH">The National Endowment for the Humanities</funder>
</titleStmt>
<extent/>
<publicationStmt>
<publisher>Trustees of Tufts University</publisher>
<pubPlace>Medford, MA</pubPlace>
<authority>Perseus Project</authority>
</publicationStmt>
<sourceDesc>
<biblStruct>

<monogr>
<author>Plutarch</author>
<title>Plutarch's Lives</title>
    <idno type="ISBN">0674990722</idno>
<respStmt>
<resp>with an English Translation by</resp>
<name>Bernadotte Perrin</name>
</respStmt>
<imprint>
<pubPlace>Cambridge, MA</pubPlace>
<publisher>Harvard University Press</publisher>
<pubPlace>London</pubPlace>
<publisher>William Heinemann Ltd.</publisher>
<date>1916</date>
</imprint>
<biblScope unit="volume">3</biblScope>
</monogr>

</biblStruct>
</sourceDesc>
</fileDesc>
<encodingDesc>
<editorialDecl>
<correction method="silent">
<p>optical character recognition</p>
</correction>
</editorialDecl>
    <refsDecl n="CTS">
        <cRefPattern n="section"
            matchPattern="(\w+).(\w+)"
            replacementPattern="#xpath(/tei:TEI/tei:text/tei:body/tei:div/tei:div[@n='$1']/tei:div[@n='$2'])">
            <p>This pointer pattern extracts chapter and section</p>
        </cRefPattern>
        <cRefPattern n="chapter"
            matchPattern="(\w+)"
            replacementPattern="#xpath(/tei:TEI/tei:text/tei:body/tei:div/tei:div[@n='$1'])">
            <p>This pointer pattern extracts chapter</p>
        </cRefPattern>
    </refsDecl>
    <refsDecl>
        <refState unit="chapter" delim="."/>
        <refState unit="section"/>
    </refsDecl>
</encodingDesc>
<profileDesc>
<langUsage>
<language ident="grc">Greek</language>
</langUsage>
</profileDesc>
        
        <revisionDesc>
            <change when="2018-02-14" who="Lisa Cerrato">EpiDoc and CTS file conversion</change>
            <change when="2010-03-01" who="RS">tagged and parsed</change>
</revisionDesc>
</teiHeader>
    
<text xml:lang="grc">
<body>
    <div type="edition" n="urn:cts:greekLit:tlg0007.tlg040.perseus-grc2" xml:lang="grc"> 
        <head>Νικίου καὶ Κράσσου σύγκρισις</head>
        <pb n="p.424"/> 
<div type="textpart" subtype="chapter" n="1"> 
    
<div type="textpart" subtype="section" n="1"><p>ἐν δὲ τῇ συγκρίσει πρῶτον ὁ Νικίου πλοῦτος τῷ Κράσσου παραβαλλόμενος ἀμεμπτοτέραν ἔχει τὴν κτῆσιν. ἄλλως μὲν γὰρ οὐκ ἄν τις δοκιμάσειε τὴν ἀπὸ μετάλλων ἐργασίαν, ἧς τὰ πλεῖστα περαίνεται διὰ κακούργων ἢ βαρβάρων, ἐνίων δεδεμένων καὶ φθειρομένων ἐν τόποις ὑπούλοις καὶ νοσεροῖς· παραβαλλομένη δὲ πρὸς τὰ Σύλλα δημιόπρατα καὶ τὰς περὶ τὸ πῦρ ἐργολαβίας, ἐπιεικεστέρα φανεῖται.</p></div> 
<div type="textpart" subtype="section" n="2"><p>ταύταις γὰρ ὁ Κράσσος ἀναφανδὸν ὡς τῷ γεωργεῖν ἐχρῆτο καὶ τῷ δανείζειν· ἃ δὲ ἔξαρνος ἦν ἐλεγχόμενος, ἐπὶ κέρδεσιν ἐν βουλῇ λέγειν καὶ τοὺς συμμάχους ἀδικεῖν καὶ γύναια περιιὼν κολακεύειν καὶ συνεπικρύπτειν τοὺς πονηρούς, τούτων αἰτίαν οὐδὲ ψευδῆ ποτε Νικίας ἔλαβεν, ἄλλως δὲ διδοὺς καὶ προϊέμενος ἀργύριον ὑπὸ δειλίας τοῖς συκοφάνταις ἐχλευάζετο, πρᾶγμα ποιῶν Περικλεῖ μὲν ἴσως καὶ Ἀριστείδῃ μὴ πρέπον, αὐτῷ δʼ ἀναγκαῖον οὐκ εὖ πεφυκότι πρὸς τὸ θαρρεῖν.</p></div> 
<div type="textpart" subtype="section" n="3"><p>ᾧ καὶ Λυκοῦργος ὕστερον ὁ ῥήτωρ ἐπαρρησιάσατο πρὸς τὸν δῆμον, αἰτίαν ἔχων ἐξωνήσασθαί τινα τῶν συκοφαντῶν· <q>ἥδομαι γάρ,</q> εἶπεν, <q>εἰ τοσοῦτον χρόνον πεπολιτευμένος παρʼ ὑμῖν διδοὺς πεφώραμαι πρότερον ἢ λαμβάνων.</q></p></div> 
<div type="textpart" subtype="section" n="4"><p>τὴν δὲ ταῖς δαπάναις πολιτικώτερος μὲν ὁ Νικίας ἀναθήμασι καὶ γυμνασιαρχίαις καὶ <pb n="p.426"/> διδασκαλίαις χορῶν φιλοτιμούμενος, ὧν δʼ ὁ Κράσσος ἀνάλωσεν ἑστιάσας ἅμα τοσαύτας μυριάδας ἀνθρώπων, εἶτα θρέψας πάλιν, οὐδὲν ἦν μέρος ἃ Νικίας ἐκέκτητο σὺν οἷς ἀνάλωσεν, ὥστε θαυμάζειν, εἴ τινα λέληθε τὸ τὴν κακίαν ἀνωμαλίαν εἶναί τινα τρόπου καὶ ἀνομολογίαν, ὁρῶντα τοὺς αἰσχρῶς συλλέγοντας εἶτʼ ἀχρήστως ἐκχέοντας.</p></div></div> 
<div type="textpart" subtype="chapter" n="2"> 
<div type="textpart" subtype="section" n="1"><p>περὶ μὲν τοῦ πλούτου τοσαῦτα· τοῖς δὲ πολιτεύμασι τοῦ μὲν Νικίου πανοῦργον οὐδὲν οὐδὲ ἄδικον οὐδὲ βίαιον πρόσεστιν οὐδὲ θρασύτης, ἀλλʼ ἐξηπατᾶτο μᾶλλον ὑπὸ Ἀλκιβιάδου καὶ τῷ δήμῳ προσῄει μετʼ εὐλαβείας, τοῦ δὲ Κράσσου πολλὴν μὲν ἐν ταῖς πρὸς ἔχθραν καὶ φιλίαν μεταβολαῖς ἀπιστίαν καὶ ἀνελευθερίαν κατηγοροῦσι, βίᾳ δʼ οὐδʼ αὐτὸς ἠρνεῖτο τὴν ὑπατείαν μετιέναι, μισθωσάμενος ἄνδρας τοὺς Κάτωνι καὶ Δομιτίῳ τὰς χεῖρας προσοίσοντας.</p></div> 
<div type="textpart" subtype="section" n="2"><p>ἐν δὲ τῇ περί τῶν ἐπαρχιῶν ψηφοφορίᾳ τοῦ δήμου πολλοὶ μὲν ἐτρώθησαν, ἔπεσον δὲ τέσσαρες, αὐτὸς δʼ, ὅπερ ἡμᾶς ἐν τῇ διηγήσει παρελήλυθε, Λεύκιον Ἀννάλιον, ἄνδρα βουλευτήν, ἀντιλέγοντα πὺξ πατάξας εἰς τὸ πρόσωπον ἐξέβαλεν ᾑμαγμένον.</p></div> 
<div type="textpart" subtype="section" n="3"><p>ὡς δὲ περί ταῦτα βίαιος ὁ Κράσσος καὶ τυραννικός, οὕτως αὖ πάλιν ἐκείνου τὸ ψοφοδεὲς <pb n="paris.1624.568"/> ἐν τῇ πολιτείᾳ καὶ ἄτολμον καὶ τοῖς κακίστοις ὑφειμένον τῶν μεγίστων ἐπιλήψεων ἄξιον ὁ δὲ Κράσσος ὑψηλὸς περί γε ταῦτα καὶ μεγαλόφρων, οὐ πρὸς Κλέωνας οὐδʼ Ὑπερβόλους, μὰ Δία, τοῦ <pb n="p.428"/> ἀγῶνος ὄντος, ἀλλὰ πρὸς τὴν Καίσαρος λαμπρότητα καὶ τρεῖς τοῦ Πομπηΐου θριάμβους, οὐχ ὑπείξας, ἀλλʼ ἀντάρας ἑκατέρῳ τὴν δύναμιν, ἀξιώματι δὲ τῆς τιμητικῆς ἀρχῆς καὶ Πομπήιον ὑπερβαλόμενος.</p></div> 
<div type="textpart" subtype="section" n="4"><p>δεῖ γὰρ ἐπὶ μεγίστοις οὐ τὸ ἀνεπίφθονον, ἀλλὰ τὸ λαμπρὸν ἐν πολιτείᾳ λαμβάνειν, μεγέθει δυνάμεως ἐξαμαυροῦντα τὸν φθόνον. εἰ δʼ ἐξ ἅπαντος ἀγαπᾶς ἀσφάλειαν καὶ ἡσυχίαν, καὶ δέδιας Ἀλκιβιάδην μὲν ἐπὶ τοῦ βήματος, ἐν δὲ Πύλῳ Λακεδαιμονίους, Περδίκκαν δʼ ἐν Θρᾴκῃ, πολλὴν εὐρυχωρίαν ἡ πόλις ἔχει σχολῆς ἐκ μέσου γενόμενον καθῆσθαι πλέκοντα τῆς ἀταραξίας σεαυτῷ στέφανον, ὡς ἔνιοι σοφισταὶ λέγουσιν.</p></div> 
<div type="textpart" subtype="section" n="5"><p>ὁ μὲν γὰρ τῆς εἰρήνης ἔρως θεῖος ἦν ὡς ἀληθῶς, καὶ τὸ λῦσαι τὸν πόλεμον ἑλληνικώτατον πολίτευμα· καὶ τῆς πράξεως ἕνεκα ταύτης οὐκ ἄξιον Νικίᾳ παραβαλεῖν Κράσσον, οὐδʼ εἰ τὸ Κάσπιον φέρων πέλαγος ἢ τὸν Ἰνδὸν ὠκεανὸν τῇ Ῥωμαίων ἡγεμονίᾳ προσώρισεν.</p></div></div> 
<div type="textpart" subtype="chapter" n="3"> 
<div type="textpart" subtype="section" n="1"><p>πόλει μέντοι χρώμενον ἀρετῆς αἰσθανομένῃ καὶ κρείττονα ὄντα τῇ δυνάμει χώραν οὐ δοτέον τοῖς πονηροῖς οὐδʼ ἀρχὴν μὴ ἄρχουσιν οὐδὲ πίστιν ἀπιστουμένοις, ὅπερ ἐποίησεν ὁ Νικίας, τὸν Κλέωνα μηδὲν ὄντα πλέον ἐν τῇ πόλει τῆς ἀπὸ τοῦ βήματος ἀναισχυντίας καὶ κραυγῆς αὐτὸς εἰς τὸ στρατηγεῖν καταστήσας.</p></div> 
<div type="textpart" subtype="section" n="2"><p>οὐκ ἐπαινῶ μὲν γὰρ<note place="unspecified" anchored="true" xml:lang="eng" resp="editor"><foreign xml:lang="grc">μὲν γὰρ</foreign> Stephanus, Bekker, and S : <foreign xml:lang="grc">μέν</foreign></note> ἐγὼ τὸν Κράσσον ἐν τοῖς Σπαρτακείοις <pb n="p.430"/> ἐπειχθέντα θᾶσσον ἢ ἀσφαλέστερον διαγωνίσασθαι, καίτοι φιλοτιμίας ἦν τὸ δεῖσαι μὴ Πομπήιος ἐλθὼν ἀφέληται τὴν δόξαν αὐτοῦ, καθάπερ ἀφείλετο Μετέλλου Μόμμιος τὴν Κόρινθον τὸ δὲ τοῦ Νικίου παντάπασιν ἄτοπον καὶ δεινόν. οὐ γὰρ ἐλπίδας οὐδὲ ῥᾳστώνην ἐχούσης ἐξέστη τῷ ἐχθρῷ φιλοτιμίας καὶ ἀρχῆς, ἀλλὰ κίνδυνον ὑφορώμενος ἐν τῇ στρατηγίᾳ μέγαν ἠγάπησε, τὸ καθʼ αὑτὸν ἐν ἀσφαλεῖ θέμενος, προέσθαι τὸ κοινόν·</p></div> 
<div type="textpart" subtype="section" n="3"><p>καίτοι ὅ γε Θεμιστοκλῆς, ἵνα μὴ φαῦλος ἄνθρωπος ἐν τοῖς Περσικοῖς καὶ ἄφρων στρατηγήσας ἀπολέσῃ τὴν πόλιν, ἀργυρίῳ τῆς ἀρχῆς ἀπέστησεν αὐτόν, καὶ Κάτων, ὅτε μάλιστα ἑώρα πράγματα καὶ κινδύνους ἔχουσαν ὑπὲρ τῆς· πόλεως τὴν δημαρχίαν, μετῆλθεν·</p></div> 
    <div type="textpart" subtype="section" n="4"><p>ὁ δʼ αὑτὸν ἐπὶ τὴν Μίνῳαν καὶ Κύθηρα καὶ Μηλίους τοὺς ταλαιπώρους φυλάττων στρατηγόν, εἰ δὲ<note place="unspecified" anchored="true" xml:lang="eng" resp="editor"><foreign xml:lang="grc">εἰ δὲ</foreign> Coraës and Bekker, after Bryan : <foreign xml:lang="grc">εἰ</foreign>.</note> δέοι μάχεσθαι Λακεδαιμονίοις, ἀποδυόμενος τὴν χλανύδα καὶ τῇ Κλέωνος ἀπειρίᾳ καὶ θρασύτητι ναῦς καὶ ἄνδρας καὶ ὅπλα καὶ στρατηγίαν ἐμπειρίας ἄκρας δεομένην παραδιδούς, οὐ τὴν ἑαυτοῦ προΐεται δόξαν, ἀλλὰ τὴν τῆς<note place="unspecified" anchored="true" xml:lang="eng" resp="editor"><foreign xml:lang="grc">τὴν τῆς</foreign> Stephanus, Bekker, and S : <foreign xml:lang="grc">τῆς</foreign>.</note> πατρίδος ἀσφάλειαν καὶ σωτηρίαν.</p></div> 
<div type="textpart" subtype="section" n="5"><p>ὅθεν ὕστερον οὐχ ἑκὼν οὐδὲ βουλόμενος Συρακουσίοις πολεμεῖν ἠναγκάζετο, δοκῶν οὐ λογισμῷ τοῦ συμφέροντος, ἀλλὰ ῥᾳστώνῃ καὶ μαλακίᾳ τὸ παρʼ αὑτὸν ἀποστερεῖν Σικελίας τὴν πόλιν. <milestone unit="para" resp="editor"/>ἐκεῖνο μέντοι μεγάλης ἐπιεικείας σημεῖον, ὅτι δυσχεραίνοντα τὸ πολεμεῖν ἀεὶ καὶ φεύγοντα τὸ <pb n="p.432"/> στρατηγεῖν οὐκ ἐπαύοντο χειροτονοῦντες ὡς ἐμπειρότατον καὶ βέλτιστον·</p></div> 
<div type="textpart" subtype="section" n="6"><p>τῷ δὲ Κράσσῳ παρὰ πάντα τὸν χρόνον ἐφιεμένῳ στρατηγίας οὐχ ὑπῆρξε τυχεῖν, πλὴν ἐπὶ τὸν δουλικὸν πόλεμον ἐξ ἀνάγκης, Πομπηΐου καὶ Μετέλλου καὶ Λουκούλλων ἀμφοτέρων ἀπόντων, καίτοι τότε τιμωμένῳ μάλιστα καὶ δυναμένῳ πλεῖστον, ἀλλʼ, ὡς ἔοικε, καὶ τοῖς σπουδάζουσι περὶ αὑτὸν ἐδόκει κατὰ τὸν κωμικὸν <q>ἀνὴρ ἄριστος</q> εἶναι <q>τἆλλα πλὴν ἐν ἀσπίδι.</q></p></div> 
<div type="textpart" subtype="section" n="7"><p>καὶ τοῦτο Ῥωμαίους οὐδὲν ὤνησεν <pb n="paris.1624.567"/> ἐκβιασθέντας ὑπὸ τῆς φιλαρχίας αὐτοῦ καὶ φιλοτιμίας. Ἀθηναῖοι μὲν γὰρ ἄκοντα Νικίαν ἐξέπεμψαν ἐπὶ τὸν πόλεμον. Ῥωμαίους δὲ Κράσσος ἄκοντας ἐξήγαγεν· καὶ διὰ μὲν τοῦτον ἡ πόλις, ἐκεῖνος δὲ διὰ τὴν πόλιν ἠτύχησεν.</p></div></div> 
<div type="textpart" subtype="chapter" n="4"> 
<div type="textpart" subtype="section" n="1"><p>οὐ μὴν ἀλλὰ μᾶλλον ἔστιν ἐν τούτοις τὸν Νικίαν ἐπαινεῖν ἢ ψέγειν τὸν Κράσσον. ὁ μὲν γὰρ ἐμπειρίᾳ καὶ λογισμῷ χρησάμενος ἡγεμόνος ἔμφρονος οὐ συνηπατήθη ταῖς ἐλπίσι τῶν πολιτῶν, ἀλλʼ ἀπεῖπε καὶ ἀπέγνω λήψεσθαι Σικελίαν· ὁ δʼ ὡς ἐπὶ ῥᾷστον ἔργον τὸν Παρθικὸν ὁρμήσας πόλεμον ἥμαρτεν.</p></div> 
<div type="textpart" subtype="section" n="2"><p>ὠρέχθη δὲ μεγάλων, Καίσαρος τὰ ἑσπέρια καὶ Κελτοὺς καὶ Γερμανοὺς καταστρεφομένου καὶ Βρεττανίαν, αὐτὸς ἐπὶ τὴν ἕω καὶ τὴν Ἰνδικὴν ἐλάσαι θάλασσαν καὶ προσεργάσασθαι τὴν Ἀσίαν οἷς Πομπήιος ἐπῆλθε καὶ Λούκουλλος ἀντέσχεν, ἄνδρες εὐμενεῖς καὶ πρὸς πάντας ἀγαθοὶ διαμείναντες, προελόμενοι δʼ ὅμοια <pb n="p.434"/> Κράσσῳ καὶ τὰς αὐτὰς ὑποθέσεις λαβόντες,</p></div> 
<div type="textpart" subtype="section" n="3"><p>ἐπεὶ καὶ Πομπηΐῳ τῆς ἀρχῆς διδομένης ἡ σύγκλητος ἠναντιοῦτο, καὶ Καίσαρα μυριάδας τριάκοντα Γερμανῶν τρεψάμενον συνεβούλευεν ὁ Κάτων ἐκδοῦναι τοῖς ἡττημένοις καὶ τρέψαι τὸ μήνιμα τοῦ παρασπονδήματος εἰς ἐκεῖνον ὁ δὲ δῆμος ἐρρῶσθαι φράσας Κάτωνι, πεντεκαίδεκα ἡμέρας ἔθυεν ἐπινίκια καὶ περιχαρὴς ἦν.</p></div> 
<div type="textpart" subtype="section" n="4"><p>πῶς οὖν ἂν διετέθη καὶ πόσας ἔθυσεν ἡμέρας, εἰ Κράσσος ἐκ Βαβυλῶνος ἔγραψε νικᾶν, εἶτʼ ἐπελθὼν Μηδίαν, Περσίδα, Ὑρκανούς, Σοῦσα, Βάκτρα, Ῥωμαίων ἐπαρχίας ἀπέδειξεν ; εἴπερ γὰρ ἀδικεῖν χρή, κατὰ τὸν Εὐριπίδην,<note place="unspecified" anchored="true" xml:lang="eng" resp="editor">Eteocles in the Phoenissae, 524 f. (Kirchhoff): <quote rend="blockqoute" xml:lang="grc"><l>ἔπερ γὰρ ἀδικεῖν χρή, τυραννίδος π́ερι</l> <l>κάλλιστον ἀδικεῖν· τἄλλα δʼ εὐσεβεῖν χρεών.</l></quote></note> ἡσυχίαν ἄγειν μὴ δυναμένους μηδὲ χρῆσθαι τοῖς παροῦσιν ἀγαθοῖς εἰδότας, οὐ Σκάνδειαν, οὐ Μένδην ἐκκοπτέον, οὐδὲ φεύγοντας Αἰγινήτας ἀπολελοιπότας τὴν ἑαυτῶν,</p></div> 
<div type="textpart" subtype="section" n="5"><p>ὥσπερ ὄρνιθας εἰς ἑτέραν χώραν ἀποκεκρυμμένους, ἐκθηρατέον, ἀλλὰ πολλοῦ τιμητέον τὸ ἀδικεῖν, μὴ ῥᾳδίως μηδʼ ἐπὶ τοῖς τυχοῦσιν, ὥς τι φαῦλον ἢ μικρὸν, προϊεμένους τὸ δίκαιον, οἱ δὲ τὴν μὲν τῆς Ἀλεξάνδρου στρατείας ὁρμὴν ἐπαινοῦντες, τὴν δὲ Κράσσου ψέγοντες, οὐκ εὖ τὰ πρῶτα κρίνουσιν ἀπὸ τῶν τελευταίων.</p></div></div> 
<div type="textpart" subtype="chapter" n="5"> 
<div type="textpart" subtype="section" n="1"><p>ἐν δὲ ταῖς στρατηγίαις αὐταῖς Νικίου μὲν οὐκ ὀλίγα γενναῖα· καὶ γὰρ μάχαις πολλαῖς ἐνίκησε τοὺς πολεμίους, καὶ τοῦ λαβεῖν Συρακούσας ὀλίγον ἐδέησε, καὶ πάντα διʼ αὑτὸν <pb n="p.436"/> οὐκ ἔπταισεν, ἀλλὰ καὶ νόσον ἄν τις αἰτιάσαιτο καὶ φθόνον τῶν οἴκοι πολιτῶν Κράσσος δὲ διὰ πλῆθος ἁμαρτημάτων οὐδὲν τῇ τύχῃ χρηστὸν ἀποδείξασθαι παρῆκεν, ὥστε θαυμάζειν αὐτοῦ τὴν ἀβελτερίαν οὐ τῆς Πάρθων δυνάμεως ἡττηθεῖσαν, ἀλλὰ τῆς Ῥωμαίων εὐτυχίας περιγενομένην.</p></div> 
<div type="textpart" subtype="section" n="2"><p>ἐπεὶ δʼ ὁ μὲν μηδενὸς τῶν ἀπὸ μαντικῆς καταφρονῶν, ὁ δὲ πάντα ὑπερορῶν ὁμοίως ἀπώλοντο, χαλεπὴ μὲν ἐν τούτοις ἡ ἀσφάλεια καὶ δύσκριτος, ἐπιεικέστερον δὲ<note place="unspecified" anchored="true" xml:lang="eng" resp="editor"><foreign xml:lang="grc">ἐπιεικέστερον δὲ</foreign> a following <foreign xml:lang="grc">αὐτῆς</foreign> of the MSS. is suspected by Coraës, lamely defended by Sintenis, and bracked by Bekker.</note> τοῦ παρανόμου καὶ αὐθάδους τὸ μετὰ δόξης παλαιᾶς καὶ συνήθους διʼ εὐλάβειαν ἁμαρτανόμενον. <milestone unit="para" resp="editor"/>περὶ μέντοι τὴν τελευτὴν ἀμεμπτότερος ὁ Κράσσος οὐ παραδοὺς ἑαυτὸν οὐδὲ δεθεὶς οὐδὲ φενακισθείς, ἀλλʼ εἴξας τοῖς φίλοις δεομένοις καὶ παρασπονδηθεὶς ὑπὸ τῶν πολεμίων ὁ δὲ Νικίας αἰσχρᾶς καὶ ἀκλεοῦς ἐλπίδι σωτηρίας ὑποπεσὼν τοῖς πολεμίοις αἰσχίονα ἑαυτῷ τὸν θάνατον ἐποίησεν.</p></div></div></div></body>
</text>
</TEI>
