<ti:work xmlns:ti="http://chs.harvard.edu/xmlns/cts" groupUrn="urn:cts:latinLit:phi0893" projid="latinLit:phi002" urn="urn:cts:latinLit:phi0893.phi002" xml:lang="lat">
  <ti:title xml:lang="lat">Carmen Saeculare</ti:title>
  <ti:edition urn="urn:cts:latinLit:phi0893.phi002.perseus-lat2" workUrn="urn:cts:latinLit:phi0893.phi002">
    <ti:label xml:lang="eng">Carmen Saeculare, Horace Odes and epodes</ti:label>
    <ti:description xml:lang="eng">Horace, creator; Shorey, Paul, 1857-1934, editor</ti:description>
  </ti:edition>
</ti:work>