<?xml version="1.0" encoding="UTF-8"?>
<ti:work xmlns:ti="http://chs.harvard.edu/xmlns/cts" groupUrn="urn:cts:greekLit:tlg0006" urn="urn:cts:greekLit:tlg0006.tlg002" xml:lang="grc">
   
   
   <ti:title xml:lang="eng">Alcestis</ti:title>
   
   <ti:translation urn="urn:cts:greekLit:tlg0006.tlg002.perseus-eng2" xml:lang="eng" workUrn="urn:cts:greekLit:tlg0006.tlg002">
      <ti:label xml:lang="eng">Alcestis</ti:label>
      <ti:description xml:lang="eng">Euripides. The Plays of Euripides, Translated into English Prose from the Text of Paley. Vol. II. Coleridge, Edward P., translator. London: George Bell and Sons, 1891.</ti:description>
   </ti:translation>
   
   <ti:translation urn="urn:cts:greekLit:tlg0006.tlg002.perseus-eng1" xml:lang="eng" workUrn="urn:cts:greekLit:tlg0006.tlg002">
      
      <ti:label xml:lang="eng">Alcestis</ti:label>
      
      <ti:description xml:lang="eng">Euripides. Cyclops. Alcestis. Medea. Edited and translated by David Kovacs. Loeb Classical Library 12. Cambridge, MA: Harvard University Press, 1994.</ti:description>
      
      <ti:memberof collection="Perseus:collection:Greco-Roman-protected"/>
      
   </ti:translation>
   
   <ti:edition urn="urn:cts:greekLit:tlg0006.tlg002.perseus-grc1" xml:lang="grc" workUrn="urn:cts:greekLit:tlg0006.tlg002">
      
      <ti:label xml:lang="grc">Ἄλκηστις</ti:label>
      
      <ti:description xml:lang="eng">Euripides. Cyclops. Alcestis. Medea. Edited and translated by David Kovacs. Loeb Classical Library 12. Cambridge, MA: Harvard University Press, 1994.</ti:description>
      
      <ti:memberof collection="Perseus:collection:Greco-Roman-protected"/>
      
   </ti:edition>

</ti:work>