<?xml version="1.0" encoding="UTF-8"?>
<ti:work xmlns:ti="http://chs.harvard.edu/xmlns/cts" groupUrn="urn:cts:greekLit:tlg0006" projid="greekLit:tlg007" urn="urn:cts:greekLit:tlg0006.tlg007" xml:lang="grc">
      
   <ti:title xml:lang="eng">Hecuba</ti:title>
    
    <ti:edition urn="urn:cts:greekLit:tlg0006.tlg007.perseus-grc2" xml:lang="grc" workUrn="urn:cts:greekLit:tlg0006.tlg007">
        <ti:label xml:lang="grc">Ἑκάβη</ti:label>
        <ti:description xml:lang="mul">Euripides. Euripidis Fabulae, Vol. I. Murray, Gilbert, editor. Oxford: Clarendon Press, 1902. (Reprinted 1906-1974)</ti:description>
     </ti:edition>
    
    <ti:translation urn="urn:cts:greekLit:tlg0006.tlg007.perseus-eng2" xml:lang="eng" workUrn="urn:cts:greekLit:tlg0006.tlg007">
        <ti:label xml:lang="eng">Hecuba</ti:label>
        <ti:description xml:lang="eng">Euripides. The Plays of Euripides, Translated into English Prose from the Text of Paley. Vol. II. Coleridge, Edward P., translator. London: George Bell and Sons, 1891.</ti:description>
    </ti:translation>
    
</ti:work>