<?xml version="1.0" encoding="UTF-8"?> 
<?xml-model href="http://www.stoa.org/epidoc/schema/latest/tei-epidoc.rng" schematypens="http://relaxng.org/ns/structure/1.0"?> 
<TEI xmlns="http://www.tei-c.org/ns/1.0">
    <teiHeader>
<fileDesc>
<titleStmt>
<title type="sub">Machine readable text</title>
<title n="Comp.Ages.Pomp" type="work">Comparison of Agesilaus and Pompey</title>
<author n="Plut.">Plutarch</author>
<editor>Bernadotte Perrin</editor>
<sponsor>Perseus Project, Tufts University</sponsor>
<principal>Gregory Crane</principal>
<respStmt>
<resp>Prepared under the supervision of</resp>
<name>Lisa Cerrato</name>
<name>William Merrill</name>
<name>Elli Mylonas</name>
<name>David Smith</name>
</respStmt>
<funder n="org:NEH">The National Endowment for the Humanities</funder>
</titleStmt>
<extent/>
<publicationStmt>
<publisher>Trustees of Tufts University</publisher>
<pubPlace>Medford, MA</pubPlace>
<authority>Perseus Project</authority>
</publicationStmt>
<sourceDesc>
<biblStruct>

<monogr>
<author>Plutarch</author>
<title>Plutarch's Lives</title>
    <idno type="ISBN">0674990978</idno>
<respStmt>
<resp>with an English Translation by</resp>
<name>Bernadotte Perrin</name>
</respStmt>
<imprint>
<pubPlace>Cambridge, MA</pubPlace>
<publisher>Harvard University Press</publisher>
<pubPlace>London</pubPlace>
<publisher>William Heinemann Ltd.</publisher>
<date>1917</date>
</imprint>
<biblScope unit="volume">5</biblScope>
</monogr>

</biblStruct>
</sourceDesc>
</fileDesc>
<encodingDesc>
<editorialDecl>
<correction method="silent">
<p>optical character recognition</p>
</correction>
</editorialDecl>
    <refsDecl n="CTS">
        <cRefPattern n="section"
            matchPattern="(\w+).(\w+)"
            replacementPattern="#xpath(/tei:TEI/tei:text/tei:body/tei:div/tei:div[@n='$1']/tei:div[@n='$2'])">
            <p>This pointer pattern extracts chapter and section</p>
        </cRefPattern>
        <cRefPattern n="chapter"
            matchPattern="(\w+)"
            replacementPattern="#xpath(/tei:TEI/tei:text/tei:body/tei:div/tei:div[@n='$1'])">
            <p>This pointer pattern extracts chapter</p>
        </cRefPattern>
    </refsDecl>
    <refsDecl>
        <refState unit="chapter" delim="."/>
        <refState unit="section"/>
    </refsDecl>
</encodingDesc>
<profileDesc>
<langUsage>
<language ident="grc">Greek</language>
</langUsage>
</profileDesc>
<revisionDesc>
    <change when="2018-02-21" who="Lisa Cerrato">EpiDoc and CTS file conversion work</change>
<change when="2010-03-01" who="RS">tagged and parsed</change>
</revisionDesc>
</teiHeader>
    
<text xml:lang="grc">
    <body>
    <div type="edition" n="urn:cts:greekLit:tlg0007.tlg046.perseus-grc2" xml:lang="grc">
        <head>Ἀγησιλάου καὶ Πομπηΐου σύγκρισις</head>
<pb n="p.326"/> 
        <div type="textpart" subtype="chapter" n="1">        
<div type="textpart" subtype="section" n="1"><p> ἐκκειμένων οὖν τῶν βίων ἐπιδράμωμεν τῷ <pb n="paris.1624.662"/> λόγῳ ταχέως τὰ ποιοῦντα τὰς διαφοράς, παρʼ ἄλληλα συνάγοντες, ἔστι δὲ ταῦτα· πρῶτον, ὅτι Πομπήϊος ἐκ τοῦ δικαιοτάτου τρόπου παρῆλθεν εἰς δύναμιν καὶ δόξαν, αὐτὸς ὁρμηθεὶς ἀφʼ ἑαυτοῦ καὶ πολλὰ καὶ μεγάλα Σύλλᾳ τὴν Ἰταλίαν ἀπὸ τῶν τυράννων ἐλευθεροῦντι συγκατεργασάμενος, </p></div> 
<div type="textpart" subtype="section" n="2"><p>Ἀγησίλαος δὲ τὴν βασιλείαν ἔδοξε λαβεῖν οὔτε τὰ πρὸς θεοὺς ἄμεμπτος οὔτε τὰ πρὸς ἀνθρώπους, κρίνας νοθείας Λεωτυχίδην, ὃν υἱὸν αὑτοῦ<note anchored="true" place="unspecified" resp="editor" xml:lang="eng"><foreign xml:lang="grc">αὑτοῦ</foreign> bracketed by Sintenis.</note> ἀπέδειξεν ἀδελφὸς γνήσιον, τὸν δὲ χρησμὸν κατειρωνευσάμενος τὸν περὶ τῆς χωλότητος. δεύτερον, ὅτι Πομπήϊος Σύλλαν καὶ ζῶντα τιμῶν διετέλεσε καὶ τεθνηκότος ἐκήδευσε βιασάμενος Λέπιδον τὸ σῶμα, καὶ τῷ παιδὶ Φαύστῳ τὴν αὑτοῦ θυγατέρα συνῴκισεν, Ἀγησίλαος δὲ Λύσανδρον ἐκ τῆς τυχούσης προφάσεως ὑπεξέρριψε καὶ καθύβρισε.</p></div> 
<div type="textpart" subtype="section" n="3"><p> καίτοι Σύλλας μὲν οὐκ ἐλαττόνων ἔτυχεν ἢ Πομπηΐῳ παρέσχεν, Ἀγησίλαον δὲ Λύσανδρος καὶ τῆς Σπάρτης βασιλέα καὶ τῆς Ἑλλάδος στρατηγὸν ἐποίησε. τρίτον δέ, αἱ περὶ τὰ πολιτικὰ τῶν δικαίων παραβάσεις Πομπηΐῳ μὲν διʼ οἰκειότητας ἐγένοντο· τὰ γὰρ πλεῖστα Καίσαρι καὶ Σκηπίωνι συνεξήμαρτε κηδεσταῖς οὖσιν· </p></div> 
<div type="textpart" subtype="section" n="4"><p>Ἀγησίλαος δὲ Σφοδρίαν μὲν ἐφʼ οἷς Ἀθηναίους ἠδίκησεν ἀποθανεῖν ὀφείλοντα τῷ τοῦ παιδὸς ἔρωτι χαριζόμενος ἐξήρπασε, Φοιβίδᾳ δὲ Θηβαίους <pb n="p.328"/> παρασπονδήσαντι δῆλος ἦν διʼ αὐτὸ τὸ ἀδίκημα προθύμως βοηθῶν· καθόλου δὲ ὅσα Ῥωμαίους διʼ αἰδῶ Πομπήϊος ἢ ἄγνοιαν αἰτίαν ἔσχε βλάψαι, ταῦτα θυμῷ καὶ φιλονεικίᾳ Λακεδαιμονίους Ἀγησίλαος ἔβλαψε τὸν Βοιώτιον ἐκκαύσας πόλεμον.</p></div></div>
<div type="textpart" subtype="chapter" n="2"> 
<div type="textpart" subtype="section" n="1"><p> εἰ δὲ καὶ τύχην τινὰ τῶν ἀνδρῶν ἑκατέρου τοῖς σφάλμασι προσοιστέον, ἀνέλπιστος μὲν ἡ Πομπηΐου Ῥωμαίοις, Ἀγησίλαος δὲ Λακεδαιμονίους ἀκούοντας καὶ προειδότας οὐκ εἴασε φυλάξασθαι τὴν χωλὴν βασιλείαν. καὶ γὰρ εἰ μυριάκις ἠλέγχθη Λεωτυχίδης ἀλλότριος εἶναι καὶ νόθος, οὐκ ἂν ἠπόρησαν Εὐρυπωντίδαι γνήσιον καὶ ἀρτίποδα τῇ Σπάρτῃ βασιλέα παρασχεῖν, εἰ μὴ διʼ Ἀγησίλαον ἐπεσκότησε τῷ χρησμῷ Λύσανδρος.</p></div> 
<div type="textpart" subtype="section" n="2"><p>οἷον μέντοι τῇ περὶ τῶν τρεσάντων ἀπορίᾳ προσήγαγεν ὁ Ἀγησίλαος ἴαμα μετὰ τὴν ἐν Λεύκτροις ἀτυχίαν, κελεύσας τοὺς νόμους ἐκείνην τὴν ἡμέραν καθεύδειν, οὐ γέγονεν ἄλλο σόφισμα πολιτικόν, οὐδʼ ἔχομέν τι τοῦ Πομπηΐου παραπλήσιον, ἀλλὰ τοὐναντίον οὐδʼ οἷς αὐτὸς ἐτίθει νόμοις ᾤετο δεῖν ἐμμένειν, τὸ δύνασθαι μέγα τοῖς φίλοις ἐνδεικνύμενος, ὁ δὲ εἰς ἀνάγκην καταστὰς τοῦ λῦσαι τοὺς νόμους ἐπὶ τῷ σῶσαι τοὺς πολίτας, ἐξεῦρε τρόπον ᾧ μήτε ἐκείνους βλάψουσι μήτε ὅπως οὐ βλάψωσι λυθήσονται.</p></div> 
<div type="textpart" subtype="section" n="3"><p> τίθεμαι δὲ <pb n="p.330"/> κἀκεῖνο τὸ ἀμιμητον ἔργον εἰς πολιτικὴν ἀρετὴν τοῦ Ἀγησιλάου, τὸ δεξάμενον τὴν σκυτάλην ἀπολιπεῖν τὰς ἐν Ἀσίᾳ πράξεις, οὐ γάρ, ὡς Πομπήϊος, ἀφʼ ὧν ἑαυτὸν ἐποίει μέγαν ὠφέλει τὸ κοινόν, ἀλλὰ τὸ τῆς πατρίδος σκοπῶν τηλικαύτην <pb n="paris.1624.663"/> ἀφῆκε δύναμιν καὶ δόξαν ἡλίκην οὐδεὶς πρότερον οὐδὲ ὕστερον πλὴν Ἀλέξανδρος ἔσχεν.</p></div></div>
<div type="textpart" subtype="chapter" n="3"> 
<div type="textpart" subtype="section" n="1"><p> ἀπʼ ἄλλης τοίνυν ἀρχῆς, ἐν ταῖς στρατηγίαις καὶ τοῖς πολεμικοῖς, ἀριθμῷ μὲν τροπαίων καὶ μεγέθει δυνάμεων ἃς ἐπηγάγετο Πομπήϊος, καὶ πλήθει παρατάξεων ἃς ἐνίκησεν, οὐδʼ ἂν ὁ Ξενοφῶν μοι δοκεῖ παραβαλεῖν τὰς Ἀγησιλάου νίκας, ᾧ διὰ τἆλλα καλὰ καθάπερ γέρας ἐξαίρετον δέδοται καὶ γράφειν ὃ βούλοιτο καὶ λέγειν περὶ τοῦ ἀνδρός.</p></div> 
<div type="textpart" subtype="section" n="2"><p> οἶμαι δὲ καὶ τῇ πρὸς τοὺς πολεμίους ἐπιεικείᾳ διαφέρειν τὸν ἄνδρα τοῦ ἀνδρός. ὁ μὲν γὰρ ἀνδραποδίσασθαι Θήβας καὶ Μεσσήνην ἐξοικίσασθαι βουλόμενος, ἣν μὲν ὁμόκληρον τῆς πατρίδος, ἣν δὲ μητρόπολιν τοῦ γένους, παρʼ οὐδὲν ἦλθε τὴν Σπάρτην ἀποβαλεῖν, ἀπέβαλε δὲ τὴν ἡγεμονίαν ὁ δὲ καὶ τῶν πειρατῶν τοῖς μεταβαλομένοις πόλεις ἔδωκε, καὶ Τιγράνην τὸν Ἀρμενίων βασιλέα γενόμενον ἐφʼ ἑαυτῷ θριαμβεῦσαι σύμμαχον ἐποιήσατο, φήσας ἡμέρας μιᾶς αἰῶνα προτιμᾶν.</p></div> 
<div type="textpart" subtype="section" n="3"><p>εἰ μέντοι τοῖς μεγίστοις καὶ κυριωτάτοις εἰς τὰ ὅπλα πράγμασι καὶ λογισμοῖς προστίθεται πρωτεῖον ἀρετῆς ἀνδρὸς ἡγεμόνος, οὐ μικρὸν ὁ <pb n="p.332"/> Λάκων τὸν Ῥωμαῖον ἀπολέλοιπε. πρῶτον μὲν γὰρ οὐ προήκατο τὴν πόλιν οὐδʼ ἐξέλιπεν ἑπτὰ μυριάσι στρατοῦ τῶν πολεμίων ἐμβαλόντων, ὀλίγους ἔχων ὁπλίτας καὶ προνενικημένους ἐν Λεύκτροις· </p></div> 
    <div type="textpart" subtype="section" n="4"><p>Πομπήϊος δέ, πεντακισχιλίοις μόνοις καὶ τριακοσίοις μίαν Καίσαρος πόλιν Ἰταλικὴν καταλαβόντος, ἐξέπεσε τῆς Ῥώμης ὑπὸ δέους, ἢ τοσούτοις εἴξας ἀγεννῶς ἢ πλείονας ψευδῶς εἰκάσας· καὶ συσκευασάμενος τὰ τέκνα καὶ τὴν γυναῖκα αὑτοῦ, τὰς δὲ τῶν ἄλλων πολιτῶν ἐρήμους ἀπολιπὼν ἔφυγε, δέον ἢ κρατεῖν μαχόμενον ὑπὲρ τῆς πατρίδος ἢ δέχεσθαι διαλύσεις παρὰ τοῦ κρείττονος· ἦν γὰρ πολίτης καὶ οἰκεῖος· </p></div> 
<div type="textpart" subtype="section" n="5"><p> νῦν δὲ ᾧ στρατηγίας χρόνον ἐπιμετρῆσαι καὶ ὑπατείαν ψηφίσασθαι δεινὸν ἡγεῖτο, τούτῳ παρέσχε λαβόντι τὴν πόλιν εἰπεῖν πρὸς Μέτελλον ὅτι κἀκεῖνον αἰχμάλωτον αὑτοῦ νομίζει καὶ τοὺς ἄλλους ἅπαντας.</p></div></div>
<div type="textpart" subtype="chapter" n="4"> 
<div type="textpart" subtype="section" n="1"><p> ὃ τοίνυν ἔργον ἐστὶν ἀγαθοῦ στρατηγοῦ μάλιστα, κρείττονα μὲν ὄντα βιάσασθαι τοὺς πολεμίους μάχεσθαι, λειπόμενον δὲ δυνάμει μὴ βιασθῆναι, τοῦτο ποιῶν Ἀγησίλαος ἀεὶ διεφύλαξεν ἑαυτὸν ἀνίκητον· Πομπήϊον δὲ Καῖσαρ, οὗ μὲν ἦν ἐλάττων, διέφυγε μὴ βλαβῆναι, καθὸ δὲ κρείττων ἦν, ἠνάγκασεν ἀγωνισάμενον τῷ πεζῷ περὶ πάντων σφαλῆναι, καὶ κύριος εὐθὺς ἦν χρημάτων καὶ ἀγορᾶς καὶ θαλάττης, ὑφʼ ὧν διεπέπρακτο ἂν ἄνευ μάχης ἐκείνοις προσόντων.</p></div> 
<div type="textpart" subtype="section" n="2"><p>τὸ δʼ ὑπὲρ τούτων ἀπολόγημα μέγιστόν ἐστιν ἔγκλημα <pb n="p.334"/> στρατηγοῦ τηλικούτου. νέον μὲν γὰρ ἄρχοντα θορύβοις καὶ καταβοήσεσιν εἰς μαλακίαν καὶ δειλίαν ἐπιταραχθέντα τῶν ἀσφαλεστάτων ἐκπεσεῖν λογισμῶν εἰκός ἐστι καὶ συγγνωστόν Πομπήϊον δὲ Μάγνον, οὗ Ῥωμαῖοι τὸ μὲν στρατόπεδον πατρίδα, σύγκλητον δὲ τὴν σκηνήν, ἀποστάτας δὲ καὶ προδότας τοὺς ἐν Ῥώμῃ πολιτευομένους καὶ στρατηγοῦντας καὶ ὑπατεύοντας ἐκάλουν, ἀρχόμενον δὲ ὑπʼ οὐδενὸς ἔγνωσαν, </p></div> 
<div type="textpart" subtype="section" n="3"><p> πάσας δὲ αὐτοκράτορα στρατευσάμενον ἄριστα τὰς στρατείας, τίς ἂν ἀνάσχοιτο τοῖς Φαωνίου σκώμμασι καὶ Δομετίου, καὶ ἵνα μὴ Ἀγαμέμνων λέγηται, παρʼ ἐλάχιστον ἐκβιασθέντα τὸν περὶ τῆς ἡγεμονίας καὶ ἐλευθερίας ἀναρρῖψαι κίνδυνον; ὃς εἰ μόνον ἐσκόπει τὸ παρʼ ἡμέραν ἄδοξον, ὤφειλεν ἀντιστὰς ἐν ἀρχῇ διαγωνίσασθαι περὶ τῆς Ῥώμης, ἀλλὰ μὴ τὴν φυγὴν ἐκείνην ἀποφαίνων στρατήγημα Θεμιστόκλειον ὕστερον ἐν αἰσχρῷ τίθεσθαι τὴν ἐν Θετταλίᾳ πρὸ μάχης διατριβήν.<pb n="paris.1624.664"/></p></div> 
<div type="textpart" subtype="section" n="4"><p> οὐ γὰρ ἐκεῖνό γε στάδιον αὐτοῖς καὶ θέατρον ἐναγωνίσασθαι περὶ τῆς ἡγεμονίας ὁ θεὸς ἀπέδειξε τὸ Φαρσάλιον πεδίον, οὐδὲ ὑπὸ κήρυκος ἐκαλεῖτο μάχεσθαι κατιὼν ἢ λιπεῖν ἑτέρῳ τὸν στέφανον, ἀλλὰ πολλὰ μὲν πεδία μυρίας δὲ πόλεις καὶ γῆν ἄπλετον ἢ κατὰ θάλατταν εὐπορία παρέσχε βουλομένῳ μιμεῖσθαι Μάξιμον καὶ Μάριον καὶ Λεύκολλον καὶ αὐτὸν Ἀγησίλαον, </p></div> 
<div type="textpart" subtype="section" n="5"><p> ὃς οὐκ ἐλάττονας μὲν ἐν Σπάρτῃ θορύβους ὑπέμεινε βουλομένων Θηβαίοις ὑπὲρ τῆς χώρας μάχεσθαι, πολλὰς δʼ ἐν Αἰγύπτῳ διαβολὰς καὶ κατηγορίας καὶ ὑπονοίας τοῦ βασιλέως ἤνεγκεν ἡσυχίαν ἄγειν κελεύων, χρησάμενος δὲ τοῖς ἀρίστοις <pb n="p.336"/> ὡς ἐβούλετο λογισμοῖς, </p></div> 
<div type="textpart" subtype="section" n="6"><p>οὐ μόνον Αἰγυπτίους ἄκοντας ἔσωσεν, οὐδὲ τὴν Σπάρτην ἐν τοσούτῳ σεισμῷ μόνος ὀρθὴν ἀεὶ διεφύλαξεν, ἀλλὰ καὶ τρόπαιον ἔστησε κατὰ Θηβαίων ἐν τῇ πόλει, τὸ νικῆσαι παρασχὼν αὖθις ἐκ τοῦ τότε μὴ προαπολέσθαι βιασαμένους. ὅθεν Ἀγησίλαος μὲν ὑπὸ τῶν βιασθέντων ὕστερον ἐπῃνεῖτο σωθέντων, Πομπήϊος δὲ διʼ ἄλλους ἁμαρτών, αὐτοὺς οἷς ἐπείσθη κατηγόρους εἶχε.</p></div> 
<div type="textpart" subtype="section" n="7"><p> καίτοι φασί τινες ὡς ὑπὸ τοῦ πενθεροῦ Σκηπίωνος ἐξηπατήθη· τὰ γὰρ πλεῖστα τῶν χρημάτων ὧν ἐκόμιζεν ἐξ Ἀσίας βουλόμενον αὐτὸν νοσφίσασθαι καὶ ἀποκρύψαντα κατεπεῖξαι τὴν μάχην, ὡς οὐκέτι χρημάτων ὄντων, ὃ κἂν ἀληθὲς ἦν, παθεῖν οὐκ ὤφειλεν ὁ στρατηγός, οὐδὲ ῥᾳδίως οὕτω παραλογισθεὶς ἀποκινδυνεῦσαι περὶ τῶν μεγίστων, ἐν μὲν οὖν τούτοις οὕτως ἑκάτερον ἀποθεωροῦμεν.</p></div></div>
<div type="textpart" subtype="chapter" n="5"> 
<div type="textpart" subtype="section" n="1"><p> εἰς Αἴγυπτον δʼ ὁ μὲν ἐξ ἀνάγκης ἔπλευσε φεύγων, ὁ δὲ οὔτε καλῶς οὔτε ἀναγκαίως ἐπὶ χρήμασιν, ὅπως ἔχῃ τοῖς Ἕλλησι πολεμεῖν ἀφʼ ὧν τοῖς βαρβάροις ἐστρατήγησεν. εἶτα ἃ διὰ Πομπήϊον Αἰγυπτίοις ἐγκαλοῦμεν, ταῦτα Αἰγύπτιοι κατηγοροῦσιν Ἀγησιλάου, ὁ μὲν γὰρ ἠδικήθη πιστεύσας, ὁ δὲ πιστευθεὶς ἐγκατέλιπε καὶ μετέστη πρὸς τοὺς πολεμοῦντας οἷς ἔπλευσε συμμαχήσων.</p></div> </div> </div>
</body>
</text>
</TEI>
