<ti:work xmlns:ti="http://chs.harvard.edu/xmlns/cts" urn="urn:cts:latinLit:phi0134.phi004" xml:lang="lat" groupUrn="urn:cts:latinLit:phi0134">
            <ti:title xml:lang="lat">Phormio</ti:title>
            <ti:edition urn="urn:cts:latinLit:phi0134.phi004.perseus-lat2" workUrn="urn:cts:latinLit:phi0134.phi004">
              <ti:label xml:lang="eng">Phormio, Publii Terentii Comoediae sex</ti:label>
              <ti:description xml:lang="eng">Terence, creator; Parry, Edward St. John, editor</ti:description>
            </ti:edition>
          <ti:translation xml:lang="eng" urn="urn:cts:latinLit:phi0134.phi004.perseus-eng2" workUrn="urn:cts:latinLit:phi0134.phi004">
              <ti:label xml:lang="eng">Phormio, The comedies of Terence</ti:label>
              <ti:description xml:lang="eng">Terence, creator; Riley, Henry Thomas, 1816-1878, translator; Colman, George, 1732-1794, translator</ti:description>
            </ti:translation>
          </ti:work>