<ti:work xmlns:ti="http://chs.harvard.edu/xmlns/cts" urn="urn:cts:latinLit:phi0893.phi005" xml:lang="lat" groupUrn="urn:cts:latinLit:phi0893">
            <ti:title xml:lang="lat">Epistulae</ti:title>
            <ti:edition urn="urn:cts:latinLit:phi0893.phi005.perseus-lat2" workUrn="urn:cts:latinLit:phi0893.phi005">
              <ti:label xml:lang="eng">Epistulae, Satires, Epistles and Ars poetica with an English translation</ti:label>
              <ti:description xml:lang="eng">Horace, creator; Fairclough, H. Rushton (Henry Rushton), 1862-, editor</ti:description>
            </ti:edition>
          </ti:work>
        