<?xml version="1.0" encoding="UTF-8"?>
<TEI xmlns="http://www.tei-c.org/ns/1.0">
	<teiHeader xml:lang="eng" type="text">
		<fileDesc>
			<titleStmt>
				<title>On Behalf of Marcus Claudius Marcellus </title>
				<title>Pro Milone, Pro Marcello, Pro Ligario, Pro rege Deiotaro, Philippicae
					I-XIV</title>
				<title type="sub">Machine readable text</title>
				<author n="Cic.">M. Tullius Cicero</author>
				<editor role="editor" n="OCT">Albert Clark</editor>
				<sponsor>Perseus Project, Tufts University</sponsor>
				<principal>Gregory Crane</principal>
				<respStmt>
					<resp>Prepared under the supervision of</resp>
					<name>Bridget Almas</name>
					<name>Lisa Cerrato</name>
					<name>William Merrill</name>
					<name>David Mimno</name>
					<name>Rashmi Singhal</name>
					<name>David Smith</name>
				</respStmt>
				<funder n="org:NEH">National Endowment For The Humanities (NEH)</funder> 
			</titleStmt>
			<publicationStmt>
				<publisher>Trustees of Tufts University</publisher>
				<pubPlace>Medford, MA</pubPlace>
				<authority>Perseus Project</authority>
				<date type="release">1997-10-28</date>
			</publicationStmt> 

			<sourceDesc>
				<biblStruct>
					<monogr>
						<author>M. Tullius Cicero</author>
						<title>M. Tulli Ciceronis Orationes: Recognovit breviqve adnotatione critica
							instrvxit Albertus Curtis Clark Collegii Reginae Socius</title>
						<editor role="editor">Albert Curtis Clark</editor>
						<imprint>
							<pubPlace>Oxford</pubPlace>
							<publisher>e Typographeo Clarendoniano</publisher>
							<date>1918</date>
						</imprint>
					</monogr>
					<series>
						<title>Scriptorum Classicorum Bibliotheca Oxoniensis</title>
					</series>
				</biblStruct>
			</sourceDesc>
		</fileDesc>

		<encodingDesc>
			<refsDecl>
				<refState delim=" " unit="text"/>
				<refState unit="section"/>
			</refsDecl>
			<refsDecl>
				<refState delim=" " unit="text"/>
				<refState delim="." n="chunk" unit="chapter"/>
				<refState unit="section"/>
			</refsDecl>
			<refsDecl n="text=Phil.">
				<refState delim=" " unit="text"/>
				<refState delim="." unit="speech"/>
				<refState unit="section"/>
			</refsDecl>
			<refsDecl n="text=Phil.">
				<refState delim=" " unit="text"/>
				<refState delim="." unit="speech"/>
				<refState delim="." n="chunk" unit="chapter"/>
				<refState unit="section"/>
			</refsDecl>
		</encodingDesc>

		<profileDesc>
			<langUsage>
				<language ident="la">Latin </language>
				<language ident="greek">Greek </language>
			</langUsage>
		</profileDesc>

		<revisionDesc>
			<!--
      <change><date>5/9/97</date>
	<respStmt><name>CJSU</name><resp>ed.</resp></respStmt>
	<item>
$Log: cic.oct2_lat.xml,v $
Revision 1.4  2013-09-13 11:21:40  balmas01
reverting texts back to pre_cts_reorg tagged version

Revision 1.2  2011-07-19 22:30:38  gcrane
removed the earlier persName/placeName tags

Revision 1.1  2011-01-15 23:14:25  gcrane
base SDL file

Revision 1.1  2009/10/09 19:49:13  rsingh04
more reorganizing of texts module by collection

Revision 1.5  2006/04/02 18:12:19  gcrane
mainly fixes to the words lower cased at the start of sentences:
found that we had always had <name>Cum</name> rather than <reg>cum</reg>.

This has been fixed in oct.cic[123]

oct.cic[456] are having the app crits added and will need to be updated when
those files come back

Revision 1.4  2006/03/31 17:49:52  gcrane
missing charaters from imaging problems have been checked

Revision 1.3  2006/03/29 01:03:14  gaweaver
this includes the notes from the app crit.

there is one known problem: the lower right hand corner of one page got
clipped and the characters in the app crit need to be added with reference
to a clean copy

Revision 1.2  2005/08/01 15:59:19  packel
removed stray item tags

	Revision 1.1  2005/07/25 14:31:11  packel
	Converted to XML
	
Revision 1.13  2005/04/08 17:56:07  mimno
added default chunks

Revision 1.12  2003/07/01 22:14:57  yorkc
Updated texts to TEI P4 and Perseus P4 extensions; minor cleanup (esp. character encodings and typos.)

Revision 1.11  2003/05/20 21:16:12  amahoney
do not mark Heus as a proper name

Revision 1.10  2002/12/02 18:41:45  amahoney
correct spelling of Quirites, improperly 'regularized'

Revision 1.9  2000/03/06 22:21:48  amahoney
add headers for groups of speeches, so they show up in the toc:  Catilines,
Verrines, Philippics, and Agrarian Law

Revision 1.8  2000/03/04 20:34:10  dasmith
Added separate funder entity to TEI header.

Revision 1.7  1999/10/14 21:36:02  dasmith
Added explanatory subtitles to titleStmt

Revision 1.6  1999/08/12 17:17:11  dasmith
Fixed refsDecl

Revision 1.5  1999/08/04 18:11:59  textgod
Random changes over a period of months.

Revision 1.4  1997/08/18 14:54:26  textgod
???

Revision 1.3  1997/05/12 19:55:57  cjsu
Fixed type attribute.

Revision 1.2  1997/05/09 21:04:08  cjsu
Fixed header info. Added abbreviations.

Revision 1.1  1997/05/09 20:57:17  cjsu
Added to repository. Passes SGML validation.


</item></change>
    <change><date>July 2014</date>
    <respStmt><name>Stella Dee</name><resp>ed.</resp></respStmt>
    <item>split composite text and converted to unicode</item>
      </change>-->
			<change when="2014-08-01" who="Stella Dee">edited markup</change>
		</revisionDesc>
	</teiHeader>
	<text xml:lang="la">
		<body>
			<head>PRO M. MARCELLO ORATIO</head>

			<milestone n="1" unit="chapter"/>
			<milestone n="1" unit="section"/>
			<p><reg>diuturni</reg> silenti, patres conscripti, quo eram his temporibus usus, non
				timore aliquo, sed partim dolore, partim verecundia, finem hodiernus dies attulit,
				idemque initium quae vellem quaeque sentirem meo pristino more dicendi.
					<reg>tantam</reg> enim mansuetudinem, tam inusitatam<note>invisitatam <hi
						rend="italics">Eberhard</hi></note> inauditamque clementiam, tantum in summa
				potestate rerum omnium modum, tam denique incredibilem sapientiam ac paene divinam
				tacitus praeterire nullo modo<note>nullo modo praet. <foreign xml:lang="grc"
						>b</foreign></note> possum. <milestone n="2" unit="section"/>M. enim
				Marcello vobis, patres conscripti, reique publicae reddito non illius
					solum<note>solum illius <foreign xml:lang="grc">g</foreign></note> sed etiam
					meam<note>meam <hi rend="italics">hoc loco hab. HBDE, post</hi> vocem <hi
						rend="italics">L<foreign xml:lang="grc">g</foreign>, om. AV</hi></note>
				vocem et auctoritatem vobis et<note>et vobis <foreign xml:lang="grc"
					>b</foreign></note> rei publicae conservatam<note>conservatam ac <hi
						rend="italics">om.</hi>
					<foreign xml:lang="grc">a</foreign></note> ac restitutam puto.
					<reg>dolebam</reg> enim, patres conscripti, et vehementer angebar, cum
					viderem<note>cum viderem <foreign xml:lang="grc">g</foreign>: <hi rend="italics"
						>om. <foreign xml:lang="grc">ab</foreign></hi> cum <hi rend="italics"
						>BDL</hi>: qui cum <foreign xml:lang="grc">a</foreign>: qui <hi
						rend="italics">E<foreign xml:lang="grc">g</foreign></hi></note> virum talem,
				cum in eadem causa in qua ego fuisset<note>fuisset <foreign xml:lang="grc"
						>a</foreign>: fuisse <hi rend="italics">h</hi>: fuissem <hi rend="italics"
						>Bam</hi></note>, non in eadem esse fortuna, nec mihi persuadere poteram nec
				fas esse ducebam versari me in nostro vetere<note>vetere <hi rend="italics"
							>V<foreign xml:lang="grc">g</foreign></hi>: veteri <hi rend="italics"
							>H<foreign xml:lang="grc">b</foreign></hi>: <hi rend="italics">om.
						A</hi></note> curriculo illo aemulo atque imitatore studiorum ac laborum
				meorum quasi quodam socio a me et comite distracto. <reg>ergo</reg> et mihi
					meae<note>et mihi meae <hi rend="italics">k, ed. Cratand.</hi>: mihi et meae <hi
						rend="italics">L</hi>: et mihi et meae <hi rend="italics">cett.</hi></note>
				pristinae vitae consuetudinem, C. Caesar, interclusam aperuisti et his omnibus ad
				bene de re publica<note>de re p. <foreign xml:lang="grc">a</foreign>: de omni re p.
						<foreign xml:lang="grc">bg</foreign></note> sperandum quasi signum aliquod
				sustulisti. <milestone n="3" unit="section"/><reg>intellectum</reg> est enim mihi
				quidem in multis et maxime in me ipso, sed paulo ante omnibus<note>omnibus <hi
						rend="italics">Victorius</hi>: in omnibus <hi rend="italics"
					>codd.</hi></note>, cum M. Marcellum senatui reique publicae concessisti,
				commemoratis praesertim offensionibus, te auctoritatem huius ordinis dignitatemque
				rei publicae tuis vel doloribus vel suspicionibus anteferre. <reg>ille</reg> quidem
				fructum omnis ante actae vitae<note>vitae <hi rend="italics">om.</hi>
					<foreign xml:lang="grc">s</foreign>: aetatis <hi rend="italics">h</hi></note>
				hodierno die maximum cepit, cum summo consensu senatus tum<note>tum praeterea
						<foreign xml:lang="grc">g</foreign></note> iudicio tuo gravissimo et maximo.
					<reg>ex</reg> quo profecto intellegis quanta in dato beneficio sit laus, cum in
				accepto sit tanta gloria. <milestone n="4" unit="section"/><reg>est</reg><note>es
						<hi rend="italics">H</hi></note> vero fortunatus<note>fortun. <hi
						rend="italics"><foreign xml:lang="grc">a</foreign>hm</hi>: fortun. ille <hi
						rend="italics"><foreign xml:lang="grc">b</foreign>a</hi></note> cuius ex
				salute non minor paene ad omnis quam ad illum<note>ipsum <hi rend="italics"
						>Ernesti</hi></note> ventura sit laetitia pervenerit: quod quidem
					merito<note>merito <foreign xml:lang="grc">a</foreign>: ei merito <foreign
						xml:lang="grc">bg</foreign></note> atque optimo iure contigit.
					<reg>quis</reg> enim est illo aut nobilitate aut probitate aut optimarum artium
				studio aut innocentia aut ullo in<note>in <foreign xml:lang="grc">a</foreign>: <hi
						rend="italics">om.</hi>
					<foreign xml:lang="grc">bg</foreign></note> laudis genere praestantior?
					<milestone n="2" unit="chapter"/></p>
			<p><reg>nullius</reg> tantum flumen est ingeni, nulla<note>nulla <hi rend="italics"
							><foreign xml:lang="grc">a</foreign>hm</hi>: nulli <hi rend="italics"
						>DELa</hi>: nullius <hi rend="italics">R. Klotz</hi></note> dicendi aut
				scribendi tanta vis, tantaque<note>tantaque <foreign xml:lang="grc">a</foreign>:
					tanta <foreign xml:lang="grc">bg</foreign></note> copia quae non dicam exornare,
				sed enarrare, C. Caesar, res tuas gestas possit. <reg>tamen</reg> hoc adfirmo
					et<note>adfirmo et hoc <foreign xml:lang="grc">b</foreign></note> pace dicam
				tua, nullam in his esse laudem ampliorem quam eam quam hodierno die consecutus es.
					<milestone n="5" unit="section"/>Soleo saepe ante oculos ponere idque libenter
				crebris usurpare sermonibus, omnis nostrorum imperatorum, omnis exterarum gentium
				potentissimorumque populorum, omnis regum clarissimorum<note>clariss. regum <foreign
						xml:lang="grc">b</foreign></note> res gestas cum tuis nec contentionum
				magnitudine nec numero proeliorum nec varietate regionum nec celeritate conficiendi
				nec dissimilitudine bellorum posse conferri, nec vero disiunctissimas terras citius
				passibus cuiusquam potuisse peragrari quam tuis non dicam cursibus, sed victoriis
					lustratae<note>lustratae <foreign xml:lang="grc">b</foreign>: illustratae
						<foreign xml:lang="grc">ag</foreign></note> sunt. <milestone n="6"
					unit="section"/><reg>quae</reg> quidem ego nisi ita<note>ita <foreign
						xml:lang="grc">ag</foreign>: tam <foreign xml:lang="grc">b</foreign></note>
				magna esse fatear ut ea vix cuiusquam mens aut cogitatio capere possit, amens sim;
				sed tamen sunt alia maiora. <reg>nam</reg> bellicas laudes solent quidam extenuare
				verbis easque detrahere ducibus, communicare cum multis, ne propriae sint
				imperatorum. <reg>et</reg> certe in armis militum virtus, locorum opportunitas,
				auxilia sociorum, classes, commeatus multum iuvant, maximam vero partem quasi suo
				iure Fortuna sibi<note>sibi <foreign xml:lang="grc">b</foreign>
					<hi rend="italics">hm</hi>: <hi rend="italics">om. <foreign xml:lang="grc"
							>a</foreign>a</hi></note> vindicat et, quicquid est<note>est <hi
						rend="italics">post</hi> gestum <hi rend="italics">hab.</hi>
					<foreign xml:lang="grc">b</foreign></note> prospere gestum, id paene omne ducit
				suum. <milestone n="7" unit="section"/><reg>at</reg> vero huius gloriae, C.<note>C.
						<hi rend="italics">om. <foreign xml:lang="grc">a</foreign>a</hi></note>
				Caesar, quam es paulo ante adeptus socium habes neminem: totum hoc quantumcumque
				est, quod certe maximum est, totum est, inquam, tuum. <reg>nihil</reg> sibi ex ista
				laude centurio, nihil praefectus, nihil cohors, nihil turma decerpit; quin etiam
				illa ipsa rerum humanarum domina, Fortuna, in istius se<note>se <hi rend="italics"
						>ante</hi> non <hi rend="italics">hab.</hi>
					<foreign xml:lang="grc">b</foreign></note> societatem gloriae non offert: tibi
				cedit, tuam<note>tuam <hi rend="italics"><foreign xml:lang="grc">a</foreign>hm</hi>:
					tuam se <hi rend="italics"><foreign xml:lang="grc">b</foreign>a</hi> (se <hi
						rend="italics">sup. lin. in D</hi>)</note> esse totam et propriam fatetur.
					<reg>numquam</reg> enim temeritas cum sapientia commiscetur nec ad consilium
				casus admittitur. <milestone n="3" unit="chapter"/><milestone n="8" unit="section"
					/><reg>domuisti</reg> gentis immanitate barbaras, multitudine innumerabilis,
				locis infinitas, omni copiarum genere abundantis: ea tamen<note>sed tamen ea
						<foreign xml:lang="grc">b</foreign></note> vicisti quae et naturam et
				condicionem ut vinci possent habebant. <reg>nulla</reg> est enim tanta vis<note>vis,
					tanta copia <foreign xml:lang="grc">g</foreign>
					<hi rend="italics">fort. recte</hi></note> quae non ferro et viribus debilitari
				frangique possit. <reg>animum</reg> vincere, iracundiam cohibere, victo<note>victo
						<hi rend="italics"><foreign xml:lang="grc">a</foreign>D</hi>: victum <hi
						rend="italics">hm</hi>: victoriam <hi rend="italics">BELa</hi> (<hi
						rend="italics">Arus. Mess. K.</hi> viii. <hi rend="italics">p.</hi> 512. 17
					'temperat huic <hi rend="italics">Cic. de M. Marc.</hi>')</note> temperare,
				adversarium nobilitate, ingenio, virtute praestantem non modo extollere iacentem sed
				etiam amplificare eius pristinam dignitatem, haec qui faciat<note>facit <foreign
						xml:lang="grc">b</foreign> (<hi rend="italics">contra Lactant. Div.
						Inst.</hi> i. 9. 3)</note>, non ego eum cum summis viris comparo, sed
				simillimum deo iudico. <milestone n="9" unit="section"/><reg>itaque</reg>, C.
				Caesar, bellicae tuae laudes celebrabuntur illae quidem non solum nostris sed paene
				omnium gentium litteris atque linguis, neque ulla umquam aetas de tuis laudibus
				conticescet; sed tamen eius modi res nescio quo modo, etiam cum leguntur, obstrepi
				clamore militum<note>obstrepit clamor mil. (videntur <hi rend="italics">add. V</hi>)
					et tub. soni <hi rend="italics">AV</hi></note> videntur et tubarum sono.
					<reg>at</reg> vero cum aliquid clementer, mansuete, iuste, moderate, sapienter
				factum, in iracundia praesertim quae est inimica consilio, et in victoria quae
				natura insolens et<note>et insolens <foreign xml:lang="grc">a</foreign></note>
				superba est, audimus aut legimus<note>aut audimus <foreign xml:lang="grc"
						>g</foreign></note>, quo studio incendimur, non modo in gestis rebus sed
				etiam in fictis ut eos saepe quos numquam vidimus diligamus! <reg>te</reg> vero quem
				praesentem intuemur, <milestone n="10" unit="section"/>cuius mentem sensusque et os
				cernimus, ut, quicquid belli fortuna reliquum rei publicae fecerit, id esse salvum
				velis, quibus laudibus efferemus, quibus studiis prosequemur, qua benevolentia
				complectemur? <reg>parietes</reg>, me dius fidius, ut mihi videtur<note>videntur <hi
						rend="italics">HV m et Sacerdosi.</hi> 166</note>, huius curiae tibi gratias
				agere gestiunt, quod brevi tempore futura sit illa auctoritas in his maiorum suorum
				et suis sedibus. <milestone n="4" unit="chapter"/><reg>equidem</reg> cum C.
				Marcelli, viri optimi et commemorabili pietate praediti lacrimas modo vobiscum
				viderem, omnium Marcellorum meum pectus memoria offudit<note>effudit <hi
						rend="italics">Dhm</hi> (in meum pectus se memoria effudit <hi
						rend="italics">Madvig</hi>)</note>, quibus tu etiam mortuis M. Marcello
				conservato dignitatem suam reddidisti nobilissimamque familiam iam<note>iam <hi
						rend="italics">om.</hi>
					<foreign xml:lang="grc">b</foreign></note> ad paucos redactam paene ab interitu
				vindicasti. <milestone n="11" unit="section"/><reg>hunc</reg> tu<note>tu <hi
						rend="italics"><foreign xml:lang="grc">a</foreign>m</hi>: tu igitur <hi
						rend="italics"><foreign xml:lang="grc">b</foreign>ah</hi></note> diem tuis
				maximis et innumerabilibus gratulationibus iure anteponis<note>anteponis <hi
						rend="italics"><foreign xml:lang="grc">ab</foreign>a</hi>: -pones <hi
						rend="italics">hm</hi></note>. <reg>haec</reg> enim res unius est propria
					C.<note>C. <hi rend="italics">om.</hi>
					<foreign xml:lang="grc">a</foreign></note> Caesaris; ceterae duce te gestae
				magnae illae quidem, sed tamen multo magnoque comitatu. <reg>huius</reg> autem rei
				tu idem dux es<note>dux es <foreign xml:lang="grc">a</foreign>: et dux es <foreign
						xml:lang="grc">g</foreign>: es et dux <foreign xml:lang="grc"
					>b</foreign></note> et comes: quae quidem tanta est ut<note>ut <hi
						rend="italics">am</hi>: ut nulla <hi rend="italics"><foreign xml:lang="grc"
							>b</foreign>ah</hi></note> tropaeis et monumentis tuis adlatura finem
				sit aetas—nihil est enim opere et manu factum quod non<note>non <foreign
						xml:lang="grc">a</foreign>, <hi rend="italics">Schol. Lucani</hi> vi. 20,
						<hi rend="italics">Lactant. Div. Inst.</hi> vi. 11. 25: non aliquando
						<foreign xml:lang="grc">bg</foreign></note> conficiat et consumat vetustas—
					<milestone n="12" unit="section"/>at haec tua<note>tua <hi rend="italics">om.
						Lactant.</hi></note> iustitia et lenitas<note>lenitas <hi rend="italics"
							><foreign xml:lang="grc">a</foreign>a et Lactant.</hi>: lenitas animi
						<hi rend="italics"><foreign xml:lang="grc">b</foreign>hm</hi></note>
					florescet<note>florescit <foreign xml:lang="grc">b</foreign> (<hi rend="italics"
						>contra Lactant.</hi>)</note> cotidie magis. <reg>ita</reg><note>ita
						<foreign xml:lang="grc">a</foreign>: ita ut <foreign xml:lang="grc"
						>bg</foreign></note> quantum operibus tuis<note>tuis oper. <foreign
						xml:lang="grc">b</foreign></note> diuturnitas detrahet, tantum
					adferet<note>adferet <hi rend="italics">AHDLm</hi>: adferat <hi rend="italics"
						>BEah</hi>: adfert <hi rend="italics">V</hi></note> laudibus. <reg>et</reg>
				ceteros quidem omnis victores bellorum civilium iam antea<note>antea <foreign
						xml:lang="grc">a</foreign>: ante <foreign xml:lang="grc">bg</foreign></note>
				aequitate et misericordia viceras: hodierno vero die te ipse<note>ipse <foreign
						xml:lang="grc">a</foreign>: ipsum <foreign xml:lang="grc"
					>bg</foreign></note> vicisti. <reg>vereor</reg> ut hoc quod dicam perinde
				intellegi possit auditu<note>auditum <hi rend="italics">Patricius</hi></note> atque
				ipse cogitans sentio: ipsam victoriam vicisse videris, cum ea quae erant
					adempta<note>quae erant adempta <hi rend="italics">Harl.</hi> 2545, <hi
						rend="italics">Madvig</hi>: quae erant (erat <hi rend="italics">AV</hi>)
					adepta <foreign xml:lang="grc">a</foreign>: quae illa erat adepta <foreign
						xml:lang="grc">bg</foreign></note> victis remisisti. <reg>nam</reg> cum
				ipsius victoriae iure omnes<note>iure omnes <hi rend="italics">scripsi</hi>:
					condicione iure omnes <hi rend="italics"><foreign xml:lang="grc"
						>a</foreign>ah</hi>: condicione omnes iure <hi rend="italics">m</hi>:
					condicione omnes <foreign xml:lang="grc">b</foreign></note> victi occidissemus,
				clementiae tuae iudicio conservati sumus. <reg>recte</reg> igitur unus invictus
					es<note>es <foreign xml:lang="grc">g</foreign>: <hi rend="italics">om.</hi>
					<foreign xml:lang="grc">ab</foreign>: diceris <hi rend="italics">mallet
						Müller</hi></note> a quo etiam ipsius victoriae condicio visque devicta est.
					<milestone n="5" unit="chapter"/><milestone n="13" unit="section"/></p>
			<p><reg>atque</reg> hoc C. Caesaris iudicium, patres conscripti, quam late pateat
				attendite. <reg>omnes</reg> enim qui ad illa arma fato sumus nescio quo rei publicae
				misero funestoque compulsi, etsi aliqua culpa tenemur erroris humani, ab<note>ab <hi
						rend="italics">om.</hi>
					<foreign xml:lang="grc">b</foreign></note> scelere certe liberati sumus.
					<reg>nam</reg> cum M. Marcellum deprecantibus vobis rei publicae conservavit, me
				et mihi et item rei publicae, nullo deprecante, reliquos amplissimos viros et sibi
				ipsos et patriae reddidit, quorum et frequentiam et dignitatem hoc ipso in consessu
				videtis, non ille hostis induxit in curiam, sed iudicavit a plerisque ignoratione
				potius et falso atque inani metu quam cupiditate aut crudelitate bellum esse
				susceptum. <milestone n="14" unit="section"/><reg>quo</reg> quidem in bello semper
				de pace audiendum<note>audiendum <hi rend="italics"><foreign xml:lang="grc"
							>a</foreign>Em</hi>: agendum audiendum <hi rend="italics">BDL</hi>:
					agendum audiendumque <hi rend="italics">ah</hi></note> putavi semperque dolui
				non modo pacem sed etiam orationem civium pacem flagitantium repudiari.
					<reg>neque</reg> enim ego illa nec ulla umquam secutus sum arma civilia
				semperque mea consilia pacis et togae socia, non belli atque armorum fuerunt.
					<reg>hominem</reg> sum secutus privato officio, non publico, tantumque apud me
				grati animi fidelis memoria valuit ut nulla non modo cupiditate sed ne spe quidem
				prudens et sciens tamquam ad interitum ruerem voluntarium. <milestone n="15"
					unit="section"/><reg>quod</reg> quidem meum consilium minime obscurum fuit.
					<reg>nam</reg> et in hoc ordine integra re multa de pace dixi et in ipso bello
				eadem etiam cum<note>cum partis meae per. <foreign xml:lang="grc">g</foreign></note>
				capitis mei periculo sensi. <reg>ex</reg> quo nemo erit<note>iam erit <foreign
						xml:lang="grc">b</foreign></note> tam iniustus rerum
					existimator<note>existim. rerum <foreign xml:lang="grc">b</foreign></note> qui
				dubitet quae Caesaris de bello voluntas fuerit, cum pacis auctores conservandos
				statim censuerit, ceteris fuerit iratior. <reg>atque</reg> id minus mirum fortasse
					tum<note>mirum fort. tum <hi rend="italics"><foreign xml:lang="grc"
						>a</foreign>BDL</hi>: fort. mirum tum <hi rend="italics">E</hi>: mirum
					videretur fort. tum <foreign xml:lang="grc">g</foreign> (videtur <hi
						rend="italics">h</hi>)</note> cum esset incertus exitus et anceps fortuna
				belli: qui vero victor pacis auctores diligit, is profecto declarat maluisse
					se<note>se maluisse <foreign xml:lang="grc">b</foreign></note> non dimicare quam
				vincere. <milestone n="6" unit="chapter"/><milestone n="16" unit="section"
					/><reg>atque</reg> huius quidem rei M.<note>M. <hi rend="italics">om.</hi>
					<foreign xml:lang="grc">b</foreign></note> Marcello sum testis.
					<reg>nostri</reg> enim sensus ut in pace semper, sic tum etiam in bello
				congruebant. <reg>quotiens</reg> ego eum et quanto cum dolore vidi, cum insolentiam
					certorum<note>certorum <hi rend="italics">Em</hi>: ceterorum <hi rend="italics"
							><foreign xml:lang="grc">a</foreign>BDLah</hi></note> hominum tum etiam
				ipsius victoriae ferocitatem extimescentem! <reg>quo</reg> gratior tua liberalitas,
				C. Caesar, nobis qui illa<note>illam <foreign xml:lang="grc">b</foreign></note>
				vidimus debet esse. <reg>non</reg> enim iam<note>iam <hi rend="italics"><foreign
							xml:lang="grc">a</foreign>ah</hi>: tam <hi rend="italics">m</hi>: <hi
						rend="italics">om.</hi>
					<foreign xml:lang="grc">b</foreign></note> causae sunt inter se, sed victoriae
				comparandae. <milestone n="17" unit="section"/><reg>vidimus</reg> tuam victoriam
				proeliorum exitu terminatam: gladium vagina vacuum in urbe non vidimus.
					<reg>quos</reg> amisimus civis, eos vis Martis<note>vis Martis <hi
						rend="italics"><foreign xml:lang="grc">a</foreign>h</hi>: Martis vis <hi
						rend="italics"><foreign xml:lang="grc">b</foreign>am</hi></note> perculit,
				non ira victoriae, ut dubitare debeat nemo quin multos, si posset<note>posset
						<foreign xml:lang="grc">a</foreign>: fieri posset <foreign xml:lang="grc"
						>bg</foreign></note>, C. Caesar ab inferis excitaret, quoniam ex eadem acie
				conservat quos potest. <reg>alterius</reg> vero partis nihil amplius dico<note>dicam
						<foreign xml:lang="grc">b</foreign></note> quam id quod omnes verebamur,
				nimis iracundam futuram fuisse victoriam. <milestone n="18" unit="section"
					/><reg>quidam</reg> enim non modo armatis sed interdum etiam otiosis minabantur,
				nec quid quisque sensisset, sed ubi fuisset cogitandum esse dicebant; ut mihi quidem
				videantur di immortales, etiam si poenas a populo Romano ob aliquod delictum
				expetiverunt, qui civile bellum tantum et tam luctuosum
					excitaverunt<note>excitaverint <hi rend="italics">cod. Faerni</hi></note>, vel
				placati iam vel satiati aliquando omnem spem salutis ad clementiam victoris et
				sapientiam contulisse. <milestone n="19" unit="section"/></p>
			<p><reg>qua</reg> re gaude tuo<note><lemma>gaude tuo</lemma> gaudeto <hi rend="italics"
						>A</hi></note> isto tam excellenti bono et fruere cum fortuna et gloria tum
				etiam natura et moribus tuis; ex quo quidem maximus est fructus iucunditasque
				sapienti. <reg>cetera</reg> cum tua recordabere, etsi persaepe virtuti, tamen
				plerumque felicitati tuae gratulabere: de nobis quos in re publica tecum
					simul<note>simul <foreign xml:lang="grc">ab</foreign>: salvos <foreign
						xml:lang="grc">g</foreign></note> esse voluisti quotiens cogitabis, totiens
				de maximis tuis beneficiis, totiens de incredibili liberalitate, totiens de
				singulari sapientia<note>sapientia tua <foreign xml:lang="grc">g</foreign></note>
				cogitabis: quae non modo summa bona sed nimirum audebo vel sola dicere.
					<reg>tantus</reg> est<note>est <hi rend="italics"><foreign xml:lang="grc"
							>a</foreign>DEL</hi>: <hi rend="italics">om. B<foreign xml:lang="grc"
							>g</foreign></hi></note> enim splendor in laude vera, tanta in
				magnitudine animi et consili dignitas ut haec a virtute donata, cetera a fortuna
				commodata esse videantur. <milestone n="20" unit="section"/><reg>noli</reg> igitur
				in conservandis viris bonis<note>bonis viris <foreign xml:lang="grc"
					>b</foreign></note> defetigari<note>defet. <hi rend="italics">BDH</hi>: defat.
						<hi rend="italics">AVEh</hi></note>, non cupiditate praesertim aliqua aut
				pravitate lapsis, sed opinione offici stulta fortasse, certe non improba, et
						specie<note><lemma>specie</lemma> facie <hi rend="italics">hm</hi> (-ce <hi
						rend="italics">m</hi>)</note> quadam rei publicae. <reg>non</reg> enim tua
				ulla culpa<note>culpa ulla <foreign xml:lang="grc">g</foreign></note> est, si te
				aliqui timuerunt, contraque summa laus, quod minime timendum fuisse senserunt.
					<milestone n="7" unit="chapter"/><milestone n="21" unit="section"/></p>
			<p><reg>nunc</reg> venio ad gravissimam querelam et atrocissimam suspicionem tuam, quae
				non tibi ipsi magis quam cum omnibus civibus, tum maxime nobis qui a te conservati
				sumus providenda est: quam etsi spero falsam esse, numquam tamen<note>tamen numquam
						<foreign xml:lang="grc">b</foreign></note> extenuabo<note>extenuabo verbis
						<foreign xml:lang="grc">g</foreign></note>, tua enim cautio nostra cautio
				est. <reg>quod</reg> si<note>quod si <hi rend="italics">H, Priscian. K.</hi> ii. <hi
						rend="italics">pp.</hi> 181, 226: ut si <hi rend="italics">cett.</hi></note>
				in alterutro peccandum sit, malim videri nimis timidus quam parum prudens.
					<reg>sed</reg> quisnam est iste tam demens? de tuisne?—tametsi qui magis sunt
				tui quam quibus tu salutem insperantibus reddidisti?—anne ex eo<note>anne ex eo <hi
						rend="italics">scripsi</hi>: axeneone ex <hi rend="italics">H</hi>: anexeo
					ne <hi rend="italics">V</hi>: an ex eone ex <hi rend="italics">A</hi>: an ex eo
						<foreign xml:lang="grc">g</foreign>: an ex hoc <foreign xml:lang="grc"
						>b</foreign></note> numero qui una tecum fuerunt? <reg>non</reg> est
				credibilis tantus in ullo furor ut quo duce omnia summa sit adeptus, huius vitam non
				anteponat suae. <reg>an</reg> si nihil tui cogitant sceleris, cavendum est ne quid
				inimici? <reg>qui</reg>? omnes enim qui fuerunt<note>qui superfuerunt <hi
						rend="italics">hm</hi></note> aut sua pertinacia vitam amiserunt aut tua
				misericordia retinuerunt, ut aut nulli supersint de inimicis aut qui fuerunt sint
				amicissimi. <milestone n="22" unit="section"/><reg>sed</reg> tamen cum in animis
				hominum tantae latebrae sint et tanti recessus, augeamus sane suspicionem tuam:
				simul enim augebimus diligentiam. <reg>nam</reg> quis est omnium tam ignarus rerum,
				tam rudis in re publica, tam nihil umquam nec de sua nec de communi<note>communi
						<foreign xml:lang="grc">ab</foreign>: omnium <hi rend="italics">hm</hi>:
					communi omnium <hi rend="italics">a</hi></note> salute cogitans, qui
						non<note><lemma>qui non</lemma> quin <hi rend="italics">AV</hi></note>
				intellegat tua salute contineri suam et ex unius tua vita pendere
					omnium<note>pendere omnia <hi rend="italics"><foreign xml:lang="grc">a</foreign>
						et Schol. Lucani</hi> v. 686</note>? <reg>equidem</reg> de te dies
				noctesque, ut debeo, cogitans casus dumtaxat humanos et incertos eventus valetudinis
				et naturae communis fragilitatem<note>fragilitat&#x1EBD;s <hi rend="italics"
					>H</hi></note> extimesco, doleoque, cum res publica immortalis esse debeat, eam
				in unius mortalis anima consistere. <milestone n="23" unit="section"/><reg>si</reg>
				vero ad humanos casus incertosque motus valetudinis sceleris etiam
					accedit<note>accedat <foreign xml:lang="grc">g</foreign></note> insidiarumque
				consensio, quem deum, si cupiat, posse opitulari rei publicae credimus<note>credimus
						<foreign xml:lang="grc">a</foreign>: -amus <foreign xml:lang="grc"
						>bg</foreign></note>? <milestone n="8" unit="chapter"/></p>
			<p><reg>omnia</reg> sunt excitanda tibi, C. Caesar, uni quae iacere sentis belli ipsius
				impetu, quod necesse fuit, perculsa atque prostrata: constituenda iudicia, revocanda
				fides, comprimendae libidines, propaganda suboles, omnia quae dilapsa<note>dilapsa
						<hi rend="italics">Ha<foreign xml:lang="grc">g</foreign></hi>: delapsa <hi
						rend="italics">AV<foreign xml:lang="grc">b</foreign></hi></note> iam
					diffluxerunt<note>difflux. <hi rend="italics">Bm</hi>: deflux. <hi
						rend="italics"><foreign xml:lang="grc">a</foreign>ELa</hi>: fluxerunt <hi
						rend="italics">h</hi></note> severis legibus vincienda sunt. <milestone
					n="24" unit="section"/><reg>non</reg> fuit recusandum in tanto civili bello,
				tanto animorum<note>tantoque an. <foreign xml:lang="grc">g</foreign></note> ardore
				et armorum quin quassata res publica, quicumque belli eventus fuisset, multa
				perderet et ornamenta dignitatis et praesidia stabilitatis suae, multaque uterque
				dux faceret armatus quae idem togatus fieri prohibuisset. <reg>quae</reg> quidem
				tibi nunc<note>nunc tibi <foreign xml:lang="grc">g</foreign></note> omnia belli
				volnera sananda<note>sananda <hi rend="italics">a</hi><foreign xml:lang="grc"
						>ab</foreign>: curanda <foreign xml:lang="grc">g</foreign></note> sunt,
				quibus praeter te mederi nemo potest. <milestone n="25" unit="section"
					/><reg>itaque</reg> illam tuam praeclarissimam et sapientissimam vocem invitus
				audivi: '<reg>satis</reg> diu vel naturae vixi<note>diu ... vixi <hi rend="italics"
							><foreign xml:lang="grc">ab</foreign>a</hi>: te diu ... vixisse <hi
						rend="italics">hm</hi></note> vel gloriae.' <reg>satis</reg>, si ita vis,
				fortasse naturae, addam<note>addam <foreign xml:lang="grc">a</foreign>: addo
						<foreign xml:lang="grc">bg</foreign></note> etiam, si placet, gloriae: at,
				quod maximum est, patriae certe parum. <reg>qua</reg> re omitte, quaeso,
					istam<note>quaeso, istam <hi rend="italics"><foreign xml:lang="grc"
						>a</foreign>ah</hi>: istam, quaeso <hi rend="italics"><foreign
							xml:lang="grc">b</foreign>m</hi></note> doctorum hominum in contemnenda
				morte prudentiam: noli nostro periculo esse sapiens. <reg>saepe</reg> enim venit ad
				meas auris<note>auris meas <foreign xml:lang="grc">b</foreign></note> te idem istud
				nimis crebro dicere, satis te tibi<note>satis te tibi <foreign xml:lang="grc"
						>a</foreign>: tibi satis te <hi rend="italics">BDL<foreign xml:lang="grc"
							>g</foreign></hi>: tibi te satis <hi rend="italics">E</hi></note>
				vixisse. <reg>credo</reg>, sed tum id audirem, si tibi soli viveres aut si tibi
				etiam soli natus esses. <reg>omnium</reg> salutem civium cunctamque rem publicam res
				tuae gestae complexae sunt<note>nunc cum omnium ... compl. sunt (sint <hi
						rend="italics">a</hi>) <foreign xml:lang="grc">g</foreign></note>; tantum
				abes a perfectione maximorum operum ut fundamenta nondum quae cogitas ieceris.
					<reg>hic</reg> tu modum vitae tuae non salute rei publicae, sed aequitate animi
				definies? <reg>quid</reg>, si istud ne gloriae quidem<note>quidem <hi rend="italics"
						>Schol.</hi>: quidem tuae <foreign xml:lang="grc">ag</foreign>: tuae quidem
						<foreign xml:lang="grc">b</foreign></note> satis est? cuius te esse
				avidissimum, quamvis sis sapiens, non negabis. <milestone n="26" unit="section"
					/>Parumne<note>parumne <hi rend="italics"><foreign xml:lang="grc"
						>a</foreign>L</hi>: parumne igitur <hi rend="italics">BDE<foreign
							xml:lang="grc">g</foreign></hi></note>, inquies, magna<note>magna
						<foreign xml:lang="grc">ab</foreign>: gloriam magnam <foreign xml:lang="grc"
						>g</foreign></note> relinquemus? <reg>immo</reg> vero aliis quamvis multis
				satis, tibi uni parum. <reg>quicquid</reg> est enim, quamvis amplum sit, id est
				parum tum cum est aliquid amplius. <reg>quod</reg> si rerum tuarum immortalium, C.
				Caesar, hic exitus futurus fuit ut devictis adversariis rem publicam in eo statu
				relinqueres in quo nunc est, vide, quaeso, ne tua divina virtus admirationis plus
				sit habitura quam gloriae; si quidem gloria est inlustris et pervagata magnorum vel
				in suos civis<note>civis <hi rend="italics">om.</hi>
					<foreign xml:lang="grc">g</foreign></note> vel in patriam vel in omne genus
				hominum fama meritorum. <milestone n="9" unit="chapter"/><milestone n="27"
					unit="section"/><reg>haec</reg> igitur tibi reliqua pars est; hic restat actus,
				in hoc elaborandum est ut rem publicam constituas, eaque tu in primis summa
				tranquillitate et otio perfruare: tum te, si voles, cum et patriae<note>cum patriae
						<foreign xml:lang="grc">b</foreign></note> quod debes solveris et naturam
				ipsam expleveris satietate vivendi, satis diu vixisse<note><lemma>vixisse</lemma> te
					vixisse <hi rend="italics">H</hi>: vixisse <hi rend="italics">in ras. hab.
						A</hi> est enim <hi rend="italics">Schol. et Servius Aen.</hi> x. 467</note>
				dicito. <reg>quid</reg> enim est omnino<note>omnino <hi rend="italics">om. Schol. et
						Serv.</hi> hoc <hi rend="italics">om.</hi>
					<foreign xml:lang="grc">g</foreign></note> hoc ipsum diu in quo est aliquid
				extremum? <reg>quod</reg> cum venit, omnis voluptas praeterita pro nihilo est, quia
				postea nulla est futura. <reg>quamquam</reg> iste tuus animus numquam his angustiis
				quas natura nobis ad vivendum dedit contentus fuit, semper immortalitatis amore
				flagravit. <milestone n="28" unit="section"/><reg>nec</reg> vero haec tua vita
					ducenda<note>ducenda <hi rend="italics">A<foreign xml:lang="grc"
						>b</foreign></hi>: dicenda <hi rend="italics">HV<foreign xml:lang="grc"
							>g</foreign></hi></note> est quae corpore et spiritu continetur: illa,
				inquam, illa vita est tua quae vigebit memoria saeculorum omnium, quam posteritas
				alet, quam ipsa aeternitas semper tuebitur. <reg>huic</reg> tu inservias, huic te
				ostentes oportet, quae quidem quae miretur iam pridem multa habet; nunc etiam quae
				laudet exspectat. <reg>obstupescent</reg> posteri certe imperia, provincias, Rhenum,
				Oceanum, Nilum, pugnas innumerabilis, incredibilis victorias, monumenta, munera,
				triumphos audientes et legentes tuos. <reg>sed</reg> nisi haec urbs stabilita tuis
				consiliis et institutis erit, <milestone n="29" unit="section"/> vagabitur modo tuum
				nomen longe atque late, sedem<note>sedem quidem <foreign xml:lang="grc"
					>g</foreign></note> stabilem et domicilium certum non habebit. <reg>erit</reg>
				inter eos etiam qui nascentur, sicut inter nos fuit, magna dissensio, cum alii
				laudibus ad caelum res tuas gestas efferent, alii fortasse aliquid requirent, idque
				vel maximum, nisi belli civilis incendium salute patriae restinxeris, ut illud fati
					fuisse<note>fuisse <hi rend="italics">hoc loco hab. <foreign xml:lang="grc"
							>b</foreign>hm, post</hi> videaur <foreign xml:lang="grc">a</foreign>,
						<hi rend="italics">post</hi> hoc <hi rend="italics">a</hi></note> videatur,
				hoc consili. Servi igitur eis<note>eis <foreign xml:lang="grc">a</foreign>: etiam
						<hi rend="italics">h</hi>: eis etiam <hi rend="italics"><foreign
							xml:lang="grc">b</foreign>am</hi></note> iudicibus qui multis post
				saeculis de te iudicabunt et quidem haud scio an incorruptius quam nos; nam et sine
				amore et sine cupiditate et rursus sine odio et sine invidia iudicabunt. <milestone
					n="30" unit="section"/><reg>id</reg> autem etiam si tum ad te, ut quidam falso
				putant, non pertinebit, nunc certe pertinet esse te talem ut tuas laudes obscuratura
				nulla umquam sit oblivio. <milestone n="10" unit="chapter"/></p>
			<p><reg>diversae</reg> voluntates civium fuerunt distractaeque sententiae.
					<reg>non</reg> enim consiliis solum et studiis sed armis etiam et castris
				dissidebamus. <reg>erat</reg><note>erat <hi rend="italics"><foreign xml:lang="grc"
							>a</foreign>h</hi>: erat enim <foreign xml:lang="grc">b</foreign>: erat
					autem <hi rend="italics">am</hi></note> obscuritas quaedam, erat certamen inter
				clarissimos duces; multi dubitabant quid optimum esset, multi quid sibi expediret,
				multi quid deceret<note>deceret <hi rend="italics">AVDELa</hi>: diceret <hi
						rend="italics">HBhm</hi></note>, non nulli etiam quid liceret. <milestone
					n="31" unit="section"/><reg>perfuncta</reg> res publica est hoc<note>hoc <hi
						rend="italics">om.</hi>
					<foreign xml:lang="grc">a</foreign></note> misero fatalique bello: vicit is qui
				non fortuna inflammaret odium suum, sed bonitate leniret; neque omnis<note>nec qui
					omn. <foreign xml:lang="grc">b</foreign></note> quibus iratus esset eosdem
					etiam<note>etiam <hi rend="italics"><foreign xml:lang="grc">a</foreign>DEL</hi>:
						<hi rend="italics">om. B<foreign xml:lang="grc">g</foreign></hi></note>
				exsilio aut morte dignos iudicaret. <reg>arma</reg> ab aliis posita, ab aliis erepta
				sunt. <reg>ingratus</reg> est iniustusque civis qui armorum periculo liberatus
				animum tamen retinet armatum, ut etiam ille melior sit<note>melior sit <hi
						rend="italics">H<foreign xml:lang="grc">b</foreign></hi>: sit melior <hi
						rend="italics">AV<foreign xml:lang="grc">g</foreign></hi></note> qui in acie
				cecidit, qui in causa animam profudit. <reg>quae</reg> enim pertinacia quibusdam,
				eadem aliis constantia videri potest. <reg>sed</reg> iam omnis fracta dissensio est
				armis, <milestone n="32" unit="section"/>exstincta aequitate victoris: restat ut
				omnes unum velint qui habent<note>habent <hi rend="italics"><foreign xml:lang="grc"
							>a</foreign>m</hi>: modo habent <hi rend="italics"><foreign
							xml:lang="grc">b</foreign>ah</hi></note> aliquid non sapientiae
					modo<note>non sap. modo <hi rend="italics">AVam</hi>: non modo sap. <hi
						rend="italics">Hh</hi>: non solum sap. <foreign xml:lang="grc"
					>b</foreign></note> sed etiam sanitatis. Nisi te, C. Caesar, salvo et in ista
				sententia qua cum antea tum hodie maxime<note>vel maxime <foreign xml:lang="grc"
						>b</foreign></note> usus es manente salvi esse non possumus. <reg>qua</reg>
				re omnes te qui haec salva esse volumus et hortamur et obsecramus ut vitae, ut
				saluti tuae<note>ut vitae, ut saluti tuae <foreign xml:lang="grc">a</foreign>: ut
					vitae tuae et saluti <hi rend="italics"><foreign xml:lang="grc"
						>b</foreign>a</hi>: ut vitae <hi rend="italics">hm</hi></note> consulas,
				omnesque tibi, ut pro aliis etiam loquar quod de me ipso<note>me ipse <foreign
						xml:lang="grc">b</foreign></note> sentio, quoniam subesse aliquid putas quod
				cavendum sit, non modo excubias et custodias sed etiam laterum nostrorum oppositus
				et corporum pollicemur. <milestone n="11" unit="chapter"/><milestone n="33"
					unit="section"/></p>
			<p><reg>sed</reg> ut<note>ut <hi rend="italics"><foreign xml:lang="grc"
						>a</foreign>Em</hi>: <hi rend="italics">om. BDah</hi></note>, unde est orsa,
				in eodem terminetur oratio<note>oratio mea <hi rend="italics">hm</hi></note>,
				maximas tibi omnes gratias agimus, C. Caesar, maiores etiam habemus. <reg>nam</reg>
				omnes idem sentiunt, quod ex omnium precibus et lacrimis sentire potuisti.
					<reg>sed</reg> quia non<note>et quoniam non <foreign xml:lang="grc"
					>g</foreign></note> est omnibus<note>omnibus <hi rend="italics">post</hi> stant.
						<hi rend="italics">hab. a</hi>: <hi rend="italics">om. hm</hi></note>
				stantibus necesse dicere, a me certe dici volunt, cui necesse est quodam modo, et
				quod fieri decet M. Marcello a te huic ordini populoque Romano et rei publicae
				reddito, fieri id intellego. <reg>nam</reg> laetari omnis non ut de unius solum sed
				ut de<note>non ut de unius solum sed ut de (<hi rend="italics">om.</hi> solum <hi
						rend="italics">ah</hi>) <hi rend="italics"><foreign xml:lang="grc"
							>a</foreign>ah</hi>: non de unius solum sed de <foreign xml:lang="grc"
						>b</foreign>: non de unius sed de <hi rend="italics">m</hi>: <hi
						rend="italics">fort.</hi> salute <hi rend="italics">post</hi> solum <hi
						rend="italics">transponendum</hi> (<hi rend="italics">de numero</hi> cf. <hi
						rend="italics">Zielinski, p.</hi> 212)</note> omnium<note>omnium <hi
						rend="italics">AV</hi>: omni <hi rend="italics">H</hi>: communi <foreign
						xml:lang="grc">bg</foreign></note> salute sentio. <milestone n="34"
					unit="section"/><reg>quod</reg> autem summae benevolentiae est, quae mea erga
				illum omnibus nota semper<note>semper nota <foreign xml:lang="grc"
					>b</foreign></note> fuit, ut vix C. Marcello<note>C. <hi rend="italics"><foreign
							xml:lang="grc">a</foreign>D</hi>: M. / <hi rend="italics">EL</hi>: <hi
						rend="italics">om.</hi>
					<foreign xml:lang="grc">g</foreign></note>, optimo et amantissimo fratri,
				praeter eum quidem cederem nemini, cum id sollicitudine, cura, labore tam diu
				praestiterim quam diu est de illius salute dubitatum, certe hoc tempore magnis
				curis, molestiis, doloribus liberatus praestare debeo<note>debebo <hi rend="italics"
						>H sol.</hi></note>. <reg>itaque</reg>, C. Caesar, sic tibi gratias ago ut
				me omnibus rebus<note>omnibus me rebus <foreign xml:lang="grc">b</foreign></note> a
				te non conservato solum sed etiam ornato, tamen ad tua in me unum<note>unum <foreign
						xml:lang="grc">b</foreign>: <hi rend="italics">om.</hi>
					<foreign xml:lang="grc">ag</foreign></note> innumerabilia merita, quod fieri iam
				posse non arbitrabar, magnus<note>maximus <foreign xml:lang="grc">b</foreign></note>
				hoc tuo facto cumulus accesserit. </p>
		</body>
	</text>
</TEI>
