<?xml version="1.0" encoding="UTF-8"?>
<TEI xmlns="http://www.tei-c.org/ns/1.0">
    <teiHeader>
        <fileDesc>
            <titleStmt>
                <title n="Ab urbe condita" type="work">Ab Urbe Condita, books 8-10 - 15s</title>
                <title type="sub">Machine readable text</title>
                <author n="Liv.">Titus Livius (Livy)</author>
                <editor n="Foster" role="editor">Benjamin Oliver Foster, Ph.D.</editor>
                <sponsor>Perseus Project, Tufts University</sponsor>
                <principal>Gregory Crane</principal>
                <respStmt>
                    <resp>Prepared under the supervision of</resp>
                    <name>Bridget Almas</name>
                    <name>Lisa Cerrato</name>
                    <name>David Mimno</name>
                    <name>Rashmi Singhal</name>
                </respStmt>
                <funder n="org:NEH">The National Endowment for the Humanities</funder>
            </titleStmt>
            <extent/>
            <publicationStmt>
                <publisher>Trustees of Tufts University</publisher>
                <pubPlace>Medford, MA</pubPlace>
                <authority>Perseus Project</authority>
                <date type="release" notBefore="2006"/>
            </publicationStmt>
            <sourceDesc default="false">
                <biblStruct default="false">
                    <monogr>
                        <author>Livy</author>
                        <title>Books VIII-X With An English Translation</title>
                        <imprint>
                            <pubPlace>Cambridge</pubPlace>
                            <publisher>Cambridge, Mass., Harvard University Press; London, William
                                Heinemann, Ltd.</publisher>
                            <date>1926: no copyright notice</date>
                        </imprint>
                    </monogr>
                </biblStruct>
            </sourceDesc>
        </fileDesc>
        <encodingDesc>
            <refsDecl>
                <refState unit="book"/>
                <refState unit="chapter" n="chunk"/>
            </refsDecl>
        </encodingDesc>
        <profileDesc>
            <langUsage default="false">
                <language ident="la">Latin</language>
                <language ident="en">English</language>
                <language ident="greek">Greek</language>
            </langUsage>
        </profileDesc>
        <revisionDesc>
            <!--
            <change>
                <date>2006</date>
                <respStmt>
                    <name>GRC</name>
                    <resp>tagging</resp>
                </respStmt>
                <item/>
            </change>
        -->
            <change when="2014-10-09" who="Stella Dee">edited markup</change>
        </revisionDesc>
    </teiHeader>
    <text xml:lang="la">
        <body>
            <div part="N" sample="complete" org="uniform" n="15s" type="book">
                <head>Libri XV Periocha</head>
                <p> VICTIS Tarentinis pax et libertas data est. <note anchored="true"
                        place="unspecified"> data est <hi rend="italics">vulg.:</hi> nata est <hi
                            rend="italics">MSS.</hi>
                    </note>
                    <reg>legio</reg> Campana quae Regium occupaverat obsessa deditione facta securi
                    percussa est. <reg>cum</reg> legatos Apolloniatium ad senatum missos quidam
                    iuvenes pulsassent, dediti sunt Apolloniatibus. <name>Picentibus</name> victis
                    pax data est. <reg>coloniae</reg> deductae Ariminum in Piceno, Beneventum in
                    Samnio. <note anchored="true" place="unspecified"> Beneventum in Samnio <hi
                            rend="italics">editio princeps:</hi> Beneventum <hi rend="italics"
                            >MSS.</hi>
                    </note>
                    <reg>tune</reg> primum populus R. <note anchored="true" place="unspecified">
                        populus R. <hi rend="italics">vulg.:</hi> populus <hi rend="italics"
                            >MSS.</hi>
                    </note> argento uti coepit. <name>Umbri</name> et Sallentini <note
                        anchored="true" place="unspecified"> Sallentini <hi rend="italics"
                            >vulg.:</hi> salleni (or saleni <hi rend="italics">or</hi> salerni) <hi
                            rend="italics">MSS.</hi>
                    </note> victi in deditionem accepti sunt. <reg>quaestorum</reg> numerus
                    ampliatus est, ut essent octo. <note anchored="true" place="unspecified"> ut
                        essent octo <hi rend="italics">
                            <name>Sigonius</name> : </hi> ut essent <hi rend="italics">MSS.</hi>
                    </note>
                </p>
            </div>
        </body>
    </text>
</TEI>
