<?xml version="1.0" encoding="UTF-8"?>
<TEI xmlns="http://www.tei-c.org/ns/1.0">
    <teiHeader>
        <fileDesc>
            <titleStmt>
                <title n="Ab urbe condita" type="work">Ab Urbe Condita, books 8-10 - 15s</title>
                <title type="sub">Machine readable text</title>
                <author n="Liv.">Titus Livius (Livy)</author>
                <editor n="Foster" role="editor">Benjamin Oliver Foster, Ph.D.</editor>
                <sponsor>Perseus Project, Tufts University</sponsor>
                <principal>Gregory Crane</principal>
                <respStmt>
                    <resp>Prepared under the supervision of</resp>
                    <name>Bridget Almas</name>
                    <name>Lisa Cerrato</name>
                    <name>David Mimno</name>
                    <name>Rashmi Singhal</name>
                </respStmt>
                <funder n="org:NEH">The National Endowment for the Humanities</funder>
            </titleStmt>
            <extent/>
            <publicationStmt>
                <publisher>Trustees of Tufts University</publisher>
                <pubPlace>Medford, MA</pubPlace>
                <authority>Perseus Project</authority>
                <date type="release" notBefore="2006"/>
            </publicationStmt>
            <sourceDesc default="false">
                <biblStruct default="false">
                    <monogr>
                        <author>Livy</author>
                        <title>Books VIII-X With An English Translation</title>
                        <imprint>
                            <pubPlace>Cambridge</pubPlace>
                            <publisher>Cambridge, Mass., Harvard University Press; London, William
                                Heinemann, Ltd.</publisher>
                            <date>1926: no copyright notice</date>
                        </imprint>
                    </monogr>
                </biblStruct>
            </sourceDesc>
        </fileDesc>
        <encodingDesc>
            <refsDecl>
                <refState unit="book"/>
                <refState unit="chapter" n="chunk"/>
            </refsDecl>
        </encodingDesc>
        <profileDesc>
            <langUsage default="false">
                <language ident="en">English</language>
                <language ident="la">Latin</language>
                <language ident="greek">Greek</language>
            </langUsage>
        </profileDesc>
        <revisionDesc>
            <!--
            <change>
                <date>2006</date>
                <respStmt>
                    <name>GRC</name>
                    <resp>tagging</resp>
                </respStmt>
                <item/>
            </change>
        -->
            <change when="2014-10-09" who="Stella Dee">edited markup</change>
        </revisionDesc>
    </teiHeader>
    <text xml:lang="en">
        <body>
            <div part="N" sample="complete" org="uniform" n="15s" type="book">
                <head>Summary of Book XV</head>
                <p> THE Tarentines, having been vanquished, were granted peace and liberty.
                        <name>The</name> Campanian legion which had seized Regium <note
                        anchored="true" place="unspecified">
                        <hi rend="italics">sc.</hi>
                        <reg>rhegium</reg> . </note> was besieged and forced to surrender and its
                    members were beheaded. <reg>envoys</reg> from Apollonium to the senate were
                    beaten by certain youths, who were given up to the people of Apollonium.
                        <name>The</name> Picentes were defeated and granted peace.
                        <reg>colonies</reg> were sent out to Ariminum in the Picentian district and
                    to Beneventum in Samnium. <reg>then</reg> for the first time the Roman People
                    began to use silver. <note anchored="true" place="unspecified">
                        <hi rend="italics">i.e.</hi> silver coinage. </note>
                    <name>The</name> Umbrians and the Sallentines were conquered and their
                    submission was received. <name>The</name> number of quaestors was enlarged, so
                    that there were eight. </p>
            </div>
        </body>
    </text>
</TEI>
