<?xml version="1.0" encoding="UTF-8"?>
<ti:work xmlns:ti="http://chs.harvard.edu/xmlns/cts" groupUrn="urn:cts:greekLit:tlg0007" projid="greekLit:tlg100" urn="urn:cts:greekLit:tlg0007.tlg100" xml:lang="grc">
    <ti:title xml:lang="lat">Animine an corporis affectiones sint peiores</ti:title>
    
    <ti:translation urn="urn:cts:greekLit:tlg0007.tlg100.perseus-eng3" workUrn="urn:cts:greekLit:tlg0007.tlg100" xml:lang="eng">
        <ti:label xml:lang="eng">Whether the Affections of the Soul are Worse Than Those of the Body</ti:label>
        <ti:description xml:lang="mul">Plutarch. Moralia, Vol. VI. Helmbold, William Clark, translator. Cambridge, MA: Harvard University Press. London: William Heinemann Ltd. 1939 (printing).</ti:description>
    </ti:translation>
    
    <ti:translation urn="urn:cts:greekLit:tlg0007.tlg100.perseus-eng4" workUrn="urn:cts:greekLit:tlg0007.tlg100" xml:lang="eng">
        <ti:label xml:lang="eng">Whether the Passions of the Soul or Diseases of the Body Are Worse</ti:label>
        <ti:description xml:lang="eng">Plutarch. Plutarch's Morals, Vol. IV. Goodwin, William W., editor; White, Samuel, translator. Boston: Little, Brown, and Company. Cambridge. 1874.</ti:description>
    </ti:translation>
    
    <ti:edition urn="urn:cts:greekLit:tlg0007.tlg100.perseus-grc2" workUrn="urn:cts:greekLit:tlg0007.tlg100" xml:lang="grc">
        <ti:label xml:lang="grc">Ποτερον τὰ τῆς ψυχῆς ἢ τὰ τοῦ σώματος πάθη χείρονα</ti:label>
        <ti:description xml:lang="mul">Plutarch. Plutarchi Chaeronensis Moralia, Vol. IΙI. Vernardakēs, Grēgorios N., editor. 
            Leipzig: Teubner. 1891.</ti:description>
    </ti:edition>
</ti:work>

