<ti:work xmlns:ti="http://chs.harvard.edu/xmlns/cts" groupUrn="urn:cts:latinLit:phi0690" urn="urn:cts:latinLit:phi0690.phi002" xml:lang="lat">
  <ti:title xml:lang="eng">Georgics</ti:title>
  <ti:translation urn="urn:cts:latinLit:phi0690.phi002.perseus-eng2" workUrn="urn:cts:latinLit:phi0690.phi002" xml:lang="eng">
    <ti:label xml:lang="eng">Georgics</ti:label>
    <ti:description xml:lang="eng">Perseus:bib:oclc,22858571, Vergil. Bucolics, Aeneid, and
      Georgics Of Vergil. J. B. Greenough. Boston. Ginn &amp;amp; Co. 1900.</ti:description>
    <ti:memberof collection="Perseus:collection:Greco-Roman" />
  </ti:translation>
  <ti:edition urn="urn:cts:latinLit:phi0690.phi002.perseus-lat2" workUrn="urn:cts:latinLit:phi0690.phi002" xml:lang="lat">
    <ti:label xml:lang="eng">Georgics</ti:label>
    <ti:description xml:lang="eng">Perseus:bib:oclc,22858571, Vergil. Bucolics, Aeneid, and
      Georgics Of Vergil. J. B. Greenough. Boston. Ginn &amp;amp; Co. 1900.</ti:description>
    <ti:memberof collection="Perseus:collection:Greco-Roman" />
  </ti:edition>
</ti:work>
