<ti:work xmlns:ti="http://chs.harvard.edu/xmlns/cts" urn="urn:cts:latinLit:phi0860.phi001" xml:lang="lat" groupUrn="urn:cts:latinLit:phi0860">
<ti:title xml:lang="lat">Historiarum Alexandri Magni</ti:title>
<ti:edition urn="urn:cts:latinLit:phi0860.phi001.perseus-lat2" workUrn="urn:cts:latinLit:phi0860.phi001">
  <ti:label xml:lang="eng">Historiarum Alexandri Magni, Historiarum Alexandri Magni Macedonis libri qui supersunt</ti:label>
  <ti:description xml:lang="eng">Curtius Rufus, Quintus, creator; Hedicke, Edmund, editor</ti:description>
</ti:edition>
</ti:work>
        