<?xml version="1.0" encoding="UTF-8"?>
<ti:work xml:lang="lat" xmlns:ti="http://chs.harvard.edu/xmlns/cts" groupUrn="urn:cts:latinLit:phi0474" urn="urn:cts:latinLit:phi0474.phi012" projid="latinLit:phi012">
    <ti:title xml:lang="eng">For Rabirius on a Charge of Treason</ti:title>
    <ti:title xml:lang="eng">In Defense of Caius Rabirius</ti:title>
    <ti:title xml:lang="lat">Pro C. Rabiro perduellionis reo</ti:title>
    
           <ti:edition urn="urn:cts:latinLit:phi0474.phi012.perseus-lat2" workUrn="urn:cts:latinLit:phi0474.phi012" xml:lang="lat">
               <ti:label xml:lang="eng">For Rabirius on a Charge of Treason</ti:label>
               <ti:description xml:lang="eng">Orationes Volume IV, Cicero, Marcus Tullius, creator; Clark, Albert Curtis, 1859-1937, editor</ti:description>
        </ti:edition>
      
    <ti:translation urn="urn:cts:latinLit:phi0474.phi012.perseus-eng3" workUrn="urn:cts:latinLit:phi0474.phi012" xml:lang="eng">
        <ti:label xml:lang="eng">Pro Rabirio Perduellionis Reo</ti:label>
        <ti:description xml:lang="eng">The orations of Marcus Tullius Cicero Vol 2 Three orations on the Agrarian law, the four against Catiline, the orations for Rabirius, Murena, Sulla, Archias, Flaccus, Scaurus, etc, Cicero, Marcus Tullius, creator; Yonge, Charles Duke, 1812-1891, translator</ti:description>
    </ti:translation>
    
    
    
</ti:work>