<?xml version="1.0" encoding="UTF-8"?>
<ti:work xml:lang="lat" xmlns:ti="http://chs.harvard.edu/xmlns/cts" groupUrn="urn:cts:latinLit:phi0474" urn="urn:cts:latinLit:phi0474.phi001" projid="latinLit:phi001">
    <ti:title xml:lang="eng">For Publius Quinctius</ti:title>
    <ti:title xml:lang="lat">Pro P. Quinctio</ti:title>
    
    <ti:edition workUrn="urn:cts:latinLit:phi0474.phi001" urn="urn:cts:latinLit:phi0474.phi001.perseus-lat2" xml:lang="lat">
        <ti:label xml:lang="eng">For Publius Quinctius, Orationes Volume IV</ti:label>
        <ti:description xml:lang="eng">Cicero, Marcus Tullius, creator; Clark, Albert Curtis, 1859-1937, editor</ti:description>
        </ti:edition>
    
    <ti:translation workUrn="urn:cts:latinLit:phi0474.phi001" urn="urn:cts:latinLit:phi0474.phi001.perseus-eng2" xml:lang="eng">
            <ti:label xml:lang="eng">For Publius Quinctius, The orations of Marcus Tullius Cicero Vol 1 Orations for Quintius, Sextus Roscius, Quintus Roscius, against Quintus Cæcilius, and against Verres</ti:label>
        <ti:description xml:lang="eng">Cicero, Marcus Tullius, creator; Yonge, Charles Duke, 1812-1891, translator</ti:description>
        </ti:translation>
    
</ti:work>


