<?xml version="1.0" encoding="UTF-8"?>
<ti:work xmlns:ti="http://chs.harvard.edu/xmlns/cts" groupUrn="urn:cts:greekLit:tlg0003" projid="greekLit:tlg001" urn="urn:cts:greekLit:tlg0003.tlg001" xml:lang="grc">
    
   <ti:title xml:lang="eng">History of the Peloponnesian War</ti:title>
    
   <ti:translation workUrn="urn:cts:greekLit:tlg0003.tlg001" urn="urn:cts:greekLit:tlg0003.tlg001.perseus-eng4" xml:lang="eng">
     <ti:label xml:lang="en">History of the Peloponnesian War (English - Thomas Hobbes
            translator)</ti:label>
      <ti:description xml:lang="eng">The English works of Thomas Hobbes of Malmesbury. Thucydides.
            Thomas Hobbes. translator. London. Bohn. 1843.</ti:description>
   </ti:translation>
    
   <ti:translation workUrn="urn:cts:greekLit:tlg0003.tlg001" urn="urn:cts:greekLit:tlg0003.tlg001.perseus-eng5" xml:lang="eng">
      <ti:label xml:lang="en">History of the Peloponnesian War (English - Benjamin Jowett
            translator)</ti:label>
      <ti:description xml:lang="eng">Thucydides translated into English; with introduction,
            marginal analysis, notes, and indices. Volume 1. Thucydides. Benjamin Jowett.
            translator. Oxford. Clarendon Press. 1881</ti:description>
   </ti:translation>
    
   <ti:translation workUrn="urn:cts:greekLit:tlg0003.tlg001" urn="urn:cts:greekLit:tlg0003.tlg001.perseus-eng6" xml:lang="eng">
      <ti:label xml:lang="en">History of the Peloponnesian War (English - E.P. Dutton)</ti:label>
      <ti:description xml:lang="eng">Thucydides. The Peloponnesian War. London, J. M. Dent; New
            York, E. P. Dutton. 1910.</ti:description>
   </ti:translation>
    
   <ti:translation workUrn="urn:cts:greekLit:tlg0003.tlg001" urn="urn:cts:greekLit:tlg0003.tlg001.opp-ger1" xml:lang="ger">
         <ti:label xml:lang="en">History of the Peloponnesian War (German. Ed. A. Warmund)</ti:label>
      <ti:description xml:lang="eng">Geschichte des Peloponnesischen Kriegs. Vol. 1. Ed. A.
            Warmund. 1864</ti:description>
   </ti:translation>
      
  <ti:translation urn="urn:cts:greekLit:tlg0003.tlg001.opp-ger2" workUrn="urn:cts:greekLit:tlg0003.tlg001" xml:lang="ger">
      <ti:label xml:lang="eng">History of the Peloponnesian War (German Ed. - T. Braun)</ti:label>
      <ti:description xml:lang="eng">Thucydides, creator; Braun, Theodor, 1877-1946, editor, translator</ti:description>
  </ti:translation>
      
   <ti:translation workUrn="urn:cts:greekLit:tlg0003.tlg001" urn="urn:cts:greekLit:tlg0003.tlg001.opp-fre1" xml:lang="fre">
      <ti:label xml:lang="en">History of the Peloponnesian War (French. Marie Charles Zévort
            translator.)</ti:label>
      <ti:description xml:lang="eng">Histoire de la Guerre du Péloponnése, vol. 1,
            Traduit par Marie Charles Zévort (1852) Paris: Charpentier. </ti:description>
   </ti:translation>
    
    
   <ti:edition urn="urn:cts:greekLit:tlg0003.tlg001.perseus-grc2" workUrn="urn:cts:greekLit:tlg0003.tlg001">
         <ti:label xml:lang="eng">History of the Peloponnesian War (Oxford 1942 Epidoc)</ti:label>
      <ti:description xml:lang="eng">Thucydides, creator; Jones, Henry Stuart, 1867-1939, editor</ti:description>
    </ti:edition>

</ti:work>