<ti:work xml:lang="lat" xmlns:ti="http://chs.harvard.edu/xmlns/cts" groupUrn="urn:cts:latinLit:phi0474" projid="latinLit:phi017" urn="urn:cts:latinLit:phi0474.phi017">
    
    <ti:title xml:lang="eng">For Flaccus</ti:title>
    <ti:title xml:lang="eng">In Defense of Lucius Flaccus</ti:title>
    <ti:title xml:lang="lat">Pro L. Flacco</ti:title>
    <ti:title xml:lang="lat">Pro Flacco</ti:title>
             
    <ti:edition urn="urn:cts:latinLit:phi0474.phi017.perseus-lat2" workUrn="urn:cts:latinLit:phi0474.phi017" xml:lang="lat">
        <ti:label xml:lang="eng">For Flaccus</ti:label>
        <ti:description xml:lang="eng">Orationes Volume IV; Cicero, Marcus Tullius, creator; Clark, Albert Curtis, 1859-1937, editor</ti:description>
    </ti:edition>
  
    <ti:translation urn="urn:cts:latinLit:phi0474.phi017.perseus-eng2" workUrn="urn:cts:latinLit:phi0474.phi017" xml:lang="eng">
        <ti:label xml:lang="eng">For Flaccus</ti:label>
        <ti:description xml:lang="eng">The orations of Marcus Tullius Cicero Vol 2 Three orations on the Agrarian law, the four against Catiline, the orations for Rabirius, Murena, Sulla, Archias, Flaccus, Scaurus, etc; Cicero, Marcus Tullius, creator; Yonge, Charles Duke, 1812-1891, translator</ti:description>
    </ti:translation>
    

</ti:work>
    