<?xml version="1.0" encoding="UTF-8"?>
<TEI xmlns="http://www.tei-c.org/ns/1.0">
	<teiHeader xml:lang="eng" type="text">
		<fileDesc>
			<titleStmt>
				<title>On the Subject of the Consular Provinces </title>
				<title>Cum Senatui gratias egit, Cum populo gratias egit, De domo sua, De haruspicum
					responso, Pro Sestio, In Vatinium, De provinciis consularibus, Pro Balbo</title>
				<title type="sub">Machine readable text</title>
				<author n="Cic.">M. Tullius Cicero</author>
				<editor role="editor" n="OCT">Albert Clark</editor>
				<sponsor>Perseus Project, Tufts University</sponsor>
				<principal>Gregory Crane</principal>
				<respStmt>
					<resp>Prepared under the supervision of</resp>
					<name>Bridget Almas</name>
					<name>Lisa Cerrato</name>
					<name>William Merrill</name>
					<name>David Mimno</name>
					<name>Rashmi Singhal</name>
					<name>David Smith</name>
				</respStmt>
				<funder n="org:NEH">National Endowment For The Humanities (NEH)</funder> 
			</titleStmt>
			<publicationStmt>
				<publisher>Trustees of Tufts University</publisher>
				<pubPlace>Medford, MA</pubPlace>
				<authority>Perseus Project</authority>
				<date type="release">1997-10-28</date>
			</publicationStmt> 

			<sourceDesc>
				<biblStruct>
					<monogr>
						<author>M. Tullius Cicero</author>
						<title>M. Tulli Ciceronis Orationes: Recognovit brevique adnotatione critica
							instruxit Albertus Curtis Clark</title>
						<editor role="editor">Albert Clark</editor>
						<imprint>
							<pubPlace>Oxonii</pubPlace>
							<publisher>e Typographeo Clarendoniano</publisher>
							<date>1909</date>
						</imprint>
					</monogr>
					<series>
						<title>Scriptorum Classicorum Bibliotheca Oxoniensis</title>
					</series>
				</biblStruct>
			</sourceDesc>
		</fileDesc>

		<encodingDesc>
			<refsDecl>
				<refState delim=" " unit="text"/>
				<refState unit="section"/>
			</refsDecl>
			<refsDecl>
				<refState delim=" " unit="text"/>
				<refState delim="." n="chunk" unit="chapter"/>
				<refState unit="section"/>
			</refsDecl>
		</encodingDesc>

		<profileDesc>
			<langUsage>
				<language ident="la">Latin</language>
				<language ident="greek">Greek</language>
			</langUsage>
		</profileDesc>
		<revisionDesc>
			<!--
<change><date>3/26/97</date>
<respStmt><name>DAS</name><resp>ed.</resp></respStmt>
<item>
$Log: cic.oct5_lat.xml,v $
Revision 1.5  2013-09-13 11:21:41  balmas01
reverting texts back to pre_cts_reorg tagged version

Revision 1.3  2011-07-19 22:30:38  gcrane
removed the earlier persName/placeName tags

Revision 1.2  2011-07-09 20:25:36  gcrane
fixed problems with capitalization

Revision 1.1  2011-01-15 23:14:25  gcrane
base SDL file

Revision 1.1  2009/10/09 19:49:16  rsingh04
more reorganizing of texts module by collection

Revision 1.3  2006/04/21 20:50:45  gcrane
these now have the app crit entered as notes

Revision 1.2  2005/08/01 15:59:20  packel
removed stray item tags

Revision 1.1  2005/07/25 14:31:20  packel
Converted to XML

Revision 1.11  2005/04/08 17:56:08  mimno
added default chunks

Revision 1.10  2004/12/23 18:58:29  mimno
typo: cDe harus... ->  De harus

Revision 1.9  2003/07/01 22:14:59  yorkc
Updated texts to TEI P4 and Perseus P4 extensions; minor cleanup (esp. character encodings and typos.)

Revision 1.8  2002/12/02 18:41:46  amahoney
correct spelling of Quirites, improperly 'regularized'

Revision 1.7  2000/03/04 20:34:12  dasmith
Added separate funder entity to TEI header.

Revision 1.6  1999/10/14 21:36:03  dasmith
Added explanatory subtitles to titleStmt

Revision 1.5  1999/08/12 17:17:21  dasmith
Fixed refsDecl

Revision 1.4  1999/08/04 18:12:13  textgod
Random changes over a period of months.

Revision 1.3  1997/10/31 21:07:15  textgod
Added QUOTE tags to verse.

Revision 1.2  1997/08/18 14:54:37  textgod
???

Revision 1.1  1997/05/13 20:47:00  cjsu
passed SGML validation
</item></change><change><date>July 2014</date>
    <respStmt><name>Stella Dee</name><resp>ed.</resp></respStmt>
    <item>split composite text and converted to unicode</item>
      </change>-->
			<change when="2014-08-01" who="Stella Dee">edited markup</change>
		</revisionDesc>
	</teiHeader>
	<text xml:lang="la">
		<body>
			<head>DE PROVINCIIS CONSVLARIBVS IN SENATV ORATIO</head>


			<milestone n="1" unit="chapter"/>
			<milestone n="1" unit="section"/>
			<p><reg>si</reg> quis vestrum, patres conscripti, exspectat quas sim provincias
				decreturus, consideret ipse secum qui mihi homines ex provinciis potissimum
				detrahendi sint: non dubitabit quid sentire me conveniat, cum quid mihi sentire
				necesse sit cogitarit. <reg>ac</reg> si princeps eam sententiam dicerem, laudaretis
				profecto; si solus, certe ignosceretis; etiam si paulo minus utilis vobis sententia
				videretur, veniam tamen aliquam dolori meo tribueretis. <reg>nunc</reg> vero, patres
				conscripti, non parva adficior voluptate, vel quod hoc maxime rei publicae conducit,
				Syriam Macedoniamque decerni, ut dolor meus nihil a communi utilitate dissentiat,
				vel quod habeo auctorem P. Servilium, qui ante me sententiam dixit, virum
				clarissimum et cum in<note>in <hi rend="italics">ut Angelius ita mg. H, bk
						Harl.</hi> 2681 (<hi rend="italics">cum abl. c</hi>), <hi rend="italics">om.
						P rell. praeter t</hi> (ad)</note> universam rem publicam tum etiam erga
				meam salutem fide ac benivolentia singulari. <milestone n="2" unit="section"
					/><reg>quod</reg> si ille, et paulo ante et quotienscumque ei locus dicendi ac
				potestas fuit, Gabinium et Pisonem, duo rei publicae portenta ac paene funera, cum
				propter alias causas tum maxime propter illud insigne scelus eorum et importunam in
				me crudelitatem, non solum sententia sua sed etiam verborum gravitate esse notandos
				putavit, quonam me animo in eos esse oportet, cuius illi salutem pro pignore
				tradiderunt ad explendas<note>explendas <hi rend="italics">bk Harl.</hi> 2681 <hi
						rend="italics">et cod. Car. Steph.</hi>: expiendas <hi rend="italics"
						>P1w</hi>: expiandas <hi rend="italics">P2 rell.</hi> (<hi rend="italics"
						>Phil.</hi> xiv, § 10)</note> suas cupiditates? <reg>sed</reg> ego in hac
				sententia dicenda non parebo dolori meo, non iracundiae serviam. <reg>quo</reg>
				animo unus quisque vestrum debet esse in illos<note>illos <hi rend="italics"
						>Naugerius</hi> (1): illo <hi rend="italics">PHt</hi></note>, hoc
					ero<note>ego ero <hi rend="italics">Kraffert</hi></note>: praecipuum illum et
				proprium sensum doloris mei, quem tamen vos communem semper vobis mecum esse
				duxistis, a sententia dicenda amovebo, ad ulciscendi tempora reservabo. <milestone
					n="2" unit="chapter"/><milestone n="3" unit="section"/></p>
			<p><reg>quattuor</reg> sunt provinciae, patres conscripti, de quibus adhuc intellego
				sententias esse dictas, Galliae duae, quas hoc tempore uno imperio videmus esse
				coniunctas, et Syria et Macedonia, quas vobis invitis et oppressis pestiferi illi
				consules pro perversae<note>perversae <hi rend="italics">codd. praeter HGE<foreign
							xml:lang="grc">s</foreign></hi> (eversae): <hi rend="italics">cf.</hi> §
					7, <hi rend="italics">Vatin.</hi> §§ 19, 23</note> rei publicae praemiis
				occupaverunt. <reg>decernendae</reg> nobis sunt<note>nobis sunt <hi rend="italics"
							>B<foreign xml:lang="grc">S</foreign>Hkt all.</hi>: sunt nobis <hi
						rend="italics">P</hi> (<hi rend="italics">sed sign. transp. add. m.</hi> 1)
						<hi rend="italics">wc</hi></note> lege Sempronia duae. <reg>quid</reg> est
				quod possimus de Syria Macedoniaque dubitare? Mitto quod eas ita partas habent ii
				qui nunc obtinent ut non ante attigerint quam hunc ordinem condemnarint, quam
				auctoritatem vestram e civitate exterminarint, quam fidem publicam, quam perpetuam
				populi Romani salutem, quam me ac meos omnis foedissime crudelissimeque vexarint.
					<milestone n="4" unit="section"/><reg>omnia</reg><note>omnia illa <hi
						rend="italics">HGEb<foreign xml:lang="grc">s</foreign></hi></note> domestica
				atque urbana mitto, quae tanta sunt ut numquam Hannibal huic urbi tantum mali
				optarit quantum illi effecerint<note>effecerunt <hi rend="italics">ut Tischero auct.
						Kayser ita k</hi></note>. <reg>ad</reg> ipsas venio provincias; quarum
				Macedonia, quae erat antea munita plurimorum imperatorum non turribus sed tropaeis,
				quae multis victoriis erat iam diu triumphisque pacata, sic a barbaris, quibus est
				propter avaritiam pax erepta, vexatur ut Thessalonicenses positi in gremio imperi
				nostri relinquere oppidum et arcem munire cogantur, ut via illa nostra quae per
				Macedoniam est usque ad Hellespontum militaris non solum excursionibus barbarorum
				sit infesta, sed etiam castris Thraeciis distincta ac notata. <reg>ita</reg> gentes
				eae quae, ut pace uterentur, vim<note>magnam (<hi rend="italics">ante</hi> vim) <hi
						rend="italics">suppl. van der Vliet</hi></note> argenti dederant praeclaro
				nostro imperatori<note>imp. nostr. <hi rend="italics">Hbk</hi></note>, ut exhaustas
				domos replere possent, pro empta pace bellum nobis prope iustum intulerunt.
					<milestone n="3" unit="chapter"/><milestone n="5" unit="section"/></p>
			<p><reg>iam</reg> vero exercitus noster ille superbissimo dilectu et durissima
				conquisitione conlectus omnis interiit<note>interit <hi rend="italics"
					>PGE</hi></note>. Magno hoc dico cum dolore: miserandum in modum milites populi
				Romani capti necati deserti dissipati sunt, incuria fame morbo vastitate consumpti,
				ut, quod est indignissimum, scelus imperatoris<note>is imperator <hi rend="italics"
						>bk</hi></note> in p<add>atri</add>am exercitum<add>que</add>
					exp<add>ia</add>tum<note>in patriam exercitumque expiatum <hi rend="italics"
						>scripsi</hi> (<hi rend="italics">Cl. Qu.</hi> iv. 175): in poenam exercitus
					expetitum <hi rend="italics">codd. praeter HGEc</hi> (expetitus), <hi
						rend="italics">w</hi> (-am): expetisse <hi rend="italics">Gulielm.</hi>:
					expiatum (<hi rend="italics">sed</hi> in exercitum) <hi rend="italics">Kappeyne
						van de Coppelle</hi> (<hi rend="italics">Pis.</hi> § 85): poena exercitus
					expiatum <hi rend="italics">Reid</hi></note> esse videatur. <reg>atque</reg>
				hanc Macedoniam, domitis iam gentibus finitimis barbariaque compressa, pacatam ipsam
				per se et quietam, tenui praesidio atque exigua manu etiam sine imperio per legatos
				nomine ipso populi Romani tuebamur; quae nunc consulari imperio<note>cons. imperio
						<hi rend="italics">ed. R.</hi>: consulario <hi rend="italics">PB<foreign
							xml:lang="grc">S</foreign></hi></note> atque exercitu ita vexata est vix
				ut se possit diuturna pace recreare; cum interea quis vestrum hoc non audivit, quis
				ignorat, Achaeos ingentem pecuniam pendere L. Pisoni quotannis, vectigal ac
				portorium Dyrrachinorum totum in huius unius quaestum esse conversum, urbem
				Byzantiorum vobis atque huic imperio fidelissimam hostilem in modum esse vexatam?
				quo ille, postea quam nihil exprimere ab egentibus, nihil ulla vi a miseris
				extorquere potuit, cohortis in hiberna misit; iis praeposuit quos putavit fore
				diligentissimos satellites scelerum, ministros cupiditatum suarum. <milestone n="6"
					unit="section"/><reg>omitto</reg> iuris dictionem in libera civitate contra
				leges senatusque consulta, caedis relinquo, libidines praetereo, quarum acerbissimum
				exstat indicium et ad insignem memoriam turpitudinis et paene ad iustum odium imperi
				nostri, quod constat nobilissimas virgines se in puteos abiecisse et morte
				voluntaria necessariam turpitudinem depulisse; nec haec idcirco omitto quod non
				gravissima sint, sed quia nunc sine teste dico. <milestone n="4" unit="chapter"
					/><reg>ipsam</reg> vero urbem Byzantiorum fuisse refertissimam atque
				ornatissimam signis quis ignorat? quae illi exhausti sumptibus bellisque maximis,
				cum omnis<note>cum omnis <hi rend="italics">Halm.</hi>: cumnis <hi rend="italics"
						>P1</hi>: cum <hi rend="italics">P2 rell.</hi></note> Mithridaticos impetus
				totumque Pontum armatum, effervescentem in Asiam atque erumpentem ore, repulsum et
				cervicibus interclusum suis sustinerent, tum, inquam, Byzantii et postea signa illa
				et reliqua urbis ornamenta sanctissime custodita tenuerunt: <milestone n="7"
					unit="section"/>te imperatore infelicissimo et taeterrimo, Caesonine
					<reg>calventi</reg>, civitas libera, et pro eximiis<note>pro eximiis <hi
						rend="italics">Madv.</hi>: proximis <hi rend="italics">codd.</hi></note>
				suis beneficiis a senatu et a populo Romano liberata, sic spoliata atque nudata est
				ut, nisi C. Vergilius<note>C. <hi rend="italics">s. l. add. P1</hi>: <hi
						rend="italics">om. E</hi></note> legatus, vir fortis et innocens,
				intervenisset, unum signum Byzantii ex maximo numero nullum haberent.
					<reg>quod</reg> fanum in Achaia, qui locus aut lucus in Graecia tota tam sanctus
				fuit in quo ullum simulacrum, ullum ornamentum reliquum sit? <reg>emisti</reg> a
				foedissimo tribuno plebis tum in illo naufragio huius urbis, quam tu idem qui
				gubernare debueras everteras, tum, inquam, emisti grandi pecunia ut tibi de pecuniis
				creditis ius in liberos populos contra senatus consulta et contra legem generi tui
				dicere liceret: id emptum ita vendidisti ut aut ius non diceres aut bonis civis
				Romanos everteres. <milestone n="8" unit="section"/><reg>quorum</reg> ego nihil
				dico, patres conscripti, nunc in hominem ipsum: de provincia disputo.
					<reg>itaque</reg> omnia illa quae et saepe audistis et tenetis animis, etiam si
				non audiatis, praetermitto. <reg>nihil</reg> de hac eius urbana, quam ille praesens
				in mentibus vestris oculisque defixit, audacia loquor; nihil de superbia, nihil de
				contumacia, nihil de crudelitate disputo; lateant<note>lateant <hi rend="italics"
						>Naugerius</hi> (1): latent <hi rend="italics">codd.</hi></note> libidines
				eius illae tenebricosae, quas fronte et supercilio, non pudore et temperantia
				contegebat: de provincia quod agitur, id disputo. <reg>huic</reg> vos non
				submittetis? hunc diutius manere patiemini? cuius, ut provinciam tetigit, sic
				fortuna cum improbitate certavit ut nemo posset utrum protervior<note>protervior <hi
						rend="italics">Lamb.</hi>: posterior <hi rend="italics">codd.</hi> (<hi
						rend="italics">Pis.</hi> § 66): deterior <foreign xml:lang="grc">s</foreign>
					<hi rend="italics">Angelius</hi>: pestilentior <hi rend="italics">b2. Num</hi>
					probrosior?</note> an infelicior esset iudicare. <milestone n="9" unit="section"
				/></p>
			<p><reg>an</reg> vero in Syria diutius est Semiramis illa retinenda? cuius iter in
				provinciam fuit eius modi ut rex Ariobarzanes consulem vestrum ad caedem faciendam
				tamquam aliquem Thraecem conduceret; deinde adventus in Syriam primus equitatus
				habuit interitum, post concisae sunt optimae cohortes. <reg>igitur</reg> in Syria
				imperatore illo nihil aliud <add>umquam</add><note>umquam <hi rend="italics"
						>scripsi</hi>: neque <hi rend="italics">codd.</hi>: gestum neque <hi
						rend="italics">Orell. auct. suppl. Klotz</hi> (<hi rend="italics">Pis.</hi>
					§ 40): cogitatum neque <hi rend="italics">Madv.</hi></note> actum est nisi
				pactiones pecuniarum cum tyrannis, decisiones, direptiones, latrocinia, caedes, cum
				palam populi Romani imperator, instructo exercitu, dexteram tendens, non ad laudem
				milites hortaretur<note>hortaretur <hi rend="italics">ed. V.</hi>: hortetur <hi
						rend="italics">codd.</hi></note>, sed omnia sibi et empta et emenda esse
					clamaret<note>clamet <hi rend="italics">codd. praeter G</hi> (conclamaret, <hi
						rend="italics">om.</hi> esse)</note>. <milestone n="5" unit="chapter"
					/><milestone n="10" unit="section"/></p>
			<p><reg>iam</reg> vero publicanos miseros—me etiam miserum illorum ita de me meritorum
				miseriis ac dolore!—tradidit in servitutem Iudaeis et Syris, nationibus natis
				servituti. <reg>statuit</reg> ab initio, et in eo perseveravit, ius publicano non
				dicere; pactiones sine ulla iniuria factas rescidit; custodias sustulit; vectigalis
				multos ac stipendiarios liberavit; quo in oppido ipse esset aut quo<note>aut quo <hi
						rend="italics">b<foreign xml:lang="grc">s</foreign>t</hi>: aut qui <hi
						rend="italics">rell.</hi></note> veniret, ibi publicanum aut publicani
				servum esse vetuit. <reg>quid</reg> multa? crudelis haberetur si in hostis animo
				fuisset eo quo fuit in civis Romanos, eius ordinis praesertim qui est semper
					<add>pro</add><note>pro <hi rend="italics">add. Pluygers</hi></note> dignitate
				sua benignitate magistratuum<note>magistratuum <hi rend="italics">coni. Kays., prob.
						Zielinski</hi>: magistratus <hi rend="italics">codd.</hi></note>
				sustentatus. <milestone n="11" unit="section"/><reg>itaque</reg>, patres conscripti,
				videtis non temeritate redemptionis aut negoti gerendi inscitia, sed avaritia,
				superbia, crudelitate Gabini paene adflictos iam atque eversos publicanos: quibus
				quidem vos in his angustiis aerari tamen subveniatis necesse est, etsi iam multis
				non potestis, qui propter illum hostem senatus, inimicissimum ordinis equestris
				bonorumque omnium, non solum bona sed etiam honestatem miseri deperdiderunt, quos
				non parsimonia, non continentia, non virtus, non labor, non splendor tueri potuit
				contra illius helluonis et praedonis audaciam. <milestone n="12" unit="section"
					/><reg>quid</reg>? qui se etiam nunc subsidiis patrimoni aut amicorum
				liberalitate sustentant, hos perire patiemur? <reg>an</reg> si qui frui publico non
				potuit per hostem, hic tegitur ipsa lege censoria: quem is frui non sinit qui est,
				etiam si non appellatur, hostis, huic ferri auxilium non oportet?
					<reg>retinete</reg> igitur in provincia diutius eum qui de sociis cum hostibus,
				de civibus cum sociis faciat pactiones, qui hoc etiam se pluris esse quam conlegam
				putet, quod ille vos tristitia vultuque deceperit, ipse numquam se minus quam erat
				nequam esse simularit. Piso autem alio quodam modo gloriatur se brevi tempore
				perfecisse ne C. Gabinius<note>C. <hi rend="italics">extra versum add. P1B<foreign
							xml:lang="grc">S</foreign>t</hi>: <hi rend="italics">om. Hk
					all.</hi></note> unus omnium nequissimus existimaretur. <milestone n="6"
					unit="chapter"/><milestone n="13" unit="section"/></p>
			<p><reg>hos</reg> vos de provinciis, si non aliquando deducendi essent, deripiendos non
				putaretis? et has duplicis pestis sociorum, militum cladis, publicanorum ruinas,
				provinciarum vastitates, imperi maculas teneretis? <reg>at</reg> idem vos anno
				superiore hos eosdem revocabatis, cum<note>cum <hi rend="italics">codd. praeter
						G</hi> (cum vi): <hi rend="italics">rasura quae est in P prorsus nullius est
						momenti</hi>: cum vix <hi rend="italics">coni. Bait.</hi>: cum in prov. iam
						<hi rend="italics">Hb<foreign xml:lang="grc">s</foreign></hi></note> in
				provincias pervenissent: quo tempore si liberum vestrum iudicium fuisset nec totiens
				dilata res nec ad extremum e manibus erepta, restituissetis, id quod cupiebatis,
				vestram auctoritatem, iis per quos erat amissa revocatis, et iis ipsis praemiis
				extortis quae erant pro scelere atque eversione patriae consecuti. <milestone n="14"
					unit="section"/><reg>qua</reg> e<note><lemma>qua e</lemma> qua <hi
						rend="italics">P rell. praeter HGE</hi> (quae)</note> poena si tum aliorum
				opibus, non suis, invitissimis vobis evolarunt, at aliam multo maiorem gravioremque
				subierunt. <reg>quae</reg> enim homini in quo aliqui<note>aliqui <hi rend="italics"
						>P1</hi>: aliquis <hi rend="italics">rell.</hi> (<hi rend="italics">Har.
						Resp.</hi> § 62)</note>, si non famae pudor, at supplici timor est gravior
				poena accidere potuit quam non credi litteris iis quae rem publicam bene gestam in
				bello nuntiarent? <reg>hoc</reg> statuit senatus, cum frequens supplicationem
				Gabinio denegavit: primum homini sceleribus flagitiis<note>flagitiisque <hi
						rend="italics">edd.</hi>: <hi rend="italics">cf. de Domo</hi> § 18</note>
				contaminatissimo nihil<note>omnino nihil <hi rend="italics">t sol.</hi></note> esse
				credendum, deinde a proditore, atque eo quem praesentem hostem rei publicae
				cognosset, bene rem publicam geri non potuisse, postremo ne deos quidem immortalis
				velle aperiri sua templa et sibi supplicari hominis impurissimi et sceleratissimi
				nomine. <reg>itaque</reg> ille alter aut ipse est homo doctus et a suis Graecis
				subtilius eruditus, quibuscum iam in exostra helluatur, antea post siparium solebat,
				aut amicos habet prudentiores quam Gabinius, cuius nullae litterae proferuntur.
					<milestone n="7" unit="chapter"/><milestone n="15" unit="section"/></p>
			<p><reg>hosce</reg> igitur imperatores habebimus? quorum alter non audet nos certiores
				facere <add>qua re</add><note>qua re <hi rend="italics">scripsi</hi>: <hi
						rend="italics">om. P1E</hi>: ne <hi rend="italics">P2 rell.</hi>: cur <hi
						rend="italics">Ant. Aug.</hi></note> imperator appelletur, alterum, si
				tabellarii non cessarint, necesse est paucis diebus paeniteat audere: cuius amici si
				qui sunt, aut si beluae tam immani tamque taetrae possunt ulli esse amici, hac
				consolatione utuntur, etiam T. Albucio supplicationem hunc ordinem denegasse.
					<reg>quod</reg> est<note>Quod est <hi rend="italics">HG<foreign xml:lang="grc"
							>s</foreign></hi>: quid est <hi rend="italics">P rell.</hi>: Quid? Est
						<hi rend="italics">Kays.</hi>: Quid est? Est <hi rend="italics">Weber</hi>:
					At est <hi rend="italics">Sorof</hi></note> primum dissimile, res in Sardinia
				cum mastrucatis latrunculis a propraetore<note>⟨ab eo⟩ pro praetore <hi
						rend="italics">Reid</hi> (<hi rend="italics">Cl. Qu.</hi> iv. 175)</note>
				una cohorte auxiliaria gesta, et<note>et <hi rend="italics">suppl. Bait.</hi>: ac
						<hi rend="italics">Lamb.</hi></note> bellum cum maximis Syriae gentibus
					<add>et</add> tyrannis consulari exercitu imperioque confectum.
					<reg>deinde</reg> Albucius, quod a senatu petebat, ipse sibi in Sardinia ante
				decreverat; constabat enim Graecum hominem ac levem in ipsa provincia quasi
				triumphasse, itaque hanc eius temeritatem senatus supplicatione denegata notavit.
					<milestone n="16" unit="section"/><reg>sed</reg> fruatur sane hoc solacio atque
				hanc insignem ignominiam (quoniam uni praeter se inusta est<note>est <hi
						rend="italics">codd.</hi>: sit <hi rend="italics">Halm</hi> (<hi
						rend="italics">Balb.</hi> § 44) dum <hi rend="italics">ed. R.</hi>: non <hi
						rend="italics">PB<foreign xml:lang="grc">S</foreign></hi></note>), putet
				esse leviorem, dum modo, cuius exemplo se consolatur, eius exitum exspectet,
				praesertim cum in Albucio nec Pisonis libidines nec audacia Gabini fuerit ac tamen
				hac una plaga conciderit, ignominia senatus. <milestone n="17" unit="section"/></p>
			<p><reg>atqui</reg> duas Gallias qui decernit consulibus duobus, hos retinet ambo; qui
				autem alteram Galliam et aut Syriam aut Macedoniam, tamen alterum retinet
					<add>et</add><note>et <hi rend="italics">ed. R.</hi>: <hi rend="italics">om.
						codd.</hi></note> in utriusque pari scelere disparem condicionem facit.
					'<reg>faciam</reg>,' inquit, 'illas praetorias, ut Pisoni et Gabinio succedatur
				statim.' <reg>si</reg> hic sinat! tum enim tribunus intercedere poterit, nunc non
				potest. <reg>itaque</reg> ego idem, qui nunc consulibus iis qui designati erunt
				Syriam Macedoniamque decerno, decernam easdem praetorias, ut et praetores annuas
				provincias habeant<note>praetores in suas provincias abeant (statim in suas <hi
						rend="italics">Mueller</hi>) <hi rend="italics">coni. Mommsen</hi> (<hi
						rend="italics">Röm. Staats.</hi> ii. 1. 192)</note> et eos quam primum
				videamus quos animo aequo videre non possumus. <milestone n="8" unit="chapter"
					/><reg>sed</reg>, mihi credite, numquam succedetur illis, nisi cum ea lege
				referetur qua intercedi de provinciis non licebit. <reg>itaque</reg> hoc tempore
				amisso annus est integer vobis exspectandus; quo interiecto civium calamitas,
				sociorum aerumna, sceleratissimorum hominum impunitas propagatur. <milestone n="18"
					unit="section"/></p>
			<p><reg>quod</reg> si essent illi optimi viri, tamen ego mea sententia C. Caesari
				succedendum nondum putarem. <reg>qua</reg> de re dicam, patres conscripti, quae
				sentio, atque illam interpellationem mei familiarissimi, qua paulo ante interrupta
				est oratio mea, non pertimescam. <reg>negat</reg> me vir optimus inimiciorem Gabinio
				debere esse quam Caesari: omnem illam tempestatem cui cesserim Caesare impulsore
				atque adiutore esse excitatam. <reg>cui</reg> si primum sic respondeam, me communis
				utilitatis habere rationem, non doloris mei, possimne probare, cum id me facere
				dicam quod exemplo fortissimorum et clarissimorum civium facere possim?
					<reg>an</reg><note>An <hi rend="italics">codd.</hi> (§ 20): An non <hi
						rend="italics">Lamb.</hi>: At <hi rend="italics">ed. Gryph.</hi>: non <hi
						rend="italics">ante</hi> tantam <hi rend="italics">supplet Ernst Müller</hi>
					(§ 20).</note>
				<reg>ti</reg><note><hi rend="italics">Fort.</hi> Nonne?</note>. Gracchus—patrem
				dico, cuius utinam filii ne degenerassent a gravitate patria!—tantam laudem est
				adeptus, quos tribunus plebis solus ex toto illo conlegio L. Scipioni auxilio fuit,
				inimicissimus et ipsius et fratris eius Africani, iuravitque in contione se in
				gratiam non redisse, sed alienum sibi videri dignitate imperi quo duces essent
				hostium Scipione triumphante ducti, eodem ipsum duci qui triumphasset? <milestone
					n="19" unit="section"/><reg>quis</reg> plenior inimicorum fuit C. Mario? L.
				Crassus, M. Scaurus alieni<note>alieni <hi rend="italics">Madv.</hi>: alini <hi
						rend="italics">aut</hi> aliine <hi rend="italics">codd.</hi> (§ 37)</note>,
				inimici omnes Metelli: at ii non modo illum inimicum ex Gallia sententiis suis non
				detrahebant, sed ei<note>ei <hi rend="italics">Halm</hi>: et <hi rend="italics"
						>codd.</hi></note> propter rationem Gallici belli provinciam extra ordinem
				decernebant. <reg>bellum</reg> in Gallia maximum gestum est; domitae sunt a Caesare
				maximae nationes, sed nondum legibus, nondum iure certo, nondum satis firma pace
				devinctae. <reg>bellum</reg> adfectum videmus et, vere ut dicam, paene
					confectum<note>confectum <hi rend="italics">PH</hi>: confectatum <hi
						rend="italics">P2 rell.</hi></note>, sed ita ut, si idem extrema persequitur
				qui inchoavit, iam omnia perfecta videamus, si succeditur, periculum sit ne
				instauratas maximi belli reliquias ac renovatas audiamus. <reg>ergo</reg> ego
				senator—inimicus, si ita vultis, homini—amicus esse, sicut semper fui, rei publicae
				debeo. <milestone n="20" unit="section"/><reg>quid</reg>? si ipsas inimicitias
				depono rei publicae causa, quis me tandem iure reprehendet? praesertim cum ego
				omnium meorum consiliorum atque factorum exempla semper ex summorum hominum factis
				mihi censuerim petenda. <milestone n="9" unit="chapter"
						/><reg>an</reg><note><lemma>An</lemma> An non <hi rend="italics"
					>Lamb.</hi></note> vero M. ille Lepidus, qui bis consul et pontifex maximus
				fuit, non solum memoriae testimonio, sed etiam annalium litteris et summi poetae
				voce laudatus est quod cum M. Fulvio conlega, quo die censor est factus, homine
				inimicissimo, in campo statim rediit in gratiam, ut commune officium censurae
				communi animo ac voluntate defenderent? <milestone n="21" unit="section"
					/><reg>atque</reg> ut vetera, quae sunt innumerabilia, mittam, tuus pater,
				Philippe, nonne uno tempore cum suis inimicissimis in gratiam rediit? quibus eum
					omnibus<note>omnibus <hi rend="italics">ante</hi> suis inimicissimis <hi
						rend="italics">transp. Gneisse</hi></note> eadem res publica reconciliavit
				quae alienarat<note>alienaverat <hi rend="italics">Zielinski</hi></note>. <milestone
					n="22" unit="section"/><reg>multa</reg> praetereo, quod intueor coram haec
				lumina atque ornamenta rei publicae, P. Servilium et M. Lucullum. Vtinam etiam L.
				Lucullus illic adsideret<note>illic adsideret <hi rend="italics">Madv.</hi>: ille
					desiderat (-et <hi rend="italics">G2</hi>) <hi rend="italics">codd. pler.</hi>:
					ille viveret <hi rend="italics">c Angelius</hi>: ille desineret <hi
						rend="italics">Hbk</hi></note>! <reg>quae</reg> fuerunt inimicitiae in
				civitate graviores quam Lucullorum atque Servili? quas in viris fortissimis non
				solum exstinxit rei publicae <add>utilitas</add><note>rei pub. utilitas <hi
						rend="italics">coni. Baiter</hi>: res publica <hi rend="italics">E</hi>: rei
					pub. <hi rend="italics">P rell.</hi></note> dignitasque ipsorum, sed etiam ad
				amicitiam consuetudinemque traduxit. <reg>quid</reg>? Q. Metellus Nepos nonne consul
				in templo Iovis <reg>optimi</reg>
				<reg>maximi</reg>, permotus cum auctoritate vestra tum illius<note>illa <hi
						rend="italics">Pluygers</hi></note> P. Servili incredibili gravitate
				dicendi, absens mecum summo suo beneficio rediit in gratiam? <reg>an</reg> ego
				possum huic esse inimicus cuius litteris fama nuntiis celebrantur aures cotidie meae
				novis nominibus gentium nationum locorum? <milestone n="23" unit="section"
					/><reg>ardeo</reg>, mihi credite, patres conscripti,—id quod vosmet de me
				existimatis et facitis ipsi,—incredibili quodam amore patriae, qui me amor et
				subvenire olim impendentibus periculis maximis cum dimicatione capitis et rursum,
				cum omnia tela undique esse intenta in patriam viderem, subire coegit atque excipere
				unum pro universis. <reg>hic</reg> me meus in rem publicam animus pristinus ac
				perennis cum C. Caesare reducit, reconciliat, restituit in gratiam. <milestone
					n="10" unit="chapter"/><milestone n="24" unit="section"/></p>
			<p><reg>quod</reg> volent denique homines existiment: nemini ego possum esse bene
				merenti de re publica non amicus. <reg>etenim</reg> si iis qui haec omnia flamma ac
				ferro delere voluerunt non inimicitias solum sed etiam bellum indixi atque intuli,
				cum partim mihi illorum familiares<note>familiares essent <hi rend="italics">coni.
						Halm</hi></note>, partim etiam me defendente capitis iudiciis essent
				liberati, cur eadem res publica quae me in amicos inflammare potuit inimicis placare
				non possit? <reg>quod</reg> mihi odium cum P. Clodio fuit, nisi quod perniciosum
				patriae civem fore putabam<note>reputabam <hi rend="italics">Kraffert</hi></note>
				qui turpissima libidine incensus duas res sanctissimas, religionem et pudicitiam,
				uno scelere violasset? <reg>num</reg> est igitur dubium ex iis rebus quas is egit
				agitque cotidie quin ego in illo oppugnando rei publicae plus quam otio meo, non
				nulli in eodem defendendo suo plus otio quam communi prospexerint? <milestone n="25"
					unit="section"/><reg>ego</reg> me a C. Caesare in re publica dissensisse fateor
				et sensisse vobiscum; sed nunc isdem vobis adsentior cum quibus antea sentiebam.
					<reg>vos</reg> enim, ad quos litteras L. Piso de suis rebus non audet mittere,
				qui Gabini litteras insigni quadam nota atque ignominia nova condemnastis, C.
				Caesari supplicationes decrevistis numero ut nemini uno ex bello, honore ut omnino
				nemini. <reg>cur</reg> igitur exspectem hominem aliquem qui me cum illo in gratiam
				reducat? <reg>reduxit</reg> ordo amplissimus, et ordo is qui est et<note>est et <hi
						rend="italics">HGEbc</hi>: est <hi rend="italics">P rell.</hi></note>
				publici consili et meorum omnium consiliorum auctor et princeps. <reg>vos</reg>
				sequor, patres conscripti, vobis obtempero, vobis adsentior, qui, quam diu C.
				Caesaris consilia in re publica non maxime diligebatis, me quoque cum illo minus
				coniunctum videbatis: postea quam rebus gestis<note>rebus eius gestis <hi
						rend="italics">coni. Halm. Num</hi> rebus bene gestis?</note> mentis vestras
				voluntatesque mutastis, me non solum comitem esse sententiae vestrae sed etiam
				laudatorem vidistis. <milestone n="11" unit="chapter"/><milestone n="26"
					unit="section"/></p>
			<p><reg>sed</reg> quid est quod in hac causa maxime homines admirentur et reprehendant
				meum consilium, cum ego idem antea multa decrerim<note>decrerim <hi rend="italics"
							>B<foreign xml:lang="grc">S</foreign>t</hi>: decre**rim <hi
						rend="italics">P</hi>: decreverim <hi rend="italics">HGE<foreign
							xml:lang="grc">s</foreign></hi></note> quae magis ad hominis dignitatem
				quam ad rei publicae necessitatem pertinerent? <reg>supplicationem</reg> quindecim
				dierum decrevi sententia mea. <reg>rei</reg> publicae satis erat tot dierum quot C.
				Mario; dis immortalibus non erat exigua eadem gratulatio quae ex maximis bellis;
				ergo ille cumulus dierum hominis est dignitati tributus. <milestone n="27"
					unit="section"/><reg>in</reg> quo ego, quo consule referente primum decem dierum
				est supplicatio decreta Cn. Pompeio Mithridate interfecto et confecto Mithridatico
				bello, et cuius sententia primum duplicata est supplicatio consularis,—mihi enim
				estis adsensi cum, eiusdem Pompei litteris recitatis, confectis omnibus maritimis
				terrestribusque bellis, supplicationem dierum<note>deorum <hi rend="italics"
							>PB<foreign xml:lang="grc">S</foreign>t</hi></note> decem<note>decem <hi
						rend="italics">Manutius</hi>: duodecim <hi rend="italics">P et codd.
						pler.</hi></note> decrevistis,— sum Cn. Pompei virtutem et animi
				magnitudinem admiratus, quod, cum ipse ceteris omnibus esset omni honore antelatus,
				ampliorem honorem alteri tribuebat quam ipse erat consecutus. <reg>ergo</reg> in
				illa supplicatione quam ego decrevi, res ipsa tributa est dis immortalibus et
				maiorum institutis et utilitati rei publicae, sed dignitas verborum, honos et
				novitas et numerus dierum Caesaris ipsius laudi gloriaeque concessus est.
					<reg>relatum</reg> est ad nos nuper de stipendio exercitus: <milestone n="28"
					unit="section"/>non decrevi solum sed etiam ut vos decerneretis laboravi, multa
				dissentientibus respondi, scribendo adfui. <reg>tum</reg> quoque homini plus tribui
				quam nescio cui necessitati. <reg>illum</reg> enim arbitrabar etiam sine hoc
				subsidio pecuniae retinere exercitum praeda ante parta et bellum conficere posse;
				sed decus illud et ornamentum triumphi minuendum nostra parsimonia non putavi.
					<reg>actum</reg> est de decem legatis, quos alii omnino non dabant, alii exempla
				quaerebant, alii tempus differebant, alii sine ullis verborum ornamentis dabant: in
				ea quoque re sic sum locutus ut omnes intellegerent me id quod rei publicae causa
				sentirem facere uberius propter ipsius Caesaris dignitatem. <milestone n="12"
					unit="chapter"/><milestone n="29" unit="section"/></p>
			<p><reg>at</reg> ego idem nunc in provinciis decernendis, qui illas omnis res egi
				silentio, interpellor, cum in<note>(<hi rend="italics">non</hi> 21) in <hi
						rend="italics">k, suppl. Lamb.</hi></note> superioribus causis hominis
				ornamenta <add>adiumento</add> fuerint<note>adiumento fuerint <hi rend="italics"
						>scripsi</hi> (<hi rend="italics">cf. Balb.</hi> § 19): fuerint <hi
						rend="italics">codd.</hi>: iuverim <hi rend="italics">K. Busche</hi>: apud
					me valuerint <hi rend="italics">coni. Mueller</hi></note>, in hac me nihil aliud
				nisi ratio belli, nisi summa utilitas rei publicae moveat. <reg>nam</reg> ipse
				Caesar quid est cur in provincia<note>in ea provincia <hi rend="italics">Gell. et
						Non.</hi></note> commorari velit, nisi ut ea quae per eum adfecta sunt
				perfecta rei publicae tradat? <reg>amoenitas</reg> eum, credo, locorum, urbium
				pulchritudo, hominum nationumque illarum humanitas et lepos, victoriae cupiditas,
				finium imperi propagatio retinet. <reg>quid</reg> illis terris asperius, quid
				incultius oppidis, quid nationibus immanius, quid porro tot victoriis praestabilius,
				quid Oceano longius<note><lemma>longius</lemma> longinquius <hi rend="italics"
						>Tischer</hi></note> inveniri potest? <reg>an</reg> reditus in patriam habet
				aliquam offensionem? utrum apud populum a quo missus<note>missus est <hi
						rend="italics">Hb Harl.</hi> 2681</note>, an apud senatum a quo ornatus est?
					<reg>an</reg> dies auget eius desiderium, an magis<note><lemma>an magis</lemma>
					ac non magis <hi rend="italics">Sorof</hi></note> oblivionem, ac laurea illa
				magnis periculis parta amittit longo intervallo viriditatem? <reg>qua</reg> re, si
				qui hominem non diligunt, nihil est quod eum de provincia devocent: ad gloriam
				devocant, ad triumphum, ad gratulationem, ad summum honorem senatus, equestris
				ordinis gratiam, populi caritatem. <milestone n="30" unit="section"/><reg>sed</reg>
				si ille hac tam eximia fortuna propter utilitatem rei publicae frui non properat, ut
				omnia illa conficiat, quid ego senator facere debeo, quem, etiam si ille aliud
				vellet, rei publicae consulere oporteret? </p>
			<p><reg>ego</reg> vero sic intellego, patres conscripti, nos hoc tempore in provinciis
				decernendis perpetuae pacis habere oportere rationem. <reg>nam</reg> quis hoc non
				sentit, omnia alia esse nobis vacua ab omni periculo atque etiam suspicione belli?
					<milestone n="31" unit="section"/><reg>iam</reg> diu mare videmus illud
				immensum, cuius fervore non solum maritimi cursus sed urbes etiam et viae militares
				iam tenebantur<note>terrebantur <hi rend="italics">Weidner</hi></note>, virtute Cn.
				Pompei sic a populo Romano ab Oceano usque ad ultimum Pontum tamquam unum aliquem
				portum tutum et clausum teneri; nationes eas, quae numero hominum ac multitudine
				ipsa poterant in provincias nostras redundare, ita ab eodem esse partim recisas,
				partim repressas, ut Asia, quae imperium antea nostrum terminabat, nunc tribus novis
				provinciis ipsa cingatur. <reg>possum</reg> de omni regione, de omni<note>regione de
					omni <hi rend="italics">s. l. suppl. P2</hi></note> genere hostium dicere: nulla
				gens est quae non aut ita sublata sit ut vix exstet, aut ita domita ut quiescat, aut
				ita pacata ut victoria nostra imperioque laetetur. <reg>bellum</reg> Gallicum,
				patres conscripti, C. <milestone n="13" unit="chapter"/><milestone n="32"
					unit="section"/>Caesare imperatore gestum est, antea tantum modo repulsum.
					<reg>semper</reg> illas nationes nostri imperatores refutandas potius bello
					quam<note>quam lasputaverunt <hi rend="italics">P1</hi></note> lacessendas
				putaverunt. <reg>ipse</reg> ille C. Marius, cuius divina atque eximia virtus magnis
				populi Romani luctibus funeribusque subvenit, influentis in Italiam Gallorum maximas
				copias repressit, non ipse ad eorum urbis sedisque penetravit. <reg>modo</reg> ille
				meorum laborum periculorum consiliorum socius, C. Pomptinus, fortissimus vir, ortum
				repente bellum Allobrogum atque hac scelerata coniuratione excitatum proeliis fregit
				eosque domuit qui lacessierant, et ea victoria contentus re publica metu liberata
				quievit. C. Caesaris<note>C. <hi rend="italics">ante Caesaris om. PB<foreign
							xml:lang="grc">S</foreign></hi></note> longe aliam video fuisse
				rationem; non enim sibi solum cum iis quos iam armatos contra populum Romanum
				videbat bellandum esse duxit, sed totam Galliam in nostram dicionem esse redigendam.
					<milestone n="33" unit="section"/><reg>itaque</reg> cum acerrimis nationibus et
				maximis Germanorum et Helvetiorum proeliis<note>cum nationibus G. et H. acerrimis et
					maximis proeliis <hi rend="italics">van der Vliet</hi> (<hi rend="italics"
						>Balb.</hi> § 5): cum acerrimis nat. G. et H. et maximis proeliis <hi
						rend="italics">Landgraf</hi> (<hi rend="italics">Pomp.</hi> §
					28)</note><note>plurimis proeliis <hi rend="italics">Weidner</hi></note>
				felicissime decertavit, ceteras conterruit, compulit, domuit, imperio populi Romani
				parere adsuefecit, et quas regiones quasque gentis nullae nobis antea litterae,
				nulla vox, nulla fama notas fecerat, has<note>eas <hi rend="italics">coni.
						Baiter</hi></note> noster imperator nosterque exercitus et populi Romani
				arma peragrarunt. <reg>semitam</reg> tantum Galliae tenebamus antea, patres
				conscripti; ceterae partes a gentibus aut inimicis huic imperio aut infidis aut
				incognitis aut certe<note>at certe <hi rend="italics">Pluygers</hi>: ac certe <hi
						rend="italics">Madv.</hi></note> immanibus et barbaris et bellicosis
				tenebantur; quas nationes nemo umquam fuit quin frangi domarique cuperet.
					<reg>nemo</reg> sapienter de re publica nostra cogitavit, iam inde a principio
				huius imperi, quin Galliam maxime timendam huic imperio putaret<note>putaret <hi
						rend="italics">PHbk</hi>: deputaret <hi rend="italics">P2 rell.</hi>: esse
					putaret <hi rend="italics">Klotz, improb. Zielinsk. Num</hi> reputaret? (§
					24)</note>; sed propter vim ac multitudinem gentium illarum numquam est antea
				cum omnibus dimicatum. <reg>restitimus</reg> semper lacessiti: nunc denique est
				perfectum ut imperi nostri terrarumque illarum idem esset extremum. <milestone
					n="14" unit="chapter"/><milestone n="34" unit="section"/>Alpibus Italiam
				munierat antea natura non sine aliquo divino numine; nam si ille aditus Gallorum
				immanitati multitudinique patuisset, numquam haec urbs summo imperio domicilium ac
				sedem praebuisset. <reg>quae</reg> iam licet considant! nihil est enim ultra
					illam<note>ullam <hi rend="italics">P, corr. BH</hi></note> altitudinem montium
				usque ad Oceanum quod sit Italiae pertimescendum. <reg>sed</reg> tamen una atque
				altera aestas vel metu vel spe vel poena vel praemiis vel armis vel legibus potest
				totam Galliam sempiternis vinculis adstringere: impolitae vero res et
					acerbae<note>acerbae <hi rend="italics">codd.</hi>: asperae <hi rend="italics"
						>coni. Nipperd.,</hi> crudae <hi rend="italics">Halm</hi></note> si erunt
				relictae, quamquam sunt accisae, tamen efferent se aliquando et ad renovandum bellum
				revirescent. <milestone n="35" unit="section"/><reg>qua</reg> re sit in eius tutela
				Gallia cuius fidei virtuti felicitati commendata est. <reg>qui</reg><note>Qui <hi
						rend="italics">P rell. praeter GE</hi> (quia), <hi rend="italics">Hb<foreign
							xml:lang="grc">s</foreign></hi> (et)</note> si Fortunae muneribus
				amplissimis ornatus saepius eius deae periculum facere nollet, si in patriam, si ad
				deos penatis, si ad eam dignitatem quam in civitate sibi propositam videt, si ad
				iucundissimos liberos, si ad clarissimum generum redire properaret, si in Capitolium
				invehi victor cum illa insigni laurea<note>laurea <hi rend="italics">Naugerius</hi>
					(1): laude <hi rend="italics">codd.</hi> (laude lauream gestaret <hi
						rend="italics">b</hi>)</note> gestiret, si denique timeret casum aliquem,
				qui illi tantum addere iam non potest quantum auferre, nos tamen oporteret ab eodem
				illa omnia a quo profligata sunt confici velle: cum vero ille suae gloriae iam
				pridem rei publicae nondum satis fecerit, et malit tamen tardius ad suorum laborum
				fructus pervenire quam non explere susceptum<note>rei pub... susceptum <hi
						rend="italics">suppl. P2</hi></note> rei publicae munus, nec imperatorem
				incensum ad rem publicam bene gerendam revocare nec totam Gallici belli rationem
				prope iam explicatam perturbare atque impedire debemus. <milestone n="15"
					unit="chapter"/><milestone n="36" unit="section"/></p>
			<p><reg>nam</reg> illae sententiae virorum clarissimorum minime probandae sunt, quorum
				alter ulteriorem Galliam decernit cum Syria, alter citeriorem. <reg>qui</reg>
				ulteriorem, omnia illa de quibus disserui paulo ante perturbat; simul ostendit eam
				se tenere<note>se tenere <hi rend="italics">Madv.</hi>: sentire <hi rend="italics">P
						rell. praeter HGEb<foreign xml:lang="grc">s</foreign></hi> (se scire): se
					tueri <hi rend="italics">Kays.</hi>: se sancire <hi rend="italics">Halm</hi>: se
					sciscere <hi rend="italics">Harl.</hi> 2681: se servare <hi rend="italics"
						>Weber</hi></note> legem quam<note>quam <hi rend="italics">om.
					P1</hi></note> esse legem neget, et, quae pars provinciae sit cui non possit
				intercedi, hanc<note>hanc <hi rend="italics">HGEb<foreign xml:lang="grc"
						>s</foreign></hi>: an <hi rend="italics">P rell</hi>: eam <hi rend="italics"
						>Baiter</hi></note> se avellere, quae defensorem habeat, non tangere; simul
				et illud facit, ut, quod illi a populo datum sit, id non violet, quod senatus
				dederit, id senator properet auferre. <reg>alter</reg> belli Gallici rationem
					habet<note>habet et <hi rend="italics">Pluygers</hi></note>, fungitur officio
				boni senatoris, legem quam non putat, eam quoque servat; praefinit enim successori
				diem. <add><reg>quamquam</reg></add><note>Quamquam <hi rend="italics">scripsi</hi>:
					quae <hi rend="italics">P2 rell.</hi> (<hi rend="italics">om. P1 nulla indic.
						lacunae</hi>): Quo <hi rend="italics">ut Manut. ita bk</hi>: Atqui <hi
						rend="italics">Lamb.</hi></note> mihi nihil videtur alienius<note>alienius
						<hi rend="italics">Madv.</hi>: minus <hi rend="italics">codd.</hi> (§ 19)
					(minus... dissidere quam <hi rend="italics">Hbk</hi>)</note> a dignitate
				disciplinaque maiorum quam ut, qui consul Kalendis Ianuariis habere provinciam
				debet, is ut eam desponsam non decretam habere videatur. <reg>fuerit</reg> toto in
				consulatu sine provincia cui fuerit, <milestone n="37" unit="section"/>ante quam
				designatus est, decreta provincia. <reg>sortietur</reg> an non? <reg>nam</reg> et
				non sortiri absurdum est, et quod sortitus sis non habere. <reg>proficiscetur</reg>
				paludatus? <reg>quo</reg>? quo pervenire ante certam diem non licebit. Ianuario,
				Februario provinciam non habebit: Kalendis ei denique Martiis nascetur repente
				provincia. <milestone n="38" unit="section"/><reg>ac</reg> tamen his sententiis Piso
				in provincia permanebit. <reg>quae</reg> cum gravia sunt <add>tum</add><note>tum <hi
						rend="italics">suppl. Angelius</hi> (quae cum gravia sint nihil <hi
						rend="italics">ed. V.</hi>)</note> nihil gravius illo, quod multari
				imperatorem deminutione provinciae contumeliosum est, neque solum summo in viro sed
				etiam mediocri in homine ne<note>ne <hi rend="italics">Hk</hi> (<hi rend="italics"
						>post homine</hi>) <hi rend="italics">om. P</hi>: id ne <hi rend="italics"
						>Muell.</hi></note> accidat providendum. <milestone n="16" unit="chapter"
				/></p>
			<p><reg>ego</reg> vos intellego, patres conscripti, multos decrevisse eximios
					honores<note>honor. exim. <hi rend="italics">Hbk</hi></note> C. Caesari et prope
				singularis. <add><reg>si</reg></add><note>Si <hi rend="italics">suppl.
					Gruter</hi></note> quod ita meritus erat grati, sin etiam ut quam
				coniunctissimus huic ordini esset, sapientes ac divini fuistis. <reg>neminem</reg>
				umquam est hic ordo complexus honoribus et beneficiis suis qui ullam dignitatem
				praestabiliorem ea quam per vos esset adeptus putarit. <reg>nemo</reg> umquam hic
				potuit esse princeps qui maluerit esse popularis. <reg>sed</reg> homines aut propter
					indignitatem<note>indignitatem <hi rend="italics">ut Schuetz ita b2<foreign
							xml:lang="grc">s</foreign></hi>: dignitatem <hi rend="italics">P
						rell.</hi></note> suam diffisi ipsi sibi, aut propter reliquorum
				obtrectationem ab huius ordinis coniunctione depulsi, saepe ex hoc portu se in illos
				fluctus prope necessario contulerunt; qui si ex illa iactatione cursuque populari
				bene gesta re publica referunt aspectum in curiam atque huic amplissimae dignitati
				esse commendati volunt, non modo non repellendi sunt verum etiam expetendi.
					<milestone n="39" unit="section"/><reg>monemur</reg> a fortissimo viro atque
				optimo post hominum memoriam consule ut provideamus ne citerior Gallia nobis invitis
				alicui decernatur<note>decernatur <hi rend="italics">H<foreign xml:lang="grc"
							>s</foreign>, om. rell.</hi>: detur <hi rend="italics">Madv.</hi>: alii
					detur nescio cui <hi rend="italics">coni. Momms.</hi></note> post eos consules
				qui nunc erunt designati, perpetuoque posthac ab iis qui hunc ordinem oppugnent
				populari ac turbulenta ratione teneatur. <reg>quam</reg> ego plagam etsi non
				contemno, patres conscripti, praesertim monitus a sapientissimo consule et
				diligentissimo custode pacis atque oti, tamen vehementius arbitror pertimescendum si
				hominum clarissimorum ac potentissimorum aut honorem minuero aut studium erga hunc
				ordinem repudiaro. <reg>nam</reg> ut C. Iulius omnibus a senatu eximiis aut<note>aut
						<hi rend="italics">P rell. praeter w</hi> (atque): ac <hi rend="italics"
							>Hb<foreign xml:lang="grc">s</foreign> ed. R.</hi></note> novis rebus
				ornatus per manus hanc provinciam tradat ei cui minime vos velitis, per<note>et per
						<hi rend="italics">Pluygers</hi></note> quem ordinem ipse amplissimam sit
				gloriam consecutus, ei ne libertatem quidem relinquat, adduci ad suspicandum nullo
				modo possum. <reg>postremo</reg> quo quisque animo futurus sit, nescio: quid sperem,
				video. <reg>praestare</reg> hoc senator debeo, quantum possum, ne quis vir clarus
				aut potens huic ordini iure irasci posse videatur. <milestone n="40" unit="section"
					/><reg>atque</reg> haec, si inimicissimus essem C. Caesari, sentirem tamen rei
				publicae causa. <milestone n="17" unit="chapter"/></p>
			<p><reg>sed</reg> non alienum esse arbitror, quo minus saepe aut interpeller a non
				nullis aut tacitorum existimatione reprendar<note>reprendar <hi rend="italics">P
						rell.</hi>: reprehendar <hi rend="italics">Hb<foreign xml:lang="grc"
							>s</foreign> ed. R.</hi> (§ § 42, 45)</note>, explicare breviter quae
				mihi sit ratio et causa cum Caesare. <reg>ac</reg> primum illud tempus
				familiaritatis et consuetudinis quae mihi cum illo, quae fratri meo, quae C.
				Varroni, consobrino nostro, ab omnium nostrum adulescentia fuit, praetermitto.
					<reg>postea</reg> quam sum penitus in rem publicam ingressus, ita dissensi ab
				illo ut in disiunctione sententiae coniuncti tamen amicitia maneremus. <milestone
					n="41" unit="section"/><reg>consul</reg> ille egit eas res quarum me participem
				esse voluit; quibus ego si minus adsentiebar, tamen illius mihi iudicium gratum esse
				debebat. <reg>me</reg> ille ut quinqueviratum acciperem rogavit; me in tribus sibi
				coniunctissimis consularibus esse voluit; mihi legationem quam vellem, quanto cum
				honore vellem, detulit. <reg>quae</reg> ego omnia non ingrato animo, sed
				obstinatione quadam sententiae repudiavi. <reg>quam</reg> sapienter, non disputo;
				multis enim non probabo; constanter quidem et fortiter certe, qui cum me firmissimis
				opibus contra scelus inimicorum munire et popularis impetus populari praesidio
				propulsare possem, quamvis excipere fortunam, subire vim atque iniuriam malui quam
				aut a vestris sanctissimis mentibus dissidere aut de meo statu declinare.
					<reg>sed</reg> non is solum gratus debet esse qui accepit beneficium, verum
				etiam is cui potestas accipiendi<note>accipiundi <hi rend="italics"
					>Klotz</hi></note> fuit. <reg>ego</reg> illa ornamenta quibus ille me ornabat
				decere me et convenire iis rebus quas gesseram non putabam; illum quidem amico animo
				me habere eodem loco quo principem civium<note>civem <hi rend="italics"
						>Naugerius</hi></note>, suum generum, sentiebam. <milestone n="42"
					unit="section"/><reg>traduxit</reg> ad plebem inimicum meum sive iratus mihi,
				quod me secum ne in<note>in <hi rend="italics">secl. Orelli, del.
					Pluygers</hi></note> beneficiis quidem videbat posse coniungi, sive exoratus.
					<reg>ne</reg> haec quidem fuit iniuria. <reg>nam</reg> postea me ut sibi essem
				legatus non solum suasit, verum etiam rogavit. <reg>ne</reg> id quidem accepi; non
				quo alienum mea dignitate arbitrarer, sed quod tantum rei publicae sceleris
				impendere a consulibus proximis non suspicabar. <milestone n="18" unit="chapter"
					/><reg>ergo</reg> adhuc magis est mihi verendum ne mea superbia in illius
				liberalitate quam ne illius iniuria in nostra amicitia reprendatur. <milestone
					n="43" unit="section"/><reg>ecce</reg> illa tempestas, caligo bonorum et subita
				atque improvisa formido, tenebrae rei publicae, ruina atque incendium civitatis,
				terror iniectus Caesari de eius actis, metus caedis bonis omnibus, consulum scelus,
				cupiditas, egestas, audacia! <reg>si</reg> non sum adiutus, non debui<note>debui <hi
						rend="italics">P2 rell.</hi> (debuis si <hi rend="italics">P1</hi>) <hi
						rend="italics">praeter GE</hi> (debuit)</note>; si desertus, sibi fortasse
				providit; si etiam oppugnatus, ut quidam aut putant aut volunt, violata amicitia
				est, accepi iniuriam, inimicus esse debui, non nego: sed si idem ille tum me salvum
				esse voluit cum vos me ut carissimum filium desiderabatis, et si vos idem pertinere
				ad causam illam putabatis voluntatem Caesaris a salute mea non abhorrere, et si
				illius voluntatis generum eius habeo testem, qui idem Italiam in municipiis, populum
					Romanum<note>Romanum <hi rend="italics">secl. Baiter</hi>: .r. <hi
						rend="italics">s. l. P</hi></note> in contione, vos mei semper cupidissimos
				in Capitolio ad meam salutem incitavit, si denique Cn. Pompeius idem mihi testis de
				voluntate Caesaris et sponsor est illi de mea, nonne vobis videor et ultimi temporis
				recordatione et proximi memoria medium illud tristissimum tempus debere, si ex rerum
				natura non possim<note>possum <hi rend="italics">bct</hi></note> evellere, ex animo
				quidem certe excidere? <milestone n="44" unit="section"/></p>
			<p><reg>ego</reg> vero, si mihi non licet per aliquos ita gloriari, me dolorem atque
				inimicitias meas rei publicae concessisse, si hoc magni cuiusdam hominis et
				persapientis videtur, utar hoc, quod non tam ad laudem adipiscendam quam ad vitandam
				vituperationem valet, hominem me esse gratum, et non modo tantis beneficiis, sed
				etiam mediocri hominum benivolentia commoveri. <milestone n="19" unit="chapter"/>A
				viris fortissimis et de me optime meritis quibusdam peto ut, si ego illos meorum
				laborum atque incommodorum participes esse nolui, ne illi me suarum inimicitiarum
				socium velint esse, praesertim cum mihi idem illi concesserint ut etiam acta illa
				Caesaris, quae neque oppugnavi antea neque defendi, meo iam iure possim defendere.
					<milestone n="45" unit="section"/><reg>nam</reg> summi civitatis viri, quorum
				ego consilio rem publicam conservavi, et quorum auctoritate illam coniunctionem
				Caesaris defugi, Iulias leges et ceteras illo consule rogatas iure latas negant:
				idem illam proscriptionem capitis mei contra salutem rei publicae, sed salvis
				auspiciis rogatam esse dicebant. <reg>itaque</reg> vir summa auctoritate, summa
				eloquentia, dixit graviter casum illum meum funus esse rei publicae, sed funus
				iustum et indictum. <reg>mihi</reg> ipsi omnino<note>omnino <hi rend="italics">k
						all.</hi>: homini <hi rend="italics">PB<foreign xml:lang="grc"
						>S</foreign></hi>: <hi rend="italics">om. c</hi></note> perhonorificum
					<add>est</add><note>est <hi rend="italics">om. codd.</hi></note> discessum meum
				funus dici rei publicae: reliqua non reprendo, sed mihi ad id quod sentio adsumo.
					<reg>nam</reg> si illud iure rogatum dicere ausi sunt quod nullo exemplo fieri
				potuit, nulla lege licuit, quia nemo de caelo servarat, oblitine erant tum cum ille
				qui id egerat plebeius est lege curiata factus dici de caelo esse servatum?
					<reg>qui</reg> si plebeius omnino<note>omnino <hi rend="italics">Hb<foreign
							xml:lang="grc">s</foreign>t</hi>: omnium <hi rend="italics"
					>rell.</hi></note> esse non potuit, qui tribunus plebis potuit esse? et cuius
				tribunatus si ratus est, nihil est quod inritum ex actis Caesaris possit esse, eius
				non solum tribunatus <add>ratus</add><note>ratus <hi rend="italics">suppl.
						Ernesti</hi></note> sed etiam perniciosissimae res<note><lemma>res</lemma>
					leges <hi rend="italics">Lamb.</hi></note>, auspiciorum religione
					conservata<note>conservatae <hi rend="italics">Hk</hi></note>, iure latae
				videbuntur? <milestone n="46" unit="section"/><reg>qua</reg> re aut vobis statuendum
				est legem Aeliam manere, legem Fufiam non esse abrogatam, non omnibus fastis legem
				ferri licere; cum lex feratur, de caelo servari, obnuntiari, intercedi licere;
				censorium iudicium ac notionem et illud morum severissimum magisterium non esse
				nefariis legibus de civitate sublatum; si patricius tribunus plebis fuerit, contra
				leges sacratas, si plebeius, contra auspicia fuisse; aut mihi concedant homines
				oportet in rebus bonis non exquirere ea iura quae ipsi in perditis non exquirant,
				praesertim cum ab illis aliquotiens condicio C. Caesari lata sit ut easdem res alio
				modo ferret, qua condicione auspicia requirebant, leges comprobabant, in Clodio
				auspiciorum ratio sit eadem, leges omnes sint eversae ac perditae civitatis.
					<milestone n="20" unit="chapter"/><milestone n="47" unit="section"/></p>
			<p><reg>extremum</reg> illud est<note>est cum ego <hi rend="italics">codd.</hi></note>.
					<reg>ego</reg><note><hi rend="italics">Num</hi> est quod ego?</note>, si essent
						<del>inimicitiae<note>inimicitiae <hi rend="italics">H all.</hi>: <hi
							rend="italics">om. PB<foreign xml:lang="grc">S</foreign>t</hi>: <hi
							rend="italics">ego seclusi</hi></note></del> mihi cum C. Caesare, tamen
				hoc tempore rei publicae consulere, inimicitias in aliud tempus reservare deberem;
				possem etiam summorum virorum exemplo inimicitias rei publicae causa deponere.
					<reg>sed</reg><note>Sed <hi rend="italics">Angelius</hi>: et <hi rend="italics"
						>codd.</hi></note> cum inimicitiae fuerint numquam, opinio iniuriae
				beneficio sit exstincta, sententia mea<note>sententiam meam <hi rend="italics"
						>GE</hi></note>, patres conscripti, si dignitas agitur Caesaris, homini
				tribuam; si honos quidam, senatus concordiae consulam; si auctoritas decretorum
				vestrorum, constantiam ordinis in eodem ornando imperatore servabo; si perpetua
				ratio Gallici belli, rei publicae providebo; si aliquod meum privatum officium, me
				non ingratum esse praestabo. <reg>atque</reg> hoc velim probare omnibus, patres
				conscripti; sed levissime feram si forte aut iis minus probaro qui meum inimicum
				repugnante vestra auctoritate texerunt, aut iis, si<note>si <hi rend="italics">om.
						GEb, Sorof</hi></note> qui meum cum inimico suo reditum in gratiam
				vituperabunt, cum ipsi et cum meo et cum suo inimico in gratiam non dubitarint
				redire. </p>
		</body>
	</text>
</TEI>
