<?xml version="1.0" encoding="UTF-8"?>
<?xml-model href="http://www.stoa.org/epidoc/schema/latest/tei-epidoc.rng"
schematypens="http://relaxng.org/ns/structure/1.0"?>
<TEI xmlns="http://www.tei-c.org/ns/1.0">
<teiHeader xml:lang="eng">
<fileDesc>
<titleStmt>
<title xml:lang="grc">Περί πολυφιλίας</title>
<author>Plutarch</author>
   <editor>Grēgorios N. Vernardakēs</editor>
<sponsor>Perseus Project, Tufts University</sponsor>
<principal>Gregory Crane</principal>
<respStmt>
<resp>Prepared under the supervision of</resp>
<name>Lisa Cerrato</name>
<name>Rashmi Singhal</name>
<name>Bridget Almas</name>
</respStmt>
<funder n="org:NEH">The National Endowment for the Humanities</funder>
</titleStmt>
<publicationStmt>
<publisher>Trustees of Tufts University</publisher>
<pubPlace>Medford, MA</pubPlace>
<authority>Perseus Project</authority>
<date type="release">2010-12-13</date></publicationStmt>
<sourceDesc>
<biblStruct>
<monogr>
<author>Plutarch</author>
<title>Moralia</title>
<editor>Gregorius N. Bernardakis</editor>
<imprint>
<pubPlace>Leipzig</pubPlace>
<publisher>Teubner</publisher>
<date>1888</date>
</imprint>
<biblScope unit="volume">1</biblScope>
</monogr>
<ref target="https://archive.org/stream/moralia01plut#page/224/mode/2up">The Internet Archive</ref></biblStruct>
</sourceDesc>
</fileDesc>
<encodingDesc>
<editorialDecl>
   <quotation marks="none"/>
<correction method="silent">
<p>optical character recognition</p>
</correction>
</editorialDecl>
<p>Text encoded in accordance with the latest EpiDoc standards</p><p>The following text is encoded in accordance with EpiDoc standards and with the CTS/CITE Architecture</p>
<refsDecl n="CTS">
<!-- <state delim="." unit="chapter" />
<state unit="section" /> -->
<cRefPattern matchPattern="(\w+)" n="section" replacementPattern="#xpath(/tei:TEI/tei:text/tei:body/tei:div/tei:div[@n='$1'])"><p>This pointer pattern extracts sections</p></cRefPattern>
</refsDecl>
<!-- <refsDecl doctype="TEI.2">
<state n="chunk" unit="stephpage" />
</refsDecl> -->
</encodingDesc>
<profileDesc>
<langUsage>
<language ident="grc">Greek</language>
<language ident="lat">Latin</language>
<language ident="eng">English</language>
</langUsage>
</profileDesc>
<revisionDesc>
<change who="RS" when="2010-05">tagged and parsed</change>
<change who="EthanDR" when="2019-07-01">EpiDoc and CTS conversion</change>
</revisionDesc>
</teiHeader>
<text xml:lang="grc">
<body>
<pb xml:id="v.1.p.225" /><div n="urn:cts:greekLit:tlg0007.tlg073.perseus-grc2" type="edition" xml:lang="grc">
<div n="1" subtype="section" type="textpart"> <p rend="indent"> 
<milestone n="93b" unit="stephpage" xml:id="stephpage-93b"/>μένωνα τὸν Θετταλὸν οἰόμενον ἐν λόγοις ἱκανῶς γεγυμνάσθαι καὶ τοῦτο δὴ τὸ ὑπὸ τοῦ Ἑμπε δοκλέους <note anchored="true" place="unspecified" resp="ed" xml:lang="lat"> <foreign xml:lang="grc">Ἐμπεδοκλέους</foreign>] Mullach. 1 p. 2</note> λεγόμενον σοφίης <note anchored="true" place="unspecified" resp="ed" xml:lang="lat"> <foreign xml:lang="grc">σοφίης</foreign> Sextus Empiricus: <foreign xml:lang="grc">σοφίας</foreign> </note> ἐπʼ ἄκροισι θαμίζειν 
<milestone n="5" unit="tlnum" /> ἠρώτησεν ὁ Σωκράτης <note anchored="true" place="unspecified" resp="ed" xml:lang="lat"> <foreign xml:lang="grc">Σωκράτης</foreign>] Plat. <title>Men.</title> p. 71 e</note> τί ἀρετή ἐστιν ἀποκριναπο μένου δʼ ἰταμῶς ἐκείνου καὶ προχείρως ὅτι καὶ παιδός ἐστιν ἀρετὴ καὶ πρεσβύτου καὶ ἀνδρὸς καὶ γυναικὸς καὶ ἄρχοντος καὶ ἰδιώτου καὶ δεσπότου καὶ θεράποντος, <q>εὖ γʼ</q> εἶπεν ὁ Σωκράτης; <q>ὅτι μίαν 
<milestone n="10" unit="tlnum" /> ἀρετὴν αἰτηθεὶς σμῆνος ἀρετῶν κεκίνηκας,</q> οὐ κακῶς τεκμαιρόμενος ὅτι μηδεμίαν εἰδὼς ἀρετὴν ἄνθρωπος <note anchored="true" place="unspecified" resp="ed" xml:lang="lat"> <foreign xml:lang="grc">ἄνθρωπος</foreign> H</note> πολλὰς ὠνόμαζεν. ἆρʼ οὖν οὐχὶ καὶ ἡμῖν 
<milestone n="93c" unit="stephpage" xml:id="stephpage-93c" /> μένοι βεβαίως φοβούμεθα μὴ λάθωμεν εἰς πολυφιλίαν κολοβοῦ καὶ τυφλοῦ, φοβουμένου μὴ 
<milestone n="15" unit="tlnum" /> φιλίων ἐμπεσόντες; σχεδὸν γὰρ οῦδὲν διαφέρομεν Βριάρεως ὁ ἑκατόγχειρ καὶ Ἄργος ὁ πανόπτης γένηται τις ἐπιχλευάσειεν ὅτι μηδέπω μίαν φιλίαν κεκτη ται. καίτοι τόν γε παρὰ τῷ Μενάνδρῳ <note anchored="true" place="unspecified" resp="ed" xml:lang="lat"> <foreign xml:lang="grc">Μενάνδρῳ</foreign>] Meinek. IV p. 241</note> νεανίσκον <pb xml:id="v.1.p.226" /> ὑπερφυῶς ἐπαινοῦμεν εἰπόντα θαυμαστὸν ὅσον νομίζειν ἀγαθὸν ἕκαστον, ἂν ἔχῃ φίλου σκιάν </p> </div>
<div n="2" subtype="section" type="textpart"> <p rend="indent">ἐναντίον <note anchored="true" place="unspecified" resp="ed" xml:lang="lat"> <foreign xml:lang="grc">ἐναντίον</foreign> W: <foreign xml:lang="grc">αἴτιον</foreign> </note> δὲ μετὰ πολλῶν ἄλλων οὐχ ἥκιστα πρὸς <note anchored="true" place="unspecified" resp="ed" xml:lang="lat"> <foreign xml:lang="grc">πρὸς</foreign> H: <foreign xml:lang="grc">εἰς</foreign> </note> φιλίας κτῆσιν ἡ τῆς πολυφιλίας ὄρεξις, ὥσπερ 
<milestone n="5" unit="tlnum" /> ἔρως <note anchored="true" place="unspecified" resp="ed" xml:lang="lat"> <foreign xml:lang="grc">ἔρως</foreign> Madvigius</note> ἀκολάστων γυναικῶν τῷ πολλάκις καὶ πολλοῖς 
<milestone n="93d" unit="stephpage" xml:id="stephpage-93d" /> συμπλέκεσθαι τῶν πρώτων κρατεῖν μὴ δυνάμενος <note anchored="true" place="unspecified" resp="ed" xml:lang="lat"> <foreign xml:lang="grc">δυνάμενος</foreign> idem: <foreign xml:lang="grc">δυναμένοις</foreign> </note> ἀμελουμένων καὶ ἀπορρεόντων· μᾶλλον δʼ ὥσπερ ὁ τῆς Ὑψιπύλης τρόφιμος εἰς τὸν λειμῶνα καθίσας ἔδρεπεν 
<milestone n="10" unit="tlnum" /> <quote rend="blockquote"> <l>ἕτερον ἐφʼ ἑτέρῳ αἰρόμενος </l> <note anchored="true" place="unspecified" resp="ed" xml:lang="lat">Nauck. p. 468</note> <l> ἄγρευμʼ ἀνθέων ἡδομένᾳ ψυχᾷ </l> <l>τὸ νήπιον ἄπληστον <note anchored="true" place="unspecified" resp="ed" xml:lang="lat"> <foreign xml:lang="grc">ἄπληστον</foreign> p. 661 F: <foreign xml:lang="grc">ἄχρηστον</foreign> </note> ἔχων,</l> </quote> οὕτως ἕκαστον ἡμῶν διὰ τὸ φιλόκαινον καὶ ἁψίκορον ὁ πρόσφατος ἀεὶ καὶ ἀνθῶν ἐπάγεται, καὶ μετατίθησι 
<milestone n="15" unit="tlnum" /> πολλὰς ὁμοῦ καὶ ἀτελεῖς ἀρχὰς πράττοντας φιλίας καὶ συνηθείας, ἔρωτι τοῦ διωκομένου παρερχομένους 
<milestone n="93e" unit="stephpage" xml:id="stephpage-93e" /> τὸ <note anchored="true" place="unspecified" resp="ed" xml:lang="lat"> <foreign xml:lang="grc">τὸ</foreign> R: <foreign xml:lang="grc">τὸν</foreign> </note> καταλαμβανόμενον. πρῶτον μὲν οὖν ὥσπερ ἀφʼ ἑστίας ἀρξάμενοι τῆς τοῦ βίου φήμης ἣν ὑπὲρ φίλων βεβαίων ἀπολέλοιπεν ἡμῖν, τὸν 
<milestone n="20" unit="tlnum" /> μακρὸν καὶ παλαιὸν αἰῶνα μάρτυρα ἅμα τοῦ λόγου καὶ σύμβουλον λάβωμεν, ἐν ᾧ κατὰ ζεῦγος φιλίας λέγονται Θησεὺς,· καὶ Πειρίθους, Ἀχιλλεὺς καὶ Πάτροκλος, Ὀρέστης καὶ Πυλάδης, Φιντίας καὶ Δάμων, Ἐπαμεινώνδας καὶ Πελοπίδας· σύννομον γὰρ ἡ 
<milestone n="25" unit="tlnum" /> φιλία ζῷον οὐκ ἀγελαῖόν ἐστιν οὐδὲ κολοιῶδες, καὶ τὸ ἄλλον αὑτὸν ἡγεῖσθαι τὸν φίλον καὶ <pb xml:id="v.1.p.227" /> προσαγορεύειν ἑταῖρον ἕτερον οὐδέν <note anchored="true" place="unspecified" resp="ed" xml:lang="lat"> <foreign xml:lang="grc">ἕτερον οὐδέν</foreign>] scribendum vid. <foreign xml:lang="grc">ἑέρων οὐδενός</foreign> </note> ἐστιν ἢ μέτρῳ φιλίας τῇ δυάδι χρωμένων. οὔτε γὰρ δούλους οὔτε φίλους 
<milestone n="93f" unit="stephpage" xml:id="stephpage-93f" /> ἔστι κτήσασθαι πολλοὺς ἀπʼ ὀλίγου νομίσματος. τί οὖν νόμισμα φιλίας; εὔνοια καὶ χάρις μετʼ ἀρετῆς, 
<milestone n="5" unit="tlnum" /> ὧν οὐδὲν ἔχει σπανιώτερον ἡ φύσις. ὅθεν τὸ σφόδρα φιλεῖν καὶ φιλεῖσθαι πρὸς πολλοὺς οὐκ ἔστιν, ἀλλʼ ὥσπερ οἱ ποταμοὶ πολλὰς σχίσεις καὶ κατατομὰς λαμβάνοντες ἀσθενεῖς καὶ λεπτοὶ ῥέουσιν, οὕτω τὸ φιλεῖν ἐν ψυχῇ σφοδρὸν πεφυκὸς εἰς πολλοὺς 
<milestone n="10" unit="tlnum" /> μεριζόμενον ἐξαμαυροῦται. διὸ καὶ τῶν ζῴων τὸ φιλότεκνον τοῖς μονοτόκοις ἰσχυρότερον ἐμφύεται, 
<milestone n="94a" unit="stephpage" xml:id="stephpage-94a" /> καὶ Ὅμηρος· <note anchored="true" place="unspecified" resp="ed" xml:lang="lat"> <foreign xml:lang="grc">Ὁμηρος</foreign>] I 498. <foreign xml:lang="grc">π</foreign> 19</note> ἀγαπητὸν υἱὸν ὀνομάζει <q>μοῦνον τηλύγετον</q> τουτέστι τὸν τοῖς μήτʼ <note anchored="true" place="unspecified" resp="ed" xml:lang="lat"> <foreign xml:lang="grc">μήτʼ</foreign> Schellensius: <foreign xml:lang="grc">μὴ</foreign> </note> ἔχουσιν ἕτερον γονεῦσι μήθʼ ἕξουσι γεγενημένον. 
<milestone n="15" unit="tlnum" /> </p> </div>
<div n="3" subtype="section" type="textpart"> <p rend="indent">τὸν δὲ φίλον ἡμεῖς <q>μοῦνον</q> μὲν οὐκ ἀξιοῦμεν εἶναι, μετʼ ἄλλου δὲ <q>τηλύγετὸς</q> τις καὶ ὀψίγονος ἔστω, τὸν θρυλούμενον ἐκεῖνον χρόνῳ τῶν ἁλῶν συγκατεδηδοκὼς μέδιμνον, οὐχ ὥσπερ νῦν πολλοὶ φίλοι λεγόμενοι συμπιόντες ἅπαξ ἢ συγκαταλύσαντες 
<milestone n="20" unit="tlnum" /> ἢ συγκυβεύσαντες ἢ συγκαταλύσαντες, ἐκ πανδοκείου καὶ παλαίστρας καὶ ἀγορᾶς; φιλίαν συλλέγουσιν. ἐν δὲ ταῖς τῶν πλουσίων καὶ ἡγεμονικῶν 
<milestone n="94b" unit="stephpage" xml:id="stephpage-94b" /> οἰκίαις πολὺν ὄχλον καὶ θόρυβον ἀσπαζομένων καὶ δεξιουμένων καὶ δορυφορούντων ὁρῶντες εὐδαιμονίζουσι 
<milestone n="25" unit="tlnum" /> τοὺς πολυφίλους. καίτοι πλείονάς γε μυίας ἐν τοῖς ὀπτανείοις αὐτῶν ὁρῶσιν. ἀλλʼ οὔθʼ αὗται τῆς λιχνείας οὔτʼ ἐκεῖνοι τῆς χρείας <pb xml:id="v.1.p.228" /> ἐπιλιπούσης παραμένουσιν. ἐπεὶ δʼ ἡ ἀληθινὴ φιλία τρία ζητεῖ μάλιστα, τὴν ἀρετὴν ὡς καλόν, καὶ τὴν συνήθειαν ὡς ἡδύ, καὶ τὴν χρείαν ὡς ἀναγκαῖον δεῖ γὰρ ἀποδέξασθαι κρίναντα καὶ χαίρειν συνόντα 
<milestone n="5" unit="tlnum" /> καὶ χρῆσθαι δεόμενον, ἃ πάντα πρὸς τὴν πολυφιλίαν ὑπεναντιοῦται, καὶ μάλιστά πως τὸ κυριώτατον ἡ κρίσις, σκεπτέον <note anchored="true" place="unspecified" resp="ed" xml:lang="lat"> <foreign xml:lang="grc">σκεπτέον</foreign> H: <foreign xml:lang="grc">σκεπτέον δὲ</foreign> </note> πρῶτον εἰ δυνατόν ἐστιν 
<milestone n="94c" unit="stephpage" xml:id="stephpage-94c" /> ἐν βραχεῖ χρόνῳ δοκιμάσαι χορευτὰς συγχορευσομένους, ἐρέτας ὁμορροθήσοντας, οἰκέτας χρημάτων 
<milestone n="10" unit="tlnum" /> ἐπιτρόπους ἢ τέκνων παιδαγωγοὺς ἐσομένους, μήτι γε φίλους πολλοὺς εἰς ἀγῶνα πάσης τύχης συναποδυσομένους, ὧν ἕκαστος αὐτὸς θʼ αὑτὸν <quote rend="blockquote"> <l>πράττων εὖ τίθησιν εἰς μέσον, </l> <note anchored="true" place="unspecified" resp="ed" xml:lang="lat">Nauck. p. 697</note> <l> τοῦ δυστυχοῦς τε λαγχάνων οὐκ ἄχθεται</l> </quote> 
<milestone n="15" unit="tlnum" /> οὔτε ναῦς γὰρ ἐπὶ τοσούτους ἕλκεται χειμῶνας εἰς θάλατταν, οὔτε χωρίοις τριγχοὺς καὶ λιμέσι προβάλλουσιν <note anchored="true" place="unspecified" resp="ed" xml:lang="lat"> <foreign xml:lang="grc">περιβάλλουσιν</foreign> coni. H</note> ἕρκη καὶ χώματα τηλικούτους προσδεχόμενοι 
<milestone n="94d" unit="stephpage" xml:id="stephpage-94d" /> κινδύνους καὶ τοσούτους, ὅσων ἐπαγγέλλεται φιλία καταφυγὴν καὶ βοήθειαν, ὀρθῶς καὶ βεβαίως 
<milestone n="20" unit="tlnum" /> ἐξετασθεῖσα · τῶν δʼ ἀνεξετάστως παραρρυέντων ὥσπερ νομισμάτων ἀδοκίμων ἐλεγχομένων <quote rend="blockquote"> <l>οἱ μὲν ἐστερημένοι </l> <note anchored="true" place="unspecified" resp="ed" xml:lang="lat">Nauck. p. 215</note> <l> χαίρουσιν, οἱ δʼ ἔχοντες εὔχονται φυγεῖν</l> </quote> ἔστι δὲ τοῦτο χαλεπὸν καὶ οὐ ῥᾴδιον, τὸ φυγεῖν ἢ 
<milestone n="25" unit="tlnum" /> ἀποθέσθαι δυσαρεστουμένην φιλίαν. ἀλλʼ ὥσπερ σιτίον βλαβερὸν καὶ δυσχεραινόμενον οὔτε κατέχειν <pb xml:id="v.1.p.229" /> οἷόν τε μὴ λυποῦν καὶ διαφθεῖρον οὔτʼ ἐκβάλλειν οἷον εἰσῆλθεν ἀλλʼ εἰδεχθὲς καὶ συμπεφυρμένον καὶ ἀλλόκοτον, οὕτω φίλος πονηρὸς ἢ σύνεστι λυπῶν καὶ λυμαινόμενος, <note anchored="true" place="unspecified" resp="ed" xml:lang="lat"> <foreign xml:lang="grc">λυμαινόμενος</foreign> H: <foreign xml:lang="grc">λυπούμενος</foreign> </note> ἢ βίᾳ μετʼ ἔχθρας καὶ δυσμενείας 
<milestone n="5" unit="tlnum" /> 
<milestone n="94e" unit="stephpage" xml:id="stephpage-94e" /> ὥσπερ χολή τις ἐξέπεσε. </p> </div>
<div n="4" subtype="section" type="textpart"> <p rend="indent">διὸ δεῖ μὴ ῥᾳδίως προσδέχεσθαι μηδὲ κολλᾶσθαι τοῖς ἐντυγχάνουσι μηδὲ φιλεῖν τοὺς διώκοντας, ἀλλὰ τοὺς ἀξίους φιλίας διώκειν. οὐ γὰρ αἱρετέον πάντως τὸ ῥᾳδίως ἁλισκόμενον. καὶ γὰρ 
<milestone n="10" unit="tlnum" /> ἀπαρίνην καὶ βάτον ἐπιλαμβανομένην ὑπερβάντες καὶ διωσάμενοι βαδίζομεν ἐπὶ τὴν ἐλαίαν καὶ τὴν ἄμπελον. οὕτως ἀεὶ <note anchored="true" place="unspecified" resp="ed" xml:lang="lat"> <foreign xml:lang="grc">ἀεὶ</foreign>] <foreign xml:lang="grc">δεῖ</foreign> W</note> μὴ τὸν εὐχερῶς περιπλεκόμενον ποιεῖσθαι συνήθη καλόν, <note anchored="true" place="unspecified" resp="ed" xml:lang="lat"> <foreign xml:lang="grc">συνήθη καλόν</foreign>] <foreign xml:lang="grc">συνήθη</foreign> H</note> ἀλλὰ τοῖς ἀξίοις σπουδῆς καὶ ὠφελίμοις αὐτοὺς περιπλέκεσθαι δοκιμάζοντας <note anchored="true" place="unspecified" resp="ed" xml:lang="lat"> <foreign xml:lang="grc">δοκιμάσαντας</foreign> R</note> 
<milestone n="15" unit="tlnum" /> 
<milestone n="94f" unit="stephpage" xml:id="stephpage-94f" />. </p> </div>
<div n="5" subtype="section" type="textpart"> <p rend="indent">ὥσπερ οὖν ὁ Ζεῦξις αἰτιωμένων αὐτόν τινων ὅτι ζωγραφεῖ βραδέως, <q>ὁμολογῶ</q> εἶπεν <q>ἐν πολλῷ χρόνῳ γράφειν, καὶ γὰρ εἰς πολύν,</q> οὕτω φιλίαν δεῖ καὶ συνήθειαν σῴζειν παραλαβόντας ἐν 
<milestone n="20" unit="tlnum" /> πολλῷ κριθεῖσαν. ἆρ’ οὖν κρῖναι μὲν οὐκ ἔστι πολλοὺς φίλους ῥᾴδιον, συνεῖναι δὲ πολλοῖς ὁμοῦ ῥᾴδιον, ἢ καὶ τοῦτο ἀδύνατον; καὶ μὴν ἀπόλαυσίς ἐστιν ἡ συνήθεια τῆς φιλίας, καὶ τὸ ἥδιστον ἐν τῷ συνεῖναι καὶ συνδιημερεύειν 
<milestone n="25" unit="tlnum" /> <quote rend="blockquote"> <l>οὐ μὲν γὰρ ζωοί γε φίλων ἀπάνευθεν ἑταίρων </l> <note anchored="true" place="unspecified" resp="ed" xml:lang="lat">Homer. <foreign xml:lang="grc">Ψ</foreign> 78</note> <l>βουλὰς ἑζόμενοι βουλεύσομεν</l> </quote> <pb xml:id="v.1.p.230" /> 
<milestone n="95a" unit="stephpage" xml:id="stephpage-95a" /> καὶ περὶ τοῦ Ὀδυσσέως ὁ Μενέλαος <quote rend="blockquote"> <l>οὐδέ κεν ἄλλο </l> <note anchored="true" place="unspecified" resp="ed" xml:lang="lat">Homer. <foreign xml:lang="grc">δ</foreign> 179</note> <l>ἄμμε διέκρινεν φιλέοντέ τε τερπομένω τε, </l> <l>πρὶν γʼ ὅτε δὴ θανάτοιο μέλαν νέφος ἀμφεκάλυψε</l> </quote> 
<milestone n="5" unit="tlnum" /> τοὐναντίον οὖν ἔοικεν ἡ καλουμένη πολυφιλία ποιεῖν. ἡ μὲν γὰρ συνάγει καὶ συνίστησι καὶ συνέχει καταπυκνοῦσα ταῖς ὁμιλίαις καὶ φιλοφροσύναις <quote rend="blockquote"> <l>ὡς δʼ ὅτʼ ὀπὸς γάλα λευκὸν ἐγόμφωσεν καὶ ἔδησε</l> </quote> 
<milestone n="95b" unit="stephpage" xml:id="stephpage-95b" /> κατʼ Ἐμπεδοκλέα <note anchored="true" place="unspecified" resp="ed" xml:lang="lat"> <foreign xml:lang="grc">Ἐμπεδοκλέα</foreign>] Mullach. 1 p. 6</note> τοιαύτην γὰρ ἡ φιλία βούλεται 
<milestone n="10" unit="tlnum" /> ποιεῖν ἑνότητα καὶ σύμπηξιν, ἡ δὲ πολυφιλία διίστησι καὶ ἀποσπᾷ καὶ ἀποστρέφει, τῷ μετακαλεῖν καὶ μεταφέρειν ἄλλοτε πρὸς ἄλλον οὐκ ἐῶσα κρᾶσιν οὐδὲ κόλλησιν εὐνοίας ἐν τῇ συνηθείᾳ περιχυθείσῃ καὶ παγείσῃ γενέσθαι. τοῦτο δʼ εὐθὺς ὑποβάλλει 
<milestone n="15" unit="tlnum" /> καὶ τὴν περὶ τὰς ὑπουργίας ἀνωμαλίαν καὶ δυσωπίαν· <note anchored="true" place="unspecified" resp="ed" xml:lang="lat"> <foreign xml:lang="grc">δυσωπίαν</foreign>] <foreign xml:lang="grc">δυσκολίαν</foreign> Emperius</note> τὰ γὰρ εὔχρηστα τῆς φιλίας δύσχρηστα γίγνεται διὰ τὴν πολυφιλίαν. <quote rend="blockquote"> <l>ἄλλον τρόπονʼ γὰρ ʽἄλλων ἐγείρει φροντὶς ἀνθρώπων <note anchored="true" place="unspecified" resp="ed" xml:lang="lat">Bergk. 3 p. 721</note> 
<milestone n="20" unit="tlnum" /> </l> </quote> οὔτε γὰρ αἱ φύσεις ἡμῶν ἐπὶ ταὐτὰ ταῖς ὁρμαῖς ῥέπουσιν, οὔτε τύχαις ὁμοτρόποις ἀεὶ σύνεσμεν οἵ 
<milestone n="95c" unit="stephpage" xml:id="stephpage-95c" /> τε τῶν πράξεων καιροὶ καθάπερ τὰ πνεύματα τοὺς μὲν φέρουσι τοῖς δʼ ἀντιπίπτουσι. </p> </div>
<div n="6" subtype="section" type="textpart"> <p rend="indent">καίτοι κἂν πάντες ἅμα τῶν αὐτῶν οἱ φίλοι 
<milestone n="25" unit="tlnum" /> δέωνται, χαλεπὸν ἐξαρκέσαι πᾶσι βουλευομένοις ἢ πολιτευομένοις ἢ φιλοτιμουμένοις ἢ ὑποδεχομένοις. <pb xml:id="v.1.p.231" /> ἂν δʼ ἑνὶ καιρῷ διαφόροις πράγμασι καὶ πάθεσι προστυγχάνοντες ὁμοῦ παρακαλῶσιν ὁ μὲν πλέων συναποδημεῖν, ὁ δὲ κρινόμενος συνδικεῖν, ὁ δὲ κρίνων συνδικάζειν, ὁ δὲ πιπράσκων ἢ ἀγοράζων 
<milestone n="5" unit="tlnum" /> συνδιοικεῖν, ὁ δὲ γαμῶν συνθύειν, ὁ δὲ θάπτων συμπενθεῖν, <quote rend="blockquote"> <l> πόλις δʼ ὁμοῦ μὲν θυμιαμάτων γέμῃ, </l> <note anchored="true" place="unspecified" resp="ed" xml:lang="lat">Soph. <title>OR</title> 4</note> <l> ὁμοῦ δὲ παιάνων τε καὶ στεναγμάτων</l> </quote> 
<milestone n="95d" unit="stephpage" xml:id="stephpage-95d" /> ἡ πολυφιλία, πᾶσι μὲν ἀμήχανον παρεῖναι, μηδενὶ 
<milestone n="10" unit="tlnum" /> δʼ ἄτοπον, ἑνὶ δʼ ὑπουργοῦντα προσκρούειν πολλοῖς ἀνιαρὸν <quote rend="blockquote"> <l>οὐδεὶς γὰρ ἀγαπῶν αὐτὸς ἀμελεῖθʼ ἡδέως</l> <note anchored="true" place="unspecified" resp="ed" xml:lang="lat">Meinek. IV p. 282</note> </quote> Καίτοι τὰς ἀμελείας καὶ ῥᾳθυμίας τῶν φίλων πραότερον φέρουσι, καὶ τὰς τοιαύτας ἀπολογίας ἀμηνίτως 
<milestone n="15" unit="tlnum" /> δέχονται παρʼ αὐτῶν <q>ἐξελαθόμην <q type="unspecified" /> ἠγνόησα</q> ὁ δὲ λέγων <q>οὐ παρέστην σοι δίκην ἔχοντι, παριστάμην γὰρ ἑτέρῳ φίλῳ,</q> καὶ <q>πυρέττοντά σʼ οὐκ εἶδον, τῷ δεῖνι γὰρ φίλους ἑστιῶντι συνησχολούμην</q> αἰτίαν τῆς ἀμελείας τὴν ἑτέρων ἐπιμέλειαν ποιούμενος 
<milestone n="20" unit="tlnum" /> 
<milestone n="95e" unit="stephpage" xml:id="stephpage-95e" /> οὐ λύει τὴν μέμψιν, ἀλλὰ προσεπιβάλλει ζηλοτυπίαν. ἀλλʼ οἱ πολλοὶ τὰς πολυφιλίας ἃ δύνανται παρέχειν μόνον ὡς,·ʼ ἔοικε σκοποῦσιν, ἃ δʼ ἀνταπαιτοῦσι παρορῶσι, καὶ οὐ μνημονεύουσιν ὅτι δεῖ τὸν πολλοῖς εἰς ἃ δεῖται χρώμενον πολλοῖς δεομένοις 
<milestone n="25" unit="tlnum" /> ἀνθυπουργεῖν. ὥσπερ οὖν ὁ Βριάρεως ἑκατὸν χερσὶν εἰς πεντήκοντα φορῶν γαστέρας οὐδὲν ἡμῶν πλέον εἶχε τῶν ἀπὸ δυεῖν χεροῖν μίαν κοιλίαν διοικούντων <pb xml:id="v.1.p.232" />, οὕτως ἐν τοῖς φίλοις χρήσιμον <note anchored="true" place="unspecified" resp="ed" xml:lang="lat"> <foreign xml:lang="grc">ἐν τοῖς φίλοις χρήσιμον</foreign>] <foreign xml:lang="grc">ἐν τῷ πολλοῖς φίλοις χρῆσθαι</foreign> </note> καὶ τὸ λειτουργεῖν πολλοῖς ἔνεστι <note anchored="true" place="unspecified" resp="ed" xml:lang="lat"> <foreign xml:lang="grc">ἔνεστι</foreign>] scr. vid. <foreign xml:lang="grc">ἐστι</foreign></note> καὶ τὸ συναγωνιᾶν <note anchored="true" place="unspecified" resp="ed" xml:lang="lat"> <foreign xml:lang="grc">τὸ συγκάμνειν</foreign> H</note> καὶ τὸ συνασχολεῖσθαι καὶ συγκάμνειν. οὐ γὰρ Εὐριπίδῃ πειστέον λέγοντι 
<milestone n="5" unit="tlnum" /> <quote rend="blockquote"> <l> χρῆν γὰρ μετρίας <note anchored="true" place="unspecified" resp="ed" xml:lang="lat"> <foreign xml:lang="grc">πετριας - φιλίας</foreign> H ex Hippol. 253: <foreign xml:lang="grc">μετρίαν - φιλίαν</foreign> </note> εἰς ἀλλήλους </l> <l>φιλίας θνητοὺς ἀνακίρνασθαι 
<milestone n="95f" unit="stephpage" xml:id="stephpage-95f" /> </l> <l> καὶ μὴ πρὸς ἄκρον μυελὸν ψυχῆς, </l> <l>εὔλυτα δʼ εἶναι στέργηθρα <note anchored="true" place="unspecified" resp="ed" xml:lang="lat"> <foreign xml:lang="grc">στέργηθρα</foreign> id. ex eodem: <foreign xml:lang="grc">θέλγητρα</foreign> </note> φρενῶν, </l> <l>ἀπὸ τʼ ὤσασθαι καὶ ξυντεῖναι,</l> </quote> 
<milestone n="10" unit="tlnum" /> καθάπερ πόδα νεὼς ἐνδιδόντι καὶ προσάγοντι ταῖς χρείαις τὴν φιλίαν. ἀλλὰ τοῦτο μέν, ὦ Εὐριπίδη, μεταθῶμεν ἐπὶ τὰς ἔχθρας, καὶ κελεύωμεν <q>μετρίας</q> ποιεῖσθαι τὰς διαφορὰς καὶ <q>μὴ πρὸς ἄκρον μυελὸν ψυχῆς, εὔλυτα δʼ εἶναι</q> μίση καὶ ὀργὰς καὶ μεμψιμοιρίας 
<milestone n="15" unit="tlnum" /> 
<milestone n="96a" unit="stephpage" xml:id="stephpage-96a" /> καὶ ὑπονοίας· ἐκεῖνο δὲ μᾶλλον ἡμῖν παραίνει τὸ Πυθαγορικὸν <q>μὴ πολλοῖς ἐμβάλλειν δεξιὰν</q> τουτέστι μὴ πολλοὺς ποιεῖσθαι φίλους μηδὲ πολύκοινον μηδὲ πάνδημον ἀσπάζεσθαι φιλίαν καὶ πρὸς ἐναντίην ἡ μετὰ <note anchored="true" place="unspecified" resp="ed" xml:lang="lat"> <foreign xml:lang="grc">ἑαυτὴν μετὰ</foreign>?</note> πολλῶν παθῶν εἰσιοῦσαν, ὧν τὸ 
<milestone n="20" unit="tlnum" /> μὲν συναγωνιᾶν καὶ συνάχθεσθαι καὶ συμπονεῖν καὶ συγκινδυνεύειν πάνυ δύσοιστον τοῖς ἐλευθέροις καὶ γενναίοις ἐστί· τὸ δὲ τοῦ σοφοῦ Χίλωνος ἀληθές, ὃς πρὸς τὸν εἰπόντα μηδένα ἔχειν ἐχθρὸν <q>ἔοικας</q> ἔφη <q>σὺ μηδὲ φίλον ἔχειν.</q> αἱ γὰρ ἔχθραι ταῖς 
<milestone n="25" unit="tlnum" /> φιλίαις εὐθὺς ἐπακολουθοῦσι καὶ συμπλέκονται, ἐπείπερ </p> </div>
<div n="7" subtype="section" type="textpart"> <p rend="indent"> 
<milestone n="96b" unit="stephpage" xml:id="stephpage-96b" /> οὐκ ἔστι φίλον μὴ συναδικεῖσθαι μηδὲ συναδοξεῖν <pb xml:id="v.1.p.233" /> μηδὲ συναπεχθάνεσθαι· οἱ γὰρ ἐχθροὶ τὸν φίλον εὐθὺς ὑφορῶνταί τε καὶ μισοῦσιν, οἱ δὲ φίλοι πολλάκις φθονοῦσί τε καὶ ζηλοτυποῦσι καὶ περισπῶσιν. ὥσπερ οὖν ὁ τῷ Τιμησίᾳ περὶ τῆς ἀποικίας 
<milestone n="5" unit="tlnum" /> δοθεὶς χρησμὸς προηγόρευσε <quote rend="blockquote"> <l>σμῆνα <note anchored="true" place="unspecified" resp="ed" xml:lang="lat"> <foreign xml:lang="grc">σμῆνι - ἕπονται</foreign> R</note> μελισσάων τάχα τοι καὶ σφῆκες; ἔσονται</l> </quote>, οὕτως οἱ φίλων ζητοῦντες ἑσμὸν ἔλαθον ἐχθρῶν σφηκιαῖς <note anchored="true" place="unspecified" resp="ed" xml:lang="lat"> <foreign xml:lang="grc">σφηκιαῖς</foreign> scripsi: <foreign xml:lang="grc">σφηκίαις</foreign> </note> περιπεσόντες. καὶ οὐκ ἴσον ἄγει σταθμὸν ἐχθροῦ μνησικακία καὶ φίλου χάρις. ὅρα δὲ τοὺς 
<milestone n="10" unit="tlnum" /> 
<milestone n="96c" unit="stephpage" xml:id="stephpage-96c" />Φιλώτου καὶ Παρμενίωνος φίλους καὶ οἰκείους ἃ διέθηκεν Ἀλέξανδρος, ἃ τοὺς Δίωνος Διονύσιος τοὺς Πλαύτου Νέρων καὶ τοὺς Σηιανοῦ Τιβέριος στρεβλοῦντες καὶ ἀποκτιννύοντες. ὡς γὰρ τὸν Κρέοντα τῆς θυγατρὸς οὐδὲν ὁ χρυσὸς οὐδʼ ὁ πέπλος ὠφέλει, 
<milestone n="15" unit="tlnum" /> τὸ δὲ πῦρ ἀναφθὲν αἰφνιδίως προσδραμόντα καὶ περιπτύξαντα κατέκαυσε καὶ συναπώλεσεν, οὕτως ἔνιοι τῶν φίλων οὐδὲν ἀπολαύσαντες εὐτυχούντων συναπόλλυνται δυστυχοῦσι. καὶ τοῦτο μάλιστα πάσχουσιν οἱ φιλόσοφοι καὶ χαρίεντες, ὡς Θησεὺς τῷ 
<milestone n="20" unit="tlnum" />Πειρίθῳ κολαζομένῳ καὶ δεδεμένῳ <quote rend="blockquote"> <l>αἰδοῦς <note anchored="true" place="unspecified" resp="ed" xml:lang="lat"> <foreign xml:lang="grc">αἰδοῦς</foreign> H: <foreign xml:lang="grc">πέδαις</foreign> </note> ἀχαλκεύτοις συνέζευκται <note anchored="true" place="unspecified" resp="ed" xml:lang="lat"> <foreign xml:lang="grc">ἀχαλκεύτοις συνέζευκται</foreign> Stephanus: <foreign xml:lang="grc">ἀχαλκεύτοισιν ἔζευκται</foreign> </note> πέδαις <note anchored="true" place="unspecified" resp="ed" xml:lang="lat"> <foreign xml:lang="grc">πέδαις</foreign> H: <foreign xml:lang="grc">πόδας</foreign> </note> </l> </quote>, 
<milestone n="96d" unit="stephpage" xml:id="stephpage-96d" /> ἐν δὲ τῷ λοιμῷ φησιν ὁ Θουκυδίδης <note anchored="true" place="unspecified" resp="ed" xml:lang="lat"> <foreign xml:lang="grc">Θουκυδίδης</foreign>] II 51</note> τοὺς ἀρετῆς μάλιστα μεταποιουμένους συναπόλλυσθαι τοῖς φίλοις νοσοῦσιν ἠφείδουν γὰρ σφῶν αὐτῶν ἰόντες παρὰ 
<milestone n="25" unit="tlnum" /> τοὺς ἐπιτηδείους. </p> </div>
<div n="8" subtype="section" type="textpart"> <p rend="indent">ὅθεν οὕτω <note anchored="true" place="unspecified" resp="ed" xml:lang="lat"> <foreign xml:lang="grc">ὅθεν οὕτως</foreign>] <foreign xml:lang="grc">ὅθεν</foreign> H</note> τῆς ἀρετῆς ἀφειδεῖν οὐ προσῆκον <pb xml:id="v.1.p.234" /> ἄλλοτʼ ἄλλοις συνδέοντας αὐτὴν καὶ συμπλέκοντας, ἀλλὰ τοῖς ἀξίοις τὴν αὐτῆς κοινωνίαν φυλάττειν, τουτέστι τοῖς ὁμοίως φιλεῖν καὶ κοινωνεῖν δυναμένοις. καὶ γὰρ δὴ τοῦτο πάντων μέγιστόν ἐστιν ἐναντίωμα 
<milestone n="5" unit="tlnum" /> πρὸς τὴν πολυφιλίαν, ὅτι τῇ φιλίᾳ γένεσις διʼ ὁμοιότητός ἐστιν. ὅπου γὰρ καὶ τὰ ἄψυχα <note anchored="true" place="unspecified" resp="ed" xml:lang="lat"> <foreign xml:lang="grc">ἄψυχα</foreign>] <foreign xml:lang="grc">ἄλογα</foreign> W</note> τὰς μίξεις πρὸς τὰ ἀνόμοια ποιεῖται μετὰ βίας ἀναγκαζόμενα 
<milestone n="96e" unit="stephpage" xml:id="stephpage-96e" /> καὶ ὀκλάζει καὶ ἀγανακτεῖ φεύγοντα ἀπʼ ἀλλήλων, τοῖς δὲ συγγενέσι καὶ οἰκείοις ὁμοπαθεῖ <note anchored="true" place="unspecified" resp="ed" xml:lang="lat"> <foreign xml:lang="grc">ὁμοιοπαθεῖ</foreign> W</note> κεραννύμενα 
<milestone n="10" unit="tlnum" /> καὶ προσίεται τὴν κοινωνίαν λείως καὶ μετʼ εὐμενείας, πῶς οἷόν τε φιλίαν ἤθεσι διαφόροις, ἐγγενέσθαι καὶ πάθεσιν ἀνομοίοις καὶ βίοις ἑτέρας προαιρέσεις ἔχουσιν; ἡ μὲν γὰρ περὶ ψαλμοὺς καὶ φόρμιγγας ἁρμονία διʼ ἀντιφώνων ἔχει τὸ σύμφωνον, 
<milestone n="15" unit="tlnum" /> ὀξύτησι καὶ βαρύτησιν ἁμωσγέπως ὁμοιότητος ἐγγιγνομένης· τῆς δὲ φιλικῆς συμφωνίας ταύτης καὶ ἁρμονίας οὐδὲν ἀνόμοιον οὐδʼ ἀνώμαλον οὐδʼ ἄνισον εἶναι δεῖ μέρος, ἀλλʼ ἐξ ἁπάντων ὁμοίως ἐχόντων 
<milestone n="96f" unit="stephpage" xml:id="stephpage-96f" /> ὁμολογεῖν καὶ ὁμοβουλεῖν καὶ ὁμοδοξεῖν καὶ 
<milestone n="20" unit="tlnum" /> συνομοπαθεῖν, <note anchored="true" place="unspecified" resp="ed" xml:lang="lat"> <foreign xml:lang="grc">συνομοιοπαθεῖν</foreign> W</note> ὥσπερ μιᾶς ψυχῆς ἐν πλείοσι διῃρημένης σώμασι. </p> </div>
<div n="9" subtype="section" type="textpart"> <p rend="indent">τίς οὖν ἐστιν οὕτως ἐπίπονος καὶ μετάβολος καὶ παντοδαπὸς ἄνθρωπος, ὥστε πολλοῖς ἑαυτὸν ἐξομοιοῦν καὶ προσαρμόττειν καὶ μὴ καταγελᾶν τοῦ 
<milestone n="25" unit="tlnum" />Θεόγνιδος παραινοῦντος <quote rend="blockquote"> <l>πουλύποδος νόον ἴσχε πολυχρόου, ὃς ποτὶ πέτρῃ, </l> <note anchored="true" place="unspecified" resp="ed" xml:lang="lat">Bergk. 2 p. 140</note> <l>τῇ περ ὁμιλήσῃ, τοῖος ἰδεῖν ἐφάνη;</l> </quote> <pb xml:id="v.1.p.235" /> καίτοι τοῦ πολύποδος αἱ μεταβολαὶ βάθος οὐκ ἔχουσιν, ἀλλὰ περὶ αὐτὴν γίγνονται τὴν ἐπιφάνειαν, στυφότητι καὶ μανότητι τὰς ἀπορροὰς <note anchored="true" place="unspecified" resp="ed" xml:lang="lat"> <foreign xml:lang="grc">ἀπορροὰς</foreign> H: <foreign xml:lang="grc">ἀπορροίας</foreign> </note> τῶν πλησιαζόντων 
<milestone n="97a" unit="stephpage" xml:id="stephpage-97a" /> ἀναλαμβάνουσαν· αἱ δὲ φιλίαι τὰ ἤθη ζητοῦσι 
<milestone n="5" unit="tlnum" /> συνεξομοιοῦν καὶ τὰ πάθη καὶ τοὺς λόγους καὶ τὰ ἐπιτηδεύματα καὶ τὰς διαθέσεις. Πρωτέως τινὸς οὐκ εὐτυχοῦς οὐδὲ πάνυ χρηστοῦ τὸ ἔργον, ἀλλʼ ὑπὸ γοητείας ἑαυτὸν εἰς ἕτερον εἶδος ἐξ ἑτέρου μεταλλάττοντος ἐν ταὐτῷ πολλάκις, φιλολόγοις συναναγιγνώσκοντος 
<milestone n="10" unit="tlnum" /> καὶ παλαισταῖς συγκονιομένου καὶ φιλοθήροις συγκυνηγετοῦντος καὶ φιλοπόταις συμμεθυσκομένου καὶ πολιτικοῖς συναρχαιρεσιάζοντος, ἰδίαν ἤθους ἑστίαν οὐκ ἔχοντος,·. ὡς δὲ τὴν ἀσχημάτιστον 
<milestone n="97b" unit="stephpage" xml:id="stephpage-97b" /> οἱ φυσικοὶ καὶ ἀχρώματον οὐσίαν καὶ ὕλην 
<milestone n="15" unit="tlnum" /> λέγουσιν <note anchored="true" place="unspecified" resp="ed" xml:lang="lat"> <foreign xml:lang="grc">λέγουσιν</foreign>] add. <foreign xml:lang="grc">πᾶσι τοῖς οὖσιν</foreign> Sauppius</note> ὑποκειμένην καὶ τρεπομένην ὑφʼ αὑτῆς <note anchored="true" place="unspecified" resp="ed" xml:lang="lat"> <foreign xml:lang="grc">ὑφʼ αὐτῆς</foreign>] <foreign xml:lang="grc">ἐπʼ αὐτῶν</foreign> id.</note> νῦν μὲν φλέγεσθαι νῦν δʼ ἐξυγραίνεσθαι, τοτὲ δʼ ἐξαεροῦσθαι πήγνυσθαι δʼ αὖθις, οὕτως ἄρα τῇ πολυφιλίᾳ ψυχὴν ὑποκεῖσθαι δεήσει πολυπαθῆ καὶ πολύτροπον καὶ ὑγρὰν καὶ ῥᾳδίαν μεταβάλλειν. ἀλλʼ 
<milestone n="20" unit="tlnum" /> ἡ φιλία στάσιμόν τι ζητεῖ καὶ βέβαιον ἦθος καὶ ἀμετάπτωτον ἐν μιᾷ χώρᾳ καὶ συνηθείᾳ· διὸ καὶ σπάνιον καὶ δυσεύρετόν ἐστι φίλος βέβαιος.</p> </div>
</div>
</body>
</text>
</TEI>