<?xml version="1.0" encoding="UTF-8"?>
<ti:work xmlns:ti="http://chs.harvard.edu/xmlns/cts" groupUrn="urn:cts:greekLit:tlg0007" projid="greekLit:tlg057" urn="urn:cts:greekLit:tlg0007.tlg057" xml:lang="grc">
   
   <ti:title xml:lang="eng">Demetrius</ti:title>
   
   <ti:translation urn="urn:cts:greekLit:tlg0007.tlg057.perseus-eng2" workUrn="urn:cts:greekLit:tlg0007.tlg057" xml:lang="eng">
      <ti:label xml:lang="eng">Demetrius</ti:label>
      <ti:description xml:lang="eng">Plutarch, creator; Perrin, Bernadotte, translator; Plutarch's Lives Volume IX; Cambridge,
         MA. Harvard University Press. London. William Heinemann Ltd. 1920.</ti:description>
   </ti:translation>
   
   <ti:edition urn="urn:cts:greekLit:tlg0007.tlg057.perseus-grc2" workUrn="urn:cts:greekLit:tlg0007.tlg057" xml:lang="grc">
      <ti:label xml:lang="eng">Demetrius</ti:label>
      <ti:description xml:lang="eng">
         Plutarch, creator; Perrin, Bernadotte, translator; Plutarch's Lives Volume IX; Cambridge,
         MA. Harvard University Press. London. William Heinemann Ltd. 1920.</ti:description>
   </ti:edition>
   
   
   
</ti:work>
