<?xml version="1.0" encoding="UTF-8"?><?xml-model href="http://www.stoa.org/epidoc/schema/8.19/tei-epidoc.rng"
schematypens="http://relaxng.org/ns/structure/1.0"?><?xml-model href="http://www.stoa.org/epidoc/schema/8.19/tei-epidoc.rng"
schematypens="http://purl.oclc.org/dsdl/schematron"?><TEI xmlns="http://www.tei-c.org/ns/1.0">
<teiHeader>
<fileDesc>
<titleStmt>
<title type="work" n="Epid.">Epidicus</title>
<title type="sub">Machine readable text</title>
<author n="Pl.">T. Maccius Plautus</author>
<editor role="editor" n="Leo">F. Leo</editor>
<sponsor>Perseus Project, Tufts University</sponsor>
		<principal>Gregory Crane</principal>
	<respStmt>
		<resp>Prepared under the supervision of</resp>
		<name>Bridget Almas</name>
		<name>Lisa Cerrato</name>
		<name>Rashmi Singhal</name>
		<name>David Smith</name>
	</respStmt>
	<funder n="org:NEH">The National Endowment for the Humanities</funder>
</titleStmt>
	<extent/>
	<publicationStmt>
		<publisher>Trustees of Tufts University</publisher>
		<pubPlace>Medford, MA</pubPlace>
		<authority>Perseus Project</authority>
		<date type="release">2001-09-05</date>
	</publicationStmt>
<sourceDesc>
<biblStruct>
<monogr>
<author>T. Maccius Plautus</author>
<title>Plauti Comoediae</title>
<editor role="editor">F. Leo</editor>
<imprint>
<pubPlace>Berlin</pubPlace>
<publisher>Weidmann</publisher>
<date>1895</date>
</imprint>
</monogr>
</biblStruct>
</sourceDesc>
</fileDesc>

    <encodingDesc>
    	<refsDecl n="TEI.2">
    		<refState unit="act"/>
    		<refState n="chunk" unit="scene"/>
    	</refsDecl>
    	<refsDecl n="CTS">
    		<cRefPattern 
    			n="line"
    			matchPattern="(.+)"
    			replacementPattern="#xpath(/tei:TEI/tei:text/tei:body/tei:div//tei:l[@n='$1'])">
    			<p>This pointer pattern extracts lines</p>
    		</cRefPattern>
    		
    	</refsDecl>
    </encodingDesc>

<profileDesc>
<langUsage>
<language ident="lat">Latin</language>
</langUsage>
</profileDesc>

<revisionDesc>
	<change who="balmas01" when="2013-09-13">moving Greg's work-in-progress on CTS-izing greco-roman collection texts to a Work directory</change>
	<change who="gcrane" when="2013-06-08">TEI XML converted to facilitate CTS compatibility</change>
	<change who="gcrane" when="2011-01-16">base sdl file</change>
	<change who="gcrane" when="2011-01-16">not ready—does not parse—but the DEL and ADD tags work. Q tags need fixing</change>
	<change who="rsingh04" when="2010-02-26">added back in TLN line chunking for latin texts</change>
	<change who="rsingh04" when="2009-12-07">moved more xml files around based on copyright status</change>
	<change who="rsingh04" when="2009-06-17">don't chunk by TLN line cause they don't seem to be correct and cause problems</change>
	<change who="packel" when="2005-08-01">new XML version</change>
	<change who="packel" when="2005-07-25">Converted to XML</change>
	<change who="mimno" when="2005-03-07">changed refsdecls from step to state</change>
	<change who="yorkc" when="2003-07-01">Updated texts to TEI P4 and Perseus P4 extensions; minor cleanup (esp. character encodings and typos.)</change>
	<change who="amahoney" when="2002-05-23">mark all the apostrophe-s as abbreviations</change>
	<change who="amahoney" when="2002-05-21">use quote entities so the apostrophes are clearly distinct</change>
	<change who="amahoney" when="2000-03-06">remove title headers so acts go into short toc</change>
	<change who="dasmith" when="2000-03-04">Added separate funder entity to TEI header.</change>
	<change who="dasmith" when="2000-01-13">Corrected Latin ID. Fixed Aulularia title.</change>
	<change who="dasmith" when="1999-08-10">Tagged through line numbers separately.</change>
	<change who="textgod" when="1999-08-10">Added to repository.</change>
</revisionDesc>
</teiHeader>

<text>
<body>

	<div type="edition" xml:lang="lat" n="urn:cts:latinLit:phi0119.phi009.perseus-lat2">
<div type="textpart" subtype="act" n="1">
<div type="textpart" subtype="scene" n="1">

<sp><speaker>Epidicvs</speaker>
<l part="I" n="1">Heús, adulescens.</l></sp>

<sp><speaker>Thesprio</speaker>
<l part="M" n="1a">Quís properantem mé reprehendit pállio?</l></sp>

<sp><speaker>Ep.</speaker>
<l part="I" n="2">Familiaris.</l></sp>

<sp><speaker>Th.</speaker>
<l part="M" n="2a">Fateor, nam odio es nimium familiariter.</l></sp>

<sp><speaker>Ep.</speaker>
<l part="I" n="3">Réspice vero, Thésprio.</l></sp>

<sp><speaker>Th.</speaker>
<l part="M" n="3a">Oh,</l>
<l n="4">Epidicumne ego conspicor?</l></sp>

<sp><speaker>Ep.</speaker>
<lb ed="actscene" n="5"/><l n="5">Satis recte oculis uteris.</l></sp>

<sp><speaker>Th.</speaker>
<l part="I" n="6">Salve.</l></sp>

<sp><speaker>Ep.</speaker>
<l part="M" n="6a">Di dent quae velis.</l>
<l part="I" n="7">veníre salvom gaudeo.</l></sp>

<sp><speaker>Th.</speaker>
<l part="M" n="7a">Quid ceterum?</l></sp>

<sp><speaker>Ep.</speaker>
<l part="M" n="7b">Quod eo adsolet:</l>
<l part="I" n="8">cena tibi dabitur.</l></sp>

<sp><speaker>Th.</speaker>
<l part="M" n="8a">Spondeo.</l></sp>

<sp><speaker>Ep.</speaker>
<l part="M" n="8b">Quid?</l></sp>

<sp><speaker>Th.</speaker>
<l part="M" n="8c">Me accepturum, si dabis.</l></sp>

<sp><speaker>Ep.</speaker>
<l n="9">Quid tú agis? ut vales? exemplum adesse intellego. euge,</l>
<lb ed="actscene" n="10"/><l part="I" n="10">córpulentior videre atque habitior.</l></sp>

<sp><speaker>Th.</speaker>
<l part="M" n="10a">Huic gratia.</l></sp>

<sp><speaker>Ep.</speaker>
<l n="11">Quám quidem te iam diu</l>
<l n="11a">perdidisse oportuit.</l></sp>

<sp><speaker>T.</speaker>
<l part="I" n="12">Mínus iam furtificus sum quam antehac.</l></sp>

<sp><speaker>E.</speaker>
<l part="M" n="12a">Quid ita?</l></sp>

<sp><speaker>T.</speaker>
<l part="M" n="12b">Rapio propalam.</l></sp>

<sp><speaker>Ep.</speaker>
<l n="13">Di immortales te infelicent, ut tu es gradibus grandibus.</l>
<lb ed="actscene" n="15"/><l n="14">nam út apud portum te conspexi, curriculo occepi sequi:</l>
<l part="I" n="15">vix adipiscendi potestas modo fuit.</l></sp>

<sp><speaker>Th.</speaker>
<l part="M" n="15a">Scurra es.</l></sp>

<sp><speaker>Ep.</speaker>
<l part="M" n="15b">Scio</l>
<l part="I" n="16">te esse equidem hominem militarem.</l></sp>

<sp><speaker>Th.</speaker>
<l part="M" n="16a">Audacter quam vis dicito.</l>
<l part="I" n="17">quid ais? perpetuen valuisti?</l></sp>

<sp><speaker>Ep.</speaker>
<l part="M" n="17a">Varie.</l></sp>

<sp><speaker>Th.</speaker>
<l part="M" n="17b">Qui varie valent,</l>
<l n="18">capreáginum hominum nón placet mihi néque pantherinúm genus.</l></sp>

<sp><speaker>Ep.</speaker>
<lb ed="actscene" n="20"/><l part="I" n="19">Quid tíbi vis dicam nisi quod est? ut illaé res? responde.</l></sp>

<sp><speaker>Th.</speaker>
<l part="M" n="19a">Probe.</l></sp>

<sp><speaker>Ep.</speaker>
<l part="I" n="20">Quid erílis noster filius?</l></sp>

<sp><speaker>Th.</speaker>
<l part="M" n="20a">Valet púgilice atque athletice.</l></sp>

<sp><speaker>Ep.</speaker>
<l n="21">Voluptábilem mihi nuntium tuo advéntu adportas, Thesprio.</l>
<l part="I" n="22">sed ubíst is?</l></sp>

<sp><speaker>Th.</speaker>
<l part="M" n="22a">Advenit simul.</l></sp>

<sp><speaker>Ep.</speaker>
<l part="M" n="22b">Vbi is ergo est? nisi si in vidulo</l>
<l part="I" n="23">aut si in mellina attulisti.</l></sp>

<sp><speaker>Th.</speaker>
<l part="M" n="23a">Di te perdant.</l></sp>

<sp><speaker>Ep.</speaker>
<l part="M" n="23b">Te volo—</l>
<lb ed="actscene" n="25"/><l n="24">percóntari: operam da, ópera reddetúr tibi.</l></sp>

<sp><speaker>Th.</speaker>
<l part="I" n="25">Ius dícis.</l></sp>

<sp><speaker>Ep.</speaker>
<l part="M" n="25a">Me decet.</l></sp>

<sp><speaker>Th.</speaker>
<l part="M" n="25b">Iam tu autem nobis praeturam geris?</l></sp>

<sp><speaker>Ep.</speaker>
<l n="26">Quem díces digniorem esse hominem hódie Athenis alterum?</l></sp>

<sp><speaker>Th.</speaker>
<l n="27">At únum a praetura tua,</l>
<l part="I" n="27a">Epídice, abest.</l></sp>

<sp><speaker>Ep.</speaker>
<l part="M" n="27b">Quidnam?</l></sp>

<sp><speaker>Th.</speaker>
<l part="M" n="27c">Scies:</l>
<lb ed="actscene" n="30"/><l n="28">lictores duo, duo ulmei</l>
<l part="I" n="28a">fasces virgarum.</l></sp>

<sp><speaker>Ep.</speaker>
<l part="M" n="28b">Vae tibi.</l>
<l part="I" n="29">sed quíd ais?</l></sp>

<sp><speaker>Th.</speaker>
<l part="M" n="29a">Quid rogas?</l></sp>

<sp><speaker>Ep.</speaker>
<l part="M" n="29b">Vbi árma sunt Stratíppocli?</l></sp>

<sp><speaker>T.</speaker>
<l part="I" n="30">Pól illa ad hostis transfugerunt.</l></sp>

<sp><speaker>E.</speaker>
<l part="M" n="30a">Armane?</l></sp>

<sp><speaker>T.</speaker>
<l part="M" n="30b">Atque equidem cito.</l></sp>

<sp><speaker>Ep.</speaker>
<l n="31">Sérione dicis tu?</l></sp>

<sp><speaker>Th.</speaker>
<lb ed="actscene" n="35"/><l n="31a">Sério, inquam: hostes habent.</l></sp>

<sp><speaker>Ep.</speaker>
<l part="I" n="32">Édepol facinus improbum.</l></sp>

<sp><speaker>Th.</speaker>
<l part="M" n="32a">At iam ante alii fecerunt idem.</l>
<l part="I" n="33">erit illi illa res honori.</l></sp>

<sp><speaker>Ep.</speaker>
<l part="M" n="33a">Qui?</l></sp>

<sp><speaker>Th.</speaker>
<l part="M" n="33b">Quia ante aliis fuit.</l>
<l n="34">Mulciber, credo, arma fecit quaé habuit Stratippocles:</l>
<l part="I" n="35">travolaverunt ad hostis.</l></sp>

<sp><speaker>Ep.</speaker>
<l part="M" n="35a">Tum ille prognatus Theti</l>
<lb ed="actscene" n="40"/><l n="36">sine perdat: alia apportabunt éi Nerei filiae.</l>
<l n="37">id módo videndum est, ut materies suppetat scutariis,</l>
<l n="38">si in singulis stipendiis is ad hostis exuvias dabit.</l></sp>

<sp><speaker>Th.</speaker>
<l part="I" n="39">Supersede istis rebus iam.</l></sp>

<sp><speaker>Ep.</speaker>
<l part="M" n="39a">Tu ipse, ubi lubet, finem face.</l></sp>

<sp><speaker>Th.</speaker>
<l part="I" n="40">Desiste percontarier.</l></sp>

<sp><speaker>Ep.</speaker>
<l part="M" n="40a">Loquere ipse: ubist Stratippocles?</l></sp>

<sp><speaker>Th.</speaker>
<lb ed="actscene" n="45"/><l part="I" n="41">Est causa qua causa simul mecum ire veritust.</l></sp>

<sp><speaker>Ep.</speaker>
<l part="M" n="41a">Quidnam id est?</l></sp>

<sp><speaker>Th.</speaker>
<l part="I" n="42">Patrem videre se nevolt etiam nunc.</l></sp>

<sp><speaker>Ep.</speaker>
<l part="M" n="42a">Quapropter?</l></sp>

<sp><speaker>Th.</speaker>
<l part="M" n="42b">Scies.</l>
<l n="43">quia forma lepida et liberali captivam adulescentulam</l>
<l part="I" n="44">dé praeda mercatust.</l></sp>

<sp><speaker>Ep.</speaker>
<l part="M" n="44a">Quid ego ex te audio?</l></sp>

<sp><speaker>Th.</speaker>
<l part="M" n="44b">Hoc quod fabulor.</l></sp>

<sp><speaker>Ep.</speaker>
<l part="I" n="45">Cúr eam emit?</l></sp>

<sp><speaker>Th.</speaker>
<l part="M" n="45a">Animi causa.</l></sp>

<sp><speaker>Ep.</speaker>
<l part="M" n="45b">Quót illic homo animos habet?</l>
<lb ed="actscene" n="50"/><l n="46">nam cérto, prius quam hinc ád legionem abiít domo,</l>
<l n="47">ipsús mandavit mi, áb lenone ut fídicina,</l>
<l n="48">quam amábat, emeretúr sibi. id ei ímpetratum réddidi.</l></sp>

<sp><speaker>Th.</speaker>
<l n="49">Vtcúmque in alto ventust, Epidice, exim velum vortitur.</l></sp>

<sp><speaker>Ep.</speaker>
<l part="I" n="50">Vaé misero mihí, male perdidit me.</l></sp>

<sp><speaker>Th.</speaker>
<l part="M" n="50a">Quíd istuc? quidnam est?</l></sp>

<sp><speaker>Ep.</speaker>
<lb ed="actscene" n="55"/><l part="I" n="51">Quid istanc quam emit, quanti eam emit?</l></sp>

<sp><speaker>Th.</speaker>
<l part="M" n="51a">Vili.</l></sp>

<sp><speaker>Ep.</speaker>
<l part="M" n="51b">Haud istuc te rogo.</l></sp>

<sp><speaker>Th.</speaker>
<l part="I" n="52">Quid ígitur?</l></sp>

<sp><speaker>Ep.</speaker>
<l part="M" n="52a">Quot minis?</l></sp>

<sp><speaker>Th.</speaker>
<l part="M" n="52b">Tot: quadraginta minis.</l>
<l n="53">íd adeo argentum ab danista apud Thébas sumpsit faenore,</l>
<l part="I" n="54">in dies minasque argenti singulas nummis.</l></sp>

<sp><speaker>Ep.</speaker>
<l part="M" n="54a">Papae.</l></sp>

<sp><speaker>Th.</speaker>
<l n="55">Ét is danista advenit una cúm eo, qui argentum petit.</l></sp>

<sp><speaker>Ep.</speaker>
<lb ed="actscene" n="60"/><l part="I" n="56">Di immortales, ut ego interii basilice.</l></sp>

<sp><speaker>Th.</speaker>
<l part="M" n="56a">Quid iam? aut quid est,</l>
<l part="I" n="57">Epídice?</l></sp>

<sp><speaker>Ep.</speaker>
<l part="M" n="57a">Perdidit me.</l></sp>

<sp><speaker>Th.</speaker>
<l part="M" n="57b">Quís?</l></sp>

<sp><speaker>Ep.</speaker>
<l part="M" n="57c">Ille qui arma pérdidit.</l></sp>

<sp><speaker>Th.</speaker>
<l part="I" n="58">Nam quíd ita?</l></sp>

<sp><speaker>Ep.</speaker>
<l part="M" n="58a">Quia cottidie ipse ad me ab legione epistulas</l>
<l n="59">mittebat—sed taceam optumum est,</l>
<l n="60">plus scire satiust quam loqui servom hominem. ea sapientia est.</l></sp>

<sp><speaker>Th.</speaker>
<lb ed="actscene" n="65"/><l n="61">Néscio edepol quid tu timidus es, trepidas, Epidice, ita voltum tuom†</l>
<l n="62">videór videre commeruisse hic me absente in te aliquid mali.</l></sp>

<sp><speaker>Ep.</speaker>
<l part="I" n="63">Potin út molestus ne sies?</l></sp>

<sp><speaker>Th.</speaker>
<l part="M" n="63a">Abeo.</l></sp>

<sp><speaker>Ep.</speaker>
<l part="M" n="63b">Asta, abire hinc non sinam.</l></sp>

<sp><speaker>Th.</speaker>
<l part="I" n="64">Quíd nunc me retinés?</l></sp>

<sp><speaker>Ep.</speaker>
<l part="M" n="64a">Amatne ístam quam emit de praeda?</l></sp>

<sp><speaker>Th.</speaker>
<l part="M" n="64b">Rogas?</l>
<l part="I" n="65">deperit.</l></sp>

<sp><speaker>Ep.</speaker>
<l part="M" n="65a">Detegetur corium de tergo meo. †</l></sp>

<sp><speaker>Th.</speaker>
<lb ed="actscene" n="70"/><l part="I" n="66">Plusque amat quam te umquam amavit.</l></sp>

<sp><speaker>Ep.</speaker>
<l part="M" n="66a">Iuppiter te perduit.</l></sp>

<sp><speaker>Th.</speaker>
<l n="67">Mítte nunciam, nam ílle me vetuit domum</l>
<l n="68">venire, ad Chaeribulum iussit huc in proxumum;</l>
<l part="I" n="69">íbi manere iussit, eo venturust ipsus.</l></sp>

<sp><speaker>Ep.</speaker>
<l part="M" n="69a">Quid ita?</l></sp>

<sp><speaker>Th.</speaker>
<l part="M" n="69b">Dicam:</l>
<l n="70">quía patrem prius convenire se non volt neque conspicari,</l>
<lb ed="actscene" n="75"/><l n="71">quám id argentum, quod debetur pro illa, denumeraverit.</l></sp>

<sp><speaker>Ep.</speaker>
<l part="I" n="72">Eú edepol res turbulentas.</l></sp>

<sp><speaker>Th.</speaker>
<l part="M" n="72a">Mitte me ut eam nunciam.</l></sp>

<sp><speaker>Ep.</speaker>
<l n="73">Haécine ubi scibit senex,</l>
<l n="74">púppis pereunda est probe.</l></sp>

<sp><speaker>Th.</speaker>
<l n="75">Quíd istuc ad me attinet,</l>
<lb ed="actscene" n="80"/><l n="76">quó tu intereas modo?</l></sp>

<sp><speaker>Ep.</speaker>
<l n="77">Quía perire solus nolo, te cupio perire mecum,</l>
<l part="I" n="78">benevolens cum benevolente.</l></sp>

<sp><speaker>Th.</speaker>
<l part="M" n="78a">Abi ín malam rem maxumam a me</l>
<l part="I" n="79">cum ístac condicione.</l></sp>

<sp><speaker>Ep.</speaker>
<l part="M" n="79a">I sane, siquidem festinas magis.</l></sp>

<sp><speaker>Th.</speaker>
<l n="80">Numquam hominem quemquam conveni, unde abierim lubentius.—</l></sp>

<sp><speaker>Ep.</speaker>
<lb ed="actscene" n="85"/><l n="81">Illic hinc abiit. solus nunc es. quo in loco haec res sit vides,</l>
<l n="82">Epidice: nisi quid tibi in tete auxili est, absumptus es.</l>
<l n="83">tantae in te impendent ruinae: nisi suffulcis firmiter,</l>
<l n="84">non potes subsistere, itaque in te inruont montes mali.</l>
<l n="85">néque ego nunc quó modo</l>
<lb ed="actscene" n="90"/><l n="86">me éxpeditum ex impedito faciam, consilium placet.</l>
<l n="87">égo miser pérpuli</l>
<l n="88">meís dolis senem, ut censeret suam sese emere filiam:</l>
<l n="89">ís suo fílio</l>
<l n="90">fídicinam emit, quam ipse amat, quam ábiens mandavit mihi.</l>
<lb ed="actscene" n="95"/><l n="91">sí sibi nunc álteram</l>
<l n="91a">áb legione adduxit animi causa, corium perdidi.</l>
<l n="92">nam úbi senex sénserit</l>
<l n="93">síbi data esse verba, virgis dorsum despoliet meum.</l>
<l n="94">át enim tu praecave.</l>
<lb ed="actscene" n="100"/><l n="95">át enim—bat enim, nihil est istuc. plane hoc corruptumst caput.</l>
<l n="96">néquam homo es, Epidice.</l>
<l n="97">quí lubidost male loqui?</l>
<l n="97a">quía tu tete deseris.</l>
<l n="98">quíd faciam? mén rogas?</l>
<lb ed="actscene" n="105"/><l n="99">tu quidem antehac aliis solebas dare consilia mutua.</l>
<l n="100">aliquid aliqua reperiundumst. sed ego cesso ire obviam</l>
<l n="101">adulescenti, ut quid negoti sit sciam. atque ipse illic est.</l>
<l n="102">tristis est. cum Chaeribulo incedit aequali suo.</l>
<l n="103">huc concedam, orationem unde horum placide persequar.</l></sp>
</div>
<div type="textpart" subtype="scene" n="2">

<sp><speaker>Stratippocles</speaker>
<l n="104">Rem tibi sum elocutus omnem, Chaeribule, atque admodum</l>
<l n="105">meorum maerorum atque amorum summam edictavi tibi.</l></sp>

<sp><speaker>Chaeribvlvs</speaker>
<l n="106">Praeter aetatem et virtutem stultus es, Stratippocles.</l>
<l n="107">idne pudet te, quia captivam genere prognatam bono</l>
<lb ed="actscene" n="5"/><l n="108">de praeda es mercatus? quis erit, vitio qui id vortat tibi?</l></sp>

<sp><speaker>Str.</speaker>
<l n="109">Qui invident omnes inimicos mi illoc facto repperi;</l>
<l n="110">at pudicitiae eius numquam nec vim nec vitium attuli.</l></sp>

<sp><speaker>Chaer.</speaker>
<l n="111">Iam istoc probior <del>es</del> meo quidem animo, cúm in amore temperes.</l></sp>

<sp><speaker>Str.</speaker>
<l n="112">Nihil agit qui diffidentem verbis solatur suis;</l>
<lb ed="actscene" n="10"/><l n="113">is est amicus, qui in re dubia re iuvat, ubi rest opus.</l></sp>

<sp><speaker>Chaer.</speaker>
<l part="I" n="114">Quid tibi me vis facere?</l></sp>

<sp><speaker>Str.</speaker>
<l part="M" n="114a">Argenti dare quadraginta minas,</l>
<l n="115">quod danistae detur, unde ego illud sumpsi faenore.</l></sp>

<sp><speaker>Chaer.</speaker>
<l part="I" n="116">Si hercle haberem <gap reason="lost"/> </l></sp>

<sp><speaker>Str.</speaker>
<l part="M" n="116a">Nam quid te igitur retulit</l>
<l n="117">beneficum esse oratione, si ad rem auxilium emortuom est?</l></sp>

<sp><speaker>Chaer.</speaker>
<lb ed="actscene" n="15"/><l n="118">Quin edepol egomet clamore differor, difflagitor.</l></sp>

<sp><speaker>Str.</speaker>
<l n="119">Malim istius modi mihi amicos furno mersos quam foro.</l>
<l n="120">sed operam Epidici nunc me emere pretio pretioso velim.</l>
<l n="121">quem quidem égo hominem irrigatum plagis pistori dabo,</l>
<l n="122">nisi hodie prius comparassit mihi quadraginta minas,</l>
<lb ed="actscene" n="20"/><l n="123">quam argenti fuero elocutus ei postremam syllabam.</l></sp>

<sp><speaker>Ep.</speaker>
<l n="124">Salva res est: bene promittit, spero servabit fidem.</l>
<l n="125">sine meo sumptu paratae iam sunt scapulis symbolae.</l>
<l n="126">aggrediar hominem. advenientem péregre erum <del>suom</del> Stratippoclem</l>
<l part="I" n="127">impertit salute servos Epidicus.</l></sp>

<sp><speaker>Str.</speaker>
<l part="M" n="127a">Vbi is est?</l></sp>

<sp><speaker>Ep.</speaker>
<l part="M" n="127b">Adest.</l>
<lb ed="actscene" n="25"/><l part="I" n="128">salvom huc advenisse—</l></sp>

<sp><speaker>Str.</speaker>
<l part="M" n="128a">Tam tibi istuc credo quam mihi.</l></sp>

<sp><speaker>Ep.</speaker>
<l part="I" n="129">Benene usque valuisti?</l></sp>

<sp><speaker>Str.</speaker>
<l part="M" n="129a">A morbo valui, ab animo aeger fui.</l></sp>

<sp><speaker>Ep.</speaker>
<l n="130">Quod ad me attinuit, ego curavi: quod mandavisti mihi</l>
<l n="131">impetratum est, empta ancilla, quod tute ad me litteras</l>
<l part="I" n="132">missiculabas.</l></sp>

<sp><speaker>Str.</speaker>
<l part="M" n="132a">Perdidisti omnem operam.</l></sp>

<sp><speaker>Ep.</speaker>
<l part="M" n="132b">Nam qui perdidi?</l></sp>

<sp><speaker>Str.</speaker>
<lb ed="actscene" n="30"/><l part="I" n="133">Quia meo neque cara est cordi neque placet.</l></sp>

<sp><speaker>Ep.</speaker>
<l part="M" n="133a">Quid retulit</l>
<l n="134">mihi tanto opere te mandare et mittere ad me epistulas?</l></sp>

<sp><speaker>Str.</speaker>
<l n="135">Illam amabam olím, nunc iam alia cura impendet pectori.</l></sp>

<sp><speaker>Ep.</speaker>
<l n="136">Hercle miserum est ingratum esse hómini id quod facias bene.</l>
<l n="137">ego quod bene feci male feci, quia amor mutavit locum.</l></sp>

<sp><speaker>Str.</speaker>
<lb ed="actscene" n="35"/><l n="138">Desipiebam mentis, cum illa scripta mittebam tibi.</l></sp>

<sp><speaker>Ep.</speaker>
<l n="139">Men piacularem oportet fieri ob stultitiam tuam,</l>
<l n="140">ut meum tergum tuae stultitiae subdas succidaneum?</l></sp>

<sp><speaker>Str.</speaker>
<l n="141">Quid istic? verba facimus. huic homini ópust quadraginta minis</l>
<l n="142">celeriter calidis, danistae quas resolvat, et cito.</l></sp>

<sp><speaker>Ep.</speaker>
<lb ed="actscene" n="40"/><l n="143">Dic modo unde auferre me vis. a quo trápezita peto?</l></sp>

<sp><speaker>Str.</speaker>
<l n="144">Vnde libet. nam ni ante solem occasum elo <gap reason="lost"/> </l>
<l n="145">meam domum ne inbitas: tu te in pistrinum <gap reason="lost"/> </l></sp>

<sp><speaker>Ep.</speaker>
<l n="146">Facile tu istuc sine periclo et cura, corde libero</l>
<l n="147">fabulare; novi ego nostros: mihi dolet cum ego vapulo.</l></sp>

<sp><speaker>Str.</speaker>
<lb ed="actscene" n="45"/><l part="I" n="148">Quid tu nunc? patierin ut ego me interimam?</l></sp>

<sp><speaker>Ep.</speaker>
<l part="M" n="148a">Ne feceris.</l>
<l n="149">ego istuc accedam periclum potius atque audaciam.</l></sp>

<sp><speaker>Str.</speaker>
<l part="I" n="150">Nunc places, nunc ego te laudo.</l></sp>

<sp><speaker>Ep.</speaker>
<l part="M" n="150a">Patiar ego istuc quod lubet.</l></sp>

<sp><speaker>Str.</speaker>
<l part="I" n="151">Quid illa fiet fidicina igitur?</l></sp>

<sp><speaker>Ep.</speaker>
<l part="M" n="151a">Aliqua res reperibitur,</l>
<l part="I" n="152">aliqua ope exsólvar, extricabor aliqua.</l></sp>

<sp><speaker>Str.</speaker>
<l part="M" n="152a">Plenus consili es.</l>
<lb ed="actscene" n="50"/><l part="I" n="153">novi ego te.</l></sp>

<sp><speaker>Ep.</speaker>
<l part="M" n="153a">Est Euboicus miles locuples, multo auro potens,</l>
<l n="154">qui úbi tibi istam emptam esse scibit atque hanc adductam alteram,</l>
<l n="155">continuo te orabit ultro ut illam tramittas sibi.</l>
<l part="I" n="156">sed ubi illa est quam tu adduxisti tecum?</l></sp>

<sp><speaker>Str.</speaker>
<l part="M" n="156a">Iam faxo hic erit.</l></sp>

<sp><speaker>Ch.</speaker>
<l part="I" n="157">Quid hic nunc agimus?</l></sp>

<sp><speaker>St.</speaker>
<l part="M" n="157a">Eamus intro huc ad te, ut hunc hodie diem</l>
<lb ed="actscene" n="55"/><l part="I" n="158">luculentum habeamus.—</l></sp>

<sp><speaker>Ep.</speaker>
<l part="M" n="158a">Ite intro, ego de re argentaria</l>
<l n="159">iam senatum convocabo in corde consiliarium,</l>
<l n="160">quoi potissimum indicatur bellum unde argentum auferam.</l>
<l n="161">Epidice, vide quid agas, ita res subito haec obiectast tibi;</l>
<l n="162">non enim núnc tibi dormitandi neque cunctandi copia est:</l>
<lb ed="actscene" n="60"/><l n="163">adeundumst. senem oppugnare certumst consilium mihi.</l>
<l n="164">i ábi intro atque ádulescenti dic iam nostro erili filio,</l>
<l n="165">ne hinc foras ámbulet neve usquam óbviam veniat seni.—</l></sp>
</div></div>

<div type="textpart" subtype="act" n="2">
<div type="textpart" subtype="scene" n="1">

<sp><speaker>Apoecides</speaker>
<l n="166">Plérique homines, quós cum nil refért pudet,</l>
<l n="167">úbi pudendum est íbi eos deserit pudor,</l>
<l n="168">quom úsus est ut pudeat.</l>
<l n="169">ís adeo tu és. quid est quód pudendúm siet,</l>
<lb ed="actscene" n="5"/><l n="170">génere natám bono paúperem domum</l>
<l n="170a">dúcere te uxorem?</l>
<l n="171">praesértim eam, qua ex tibi cómmemores hanc quaé domist</l>
<l n="172">fíliam prognatam.</l></sp>

<sp><speaker>Periphanes</speaker>
<l part="I" n="173">Révereor filium.</l></sp>

<sp><speaker>Ap.</speaker>
<l part="M" n="173a">At pól ego te crédidi</l>
<lb ed="actscene" n="10"/><l n="174">úxorem, quam tu éxtulistí, pudore éxsequi,</l>
<l n="175">cúius quotiéns sepulcrúm vides, sácruficas</l>
<l n="176">ílico Orco hóstiis, néque adeo iniúria,</l>
<l part="I" n="177">quiá licitumst eam tíbi vivendo vincere.</l></sp>

<sp><speaker>Per.</speaker>
<l part="M" n="177a">Oh,</l>
<l n="178">Hércules égo fui, dum ílla mecúm fuit;</l>
<lb ed="actscene" n="15"/><l n="179">neque séxta aerumna acérbior Herculí, quam illa mihi obiéctast.</l></sp>

<sp><speaker>Ap.</speaker>
<l part="I" n="180">Pulcra édepol dos pecuniast.</l></sp>

<sp><speaker>Per.</speaker>
<l part="M" n="180a">Quae quidem pol non maritast.</l></sp>
</div>
<div type="textpart" subtype="scene" n="2">

<sp><speaker>Epidicvs</speaker>
<l n="181">St, tacéte, habete animúm bonum.</l>
<l n="182">liquido éxeo foras auspício, aví sinistra;</l>
<l n="183">acútum cultrum habeó, senis qui exénterem marsúppium.</l>
<l n="184">sed eccum ípsum ante aedis conspicor Apoecide†</l>
<lb ed="actscene" n="5"/><l n="186">qualis volo vetulos duo.</l>
<l n="187">iam ego mé convortam in hirúdinem atque eorum éxsugebo sánguinem,</l>
<l n="188">senáti qui columén cluent.</l>
<l n="188a"><gap reason="lost"/> </l>
<l part="I" n="189">{(&amp;7Ap&amp;.)} cóntinuo ut maritus fiat.</l></sp>

<sp><speaker>Per.</speaker>
<l part="M" n="189a">Laudo consilium tuom.</l>
<lb ed="actscene" n="10"/><l n="191">nam égo illum audivi in amorem haerere apud néscio quam fidicinam,</l>
<l part="I" n="192">íd ego excrucior.</l></sp>

<sp><speaker>Ep.</speaker>
<l part="M" n="192a">Di hercle omnis me ádiuvant augent amant:</l>
<l n="193">ipsi hí quidem mihi dant viam, quo pacto ab se argentum auferam.</l>
<l n="194">age núnciam orna te, Epidice, et palliolum in collum conice</l>
<l n="195">itaque ádsimulato quasi per urbem totam hominem quaesiveris.</l>
<lb ed="actscene" n="15"/><l n="196">áge, si quid agis. di immortales, utinam conveniam domi</l>
<l n="197">Periphanem, per omnem urbém quem sum defessus quaerere:</l>
<l n="198">per medicinas, per tonstrinas, in gymnasio atque in foro,</l>
<l n="199">per myropolia et lanienas circumque argentarias.</l>
<l n="200">rogitando sum raucus factus, paene in cursu concidi.</l></sp>

<sp><speaker>Per.</speaker>
<lb ed="actscene" n="20"/><l part="I" n="201">Epidice.</l></sp>

<sp><speaker>Ep.</speaker>
<l part="M" n="201a">Epidicum quis est qui revocat?</l></sp>

<sp><speaker>Per.</speaker>
<l part="M" n="201b">Ego sum, Periphanes.</l></sp>

<sp><speaker>Ap.</speaker>
<l part="I" n="202">Et ego Apoecides sum.</l></sp>

<sp><speaker>Ep.</speaker>
<l part="M" n="202a">Et ego quidem sum Epidicus. sed, ere, optuma</l>
<l part="I" n="203">vos video opportunitate ambo advenire.</l></sp>

<sp><speaker>Per.</speaker>
<l part="M" n="203a">Quid rei est?</l></sp>

<sp><speaker>Ep.</speaker>
<l part="I" n="204">Mane <add>dum</add>, sine respirem quaeso.</l></sp>

<sp><speaker>Per.</speaker>
<l part="M" n="204a">Immo adquiesce.</l></sp>

<sp><speaker>Ep.</speaker>
<l part="M" n="204b">Animo malest.</l></sp>

<sp><speaker>A.</speaker>
<l part="I" n="205">Recipe anhelitum.</l></sp>

<sp><speaker>P.</speaker>
<l part="M" n="205a">Clementer, requiesce.</l></sp>

<sp><speaker>E.</speaker>
<l part="M" n="205b">Animum advortite.</l>
<lb ed="actscene" n="25"/><l part="I" n="206">a legione omnes remissi sunt domum Thebis.</l></sp>

<sp><speaker>Ap.</speaker>
<l part="M" n="206a"><add>Quis hoc</add></l>
<l part="I" n="207">dicit factum?</l></sp>

<sp><speaker>E.</speaker>
<l part="M" n="207a">Ego ita factum esse dico.</l></sp>

<sp><speaker>P.</speaker>
<l part="M" n="207b">Scin tu istuc?</l></sp>

<sp><speaker>E.</speaker>
<l part="M" n="207c">Scio.</l></sp>

<sp><speaker>Per.</speaker>
<l part="I" n="208">Qui tu scis?</l></sp>

<sp><speaker>Ep.</speaker>
<l part="M" n="208a">Quia ego ire vidi milites plenis viis;</l>
<l part="I" n="209">arma referunt et iumenta ducunt.</l></sp>

<sp><speaker>Per.</speaker>
<l part="M" n="209a">Nimis factum bene.</l></sp>

<sp><speaker>Ep.</speaker>
<l n="210">Tum captivorum quid ducunt secum! pueros, virgines,</l>
<lb ed="actscene" n="30"/><l n="211">binos, ternos, alius quinque; fit concursus per vias,</l>
<l part="I" n="212">filios suos quisque visunt.</l></sp>

<sp><speaker>Per.</speaker>
<l part="M" n="212a">Hercle rem gestam bene.</l></sp>

<sp><speaker>Ep.</speaker>
<l n="213">Tum meretricum numerus tantus, quantum in urbe omni fuit,</l>
<l n="214">obviam ornatae occurrebant suis quaeque amatoribus,</l>
<l n="215">eos captabant. id adeo qui maxime animum advorterim?</l>
<lb ed="actscene" n="35"/><l n="216">pleraeque eae sub vestimentis secum habebant retia.</l>
<l n="217">quom ad portam venio, átque ego illam ílli video praestolarier</l>
<l part="I" n="218">et cum ea tibicinae ibant quattuor.</l></sp>

<sp><speaker>Per.</speaker>
<l part="M" n="218a">Quicum, Epidice?</l></sp>

<sp><speaker>Ep.</speaker>
<l n="219">Cum illa quam tuos gnatus annos multos deamat, deperit,</l>
<l n="220">ubi fidemque remque seque teque properat perdere;</l>
<lb ed="actscene" n="40"/><l part="I" n="221">ea praestolabatur illum apud pórtam.</l></sp>

<sp><speaker>Per.</speaker>
<l part="M" n="221a">Viden veneficam?</l></sp>

<sp><speaker>Ep.</speaker>
<l n="222">Sed vestita, aurata, ornata ut lepide, ut concinne, ut nove.</l></sp>

<sp><speaker>Per.</speaker>
<l n="223">Quid erat induta? an regillam induculam an mendiculam?</l></sp>

<sp><speaker>Ep.</speaker>
<l n="224">Inpluviatam, ut istaec faciunt vestimentis nomina.</l></sp>

<sp><speaker>Per.</speaker>
<l part="I" n="225">Vtin inpluvium induta fuerit?</l></sp>

<sp><speaker>Ep.</speaker>
<l part="M" n="225a">Quid istuc tam mirabile est?</l>
<lb ed="actscene" n="45"/><l n="226">quasi non fundis exornatae multae incedant per vias.</l>
<l n="227">at tributus quom imperatus est, negant pendi potis:</l>
<l n="228">illis quibus tributus maior penditur, pendi potest.</l>
<l n="229">quid istae, quae vesti quotannis nomina inveniunt nova?</l>
<l n="230">tunicam rallam, tunicam spissam, linteolum caesicium,</l>
<lb ed="actscene" n="50"/><l n="231">indusiatam, patagiatam, caltulam aut crocotulam,</l>
<l n="232">subparum aut subnimium, ricam, basilicum aut exoticum,</l>
<l n="233">cumatile aut plumatile, carinum aut cerinum—gerrae maxumae.</l>
<l part="I" n="234">cani quoque etiam ademptumst nomen.</l></sp>

<sp><speaker>Per.</speaker>
<l part="M" n="234a">Qui?</l></sp>

<sp><speaker>Ep.</speaker>
<l part="M" n="234b">Vocant Laconicum.</l>
<l n="235">haec vocabula auctiones subigunt ut faciant viros.</l></sp>

<sp><speaker>Ap.</speaker>
<lb ed="actscene" n="55"/><l part="I" n="236">Quin tu ut occepisti loquere?</l></sp>

<sp><speaker>Ep.</speaker>
<l part="M" n="236a">Occepere aliae mulieres</l>
<l n="237">duae post me sic fabulari inter sese—égo abscessi sciens</l>
<l n="238">paulum ab illis, dissimulabam earum operam sermoni dare;</l>
<l n="239">nec satis exaudibam, nec sermonis fallebar tamen,</l>
<l part="I" n="240">quae loquerentur.</l></sp>

<sp><speaker>Per.</speaker>
<l part="M" n="240a">Id lubidost scire.</l></sp>

<sp><speaker>Ep.</speaker>
<l part="M" n="240b">Ibi illarum altera</l>
<lb ed="actscene" n="60"/><l part="I" n="241">dixit illi quicum ipsa ibat—(</l></sp>

<sp><speaker>Per.</speaker>
<l part="M" n="241a">Quid?</l></sp>

<sp><speaker>Ep.</speaker>
<l part="M" n="241b">Tace ergo, ut audias)</l>
<l n="242">postquam illam sunt conspicatae, quam tuos gnatus deperit:</l>
<l n="243">“quam facile et quam fortunate évenit illi, obsecro,</l>
<l n="244">mulieri, quam liberare volt amator.”  <q>quisnam is est?</q></l>
<l n="245">inquit altera illi. ibi illa nominat Stratippoclem</l>
<lb ed="actscene" n="65"/><l part="I" n="246">Periphanai filium.</l></sp>

<sp><speaker>Per.</speaker>
<l part="M" n="246a">Perii hercle. quid ego ex te audio?</l></sp>

<sp><speaker>Ep.</speaker>
<l n="247">Hoc quod actum est. egomet postquam id illas audivi loqui,</l>
<l n="248">coepi rursum vorsum ad illas pauxillatim accedere,</l>
<l part="I" n="249">quasi retruderet hominum me vis invitum.</l></sp>

<sp><speaker>Per.</speaker>
<l part="M" n="249a">Intellego.</l></sp>

<sp><speaker>Ep.</speaker>
<l n="250">Ibi illa interrogavit illam: <q>qui scis? quis id dixit tibi?</q></l>
<lb ed="actscene" n="70"/><l n="251">“quin hodie adlatae tabellae sunt ad eam a Stratippocle,</l>
<l n="252">eum argentum sumpsisse apud Thébas ab danista faenore,</l>
<l part="I" n="253">id paratum et sese ob eam rem id ferre.”</l></sp>

<sp><speaker>Per.</speaker>
<l part="M" n="253a">Certo ego occidi.</l></sp>

<sp><speaker>Ep.</speaker>
<l n="254">Haec sic aibat: sic audivisse ex eapse atque epistula.</l></sp>

<sp><speaker>Per.</speaker>
<l n="255">Quid ego nunc faciam? consilium a te expetesso, Apoecides.</l></sp>

<sp><speaker>Ap.</speaker>
<lb ed="actscene" n="75"/><l n="256">Reperiamus aliquid calidi conducibilis consili.</l>
<l part="I" n="257">nam ille quidem aut iam hic aderit, credo hercle, aut iam adest.</l></sp>

<sp><speaker>Ep.</speaker>
<l part="M" n="257a">Si aequom siet</l>
<l n="258">me plus sapere quam vos, dederim vobis consilium catum,</l>
<l part="I" n="259">quod laudetis, ut ego opino, uterque,</l></sp>

<sp><speaker>Per.</speaker>
<l part="M" n="259a">Ergo ubi id est, Epidice?</l></sp>

<sp><speaker>Ep.</speaker>
<l part="I" n="260">Atque ad eam rem conducibile.</l></sp>

<sp><speaker>Ap.</speaker>
<l part="M" n="260a">Quid istuc dubitas dicere?</l></sp>

<sp><speaker>Ep.</speaker>
<lb ed="actscene" n="80"/><l n="261">Vos priores esse oportet, nos posterius dicere,</l>
<l part="I" n="262">qui plus sapitis.</l></sp>

<sp><speaker>Per.</speaker>
<l part="M" n="262a">Eia vero, age díc.</l></sp>

<sp><speaker>Ep.</speaker>
<l part="M" n="262b">At deridebitis.</l></sp>

<sp><speaker>Ap.</speaker>
<l part="I" n="263">Non edepol faciemus.</l></sp>

<sp><speaker>Ep.</speaker>
<l part="M" n="263a">Immo, si placebit, utitor,</l>
<l n="264">consilium si non placebit, reperitote rectius.</l>
<l n="265">mihi istic nec seritur nec metitur, nisi ea quae tu vis volo.</l></sp>

<sp><speaker>Per.</speaker>
<lb ed="actscene" n="85"/><l n="266">Gratiam habeo; fac participes nos tuae sapientiae.</l></sp>

<sp><speaker>Ep.</speaker>
<l n="267">Continuo arbitretur uxor tuo gnato atque ut fidicinam</l>
<l n="268">illam quam is volt liberare, quae illum corrumpit tibi,</l>
<l n="269">ulciscare atque ita curetur, usque ad mortem ut serviat.</l></sp>

<sp><speaker>Ap.</speaker>
<l part="I" n="270">Fieri oportet.</l></sp>

<sp><speaker>Per.</speaker>
<l part="M" n="270a">Facere cupio quidvis, dum id fiat modo.</l></sp>

<sp><speaker>Ep.</speaker>
<l part="M" n="270b">Em,</l>
<lb ed="actscene" n="90"/><l n="271">nunc occasiost faciundi, prius quam in urbem advenerit,</l>
<l part="I" n="272">sicut cras hic aderit, hodie non venit.</l></sp>

<sp><speaker>Per.</speaker>
<l part="M" n="272a">Qui scis?</l></sp>

<sp><speaker>Ep.</speaker>
<l part="M" n="272b">Scio.</l>
<l n="273">quia mihi alius dixit qui illinc venit, mane hic adfore.</l></sp>

<sp><speaker>Per.</speaker>
<l part="I" n="274">Quin tu eloquere, quid faciemus?</l></sp>

<sp><speaker>Ep.</speaker>
<l part="M" n="274a">Sic faciundum censeo</l>
<l n="275">quasi tu cupias liberare fidicinam animi gratia</l>
<lb ed="actscene" n="95"/><l part="I" n="276">quasique ames vehementer tu illam.</l></sp>

<sp><speaker>P.</speaker>
<l part="M" n="276a">Quam ad rem istuc refert?</l></sp>

<sp><speaker>E.</speaker>
<l part="M" n="276b">Rogas?</l>
<l n="277">ut enim praestines argento, prius quam veniat filius,</l>
<l part="I" n="278">atque ut eam te in libertatem dicas emere,</l></sp>

<sp><speaker>Per.</speaker>
<l part="M" n="278a">Intellego.</l></sp>

<sp><speaker>Ep.</speaker>
<l n="279">Vbi erit empta, ut aliquo ex urbe amoveas; nisi quid est tua</l>
<l part="I" n="280">secus sententia.</l></sp>

<sp><speaker>Per.</speaker>
<l part="M" n="280a">Immo docte.</l></sp>

<sp><speaker>Ep.</speaker>
<l part="M" n="280b">Quid tua autem, Apoecides?</l></sp>

<sp><speaker>Ap.</speaker>
<lb ed="actscene" n="100"/><l n="281">Quid ego iam nisi te commentum nimis astute intellego?</l></sp>

<sp><speaker>Ep.</speaker>
<l n="282">Iam <add>simul</add> igitur amota ei erit omnis consultatio</l>
<l part="I" n="283">nuptiarum, ne gravetur quod velis.</l></sp>

<sp><speaker>Per.</speaker>
<l part="M" n="283a">Vive sapis,</l>
<l part="I" n="284">et placet.</l></sp>

<sp><speaker>Ep.</speaker>
	<l part="M" n="284a">Tum tu igitur calide quidquid <choice><expan><abbr>acturu's</abbr><ex>acturus es</ex></expan></choice> age.</l></sp>

<sp><speaker>Per.</speaker>
<l part="I" n="285">Rem hercle loquere.</l></sp>

<sp><speaker>Ep.</speaker>
<l part="M" n="285a">Et repperi, haec te qui abscedat suspicio.</l></sp>

<sp><speaker>Per.</speaker>
<lb ed="actscene" n="105"/><l part="I" n="286">Sine me scire.</l></sp>

<sp><speaker>Ep.</speaker>
<l part="M" n="286a">Scibis, audi.</l></sp>

<sp><speaker>Ap.</speaker>
<l part="M" n="286b">Sapit hic pleno pectore.</l></sp>

<sp><speaker>Ep.</speaker>
<l n="287">Opus est homine qui illo argentum deferat pro fidicina;</l>
<l part="I" n="288">nam te nolo neque opus factost.</l></sp>

<sp><speaker>Per.</speaker>
<l part="M" n="288a">Quid iam?</l></sp>

<sp><speaker>Ep.</speaker>
<l part="M" n="288b">Ne te censeat</l>
<l part="I" n="289">fili causa facere,</l></sp>

<sp><speaker>Per.</speaker>
<l part="M" n="289a">Docte.</l></sp>

<sp><speaker>Ep.</speaker>
<l part="M" n="289b">Quo illum ab illa prohibeas:</l>
<l n="290">ne qua ob eam suspicionem difficultas evenat.</l></sp>

<sp><speaker>Per.</speaker>
<lb ed="actscene" n="110"/><l part="I" n="291">Quém hominem inveniemus ad eam rem utilem?</l></sp>

<sp><speaker>Ep.</speaker>
<l part="M" n="291a">Hic erit optimus,</l>
<l n="292">hic poterit cavere recte, iura qui et leges tenet.</l></sp>

<sp><speaker>Per.</speaker>
<l part="I" n="293">Epidico habeas gratiam.</l></sp>

<sp><speaker>Ep.</speaker>
<l part="M" n="293a">Sed ego istuc faciam sedulo:</l>
<l n="294">ego illum conveniam atque adducam hunc ad eum quoiast fidicina,</l>
<l part="I" n="295">atque argentum ego cum hoc feram.</l></sp>

<sp><speaker>P.</speaker>
<l part="M" n="295a">Quanti émi potest minimo?</l></sp>

<sp><speaker>Ep.</speaker>
<l part="M" n="295b">Illane?</l>
<lb ed="actscene" n="115"/><l n="296">ad quadraginta fortasse eam posse emi minimo minis.</l>
<l n="297">verum si plus dederis, referam, nihil in ea re captiost.</l>
<l n="298">atque id non decem occupatum tibi erit argentum dies.</l></sp>

<sp><speaker>Per.</speaker>
<l part="I" n="299">Quidum?</l></sp>

<sp><speaker>Ep.</speaker>
<l part="M" n="299a">Quia enim mulierem alius illam adulescens deperit,</l>
<l n="300">auro opulentus, magnus miles Rhodius, raptor hostium,</l>
<lb ed="actscene" n="120"/><l n="301">gloriosus: is emet illam de te et dabit aurum lubens.</l>
<l part="I" n="302">face modo, est lucrum hic tibi amplum.</l></sp>

<sp><speaker>P.</speaker>
<l part="M" n="302a">Deos quidem oro.</l></sp>

<sp><speaker>E.</speaker>
<l part="M" n="302b">Impetras.</l></sp>

<sp><speaker>Ap.</speaker>
<l n="303">Quin tu is intro atque huic argentum promis? ego visam ad forum.</l>
<l part="I" n="304">Epidice, eo veni.</l></sp>

<sp><speaker>Ep.</speaker>
<l part="M" n="304a">Ne abitas prius quam ego ad te venero.</l></sp>

<sp><speaker>A.</speaker>
<l part="I" n="305">Vsque opperiar.—</l></sp>

<sp><speaker>P.</speaker>
<l part="M" n="305a">Sequere tu intro.—</l></sp>

<sp><speaker>E.</speaker>
<l part="M" n="305b">I, numera, nil ego te moror.</l></sp>
</div>
<div type="textpart" subtype="scene" n="3">
<l n="306">nullum esse opinor ego agrum in agro Attico</l>
<l n="307">aeque feracem quám hic est noster Periphanes:</l>
<l n="308">quin ex occluso atque obsignato armario</l>
<l n="309">decutio argenti tantum quantum mihi lubet.</l>
<lb ed="actscene" n="5"/><l n="310">quod pol ego metuo si senex resciverit,</l>
<l n="311">ne ulmos parasitos faciat, quae usque attondeant.</l>
<l n="312">sed me una turbat res ratioque, Apoecidi</l>
<l n="313">quam ostendam fidicinam aliquam conducticiam.</l>
<l n="314">atque id quoque habeo: mane me iussit senex</l>
<lb ed="actscene" n="10"/><l n="315">conducere aliquam fidicinam sibi huc domum,</l>
<l n="316"><add>quae</add>, dum rem dinam faceret, cantaret sibi;</l>
<l n="317">ea conducetur atque ei praemonstrabitur</l>
<l n="318">quo pacto fiat subdola adversus senem.</l>
<l n="319">ibo intro, argentum accipiam ab damnoso sene.—</l>
</div></div>

<div type="textpart" subtype="act" n="3">
<div type="textpart" subtype="scene" n="1">

<sp><speaker>Stratippocles</speaker>
<l n="320">Expectando éxedor míser atque exénteror,</l>
<l n="321">quó modo mi Épidici blánda dicta évenant.</l>
<l n="322">nímis diu máceror: sítne quid nécne sit,</l>
<l part="I" n="323">scíre cupió.</l></sp>

<sp><speaker>Chaeribvlvs</speaker>
<l part="M" n="323a">Per illám tibi cópiam</l>
<lb ed="actscene" n="5"/><l n="324">copíam parare aliám licet: scivi équidem in principio ilico</l>
<l part="I" n="325">nullám tibi esse ín illo copiam.</l></sp>

<sp><speaker>Str.</speaker>
<l part="M" n="325a">Interii hércle ego.</l></sp>

<sp><speaker>Chaer.</speaker>
<l n="326">Ábsurde facis qui ángas te animi; si hércle ego illum semel préndero,</l>
<l n="327">númquam inridére nos íllum inultúm sinam servom hominem.</l></sp>

<sp><speaker>Chaer.</speaker>
<l n="328">Quíd illum facere vís, qui, tibi quoi dívitiae domi máxumae sunt,</l>
<lb ed="actscene" n="10"/><l n="329">is númmum nullum habés neque sodáli tuo in te cópiast.</l></sp>

<sp><speaker>Chaer.</speaker>
<l n="331">Si hercle hábeam, polliceár lubens, verum áliquid aliqua aliquó modo</l>
<l n="332">alicúnde ab alíqui aliqua tíbi spes est fore méliorem fortúnam.</l></sp>

<sp><speaker>Str.</speaker>
<l part="I" n="333">Vaé tibi, muricide homo.</l></sp>

<sp><speaker>Chaer.</speaker>
<l part="M" n="333a">Qui tibi lubet mihi male loqui?</l></sp>

<sp><speaker>Str.</speaker>
<l n="334">Quippe tú mi aliquíd aliquo modo alicunde ab aliquibus blatis</l>
<lb ed="actscene" n="15"/><l n="335">quod nusquamst neque ego id inmitto in aures meas</l>
<l n="336">nec míhi plus adiuménti †ades, quam ille quí numquam etiam nátust.</l></sp>
</div>
<div type="textpart" subtype="scene" n="2">

<sp><speaker>Epidicvs</speaker>
<l n="337">Fecísti iam officium tuom, me meum nunc facere oportet.</l>
<l n="338">per hanc cúram quieto tibi licet esse—hoc quidem iam periit:</l>
<l n="339">ne quid tibi hinc in spem referas, oppido hoc pollinctum est;</l>
<l n="340">crede modo mihi: sic ego ago, sic egerunt nostri.</l>
<lb ed="actscene" n="5"/><l n="341">pro di immortales, mihi hunc diem dedistis luculentum,</l>
<l n="342">ut facilem atque impetrabilem! sed ego hinc migrare cesso,</l>
<l n="343">ut importem in coloniam hunc <add>meo</add> auspicio commeatum?</l>
<l n="344">mihi cesso, cum sto. sed quid hoc? ante aedis duo sodales,</l>
<l n="345">erum et Chaéribulum, conspicor. quid hic ágitis? accipe hoc sis.</l></sp>

<sp><speaker>Str.</speaker>
<lb ed="actscene" n="10"/><l part="I" n="346">Quantum hic inest?</l></sp>

<sp><speaker>Ep.</speaker>
<l part="M" n="346a">Quantum sat est, et plus satis: superfit.</l>
<l n="347">decem minis plus attuli quam tu danistae debes.</l>
<l n="348">dum tibi ego placeam atque obsequar, meum térgum flocci facio.</l></sp>

<sp><speaker>Str.</speaker>
<l part="I" n="349">Nam quid ita?</l></sp>

<sp><speaker>Ep.</speaker>
<l part="M" n="349a">Quia ego tuom patrem faciam parenticidam.</l></sp>

<sp><speaker>Str.</speaker>
<l part="I" n="350">Quid istúc est verbi?</l></sp>

<sp><speaker>Ep.</speaker>
<l part="M" n="350a">Nil moror vetera et volgata verba;</l>
<lb ed="actscene" n="15"/><l n="351">peratum ductarent: ego follitum ductitabo.</l>
<l n="352">nam leno omne argentum abstulit pro fidicina (ego resolvi,</l>
<l n="353">manibus his denúmeravi) pater suam natam quam esse credit;</l>
<l n="354">nunc iterum ut fallatur pater tibique auxilium apparetur</l>
<l n="355">inveni: nam ita suasi seni atque hanc habui orationem</l>
<lb ed="actscene" n="20"/><l n="355a"><gap reason="lost"/> </l>
<l part="I" n="356">ut cum rediisses ne tibi eius copia esset.</l></sp>

<sp><speaker>Str.</speaker>
<l part="M" n="356a">Euge.</l>
<l n="356b"><gap reason="lost"/> </l>
<l part="I" n="357">{(&amp;7Ep&amp;.)} ea iam domist pro filia.</l></sp>

<sp><speaker>Str.</speaker>
<l part="M" n="357a"><add>Iam</add> teneo.</l></sp>

<sp><speaker>Ep.</speaker>
<l part="M" n="357b">Nunc cautorem</l>
<l n="358">dedit mihi ad hanc rem Apoecidem, is ápud forum manet me,</l>
<lb ed="actscene" n="25"/><l part="I" n="359"><del>quasique amaret</del> caveat.</l></sp>

<sp><speaker>Str.</speaker>
<l part="M" n="359a">Haud male.</l></sp>

<sp><speaker>Ep.</speaker>
<l part="M" n="359b">Iam ípse cautor captust.</l>
<l n="360">ipse in meo cóllo tuos pater cruminam collocavit;</l>
<l n="361">is adornat, adveniens domi extemplo ut maritus fias.</l></sp>

<sp><speaker>Str.</speaker>
<l n="362">Vno persuadebit modo, si illam, quae adducta est mecum,</l>
<l part="I" n="363">mi adempsit Orcus.</l></sp>

<sp><speaker>Ep.</speaker>
<l part="M" n="363a">Nunc ego hanc astutiam institui.</l>
<lb ed="actscene" n="30"/><l n="364">deveniam ad lenonem domum egomet solus, eum ego docebo,</l>
<l n="365">si quid ad eum adveniam, ut sibi essé datum argentum dicat</l>
<l n="366">pro fidicina, argenti minas se habere quinquaginta</l>
<l n="367">(quippe ego qui nudiustertius meis manibus denumeravi</l>
<l n="368">pro illa tua amica, quam pater suam filiam esse retur):</l>
<lb ed="actscene" n="35"/><l n="369">ibi leno sceleratum caput suom imprudens alligabit,</l>
<l n="370">quasi pro illa argentum acceperit, quae tecum adducta nunc est.</l></sp>

<sp><speaker>Chaer.</speaker>
<l part="I" n="371">Vorsutior es quam rota figularis.</l></sp>

<sp><speaker>Ep.</speaker>
<l part="M" n="371a">Iam ego parabo</l>
<l n="372">aliquam dolosam fidicinam, nummo conducta quae sit,</l>
<l n="373">quae se emptam simulet, quae senes duo dócte ludificetur.</l>
<lb ed="actscene" n="40"/><l part="I" n="374">eam ducet simul Apoecides ad tuom patrem.</l></sp>

<sp><speaker>Str.</speaker>
<l part="M" n="374a">Vt parate.</l></sp>

<sp><speaker>Ep.</speaker>
<l n="375">Eam pérmeditatam, meis dolis astutiisque onustam</l>
<l n="376">mittam. sed nimis longum loquor, diu me éstis demorati.</l>
<l part="I" n="377">haec scitis iam ut futura sint. abeo.—</l></sp>

<sp><speaker>Str.</speaker>
<l part="M" n="377a">Bene ambulato.</l></sp>

<sp><speaker>Chaer.</speaker>
<l part="I" n="378">Nimis dóctus ille <add>est</add> ad male faciendum.</l></sp>

<sp><speaker>Str.</speaker>
<l part="M" n="378a">Me equidem certo</l>
<lb ed="actscene" n="45"/><l part="I" n="379">servavit consiliis suis.</l></sp>

<sp><speaker>Chaer.</speaker>
<l part="M" n="379a">Abeamus intro hinc ad me.</l></sp>

<sp><speaker>Str.</speaker>
<l n="380">Atque aliquantó lubentius quam abs te sum egressus intus;</l>
<l n="381">virtute atque auspicio Epidici cum praeda in castra redeo.—</l></sp>
</div>
<div type="textpart" subtype="scene" n="3">

<sp><speaker>Periphanes</speaker>
<l n="382">Non oris causa modo homines aequom fuit</l>
<l n="383">sibi habere speculum, ubi os contemplarent suom,</l>
<l n="384">sed qui perspicere possent cor sapientiae,</l>
<l n="385"><del>igitur perspicere ut possent cordis copiam</del></l>
<lb ed="actscene" n="5"/><l n="386">ubi id inspexissent, cogitarent postea,</l>
<l n="387">vitam ut vixissent olim in adulescentia.</l>
<l n="388">vel ego, qui dudum fili causa coeperam</l>
<l n="389">ego med excruciare animi, quasi quid filius</l>
<l n="390">meus déliquisset me erga aut quasi non plurima</l>
<lb ed="actscene" n="10"/><l n="391">male facta mea essent solida in adulescentia.</l>
<l n="392">profecto deliramus interdum senes.</l>
<l n="393"><del>fuit conducibile hoc quidem mea sententia.</del></l>
<l n="394">sed meus sodalis it cum praeda Apoecides.</l>
<l n="395">venire salvom mercatorem gaudeo.</l>
<lb ed="actscene" n="15"/><l part="I" n="396">quid fit?</l></sp>

<sp><speaker>Apoecides</speaker>
<l part="M" n="396a">Di deaeque te adiuvant.</l></sp>

<sp><speaker>Per.</speaker>
<l part="M" n="396b">Omen placet.</l></sp>

<sp><speaker>Ap.</speaker>
<l n="397">Quin omini omnes suppetunt res prospere.</l>
<l part="I" n="398">sed tu hanc iubé sis intro abduci.</l></sp>

<sp><speaker>Per.</speaker>
<l part="M" n="398a">Heus, foras</l>
<l n="399">exite huc aliquis. duce istam intro mulierem.</l>
<l part="I" n="400">atque audin?</l></sp>

<sp><speaker>Servvs</speaker>
<l part="M" n="400a">Quid vis?</l></sp>

<sp><speaker>Per.</speaker>
<l part="M" n="400b">Cave siris cum filia</l>
<lb ed="actscene" n="20"/><l n="401">mea cópulari hanc neque conspicere. iam tenes?</l>
<l n="402">in aediculam istanc sorsum concludi volo.</l>
<l n="403">divortunt mores virgini longe ac lupae.</l></sp>

<sp><speaker>Ap.</speaker>
<l n="404">Docte et sapienter dicis. † num nimis potest</l>
<l n="405">pudicitiam quisquam suae servare filiae.</l>
<lb ed="actscene" n="25"/><l n="406">edepol ne ístam temperi gnato tuo</l>
<l part="I" n="407">sumus praémercati.</l></sp>

<sp><speaker>Per.</speaker>
<l part="M" n="407a">Quid iam?</l></sp>

<sp><speaker>Ap.</speaker>
<l part="M" n="407b">Quia dixit mihi</l>
<l n="408">iam dudum se alius tuom vidisse hic filium:</l>
<l part="I" n="409">hanc edepol rem apparabat.</l></sp>

<sp><speaker>Per.</speaker>
<l part="M" n="409a">Planum hercle hoc quidem est.</l></sp>

<sp><speaker>Ap.</speaker>
<l n="410">Ne tú habes servom graphicum et quantivis preti,</l>
<lb ed="actscene" n="30"/><l n="411">non carust auro contra. ut ille fidicinam</l>
<l n="412">fecit <add>sese ut</add> nesciret esse emptam tibi!</l>
<l n="413">ita ridibundam atque hilaram huc adduxit simul.</l></sp>

<sp><speaker>Per.</speaker>
<l part="I" n="414">Mirum hoc qui potuit fieri.</l></sp>

<sp><speaker>Ap.</speaker>
<l part="M" n="414a">Te pro filio</l>
<l n="415">facturum dixit rem esse divinam domi,</l>
<lb ed="actscene" n="35"/><l part="I" n="416">quia Thebis salvos redierit.</l></sp>

<sp><speaker>Per.</speaker>
<l part="M" n="416a">Rectam institit.</l></sp>

<sp><speaker>Ap.</speaker>
<l n="417">Immo ipsus illi dixit conductam esse eam,</l>
<l n="418">quae hic administráret ad rem divinam tibi.</l>
<l n="419"><del>facturum hoc dixit rem esse divinam tibi domi</del></l>
<l n="420">ego illic me autem sic assimulabam: quasi</l>
<lb ed="actscene" n="40"/><l part="I" n="421">stolidum, combardum me faciebam.</l></sp>

<sp><speaker>Per.</speaker>
<l part="M" n="421a">Em istuc decet.</l></sp>

<sp><speaker>Ap.</speaker>
<l n="422">Res magna amici apud forum agitur, ei volo</l>
<l part="I" n="423">ire advocatus.</l></sp>

<sp><speaker>Per.</speaker>
<l part="M" n="423a">At quaeso, ubi erit otium,</l>
<l part="I" n="424">revortere ad me extemplo.</l></sp>

<sp><speaker>Ap.</speaker>
<l part="M" n="424a">Continuo hic ero.—</l></sp>

<sp><speaker>Per.</speaker>
<l n="425">Nihil homini amicost opportuno amicius:</l>
<lb ed="actscene" n="45"/><l n="426">sine tuo labore quod velis actumst tamen.</l>
<l n="427">ego si allegavissem aliquem ad hoc negotium</l>
<l n="428">minus hominem doctum minusque ad hanc rem callidum,</l>
<l n="429">os sublitum esset, itaque me albis dentibus</l>
<l n="430">meus dérideret filius meritissumo.</l>
<lb ed="actscene" n="50"/><l n="435">sed quis hic est quém <add>ego</add> huc advenientem conspicor,</l>
<l n="436">suam qui undantem chlamydem quassando facit?</l></sp>
</div>
<div type="textpart" subtype="scene" n="4">

<sp><speaker>Miles</speaker>
<l n="437">Cave praéterbitas ullas aedis, quin roges,</l>
<l n="438">senex híc ubi habitat Periphanes Platenius.</l>
<l n="439">incertus tuom cave ad me rettuleris pedem.</l></sp>

<sp><speaker>Per.</speaker>
<l n="440">Adulescens, si istunc hominem, quem tu quaeritas,</l>
<lb ed="actscene" n="5"/><l n="441">tibi commonstrasso, ecquam abs te inibo gratiam?</l></sp>

<sp><speaker>Mil.</speaker>
<l n="442">Virtute belli armatus promerui, ut mihi</l>
<l n="443">omnis mortalis agere deceat gratias.</l></sp>

<sp><speaker>Per.</speaker>
<l n="444">Non repperisti, adulescens, tranquillum locum,</l>
<l n="445">ubi tuas virtutes explices, ut postulas.</l>
<lb ed="actscene" n="10"/><l n="446">nam strenuiori deterior si praedicat</l>
<l n="447">suas pugnas, de illius illae fiunt sordidae.</l>
<l n="448">sed istúm quem quaeris Periphanem Platenium,</l>
<l part="I" n="449">ego sum, si quid vis.</l></sp>

<sp><speaker>Mil.</speaker>
<l part="M" n="449a">Nempe quem in adulescentia</l>
<l n="450">memorant apud réges armis, arte duellica</l>
<lb ed="actscene" n="15"/><l part="I" n="451">divitias magnas indeptum?</l></sp>

<sp><speaker>Per.</speaker>
<l part="M" n="451a">Immo si audias</l>
<l n="452">meas púgnas, fugias manibus dimissis domum.</l></sp>

<sp><speaker>Mil.</speaker>
<l n="453">Pol égo magis unum quaero, meas cui praedicem,</l>
<l part="I" n="454">quam illum qui memoret suas mihi.</l></sp>

<sp><speaker>Per.</speaker>
<l part="M" n="454a">Hic non est locus;</l>
<l n="455">proin tu alium quaeras cui centones sarcias.</l>
<lb ed="actscene" n="20"/><l n="431">atque haec stultitiast me illi vitio vortere</l>
<l n="432">egomet quod factitavi in adulescentia,</l>
<l n="433">cum militabam: pugnis memorandis meis</l>
<l n="434">eradicabam hominum auris, quando occeperam.</l></sp>

<sp><speaker>Mil.</speaker>
<l n="456">Animum advorte, ut quod ego ad te advenio intellegas.</l>
<lb ed="actscene" n="25"/><l part="I" n="457">meam amicam audivi te esse mercatum.</l></sp>

<sp><speaker>Per.</speaker>
<l part="M" n="457a">Attatae,</l>
<l n="458">nunc demum scio ego hunc qui sit: quem dudum Epidicus</l>
<l n="459">mihi praedicavit militem. adulescens, itast</l>
<l part="I" n="460">ut dicis, emi.</l></sp>

<sp><speaker>Mil.</speaker>
<l part="M" n="460a">Volo te verbis pauculis,</l>
<l part="I" n="461">si tibi molestum non est.</l></sp>

<sp><speaker>Per.</speaker>
<l part="M" n="461a">Non edepol scio,</l>
<lb ed="actscene" n="30"/><l n="462">molestum necne sit, nisi dicis quid velis.</l></sp>

<sp><speaker>Mil.</speaker>
<l n="463">Mi illam ut tramittas, argentum accipias: adest.</l>
<l n="464">nam quid ego apud te vera parcam proloqui?</l>
<l n="465">ego illám volo hodie facere libertam meam,</l>
<l part="I" n="466">mihi concubina quae sit.</l></sp>

<sp><speaker>Per.</speaker>
<l part="M" n="466a">Te absolvam brevi:</l>
<lb ed="actscene" n="35"/><l n="467">argenti quinquaginta mi illa empta est minis;</l>
<l n="468">si sexaginta mihi denumerantur minae,</l>
<l n="469">tuas póssidebit mulier faxo ferias;</l>
<l n="470">atque ita profecto, ut eam ex hoc exoneres agro.</l></sp>

<sp><speaker>Mil.</speaker>
<l part="I" n="471">Estne empta mi istis legibus?</l></sp>

<sp><speaker>Per.</speaker>
<l part="M" n="471a">Habeas licet.</l></sp>

<sp><speaker>Mil.</speaker>
<lb ed="actscene" n="40"/><l part="I" n="472">Conciliavisti pulchre.</l></sp>

<sp><speaker>Per.</speaker>
<l part="M" n="472a">Heus, fóras educite</l>
<l n="473">quam introduxistis fidicinam. atque etiam fides,</l>
<l n="474">ei quae accessere, tibi addam dono gratiis.</l>
<l part="I" n="475">age accipe hanc sis.</l></sp>

<sp><speaker>Mil.</speaker>
<l part="M" n="475a">Quae te intemperiae tenent?</l>
<l n="476">quas tu mihi tenebras trudis? quin tu fidicinam</l>
<lb ed="actscene" n="45"/><l part="I" n="477">produci íntus iubes.</l></sp>

<sp><speaker>Per.</speaker>
<l part="M" n="477a">Haec ergo est fidicina.</l>
<l part="I" n="478">hic alia nullast.</l></sp>

<sp><speaker>Mil.</speaker>
<l part="M" n="478a">Non mihi nugari potes.</l>
<l n="479">quin tu huc producis fidicinam Acropolistidem?</l></sp>

<sp><speaker>Per.</speaker>
<l part="I" n="480">Haec inquamst.</l></sp>

<sp><speaker>Mil.</speaker>
<l part="M" n="480a">Non haec inquamst. non novisse me</l>
<l part="I" n="481">meam rere amicam posse?</l></sp>

<sp><speaker>Per.</speaker>
<l part="M" n="481a">Hanc, inquam, filius</l>
<lb ed="actscene" n="50"/><l part="I" n="482">meus deperibat fidicinam.</l></sp>

<sp><speaker>Mil.</speaker>
<l part="M" n="482a">Haec non est ea.</l></sp>

<sp><speaker>P.</speaker>
<l part="I" n="483">Quid? non est?</l></sp>

<sp><speaker>M.</speaker>
<l part="M" n="483a">Non est.</l></sp>

<sp><speaker>P.</speaker>
<l part="M" n="483b">Vnde haec igitur gentiumst?</l>
<l part="I" n="484">equidem hercle argentum pro hac dedi.</l></sp>

<sp><speaker>Mil.</speaker>
<l part="M" n="484a">Stulte datum</l>
<l part="I" n="485">reor et peccatum largiter.</l></sp>

<sp><speaker>Per.</speaker>
<l part="M" n="485a">Immo haec east.</l>
<l n="486">nam servom misi, qui illum sectari solet</l>
<lb ed="actscene" n="55"/><l n="487">meum gnátum: is ipse hanc destinavit fidicinam.</l></sp>

<sp><speaker>Mil.</speaker>
<l n="488">Em istíc homo te articulatim concidit, senex,</l>
<l part="I" n="489">tuos servos.</l></sp>

<sp><speaker>Per.</speaker>
<l part="M" n="489a">Quid? concidit?</l></sp>

<sp><speaker>Mil.</speaker>
<l part="M" n="489b">Sic suspiciost,</l>
<l n="490">nam pro fidicina haec cerva supposita est tibi.</l>
<l n="491">senex, tibi os est sublitum plane et probe.</l>
<lb ed="actscene" n="60"/><l part="I" n="492">ego illám requiram iam ubi ubi est.—</l></sp>

<sp><speaker>Per.</speaker>
<l part="M" n="492a">Bellator, vale.</l>
<l n="493">euge, euge, Epidice, frugi es, pugnavisti, homo es,</l>
<l n="494">qui me emunxisti mucidum, minimi preti.</l>
<l n="495">mercatus te hodie est de lenone Apoecides?</l></sp>

<sp><speaker>Fidicina</speaker>
<l n="496">Fando ego istunc hominem numquam audivi ante hunc diem,</l>
<lb ed="actscene" n="65"/><l n="497">neque me quidem emere quisquam ulla pecunia</l>
<l n="498">potuit: plus iam sum libera quinquennium.</l></sp>

<sp><speaker>Per.</speaker>
<l part="I" n="499">Quid tibi negotist meae domi igitur?</l></sp>

<sp><speaker>Fid.</speaker>
<l part="M" n="499a">Audies.</l>
<l n="500">conducta veni, ut fidibus cantarem seni,</l>
<l part="I" n="501">dum rem divinam faceret.</l></sp>

<sp><speaker>Per.</speaker>
<l part="M" n="501a">Fateor me omnium</l>
<lb ed="actscene" n="70"/><l n="502">hominum esse Athenis Atticis minimi preti.</l>
<l n="503">sed tu novistin fidicinam Acropolistidem?</l></sp>

<sp><speaker>F.</speaker>
<l part="I" n="504">Tam facile quam me.</l></sp>

<sp><speaker>P.</speaker>
<l part="M" n="504a">Vbi habitat?</l></sp>

<sp><speaker>F.</speaker>
<l part="M" n="504b">Postquam liberast</l>
<l n="505">ubi habitet dicere admodum incerte scio.</l></sp>

<sp><speaker>Pe.</speaker>
<l n="506">Eho an libera illa est? quis eam liberaverit,</l>
<lb ed="actscene" n="75"/><l part="I" n="507">volo scíre, si scis.</l></sp>

<sp><speaker>Fid.</speaker>
<l part="M" n="507a">Id quod audivi audies.</l>
<l n="508">Stratippoclem aiunt Periphanai filium</l>
<l n="509">absentem curavisse ut fieret libera.</l></sp>

<sp><speaker>Per.</speaker>
<l n="510">Perii hercle, si istaec vera sunt; planissume</l>
<l n="511">meum exenteravit Epidicus marsuppium.</l></sp>

<sp><speaker>Fid.</speaker>
<lb ed="actscene" n="80"/><l n="512">Haec sic audivi. numquid me vis ceterum?</l></sp>

<sp><speaker>Per.</speaker>
<l n="513">Malo cruciatu ut pereas atque abeas cito.</l></sp>

<sp><speaker>Fid.</speaker>
<l part="I" n="514">Fides non reddis?</l></sp>

<sp><speaker>Per.</speaker>
<l part="M" n="514a">Neque fides neque tibias.</l>
<l part="I" n="515">propera igitur fugere hinc, si te di amant.</l></sp>

<sp><speaker>Fid.</speaker>
<l part="M" n="515a">Abiero.</l>
<l n="516">flagitio cum maiore post reddes tamen.—</l></sp>

<sp><speaker>Per.</speaker>
<lb ed="actscene" n="85"/><l n="517">Quid nunc? qui in tantis positus sum sententiis, †</l>
<l n="518"><del>eamne egó sinam impune? immo etiam si alterum</del></l>
<l n="519"><del>tantum perdundumst, perdam potius quam sinam</del></l>
<l n="520"><del>me impune irrisum esse, habitum depeculatui</del></l>
<l n="521">ei sic data esse verba praesenti palam!</l>
<lb ed="actscene" n="90"/><l n="522">atque mé minoris facio prae illo, qui omnium</l>
<l n="523">legum atque iurum fictor, conditor cluet;</l>
<l n="524">is etiam sese sapere memorat: malleum</l>
<l n="525">sapientiorem vidi excusso manubrio.</l></sp>
</div></div>

<div type="textpart" subtype="act" n="4">
<div type="textpart" subtype="scene" n="1">

<sp><speaker>Philippa</speaker>
<l n="526">Sí quid est homini míseriarum quód miserescat, míser ex animost.</l>
<l n="527">íd ego expérior, cui múlta in unúm locum</l>
<l n="528">cónfluont, quaé meum péctus pulsánt simul:</l>
<l n="529">multiplex aerumna me exercitam habet,</l>
<lb ed="actscene" n="5"/><l n="530">paupértas, pavór territát mentem ánimi,</l>
<l n="531">neque úbi meas spes cóllocem habeo úsquam munitúm locum.</l>
<l n="532">ita gnáta mea hostiumst potita, neque ea nunc ubi sit scio.</l></sp>

<sp><speaker>Per.</speaker>
<l n="533">Quis illaec est mulier, timido pectore peregre adveniens</l>
<l part="I" n="534">quae ipsa se miseratur?</l></sp>

<sp><speaker>Phil.</speaker>
<l part="M" n="534a">In his dictust locis habitare mihi</l>
<lb ed="actscene" n="10"/><l part="I" n="535">Periphanes.</l></sp>

<sp><speaker>Per.</speaker>
<l part="M" n="535a">Me nominat haec; credo ego illi hospitio usus venit.</l></sp>

<sp><speaker>Phil.</speaker>
<l n="536">Pervelim mercedem dare, qui monstret eum mihi hominem aut ubi habitet.</l></sp>

<sp><speaker>Per.</speaker>
<l n="537">Noscito ego hanc, nam videor nescio ubi mi vidisse prius.</l>
<l n="538">éstne ea an nón east quam animus retur meus?</l></sp>

<sp><speaker>Phil.</speaker>
<l n="539">Di boni, visitavi <gap reason="lost"/> antidhac?</l></sp>

<sp><speaker>Per.</speaker>
<lb ed="actscene" n="15"/><l n="540">Certo eást <gap reason="lost"/> quam in Épidauro paupérculam memini cómprimere.</l></sp>

<sp><speaker>Phil.</speaker>
<l n="541">Plane hícine est, qui mihi in Épidauro primús pudicitiam pépulit.</l></sp>

<sp><speaker>Per.</speaker>
<l n="542">Quaé meo compréssu peperit fíliam quam dómi nunc habeo.</l>
<l part="I" n="543">quíd si adeam—</l></sp>

<sp><speaker>Phil.</speaker>
<l part="M" n="543a">Hau scio án congrediar—</l></sp>

<sp><speaker>Per.</speaker>
<l part="M" n="543b">Si haéc east.</l></sp>

<sp><speaker>Phil.</speaker>
<l part="M" n="543c">Si is ést homo, sicut</l>
<l n="544">ánni multi dúbia dant.</l></sp>

<sp><speaker>Per.</speaker>
<lb ed="actscene" n="20"/><l n="545">Lónga dies meum incértat animum. sín east quam incerte aútumo,</l>
<l n="545a">hánc congrediar ástu.</l></sp>

<sp><speaker>Phil.</speaker>
<l n="546">Múliebris adhibenda míhi malitia nunc est.</l></sp>

<sp><speaker>Per.</speaker>
<l part="I" n="547">Cómpellabo.</l></sp>

<sp><speaker>Phil.</speaker>
<l part="M" n="547a">Orátionis áciem contra cónferam.</l></sp>

<sp><speaker>Per.</speaker>
<l part="I" n="548">Salva sis.</l></sp>

<sp><speaker>Phil.</speaker>
<l part="M" n="548a">Salutem accipio mi et meis.</l></sp>

<sp><speaker>Per.</speaker>
<l part="M" n="548b">Quid ceterum?</l></sp>

<sp><speaker>Phil.</speaker>
<lb ed="actscene" n="25"/><l part="I" n="549">Salvos sis: quod credidisti reddo.</l></sp>

<sp><speaker>Per.</speaker>
<l part="M" n="549a">Haud accuso fidem.</l>
<l part="I" n="550">novin ego te?</l></sp>

<sp><speaker>Phil.</speaker>
<l part="M" n="550a">Si ego te novi, animum inducam, ut tu noveris.</l></sp>

<sp><speaker>Per.</speaker>
<l part="I" n="551">Vbi te visitavi?</l></sp>

<sp><speaker>Phil.</speaker>
	<l part="M" n="551a">Inique <choice><expan><abbr>iniuriu's</abbr><ex>iniurius es</ex></expan></choice>.</l></sp>

<sp><speaker>Per.</speaker>
<l part="M" n="551b">Quid iam?</l></sp>

<sp><speaker>Phil.</speaker>
<l part="M" n="551c">Quia</l>
<l part="I" n="552">tuae memoriae interpretari me aequom censes.</l></sp>

<sp><speaker>Per.</speaker>
<l part="M" n="552a">Commode</l>
<l part="I" n="553">fabulata es.</l></sp>

<sp><speaker>Ph.</speaker>
<l part="M" n="553a">Mira memoras. </l></sp>

<sp><speaker>P.</speaker>
<l part="M" n="553b"><add>Te memini</add>—</l></sp>

<sp><speaker>Ph.</speaker>
<l part="M" n="553c">Em istuc rectius.</l></sp>

<sp><speaker>P.</speaker>
<lb ed="actscene" n="30"/><l part="I" n="554">Meministin—</l></sp>

<sp><speaker>Ph.</speaker>
<l part="M" n="554a">Memini id quod memini.</l></sp>

<sp><speaker>P.</speaker>
<l part="M" n="554b">At in Epidauro—</l></sp>

<sp><speaker>Ph.</speaker>
<l part="M" n="554c">Ah, guttula</l>
<l part="I" n="555">pectus ardens mi aspersisti.</l></sp>

<sp><speaker>Per.</speaker>
<l part="M" n="555a">Virgini pauperculae,</l>
<l part="I" n="556">tuaeque matri me levare paupertatem?</l></sp>

<sp><speaker>Phil.</speaker>
<l part="M" n="556a">Tun is es,</l>
<l n="557">qui per voluptatem tuam in me aerumnam obsevisti gravem?</l></sp>

<sp><speaker>Per.</speaker>
<l part="I" n="558">Ego sum. salve.</l></sp>

<sp><speaker>Phil.</speaker>
<l part="M" n="558a">Salva sum, quia te esse salvom sentio.</l></sp>

<sp><speaker>Per.</speaker>
<lb ed="actscene" n="35"/><l part="I" n="559">Cedo manum.</l></sp>

<sp><speaker>Phil.</speaker>
<l part="M" n="559a">Accipe. aerumnosam et miseriarum compotem</l>
<l part="I" n="560">mulierem retines.</l></sp>

<sp><speaker>Per.</speaker>
<l part="M" n="560a">Quid est quod voltus turbatust tuos?</l></sp>

<sp><speaker>Phil.</speaker>
<l part="I" n="561">Filiam quam ex te suscepi—</l></sp>

<sp><speaker>Per.</speaker>
<l part="M" n="561a">Quid eam?</l></sp>

<sp><speaker>Phil.</speaker>
<l part="M" n="561b">Eductam perdidi.</l>
<l part="I" n="562">hostium est potita.</l></sp>

<sp><speaker>Per.</speaker>
<l part="M" n="562a">Habe animum lenem et tranquillum. tace.</l>
<l n="563">domi meae eccam salvam et sanam. nam postquam audivi ilico</l>
<lb ed="actscene" n="40"/><l n="564">ex meo servo, illam esse captam, continuo argentum dedi,</l>
<l n="565">ut emeretur. ille eam rem ádeo sobrie et frugaliter</l>
<l n="566">accuravit, ut<add>ut</add> ad alias res est impense inprobus.</l></sp>

<sp><speaker>Phil.</speaker>
<l part="I" n="567">Fac videam, si mea, si salva <add>mihi sit</add>.</l></sp>

<sp><speaker>Pe.</speaker>
<l part="M" n="567a">Eho, istinc, Canthara,</l>
<l n="568">iube Telestidem huc prodire filiam ante aedis meam,</l>
<lb ed="actscene" n="45"/><l part="I" n="569">ut suam videat matrem.</l></sp>

<sp><speaker>Phil.</speaker>
<l part="M" n="569a">Remigrat animus nunc demum mihi.</l></sp>
</div>
<div type="textpart" subtype="scene" n="2">

<sp><speaker>Acropolistis</speaker>
<l part="I" n="570">Quid est, pater, quod me excivisti ante aedis?</l></sp>

<sp><speaker>Per.</speaker>
<l part="M" n="570a">Vt matrem tuam</l>
<l n="571">videas, adeas, advenienti des salutem atque osculum.</l></sp>

<sp><speaker>Acr.</speaker>
<l part="I" n="572">Quam meam matrem?</l></sp>

<sp><speaker>Per.</speaker>
<l part="M" n="572a">Quae exanimata exsequitur aspectum tuom.</l></sp>

<sp><speaker>Phil.</speaker>
<l part="I" n="573">Quis istaec est quam tu osculum mihi ferre iubes?</l></sp>

<sp><speaker>Per.</speaker>
<l part="M" n="573a">Tua filia.</l></sp>

<sp><speaker>Phil.</speaker>
<lb ed="actscene" n="5"/><l part="I" n="574">Haecine?</l></sp>

<sp><speaker>Per.</speaker>
<l part="M" n="574a">Haec.</l></sp>

<sp><speaker>Phil.</speaker>
<l part="M" n="574b">Egone osculum huic dem?</l></sp>

<sp><speaker>Per.</speaker>
<l part="M" n="574c">Quor non, quae ex te nata sit?</l></sp>

<sp><speaker>Phil.</speaker>
<l part="I" n="575">Tú homo insanis.</l></sp>

<sp><speaker>Per.</speaker>
<l part="M" n="575a">Egone?</l></sp>

<sp><speaker>Phil.</speaker>
<l part="M" n="575b">Tune.</l></sp>

<sp><speaker>Per.</speaker>
<l part="M" n="575c">Quor?</l></sp>

<sp><speaker>Phil.</speaker>
<l part="M" n="575d">Quia ego hanc quae siet</l>
<l n="576">neque scio neque novi, neque ego hanc oculis vidi ante hunc diem.</l></sp>

<sp><speaker>Per.</speaker>
<l n="577">Scio quid erres: quia vestitum atque ornatum immutabilem</l>
<l n="578">habet haec, <gap reason="lost"/> </l></sp>

<sp><speaker>Ph.</speaker>
<lb ed="actscene" n="10"/><l n="579"><gap reason="lost"/> aliter catuli longe olent, aliter suis.</l>
<l part="I" n="580">ne ego eam novisse <gap reason="lost"/> </l></sp>

<sp><speaker>Per.</speaker>
<l part="M" n="580a">Pro deum atque hominum fidem,</l>
<l n="581">quid? ego lenocinium facio, quí habeam alienos domi</l>
<l n="582">atque argentum egurgitem domo prosus? quid tu, quae patrem</l>
<l n="583">tuom vocas me atque osculare, quid stas stupida? quid taces?</l></sp>

<sp><speaker>Acr.</speaker>
<lb ed="actscene" n="15"/><l part="I" n="584">Quid loquar vis?</l></sp>

<sp><speaker>Per.</speaker>
<l part="M" n="584a">Haec negat se tuam esse matrem.</l></sp>

<sp><speaker>Acr.</speaker>
<l part="M" n="584b">Ne fuat,</l>
<l n="585">si non volt: equidem hac invita támen ero matris filia;</l>
<l n="586">non med istanc cogere aequom est meam esse matrem, si nevolt.</l></sp>

<sp><speaker>Per.</speaker>
<l part="I" n="587">Cur me igitur patrem vocabas?</l></sp>

<sp><speaker>Acr.</speaker>
<l part="M" n="587a">Tua istaec culpast, non mea.</l>
<l n="588">non patrem ego te nominem, ubi tu tuam me appellas filiam?</l>
<lb ed="actscene" n="20"/><l n="589">hanc quoque etiam, si me appellet filiam, matrem vocem.</l>
<l n="590">negat haec filiám me suam ésse: non ergo haec mater mea est.</l>
<l n="591">postremo haec mea culpa non est: quae didici dixi omnia;</l>
<l part="I" n="592">Epidicus mihi fuit magister.</l></sp>

<sp><speaker>Per.</speaker>
<l part="M" n="592a">Perii, plaustrum perculi.</l></sp>

<sp><speaker>Acr.</speaker>
<l part="I" n="593">Numquid ego ibi, pater, peccavi?</l></sp>

<sp><speaker>Per.</speaker>
<l part="M" n="593a">Si hercle te umquam audivero</l>
<lb ed="actscene" n="25"/><l part="I" n="594">me patrem vocare, vitam tuam ego interimam.</l></sp>

<sp><speaker>Acr.</speaker>
<l part="M" n="594a">Non voco.</l>
<l n="595">ubi voles pater esse, ibi esto; ubi noles, ne fueris pater.</l></sp>

<sp><speaker>Phil.</speaker>
<l n="596">Quid, <add>si</add> ob eam rem hanc emisti, quia tuam gnatam es ratus,</l>
<l part="I" n="597">quibus de signis agnoscebas?</l></sp>

<sp><speaker>Per.</speaker>
<l part="M" n="597a">Nullis.</l></sp>

<sp><speaker>Phil.</speaker>
<l part="M" n="597b">Qua re filiam</l>
<l part="I" n="598">credidisti nostram?</l></sp>

<sp><speaker>Per.</speaker>
<l part="M" n="598a">Servos Epidicus dixit mihi.</l></sp>

<sp><speaker>Phil.</speaker>
<lb ed="actscene" n="30"/><l n="599">Quid si servo aliter visumst, non poteras novisse, obsecro? †</l></sp>

<sp><speaker>Per.</speaker>
<l n="600">Quid ego, qui illam ut primum vidi, numquam vidi postea?</l></sp>

<sp><speaker>Phil.</speaker>
<l part="I" n="601">Perii misera.</l></sp>

<sp><speaker>Per.</speaker>
<l part="M" n="601a">Ne fle, mulier. intro abi, habe animum bonum;</l>
<l part="I" n="602">ego illam reperiam.</l></sp>

<sp><speaker>Phil.</speaker>
<l part="M" n="602a">Hinc Athenis civis eam émit Atticus:</l>
<l part="I" n="603">adulescentem equidem dicebant emisse.</l></sp>

<sp><speaker>Per.</speaker>
<l part="M" n="603a">Inveniam, tace.</l>
<lb ed="actscene" n="35"/><l n="604">abi modo intro atque hanc asserva Circam Solis filiam.</l>
<l n="605">ego relictis rebus Epidicum operam quaerendo dabo:</l>
<l n="606">si invenio, exitiabilem égo illi faciam hunc ut fiat diem.—</l></sp>
</div></div>

<div type="textpart" subtype="act" n="5">
<div type="textpart" subtype="scene" n="1">

<sp><speaker>Stratippocles</speaker>
<l n="607">Male morigerus mi est danista, qui a me argentum non petit</l>
<l n="608">neque illam adducit quae <add>empta</add> ex praedast. séd eccum incedit Epidicus.</l>
<l n="609">quid illuc est quod illí caperrat frons severitudine?</l></sp>

<sp><speaker>Epidicvs</speaker>
<l n="610">Si undecim deos praeter sese secum adducat Iuppiter,</l>
<lb ed="actscene" n="5"/><l n="611">ita non omnes ex cruciatu poterunt eximere Epidicum.</l>
<l n="612">Periphanem emere lora vidi, ibi aderat una Apoecides;</l>
<l n="613">nunc homines me quaeritare credo. senserunt, sciunt</l>
<l part="I" n="614">sibi data esse verba.</l></sp>

<sp><speaker>Str.</speaker>
<l part="M" n="614a">Quíd agis, mea commoditas?</l></sp>

<sp><speaker>Ep.</speaker>
<l part="M" n="614b">Quod miser.</l></sp>

<sp><speaker>Str.</speaker>
<l part="I" n="615">Quid est tibi?</l></sp>

<sp><speaker>Ep.</speaker>
<l part="M" n="615a">Quin tu mi adornas ad fugam viaticum,</l>
<lb ed="actscene" n="10"/><l n="616">prius quam pereo? nam per urbem duo defloccati senes</l>
<l n="617">quaeritant me, in manibus gestant copulas secum simul.</l></sp>

<sp><speaker>Str.</speaker>
<l part="I" n="618">Habe bonum animum.</l></sp>

<sp><speaker>Ep.</speaker>
<l part="M" n="618a">Quippe ego quoi libertas in mundo sitast.</l></sp>

<sp><speaker>Str.</speaker>
<l part="I" n="619">Ego te servabo.</l></sp>

<sp><speaker>Ep.</speaker>
<l part="M" n="619a">Edepol me illi melius, si nacti fuant.</l>
<l n="620">sed quis haec ést muliercula et ille gravastellus qui venit?</l></sp>

<sp><speaker>Str.</speaker>
<lb ed="actscene" n="15"/><l part="I" n="621">Hic est danista, haec illa est autem, quam emi de praeda.</l></sp>

<sp><speaker>Ep.</speaker>
<l part="M" n="621a">Haecinest?</l></sp>

<sp><speaker>Str.</speaker>
<l n="622">Haec est. estne ita ut tibi dixi? aspecta et contempla, Epidice:</l>
<l n="623">usque ab unguiculo ad capillum summumst festivissuma.</l>
<l n="624">estne consímilis quasi cum signum pictum pulchre aspexeris?</l></sp>

<sp><speaker>Ep.</speaker>
<l n="625">Ex tuis verbis meum futurum corium pulchrum praedicas,</l>
<lb ed="actscene" n="20"/><l n="626">quém Apella atque Zeuxis duo pingent pigmentis ulmeis.</l></sp>

<sp><speaker>Str.</speaker>
<l n="627">Di immortales, sicin iussi ad me ires? pedibus † pulmunes</l>
<l n="628">qui perhíbetur prius venisset quam tu advenisti mihi.</l></sp>

<sp><speaker>Danista</speaker>
<l part="I" n="629">Haec edepol remorata med est.</l></sp>

<sp><speaker>Str.</speaker>
<l part="M" n="629a">Siquidem istius gratia</l>
	<l n="630">id <choice><expan><abbr>remoratu's</abbr><ex>remoratus es</ex></expan></choice> quod ista voluit, nimium advenisti cito.</l></sp>

<sp><speaker>Dan.</speaker>
<lb ed="actscene" n="25"/><l n="631">Age age, absolve <add>me</add> atque argentum numera, ne comites morer.</l></sp>

<sp><speaker>St.</speaker>
<l part="I" n="632">Pernumeratumst.</l></sp>

<sp><speaker>Da.</speaker>
<l part="M" n="632a">Tene cruminam: huc inde.</l></sp>

<sp><speaker>St.</speaker>
<l part="M" n="632b">Sapienter venis.</l>
<l part="I" n="633">opperire, dum effero ad te argentum.</l></sp>

<sp><speaker>Dan.</speaker>
<l part="M" n="633a">Matura.</l></sp>

<sp><speaker>Str.</speaker>
<l part="M" n="633b">Domist.—</l></sp>

<sp><speaker>Ep.</speaker>
<l n="634">Satin ego oculis utilitatem optineo sincere an parum?</l>
<l n="635">videon ego Telestidem te, Periphanai filiam,</l>
<lb ed="actscene" n="30"/><l n="636">ex Philippa matre natam Thebis, Epidauri satam?</l></sp>

<sp><speaker>Telestis</speaker>
<l n="637">Quis tu homo es, qui meum parentum nomen memoras et meum?</l></sp>

<sp><speaker>Ep.</speaker>
<l part="I" n="638">Non me nosti?</l></sp>

<sp><speaker>Tel.</speaker>
<l part="M" n="638a">Quod quidem nunc veniat in mentem mihi.</l></sp>

<sp><speaker>Ep.</speaker>
<l n="639">Non meministi me auream ad te afferre natali die</l>
<l part="I" n="640">lunulam atque anellum aureolum ín digitum?</l></sp>

<sp><speaker>Tel.</speaker>
<l part="M" n="640a">Memini, mi homo.</l>
<lb ed="actscene" n="35"/><l part="I" n="641">tune is es?</l></sp>

<sp><speaker>Ep.</speaker>
<l part="M" n="641a">Ego sum, ét istic frater, qui te mercatust, tuos.</l>
<l n="642"><gap reason="lost"/> ália matre, uno patre.</l></sp>

<sp><speaker>Tel.</speaker>
<l part="I" n="643">Quid pater meus? vivit?</l></sp>

<sp><speaker>Ep.</speaker>
<l part="M" n="643a">Animo liquido et tranquillo es, tace.</l></sp>

<sp><speaker>Tel.</speaker>
<l n="644">Di me ex perdita servatam cupiunt, si vera autumas.</l></sp>

<sp><speaker>Ep.</speaker>
<l n="645">Non habeo ullam occasionem, ut apud te falsa fabuler.</l></sp>

<sp><speaker>Stratippocles</speaker>
<lb ed="actscene" n="40"/><l n="646">Accipe argentum hoc, danista. hic sunt quadraginta minae.</l>
<l part="I" n="647">siquid erit dubium, immutabo.</l></sp>

<sp><speaker>Dan.</speaker>
<l part="M" n="647a">Bene fecisti, bene vale.—</l></sp>

<sp><speaker>Str.</speaker>
<l part="I" n="648">Nunc enim tú mea es.</l></sp>

<sp><speaker>Tel.</speaker>
<l part="M" n="648a">Soror quidem edepol, ut tu aeque scias.</l>
<l part="I" n="649">salve, frater.</l></sp>

<sp><speaker>Str.</speaker>
<l part="M" n="649a">Sanan haec est?</l></sp>

<sp><speaker>Ep.</speaker>
<l part="M" n="649b">Sana, si appellat suom.</l></sp>

<sp><speaker>S.</speaker>
<l n="650">Quid? ego modo <add>amator sum</add> huic frater factus, dum intro eo atque exeo?</l></sp>

<sp><speaker>Ep.</speaker>
<lb ed="actscene" n="45"/><l n="651">Quod boni est id tacitus taceas tute tecum et gaudeas.</l></sp>

<sp><speaker>Str.</speaker>
<l part="I" n="652">Perdidisti et repperisti me, soror.</l></sp>

<sp><speaker>Ep.</speaker>
	<l part="M" n="652a"><choice><expan><abbr>Stultu's</abbr><ex>stultus es</ex></expan></choice>, tace.</l>
<l n="653">tibi quidem quod ames domi praéstost, fidicina, opera mea;</l>
<l n="654">et sororem in libertatem idem opera concilio mea.</l></sp>

<sp><speaker>Str.</speaker>
<l part="I" n="655">Epidice, fateor—</l></sp>

<sp><speaker>Ep.</speaker>
<l part="M" n="655a">Abi intro ac iúbe huic aquam calefieri;</l>
<lb ed="actscene" n="50"/><l n="656">cetera haec posterius faxo scibis, ubi erit otium.</l></sp>

<sp><speaker>Str.</speaker>
<l part="I" n="657">Sequere hac me, soror.</l></sp>

<sp><speaker>Ep.</speaker>
<l part="M" n="657a">Ego ad vos Thesprionem iussero</l>
<l n="658">huc transire. sed memento, si quid saevibunt senes,</l>
<l part="I" n="659">suppetias mihi cum sorore ferre.</l></sp>

<sp><speaker>Str.</speaker>
<l part="M" n="659a">Facile istuc erit.—</l></sp>

<sp><speaker>Ep.</speaker>
<l n="660">Thesprio, exi istac per hortum, adfer domum auxilium mihi,</l>
<lb ed="actscene" n="55"/><l n="661">magnast res. minoris multo facio quam dudum senes.</l>
<l n="662">remeabo intro, ut accurentur advenientes hospites.</l>
<l n="663">eádem haec intus edocebo quae ego scio Stratippoclem.</l>
<l n="664">non fugio, domi adesse certumst; neque ille haud obiciet mihi</l>
<l n="665">pedibus sese provocatum. abeo intro, nimis longum loquor.—</l></sp>
</div>
<div type="textpart" subtype="scene" n="2">

<sp><speaker>Periphanes</speaker>
<l n="666">Satine illic homo ludibrio nos vetulos decrepitos duos</l>
<l part="I" n="667">habet?</l></sp>

<sp><speaker>Apoecides</speaker>
<l part="M" n="667a">Immo edepol tu quidem míserum med habes miseris modis.</l></sp>

<sp><speaker>Per.</speaker>
<l part="I" n="668">Tace sis, modo sine me hóminem apisci.</l></sp>

<sp><speaker>Ap.</speaker>
<l part="M" n="668a">Dico ego tibi iam, ut scias:</l>
<l n="669">alium tibi te comitem meliust quaerere; ita, dum te sequor,</l>
<lb ed="actscene" n="5"/><l n="670">lassitudine invaserunt misero in genua flemina.</l></sp>

<sp><speaker>Per.</speaker>
<l n="671">Quot illic homo hodie me exemplis ludificatust atque te,</l>
<l n="672">ut illic autem exenteravit mihi opes argentarias!</l></sp>

<sp><speaker>Ap.</speaker>
<l n="673">Apage illum a me, nam ille quidem Volcani iratist filius:</l>
<l n="674">quaqua tangit, omne amburit, si astes, aestu calefacit.</l></sp>

<sp><speaker>Epidicvs</speaker>
<lb ed="actscene" n="10"/><l n="675">Duodecim deis plus quam in caelo deorumst immortalium</l>
<l n="676">mihi nunc auxilio adiutores sunt et mecum militant.</l>
<l n="677">quidquid ego malefeci, auxilia mi et suppetiae sunt domi,</l>
<l part="I" n="678">apolactizo inimicos omnis.</l></sp>

<sp><speaker>Per.</speaker>
<l part="M" n="678a">Vbi illum quaeram gentium?</l></sp>

<sp><speaker>Ap.</speaker>
<l n="679">Dum sine me quaeras, quaeras mea causa vel medio in mari.</l></sp>

<sp><speaker>Ep.</speaker>
<lb ed="actscene" n="15"/><l n="680">Quid me quaeris? quid laboras? quid hunc sollicitas? ecce me.</l>
<l n="681">num te fugi, num ab domo apsum, num oculis concessi tuis?</l>
<l n="682"><gap reason="lost"/> </l>
<l n="683">nec tibi supplico. vincire vis? em, ostendo manus;</l>
<l n="684">tú habes lora, ego te emere vidi: quid nunc cessas? colliga.</l></sp>

<sp><speaker>Per.</speaker>
<lb ed="actscene" n="20"/><l part="I" n="685">Ilicet, vadimonium ultro mi hic facit.</l></sp>

<sp><speaker>Ep.</speaker>
<l part="M" n="685a">Quin colligas?</l></sp>

<sp><speaker>Ap.</speaker>
<l part="I" n="686">Edepol mancipium scelestum.</l></sp>

<sp><speaker>Ep.</speaker>
<l part="M" n="686a">Te profecto, Apoecides,</l>
<l part="I" n="687">nil moror mihi deprecari.</l></sp>

<sp><speaker>Ap.</speaker>
<l part="M" n="687a">Facile exoras, Epidice.</l></sp>

<sp><speaker>Ep.</speaker>
<l part="I" n="688">Ecquid agis?</l></sp>

<sp><speaker>Per.</speaker>
<l part="M" n="688a">Tuon arbitratu?</l></sp>

<sp><speaker>Ep.</speaker>
<l part="M" n="688b">Meo hercle vero atque hau tuo</l>
<l part="I" n="689">colligandae haec sunt tibi hodie.</l></sp>

<sp><speaker>Per.</speaker>
<l part="M" n="689a">At non lubet, non colligo.</l></sp>

<sp><speaker>Ap.</speaker>
<lb ed="actscene" n="25"/><l n="690">Tragulam in te inicere adornat, nescio quam fabricam facit.</l></sp>

<sp><speaker>Ep.</speaker>
<l n="691">Tibi moram facis, cum égo solutus asto. age, inquam, colliga.</l></sp>

<sp><speaker>Per.</speaker>
<l part="I" n="692">At mihi magis lubet solutum te rogitare.</l></sp>

<sp><speaker>Ep.</speaker>
<l part="M" n="692a">At nil scies.</l></sp>

<sp><speaker>Per.</speaker>
<l part="I" n="693">Quid ago?</l></sp>

<sp><speaker>Ap.</speaker>
<l part="M" n="693a">Quid agas? mos geratur.</l></sp>

<sp><speaker>Ep.</speaker>
<l part="M" n="693b">Frugi es tú homo, Apoecides.</l></sp>

<sp><speaker>Per.</speaker>
<l part="I" n="694">Cedo manus igitur.</l></sp>

<sp><speaker>Ep.</speaker>
<l part="M" n="694a">Morantur nihil. atque arte colliga.</l></sp>

<sp><speaker>Per.</speaker>
<lb ed="actscene" n="30"/><l part="I" n="695">Nihil moror.</l></sp>

<sp><speaker>Ep.</speaker>
<l part="M" n="695a">Obnoxiose.</l></sp>

<sp><speaker>Per.</speaker>
<l part="M" n="695b">Facto opere arbitramino.</l></sp>

<sp><speaker>Ep.</speaker>
<l n="696">Bene hoc habet. age nunciam ex me exquire, rogita quod lubet.</l></sp>

<sp><speaker>Per.</speaker>
	<l n="697">Qua fiducia <choice><abbr>ausu's</abbr><expan><ex>ausus es</ex></expan></choice> primum, quae emptast nudiustertius,</l>
<l part="I" n="698">filiam meam dicere esse?</l></sp>

<sp><speaker>Ep.</speaker>
<l part="M" n="698a">Libuit: ea fiducia.</l></sp>

<sp><speaker>Per.</speaker>
<l part="I" n="699">Ain tu? libuit?</l></sp>

<sp><speaker>Ep.</speaker>
<l part="M" n="699a">Aio. vel da pignus, ni ea sit filia.</l></sp>

<sp><speaker>Per.</speaker>
<lb ed="actscene" n="35"/><l part="I" n="700">Quam negat novisse mater?</l></sp>

<sp><speaker>Ep.</speaker>
<l part="M" n="700a">Ni ergo matris filia est,</l>
<l part="I" n="701">in meum nummum, in tuom talentum pignus da.</l></sp>

<sp><speaker>Per.</speaker>
<l part="M" n="701a">Enim istaec captiost.</l>
<l part="I" n="702">sed quis east mulier?</l></sp>

<sp><speaker>Ep.</speaker>
<l part="M" n="702a">Tui gnati amica, ut omnem <add>rem</add> scias.</l></sp>

<sp><speaker>Per.</speaker>
<l part="I" n="703">Dedin tibi minas triginta ob filiam?</l></sp>

<sp><speaker>Ep.</speaker>
<l part="M" n="703a">Fateor datas</l>
<l n="704">et eo argento illam me emisse amicam fili fidicinam</l>
<lb ed="actscene" n="40"/><l n="705">pro tua filia: is te eam ob rem tetigi triginta minis.</l></sp>

<sp><speaker>Per.</speaker>
<l n="706">Quo modo mé ludos fecisti de illa conducticia</l>
<l part="I" n="707">fidicina?</l></sp>

<sp><speaker>Ep.</speaker>
<l part="M" n="707a">Factum hercle vero, et recte factum iudico.</l></sp>

<sp><speaker>Per.</speaker>
<l part="I" n="708">Quid postremo argento factum est quod dedi?</l></sp>

<sp><speaker>Ep.</speaker>
<l part="M" n="708a">Dicam tibi:</l>
<l n="709">neque malo homini neque maligno tuo dedi Stratippocli.</l></sp>

<sp><speaker>Per.</speaker>
	<lb ed="actscene" n="45"/><l part="I" n="710">Quor dare <choice><expan><abbr>ausu's</abbr><ex>ausus es</ex></expan></choice>?</l></sp>

<sp><speaker>Ep.</speaker>
<l part="M" n="710a">Quia mi libitum est.</l></sp>

<sp><speaker>Per.</speaker>
<l part="M" n="710b">Quae haec, malum, impudentiast?</l></sp>

<sp><speaker>Ep.</speaker>
<l part="I" n="711">Etiam inclamitor quasi servos?</l></sp>

<sp><speaker>Per.</speaker>
<l part="M" n="711a">Cum tu es liber, gaudeo.</l></sp>

<sp><speaker>Ep.</speaker>
<l part="I" n="712">Merui ut fierem.</l></sp>

<sp><speaker>Per.</speaker>
<l part="M" n="712a">Tu meruisti?</l></sp>

<sp><speaker>Ep.</speaker>
<l part="M" n="712b">Vise intro: ego faxo scies</l>
<l part="I" n="713">hoc ita esse.</l></sp>

<sp><speaker>Per.</speaker>
<l part="M" n="713a">Quid est negoti?</l></sp>

<sp><speaker>Ep.</speaker>
<l part="M" n="713b">Iam ipsa res dicet tibi.</l>
<l part="I" n="714">abi modo intro.</l></sp>

<sp><speaker>Ap.</speaker>
<l part="M" n="714a">Ei, non illuc temerest.</l></sp>

<sp><speaker>Per.</speaker>
<l part="M" n="714b">Adserva istum, Apoecides.—</l></sp>

<sp><speaker>Ap.</speaker>
<lb ed="actscene" n="50"/><l part="I" n="715">Quid illuc, Epidice, est negoti?</l></sp>

<sp><speaker>Ep.</speaker>
<l part="M" n="715a">Maxima hercle iniuria</l>
<l n="716">vinctus asto, cuius haec hodie ópera inventast filia.</l></sp>

<sp><speaker>Ap.</speaker>
<l part="I" n="717">Ain tu te illius invenisse filiam?</l></sp>

<sp><speaker>Ep.</speaker>
<l part="M" n="717a">Inveni, et domi est.</l>
<l n="718">sed ut acerbum est, pro bene factis cum mali messim metas.</l></sp>

<sp><speaker>Ap.</speaker>
<l n="719">Quamne hodie per urbem uterque sumus defessi quaerere?</l></sp>

<sp><speaker>Ep.</speaker>
<lb ed="actscene" n="55"/><l n="720">Ego sum defessus reperire, vos defessi quaerere.</l></sp>

<sp><speaker>Per.</speaker>
<l n="721">Quid isti oratis opere tanto? mi <add>orandum</add> esse intellego,</l>
<l n="722">ut liceat merito huius facere. cedo tu ut exsolvam manus.</l></sp>

<sp><speaker>Ep.</speaker>
<l part="I" n="723">Ne attigas.</l></sp>

<sp><speaker>Per.</speaker>
<l part="M" n="723a">Ostende vero.</l></sp>

<sp><speaker>Ep.</speaker>
<l part="M" n="723b">Nolo.</l></sp>

<sp><speaker>Per.</speaker>
<l part="M" n="723c">Non aequom facis.</l></sp>

<sp><speaker>Ep.</speaker>
<l n="724">Numquam hercle hodie, nisi supplicium mihi das, me solvi sinam.</l></sp>

<sp><speaker>Per.</speaker>
<lb ed="actscene" n="60"/><l n="725">Optumum atque aequissumum oras. soccos, tunicam, pallium</l>
<l part="I" n="726">tibi dabo.</l></sp>

<sp><speaker>Ep.</speaker>
<l part="M" n="726a">Quid deinde porro?</l></sp>

<sp><speaker>Per.</speaker>
<l part="M" n="726b">Libertatem.</l></sp>

<sp><speaker>Ep.</speaker>
<l part="M" n="726c">At postea?</l>
<l part="I" n="727">novo liberto opus est quod pappet.</l></sp>

<sp><speaker>Per.</speaker>
<l part="M" n="727a">Dabitur, praebebo cibum.</l></sp>

<sp><speaker>Ep.</speaker>
<l part="I" n="728">Numquam hercle hodie, nisi me orassis, solves.</l></sp>

<sp><speaker>Per.</speaker>
<l part="M" n="728a">Oro te, Epidice,</l>
<l n="729">mihi ut ignoscas, siquid imprúdens culpa peccavi mea.</l>
<lb ed="actscene" n="65"/><l part="I" n="730">at ob eam rem liber esto.</l></sp>

<sp><speaker>Ep.</speaker>
<l part="M" n="730a">Invitus do hanc veniam tibi,</l>
<l n="731">nisi necessitate cogar. solve sane, si lubet.</l></sp>

<sp><speaker>Poeta</speaker>
<l n="732">Hic is homo est qui libertatem malitia invenit sua.</l>
<l n="733">plaudite et valete. lumbos porgite atque exsurgite.</l></sp>
</div></div></div>
</body></text></TEI>