<?xml version="1.0" encoding="UTF-8"?>
<ti:work xmlns:ti="http://chs.harvard.edu/xmlns/cts" groupUrn="urn:cts:greekLit:tlg0007" projid="greekLit:tlg067" urn="urn:cts:greekLit:tlg0007.tlg067" xml:lang="grc">
    
   <ti:title xml:lang="lat">De liberis educandis</ti:title>
   
   <ti:edition urn="urn:cts:greekLit:tlg0007.tlg067.perseus-grc2" workUrn="urn:cts:greekLit:tlg0007.tlg067" xml:lang="grc">
      <ti:label xml:lang="grc">Περὶ παίδων ἀγωγῆς</ti:label>
      <ti:description xml:lang="mul">Plutarch. Plutarchi Chaeronensis Moralia Vol I. Vernardakēs, Grēgorios N., editor. Leipzig. Teubner. 1888.</ti:description>
   </ti:edition>
   
   <ti:translation urn="urn:cts:greekLit:tlg0007.tlg067.perseus-eng3" workUrn="urn:cts:greekLit:tlg0007.tlg067" xml:lang="eng">
      <ti:label xml:lang="eng">The Education of Children</ti:label>
      <ti:description xml:lang="mul">Plutarch. Moralia Volume I. Babbitt, Frank Cole, translator. Cambridge, MA: Harvard University Press. London. William Heinemann Ltd. 1927 (printing).</ti:description>
   </ti:translation>
   
   <ti:translation urn="urn:cts:greekLit:tlg0007.tlg067.perseus-eng4" workUrn="urn:cts:greekLit:tlg0007.tlg067" xml:lang="eng">
      <ti:label xml:lang="eng">A Discourse Touching the Training of Children</ti:label>
      <ti:description xml:lang="eng">Plutarch. Plutarch's morals Volume I. Goodwin, William W., editor; Ford, Simon, translator. Boston. Little, Brown, and Company. 1874.</ti:description>
   </ti:translation>
   
</ti:work>
