<ti:work xml:lang="lat" xmlns:ti="http://chs.harvard.edu/xmlns/cts" urn="urn:cts:latinLit:phi0474.phi051" groupUrn="urn:cts:latinLit:phi0474">
            <ti:title xml:lang="lat">De Senectute</ti:title>
            <ti:edition urn="urn:cts:latinLit:phi0474.phi051.perseus-lat1" workUrn="urn:cts:latinLit:phi0474.phi051">
              <ti:label xml:lang="eng">De Senectute, De senectute; De amicitia; De divinatione</ti:label>
              <ti:description xml:lang="eng">Cicero, Marcus Tullius, creator; Falconer, William Armistead, editor; Falconer, William Armistead, translator, editor</ti:description>
            </ti:edition>
          <ti:translation xml:lang="eng" urn="urn:cts:latinLit:phi0474.phi051.perseus-eng1" workUrn="urn:cts:latinLit:phi0474.phi051">
              <ti:label xml:lang="eng">De Senectute, De senectute; De amicitia; De divinatione</ti:label>
              <ti:description xml:lang="eng">Cicero, Marcus Tullius, creator; Falconer, William Armistead, translator; Falconer, William Armistead, translator, editor</ti:description>
            </ti:translation>
          </ti:work>