<?xml version="1.0" encoding="UTF-8"?>
<ti:work xml:lang="lat" xmlns:ti="http://chs.harvard.edu/xmlns/cts" groupUrn="urn:cts:latinLit:phi0474" urn="urn:cts:latinLit:phi0474.phi011" projid="latinLit:phi011">
    <ti:title xml:lang="eng">On the Agrarian Law</ti:title>
    <ti:title xml:lang="eng">Three orations on the Agrarian Law</ti:title>
    <ti:title xml:lang="eng">Orations on the Agrarian Law</ti:title>
    <ti:title xml:lang="eng">Against Publius Servilius Rullus</ti:title>
    <ti:title xml:lang="lat">De Lege Agraria</ti:title>
    <ti:title xml:lang="lat">Contra Rullum</ti:title>
    <ti:title xml:lang="lat">De lege agraria contra Rullum</ti:title>
    <ti:title xml:lang="lat">Orationes de Lege Agraria</ti:title>
   
    <ti:edition urn="urn:cts:latinLit:phi0474.phi011.perseus-lat2" workUrn="urn:cts:latinLit:phi0474.phi011" xml:lang="lat">
        <ti:label xml:lang="eng">On the Agrarian Law</ti:label>
        <ti:description xml:lang="eng">Orationes Volume IV, Cicero, Marcus Tullius, creator; Clark, Albert Curtis, 1859-1937, editor</ti:description>
    </ti:edition>
    
    
    <ti:translation urn="urn:cts:latinLit:phi0474.phi011.perseus-eng2" workUrn="urn:cts:latinLit:phi0474.phi011" xml:lang="eng">
        <ti:label xml:lang="eng">On the Agrarian Law</ti:label>
        <ti:description xml:lang="eng">The orations of Marcus Tullius Cicero, Vol 2, Three orations on the Agrarian law, the four against Catiline, the orations for Rabirius, Murena, Sulla, Archias, Flaccus, Scaurus, etcCicero, Marcus Tullius, creator; Yonge, Charles Duke, 1812-1891, translator</ti:description>
    </ti:translation>
    
    
    
</ti:work>