<?xml version="1.0" encoding="UTF-8"?>
<TEI xmlns="http://www.tei-c.org/ns/1.0">
	<teiHeader xml:lang="eng" type="text">
		<fileDesc>
			<titleStmt>
				<title>In Defense of Marcus Aemilius Scaurus </title>
				<title>Pro Tullio, Pro Fonteio, Pro Sulla, Pro Archia, Pro Plancio, Pro
					Scauro</title>
				<title type="sub">Machine readable text</title>
				<author n="Cic.">M. Tullius Cicero</author>
				<editor role="editor" n="OCT">Albert Clark</editor>
				<sponsor>Perseus Project, Tufts University</sponsor>
				<principal>Gregory Crane</principal>
				<respStmt>
					<resp>Prepared under the supervision of</resp>
					<name>Bridget Almas</name>
					<name>Lisa Cerrato</name>
					<name>William Merrill</name>
					<name>David Mimno</name>
					<name>Rashmi Singhal</name>
					<name>David Smith</name>
				</respStmt>
				<funder n="org:NEH">National Endowment For The Humanities (NEH)</funder> 
			</titleStmt>
			<publicationStmt>
				<publisher>Trustees of Tufts University</publisher>
				<pubPlace>Medford, MA</pubPlace>
				<authority>Perseus Project</authority>
				<date type="release">1997-10-28</date>
			</publicationStmt> 

			<sourceDesc>
				<biblStruct>
					<monogr>
						<author>M. Tullius Cicero</author>
						<title>M. Tulli Ciceronis Orationes: Recognovit brevique adnotatione critica
							instruxit Albertus Curtis Clark</title>
						<editor role="editor">Albert Clark</editor>
						<imprint>
							<pubPlace>Oxonii</pubPlace>
							<publisher>e Typographeo Clarendoniano</publisher>
							<date>1909</date>
						</imprint>
					</monogr>
					<series>
						<title>Scriptorum Classicorum Bibliotheca Oxoniensis</title>
					</series>
				</biblStruct>
			</sourceDesc>
		</fileDesc>

		<encodingDesc>
			<refsDecl>
				<refState delim=" " unit="text"/>
				<refState unit="section"/>
			</refsDecl>
			<refsDecl>
				<refState delim=" " unit="text"/>
				<refState delim="." n="chunk" unit="chapter"/>
				<refState unit="section"/>
			</refsDecl>
		</encodingDesc>

		<profileDesc>
			<langUsage>
				<language ident="la">Latin </language>
				<language ident="greek">Greek </language>
			</langUsage>
		</profileDesc>

		<revisionDesc>
			<!--
      <change><date>3/26/97</date>
	<respStmt><name>DAS</name><resp>ed.</resp></respStmt>
	<item>
$Log: cic.oct6_lat.xml,v $
Revision 1.4  2013-09-13 11:21:41  balmas01
reverting texts back to pre_cts_reorg tagged version

Revision 1.2  2011-07-19 22:30:38  gcrane
removed the earlier persName/placeName tags

Revision 1.1  2011-01-15 23:14:26  gcrane
base SDL file

Revision 1.1  2009/10/09 19:49:14  rsingh04
more reorganizing of texts module by collection

Revision 1.4  2006/08/11 15:20:18  gcrane
small mods

Revision 1.3  2006/04/21 20:50:46  gcrane
these now have the app crit entered as notes

Revision 1.2  2005/08/01 15:59:20  packel
removed stray item tags

	Revision 1.1  2005/07/25 14:31:23  packel
	Converted to XML
	
Revision 1.10  2005/04/08 17:56:08  mimno
added default chunks

Revision 1.9  2003/07/01 22:14:59  yorkc
Updated texts to TEI P4 and Perseus P4 extensions; minor cleanup (esp. character encodings and typos.)

Revision 1.8  2002/12/02 18:41:46  amahoney
correct spelling of Quirites, improperly 'regularized'

Revision 1.7  2000/03/04 20:34:12  dasmith
Added separate funder entity to TEI header.

Revision 1.6  1999/10/14 21:36:03  dasmith
Added explanatory subtitles to titleStmt

Revision 1.5  1999/08/12 17:17:23  dasmith
Fixed refsDecl

Revision 1.4  1999/08/04 18:12:16  textgod
Random changes over a period of months.

Revision 1.3  1997/10/17 13:55:52  textgod
Added CVS log.

</item></change>
    <change><date>July 2014</date>
    <respStmt><name>Stella Dee</name><resp>ed.</resp></respStmt>
    <item>split composite text and converted to unicode</item>
      </change>-->
			<change when="2014-08-01" who="Stella Dee">edited markup</change>
		</revisionDesc>
	</teiHeader>
	<text xml:lang="la">
		<body>
			<head>PRO M. SCAVRO ORATIO</head>
			<milestone n="a" unit="section"/>
			<p><reg>maxime</reg> fuit optandum M. Scauro, iudices, ut nullo suscepto cuiusquam odio
				sine offensione ac molestia retineret, id quod praecipue semper studuit, generis,
				familiae, nominis dignitatem<note>maxime ... retineret <hi rend="italics"
						>August.</hi>: id quod ... dignitatem <hi rend="italics">Arusian.</hi>: <hi
						rend="italics">conexuit Beier</hi></note>. <milestone n="c" unit="section"
				/></p>
			<p><reg>subiit</reg><note>subit <foreign xml:lang="grc">S</foreign>: <hi rend="italics"
						>corr. Mai</hi></note> etiam populi iudicium inquirente<note>anquirente <hi
						rend="italics">Mommsen</hi></note> Cn. Domitio tribuno plebis. <milestone
					n="d" unit="section"/></p>
			<p><reg>reus</reg> est factus a Q. Servilio Caepione lege Servilia, cum iudicia penes
				equestrem ordinem essent et P. Rutilio damnato nemo tam innocens videretur ut non
					timeret<note>timeret <hi rend="italics">P</hi>: timere <hi rend="italics"
						>SM</hi></note> illa. <milestone n="e" unit="section"/></p>
			<p><reg>ab</reg> eodem etiam lege Varia custos ille rei publicae proditionis est in
				crimen vocatus<note>castos <foreign xml:lang="grc">S</foreign>: <hi rend="italics"
						>corr.</hi>
					<foreign xml:lang="grc">s</foreign></note>; vexatus a Q. Vario
					tribuno<note>r#l##ip. <foreign xml:lang="grc">S</foreign>: <hi rend="italics"
						>corr. ed. Iunt.</hi></note> plebis est. <milestone n="f" unit="section"
				/></p>
			<p><reg>non</reg> enim tantum admiratus sum ego illum virum, sicut omnes, sed etiam
				praecipue dilexi. <reg>primus</reg> enim me flagrantem studio laudis in spem
					impulit<note>intulit <hi rend="italics">S</hi> virtutem sine <foreign
						xml:lang="grc">S</foreign>: <hi rend="italics">corr. Mommsen</hi></note>
				posse virtute me sine praesidio fortunae, quo contendissem<note>contendisset <hi
						rend="italics">Manutius</hi></note>, labore et constantia pervenire.
					<milestone n="g" unit="section"/></p>
			<p><reg>et</reg> quoniam congesta fuit accusatio magis acervo quodam criminum, non
				distinctione aliqua generum et varietate. <milestone n="h" unit="section"/></p>
			<p>Bostarem igitur quendam dixit Norensem fugientem e Sardinia Scauri adventum <gap/>
				prius illum sepultum quam huic cenam esse sublatam. <milestone n="i" unit="section"
				/></p>
			<p><reg>si</reg> denique in illa bona invadere nullo modo potuisset nisi mortuo Bostare.
					<milestone n="k" unit="section"/></p>
			<p><reg>si</reg> me hercule, iudices, pro L. Tubulo dicerem, quem unum ex<note>ex <hi
						rend="italics">Lodoicus</hi>: et <foreign xml:lang="grc">S</foreign></note>
				omni memoria sceleratissimum et audacissimum<note>et audacissimum <hi rend="italics"
						>om. S</hi></note> fuisse accepimus, tamen non timerem, venenum hospiti aut
				convivae si diceretur cenanti ab illo datum cui neque heres neque iratus fuisset.
					<milestone n="m" unit="section"/></p>
			<p><reg>bona</reg> quam<note>.... quam <hi rend="italics">A</hi>: <hi rend="italics"
						>suppl. Beier</hi></note> quod habebat <add>ve</add>niret<note>veniret <hi
						rend="italics">Mai</hi>: .. niret <hi rend="italics">A</hi></note>.
					<reg>agedum</reg> ego defendi Scau<add>ru</add>m, Triari; defende tu matrem.
					<milestone n="n" unit="section"/></p>
			<p><reg>te</reg>
				<add>m</add>etue<add>r</add>e <add>n</add>e non<note>te . etue . e . non <hi
						rend="italics">A</hi>: <hi rend="italics">suppl. Beier</hi></note> solvendo
				fuisse, bona denique reus n<add>e r</add>e<add>tinere vol</add>uis<add>se
					q</add>u<add>ae</add> proscripta esse<add>nt</add>,
						nis<add>i</add><note><lemma>reus ... nisi</lemma>
					<hi rend="italics">suppl. Beier</hi></note>. <milestone n="o" unit="section"
				/></p>
			<p>Cum dare nollet Aris, clam ex Sardinia est fugere conatus. <milestone n="p"
					unit="section"/></p>
			<p><reg>redimunt</reg> se ea parte corporis, propter quam maxime expetuntur. <milestone
					n="1q" unit="section"/></p>
			<p><reg>sic</reg>, inquam, se, iudices, res habet; neque hoc a me novum disputatur, sed
				quaesitum ab aliis est. <milestone n="1r" unit="section"/></p>
			<p><add><reg>illa</reg></add><note>illa <hi rend="italics">suppl. Manutius</hi></note>
					audivimus<note>audivimus <hi rend="italics">S</hi>: audimus <hi rend="italics">P
						M</hi></note>, hoc vero meminimus ac paene vidimus, eiusdem stirpis et
				nominis P. Crassum ne in manus incideret inimicorum, se ipsum interemisse.
					<milestone n="2s" unit="section"/></p>
			<p><reg>ac</reg> neque illius Crassi factum superioris<note>factum neque super. <foreign
						xml:lang="grc">S</foreign>: <hi rend="italics">corr. Poggius</hi></note>
				isdem honoribus usus, qui fortissimus in bellis fuisset, M'. Aquilius<note>M'. <hi
						rend="italics">Manutius</hi>: M. <foreign xml:lang="grc">S</foreign></note>
				potuit imitari <gap/>
				<milestone n="2" unit="section"/></p>
			<p>-tis suae rerumque gestarum senectutis dedecore foedavit. <reg>quid</reg> vero?
				alterum Crassum temporibus isdem num<note>num <hi rend="italics">T</hi>: nam
						<foreign xml:lang="grc">S</foreign></note> aut<note>tis suae <hi
						rend="italics">T</hi>: sed memoriam iuventu- <hi rend="italics">post</hi>
					imitari <hi rend="italics">suppl. Beier</hi></note> clarissimi viri Iulii aut
				summo imperio<note>imperio <hi rend="italics">T</hi>: ingenio <hi rend="italics"
						>Asconius</hi></note> praeditus M. Antonius potuit imitari<note>Quid vero?
					... potuit imitari <hi rend="italics">hab. Asconius</hi> (<hi rend="italics"
						>p.</hi> 24. 21)</note>? <milestone n="3" unit="section"/><reg>quid</reg>?
				in omnibus monumentis Graeciae, quae sunt verbis ornatiora quam rebus, quis
				invenitur, cum ab Aiace fabulisque discesseris, qui tamen ipse </p>
			<p><reg>ignominiae</reg> dolore, ut ait poeta, victor insolens se </p>
			<p>victum non potuit pati, praeter Atheniensem Themistoclem, qui se ipse morte multavit?
					<milestone n="4" unit="section"/><reg>at</reg> Graeculi quidem multa fingunt,
				apud quos etiam Cleombrotum Ambraciotam<note>Theombrotum Ambrociotam <hi
						rend="italics">T</hi>: <hi rend="italics">corr. Peyron</hi></note> ferunt se
				ex altissimo praecipitasse muro, non quo<note>quo <hi rend="italics">T</hi>: quod
						<hi rend="italics">Peyron</hi></note> acerbitatis accepisset aliquid, sed,
				ut video scriptum apud Graecos, cum summi philosophi Platonis graviter et ornate
				scriptum librum de morte legisset, in quo, ut opinor, Socrates illo ipso die quo
				erat ei moriendum permulta disputat, hanc esse mortem quam nos vitam putaremus, cum
					corpore<note>corpori <hi rend="italics">T</hi>: <hi rend="italics">corr.
						Beier</hi></note> animus tamquam carcere saeptus teneretur, vitam autem esse
				eam cum idem animus vinclis corporis liberatus in eum se locum unde esset ortus
				rettulisset. <milestone n="5" unit="section"/><reg>num</reg> igitur ista tua Sarda
				Pythagoram aut Platonem norat aut legerat? qui tamen ipsi mortem ita laudant ut
				fugere vitam vetent atque id contra foedus fieri dicant legemque naturae. Aliam
				quidem causam mortis voluntariae nullam profecto iustam reperietis. <reg>atque</reg>
				hoc ille vidit; nam iecit<note>iecit <hi rend="italics">Beier</hi>: legit <hi
						rend="italics">T</hi></note> quodam loco vita illam mulierem spoliari quam
				pudicitia maluisse. <milestone n="6" unit="section"/><reg>sed</reg> refugit statim
				nec de pudicitia plura dixit veritus, credo, ne quem inridendi nobis daret et
				iocandi locum. <reg>constat</reg> enim illam cum<note>cum <hi rend="italics">sup.
						lin. hab. T</hi></note> deformitate summa fuisse, tum etiam senectute.
					<reg>qua</reg> re quae potest, quamvis salsa ista Sarda fuerit, ulla libidinis
				aut amoris esse suspicio? <milestone n="7" unit="section"/></p>
			<p><reg>ac</reg> ne existimes, Triari, quod adferam, in dicendo me fingere ipsum et non
				a reo causam cognoscere, explicabo tibi quae fuerint opiniones in Sardinia de istius
				mulieris morte—nam fuerunt duae—quo etiam facilius <gap/>
				<milestone n="8" unit="section"/></p>
			<p>
				<gap/> te dixi, libidinosam atque improbam matrem infami ac noto adulterio iam diu
				diligebat. <reg>is</reg> cum hanc suam uxorem anum et locupletem et molestam
				timeret, neque eam habere in matrimonio propter foeditatem neque dimittere propter
				dotem volebat. <reg>itaque</reg> compecto cum matre Bostaris consilium cepit ut
				uterque Romam veniret; ibi se aliquam rationem inventurum quem ad modum illam uxorem
				duceret co<add>nfir</add>mavit<note>co ... mavit <hi rend="italics">A</hi>: <hi
						rend="italics">suppl. Peyron</hi></note>. <milestone n="9" unit="section"
				/></p>
			<p><reg>hic</reg> opinio fuit, ut dixi, duplex, una non abhorrens a statu
					naturaque<note>statunatunaturaquae <hi rend="italics">A</hi>: <hi rend="italics"
						>corr. Peyron</hi></note> rerum, Arinis uxorem paelicatus dolore concitatam,
				cum audisset Arinem cum illa sua<note><lemma>sua</lemma> sua amica <hi
						rend="italics">Müller</hi> (<hi rend="italics">sea cf. Phil.</hi> ii.
					69)</note> metus et fugae simulatione Romam se contulisse, ut, cum antea
				consuetudo inter eos fuisset, tum etiam nuptiis iungerentur, arsisse dolore muliebri
				et mori quam id perpeti maluisse. <milestone n="10" unit="section"
					/><reg>altera</reg> non minus veri similis et, ut opinor, in Sardinia magis
				etiam credita, Arinem istum testem atque hospitem, Triari, tuum proficiscentem Romam
				negotium dedisse liberto ut illi aniculae non ille quidem vim adferret—neque enim
				erat rectum patronae—sed collum digitulis duobus oblideret, resticula cingeret, ut
				illa perisse suspendio putaretur. <milestone n="11" unit="section"/><reg>quae</reg>
				quidem suspicio valuit etiam plus ob hanc causam quod, cum agerent parentalia
				Norenses omnesque<note>omnesqui <hi rend="italics">A</hi>: <hi rend="italics">corr.
						Heinrich</hi></note> suo more ex oppido exissent, tum illa est a liberto
				suspendisse se dicta. <reg>discessus</reg> autem solitudo ei qui patronam suffocabat
				fuit quaerenda, illi quae volebat mori non fuit. <milestone n="12" unit="section"
					/><reg>confirmata</reg> vero suspicio est, quod anu mortua libertus statim
				tamquam opere confecto Romam est profectus, Aris autem, simul ac libertus de morte
				uxoris nuntiavit, continuo Romae matrem illam Bostaris duxit uxorem. <milestone
					n="13" unit="section"/></p>
			<p><reg>en</reg><note>en <hi rend="italics">Schütz</hi>: em (<hi rend="italics">ita
						mox</hi>) <hi rend="italics">A</hi>: hem <hi rend="italics">Mai</hi></note>
				quibus familiis quam foedis, quam contaminatis, quam turpibus datis<note>dedatis <hi
						rend="italics">Heinrich</hi></note> hanc familiam, iudices. <reg>en</reg>
				quibus testibus commoti, de quo<note>commoti. De quo <hi rend="italics"
					>Müller</hi></note> homine, de quo<note>de quo homine <hi rend="italics">del.
						Francken</hi></note> genere, de quo nomine<note><lemma>nomine</lemma> homine
						<hi rend="italics">Francken</hi></note> sententias feratis,
					obliviscendum<note>feratis, obliv. <hi rend="italics">Francken</hi>: feratis.
					Obliv. <hi rend="italics">priores</hi></note> vobis putatis? <reg>matrum</reg>
				in liberos, virorum in uxores scelera cernitis, crudelitate mixtas libidines videtis
				immanis; duorum maximorum criminum auctores, quibus criminibus haec tota apud
				ignaros aut invidos infamata<note>famata <hi rend="italics">A</hi>: <hi
						rend="italics">corr. Schüts</hi></note> causa est, omni facinore et flagitio
				deformatos habetis. <milestone n="14" unit="section"/></p>
			<p><reg>num</reg> igitur in his criminibus, iudices, residet<note>residet iam <hi
						rend="italics">Mai</hi>: resitetiam <hi rend="italics">A</hi>: resident
					etiam <hi rend="italics">Heinrich</hi></note> etiam aliqua suspicio? non
				perpurgata sunt, non refutata, non fracta? <reg>qui</reg> igitur id factum est?
					<reg>quia</reg> dedisti mihi, Triari, quod diluerem, in quo argumentarer, de quo
				disputarem; quia genus eius modi fuit criminum quod non totum penderet ex teste, sed
				quod ponderaret iudex ipse per sese<note>sese <hi rend="italics">scripsi</hi> (<hi
						rend="italics">clausulae gratia</hi>): se <hi rend="italics">A</hi></note>.
					<milestone n="15" unit="section"/><reg>neque</reg> vero, iudices, quicquam aliud
				in ignoto teste facere debemus nisi ut argumento, coniectura, suspicione rerum
				ipsarum vim naturamque quaeramus. <reg>etenim</reg> testis non modo <reg>afer</reg>
				aut Sardus sane, si ita se isti malunt nominari, sed quivis etiam elegantior ac
				religiosior impelli, deterreri, fingi, flecti potest; dominus est ipse voluntatis
				suae, in quo est impunita men<add>tien</add>di
					licen<add>t</add>i<add>a</add><note>men ... di licen. i. <hi rend="italics"
						>A</hi>: <hi rend="italics">suppl. Heinrich</hi></note>. <milestone n="16"
					unit="section"/><reg>argumentum</reg> vero, quod quidem est<note>quod quidem est
						<hi rend="italics">Heinrich</hi>: quoquedeest <hi rend="italics"
					>A</hi></note> proprium rei—neque enim ullum aliud argumentum vere vocari
						potest—rerum<note><lemma>rerum</lemma> quod rerum <hi rend="italics"
						>Kayser</hi></note> vox est, naturae vestigium, veritatis nota; id
				qualecumque est, maneat immutabile necesse est; non enim fingitur ab oratore, sed
				sumitur. <reg>qua</reg> re, in eo genere accusationis si vincerer, succumberem et
				cederem; vincerer enim<note>enim <hi rend="italics">Madvig</hi>: omni <hi
						rend="italics">A</hi></note> re, vincerer causa, vincerer veritate.
					<milestone n="17" unit="section"/><reg>agmen</reg> tu mihi inducas Sardorum et
				catervas et me non criminibus urgere, sed Afrorum fremitu terrere conere?
					<reg>non</reg> potero equidem disputare, sed ad horum fidem et mansuetudinem
					con<add>fug</add>ere, <add>a</add>d ius iu<add>randum iudicum, ad</add> populi
				Romani <add>aeq</add>uitatem<note>con ... re. dus. u ... PR ... uitatem <hi
						rend="italics">A</hi> (<hi rend="italics">Peyron</hi>): <hi rend="italics"
						>suppl. Beier</hi></note>, qui hanc familiam in hac urbe principem voluit
				esse, deorum immortalium numen implorare potero, qui semper exstiterunt huic generi
				nominique fautores. <milestone n="18" unit="section"/></p>
			<p>'<reg>poposcit</reg>, imperavit, eripuit, coegit.' <reg>si</reg> doces<note>docet <hi
						rend="italics">A</hi>: <hi rend="italics">corr. nescio quis apud
					Orelli</hi></note> tabulis, quoniam habet seriem quandam et ordinem contracti
				negoti confectio ipsa tabularum, attendam acriter et quid in defendendo mihi agendum
				sit videbo. <reg>si</reg> denique nitere testibus<note>nitere testibus <hi
						rend="italics">T</hi>: ... usn ... re <hi rend="italics">A</hi></note> non
				dico bonis viris ac probatis, noti sint modo, quem ad modum mihi cum quoque sit
					confligendum<note>sit conflig. <hi rend="italics">T</hi>: conflig. sit <hi
						rend="italics">A</hi></note> considerabo. <milestone n="19" unit="section"
					/><reg>sin</reg> unus color, una vox, una natio est omnium testium, si, quod ei
				dicunt, non modo nullis argumentis sed ne litterarum quidem aliquo genere aut
				publicarum aut privatarum, quod tamen ipsum fingi potest, confirmare conantur, quo
				me vertam, iudices, aut quid agam? Cum singulis disputem? quid? <reg>non</reg>
				habuisti quod dares. <reg>habuisse</reg> se<note><hi rend="italics">sqq. interpunxit
						Francken</hi></note> dicet. <reg>quis</reg> id sciet<note>scit <hi
						rend="italics">Beier</hi></note>, quis iudicabit<note>iudicabit <hi
						rend="italics">T</hi>: id iudicavit <hi rend="italics">A</hi>: indicavit <hi
						rend="italics">Beier</hi></note>? <reg>non</reg> fuisse causam.
					<reg>finget</reg> fuisse. <reg>qui</reg> refellemus? <reg>potuisse</reg> non
				dare, si<note>si <hi rend="italics">T</hi>: se <hi rend="italics">A</hi></note>
				noluisset. <reg>vi</reg> ereptum esse dicet. <reg>quae</reg> potest eloquentia
				disputando ignoti hominis impudentiam confutare? <milestone n="20" unit="section"
					/><reg>non</reg> agam igitur cum ista Sardorum conspiratione et cum expresso,
				coacto sollicitatoque periurio subtiliter neque<note>neque <hi rend="italics"
					>T</hi>: nec <hi rend="italics">A</hi> acuta quaedam et <hi rend="italics"
						>Kreyssig</hi> (<hi rend="italics">cf. de Orat.</hi> iii. 32)</note> acu
				quaedam enucleata argumenta conquiram, sed contra impetum istorum<note>istorum <hi
						rend="italics">T</hi>: istum illorum <hi rend="italics">A</hi></note> impetu
				ego nostro concurram atque confligam. <reg>non</reg> est unus mihi quisque<note>unus
					mihi quisque <hi rend="italics">T</hi>: unus quisque mihi <hi rend="italics"
						>A</hi></note> ex illorum acie protrahendus neque cum singulis decertandum
				atque pugnandum; tota est acies illa uno impetu prosternenda. <milestone n="21"
					unit="section"/></p>
			<p><reg>est</reg> enim unum maximum totius Sardiniae frumentarium crimen, de quo
				Triarius omnis Sardos interrogavit, quod genus uno<note>uno <hi rend="italics"
						>A</hi>: unum <hi rend="italics">T</hi></note> testimoni foedere et consensu
				omnium est confirmatum. <reg>quod</reg> ego crimen ante quam attingo, peto a vobis,
				iudices, ut me totius nostrae defensionis quasi quaedam fundamenta iacere<note>fund.
					iacere <hi rend="italics">T</hi>: iacere fund. <hi rend="italics">A</hi></note>
				patiamini. <reg>quae</reg> si erunt, ut mea ratio et cogitatio fert, posita et
				constituta, nullam accusationis partem pertimescam. <milestone n="22" unit="section"
					/><reg>dicam</reg> enim primum de ipso genere accusationis, postea de Sardis,
				tum etiam pauca de Scauro; quibus rebus explicatis tum denique ad hoc horribile et
					formidolosum<note>formidulosum <hi rend="italics">AT</hi></note> frumentarium
				crimen accedam. <milestone n="23" unit="section"/></p>
			<p><reg>quod</reg> est igitur hoc accusationis, Triari, genus, primum ut inquisitum non
				ieris? quae fuit ista tam ferox, tam explorata huius opprimendi fiducia?
					<reg>pueris</reg> nobis audisse videor L. Aelium<note>Laelium <hi rend="italics"
						>T</hi>: Vaelium <hi rend="italics">A</hi>: <hi rend="italics">corr.
						Peyron</hi></note>, libertinum hominem litteratum ac facetum<note>ac facetum
						<hi rend="italics">om. A</hi> Q. <hi rend="italics">A</hi>: TITIQ. <hi
						rend="italics">T</hi>: T. Quincti <hi rend="italics">Francken</hi></note>,
				cum ulcisceretur patroni iniurias, nomen Q. Muttonis, hominis sordidissimi,
				detulisse. A quo cum quaereretur<note>quaereretur <hi rend="italics">T</hi>:
					quaeretur <hi rend="italics">A</hi></note> quam provinciam aut quam diem testium
				postularet, horam sibi octavam, dum in foro bovario inquireret, postulavit.
					<milestone n="24" unit="section"/><reg>hoc</reg> tu idem tibi in M. Aemilio
				Scauro putasti esse faciendum? '<reg>delata</reg> enim,' inquit, 'causa ad
					me<note>ad me <hi rend="italics">A</hi>: <hi rend="italics">om. T</hi></note>
					Romam<note>Romae <hi rend="italics">AT</hi>: <hi rend="italics">corr.
						Francken</hi></note> est.' <reg>quid</reg>? ad me Siculi nonne
					Romam<note>Roman <hi rend="italics">T</hi>: Roma <hi rend="italics"
					>A</hi></note> causam Siciliae detulerunt? <reg>at</reg> qui<note>at qui <hi
						rend="italics">Madvig</hi>: atqui <hi rend="italics">Priores</hi></note>
				homines! <reg>prudentes</reg> natura, callidi usu, doctrina eruditi.
					<reg>tamen</reg> ego mihi provinciae causam in provincia ipsa<note>provinciam
					ipsam <hi rend="italics">AT</hi>: <hi rend="italics">corr. Mai</hi></note>
				cognoscendam et discendam<note>et discendam <hi rend="italics">T</hi>: <hi
						rend="italics">om. A</hi></note> putavi. <milestone n="25" unit="section"
					/><reg>an</reg> ego querelas<note>querellas <hi rend="italics">AT</hi> (<hi
						rend="italics">ita ubique</hi>)</note> atque iniurias aratorum non in
				segetibus ipsis arvisque cognoscerem? <reg>peragravi</reg>, inquam, Triari,
				durissima quidem hieme vallis Agrigentinorum atque collis. <reg>campus</reg> ille
				nobilissimus ac feracissimus ipse me causam paene docuit Leontinus. <reg>adii</reg>
				casas aratorum, a stiva ipsa homines mecum conloquebantur. <milestone n="26"
					unit="section"/><reg>itaque</reg> sic fuit illa expressa causa non ut audire ea
				quae dicebam, iudices, sed ut cernere et paene tangere viderentur. <reg>neque</reg>
				enim mihi probabile neque verum videbatur me, cum fidelissimae atque antiquissimae
				provinciae patrocinium recepissem, causam tamquam unius clientis in cubiculo meo
				discere. <milestone n="27" unit="section"/></p>
			<p><reg>ego</reg> nuper, cum Reatini, qui essent in fide mea, me suam publicam causam de
				Velini fluminibus et cuniculis<note>cunculis <hi rend="italics">T</hi>: <hi
						rend="italics">corr. Peyron</hi></note> apud hos consules agere voluissent,
				non existimavi me neque dignitati praefecturae gravissimae neque fidei meae satis
				esse facturum, nisi me causam illam non solum homines sed etiam locus ipse lacusque
				docuisset. <milestone n="28" unit="section"/><reg>neque</reg> tu aliter fecisses,
				Triari, si te id tui isti Sardi facere voluissent, hi qui te in Sardiniam minime
				venire voluerunt, ne longe aliter omnia atque erant ad te delata cognosceres, nullam
				multitudinis in Sardinia querelam, nullum in Scaurum<note>Scauro <hi rend="italics"
						>T</hi>: <hi rend="italics">corr. Orelli</hi></note> odium populi <gap/>
				<milestone n="29" unit="section"/></p>
			<p><add>anhe</add>litu<note>litu <hi rend="italics">A</hi>: <hi rend="italics">suppl.
						Beier</hi></note> Aetnam ardere dicunt, sic Verrem obruissem<note>obruissem
						<hi rend="italics">Heinrich</hi>: operuissem <hi rend="italics"
					>A</hi></note> Sicilia teste tota. <reg>tu</reg> vero comperendinasti
					uno<note>tu vero comp. uno <hi rend="italics">Beier</hi>: tuo comp. um <hi
						rend="italics">A</hi></note> teste producto. <reg>at</reg> quo teste, di
				immortales! <reg>non</reg> satis quod uno, non quod ignoto, non quod levi; etiamne
				Valerio teste primam actionem confecisti, qui patris tui beneficio civitate donatus
				gratiam tibi non inlustribus officiis, sed manifesto periurio rettulit? <milestone
					n="30" unit="section"/><reg>quod</reg> si te omen nominis vestri forte duxit,
				nos tamen id more maiorum, quia faustum putamus, non ad perniciem,
					verum<note>perniciem valere verum <hi rend="italics">Beier</hi></note> ad
				salutem interpretamur. <reg>sed</reg> omnis ista celeritas ac festinatio, quod
				inquisitionem, quod priorem actionem totam sustulisti, illud patefecit et
				inlustravit quod occultum tamen non erat, non esse hoc iudicium iudici, sed
				comitiorum consularium causa comparatum. <milestone n="31" unit="section"/></p>
			<p><reg>hic</reg> ego Appium Claudium, consulem fortissimum atque ornatissimum virum
				mecumque, ut spero, fideli in gratiam reditu firmoque coniunctum, nullo loco,
				iudices, vituperabo. <reg>fuerint</reg><note>fuerant <hi rend="italics">A</hi>: <hi
						rend="italics">corr. Francken</hi></note> enim eae partes aut eius quem id
				facere dolor et<note>dolor et <hi rend="italics">Mai</hi>: doleret <hi
						rend="italics">A</hi></note> suspicio sua coegit, aut eius qui has sibi
				partis depoposcit, quod aut non<note>non <hi rend="italics">A</hi>: <hi
						rend="italics">om. T</hi></note> animadvertebat quem violaret, aut facilem
				sibi fore in gratiam reditum<note>in gratiam red. <hi rend="italics">A</hi>: red. in
					gratia <hi rend="italics">T</hi></note> arbitrabatur; <milestone n="32"
					unit="section"/>ego tantum dicam quod et causae satis et in illum minime durum
				aut asperum possit esse. <reg>quid</reg> enim habet turpitudinis Appium Claudium M.
				Scauro esse inimicum? <reg>quid</reg>? avus<note>avos <hi rend="italics"
					>AT</hi></note> eius<note>eius <hi rend="italics">T</hi>: <hi rend="italics">om.
						A</hi></note> P. Africano non fuit, quid? mihi ipsi idem iste, quid? ego
				illi? <reg>quae</reg> inimicitiae dolorem utrique nostrum fortasse aliquando,
				dedecus vero certe numquam attulerunt. <milestone n="33" unit="section"
					/><reg>successori</reg><note>successum <hi rend="italics">A</hi></note> decessor
				invidit, voluit<note>voluit <hi rend="italics">T</hi>: et voluit <hi rend="italics"
						>A</hi></note> eum quam maxime offensum quo magis ipsius memoria
					excelleret<note>memoria excelleret <hi rend="italics">T</hi>: memoriam
					lacesseret <hi rend="italics">A</hi></note>; res non modo non abhorrens a
				consuetudine sed usitata etiam et valde pervagata<note>etiam et valde pervagata <hi
						rend="italics">T</hi>: etiam num et vulgata <hi rend="italics"
				>A</hi></note>. <reg>neque</reg> vero tam<note>tam <hi rend="italics">A</hi>: tamen
						<hi rend="italics">T</hi>: <hi rend="italics">om. Ascon.</hi></note> haec
				ipsa cotidiana res Appium Claudium illa humanitate et sapientia praeditum per se
				ipsa movisset, nisi hunc C. Claudi<note>C.: <hi rend="italics">om.
					Ascon.</hi></note>, fratris sui, competitorem fore putasset. <milestone n="34"
					unit="section"/><reg>qui</reg> sive patricius sive plebeius
					esset—nondum<note>nondum <hi rend="italics">T, Ascon.</hi>: non <hi
						rend="italics">A</hi></note> enim certum constituerat<note>constitutum erat
						<hi rend="italics">Ascon.</hi></note>—cum hoc<note><lemma>hoc</lemma> illo
						<hi rend="italics">Ascon.</hi></note> sibi<note>sibi <hi rend="italics">T,
						Ascon.</hi>: sibi certum <hi rend="italics">A</hi></note> contentionem fore
					putabat<note>neque vero ... putabat <hi rend="italics">hab. Asconius</hi> 'CIRCA
					MEDIVM'</note>, Appius autem hoc maiorem etiam quod illum in pontificatus
				petitione, in saliatu, in ceteris meminerat fuisse patricium. <reg>quam</reg> ob rem
				se consule neque repelli fratrem volebat neque, iste<note>iste <hi rend="italics"
						>Müller</hi>: ipse <hi rend="italics">T</hi>: <hi rend="italics">om.
					A</hi></note> si patricius esset, parem Scauro fore videbat, nisi hunc aliquo
				aut metu aut infamia perculisset. <milestone n="35" unit="section"/><reg>ego</reg>
				id fratri in honore fratris amplissimo non concedendum putem, praesertim
					qui<note>qui <hi rend="italics">A</hi>: qum <hi rend="italics">T</hi></note>
				quid amor fraternus valeat paene praeter ceteros sentiam? <reg>at</reg> enim frater
				iam non petit. <reg>quid</reg> tum? <reg>si</reg> ille retentus a cuncta Asia
				supplice, si a negotiatoribus, si a publicanis, si ab omnibus sociis, civibus
				exoratus anteposuit honori suo commoda salutemque provinciae, propterea putas
					semel<note>putas semel <hi rend="italics">A</hi>: putassentvel (<hi
						rend="italics">Peyron</hi>) <hi rend="italics">T</hi></note> exulceratum
				animum tam facile potuisse sanari? <milestone n="36" unit="section"
					/><reg>quamquam</reg> in istis omnibus rebus, praesertim apud homines barbaros,
				opinio plus valet saepe quam res ipsa. <reg>persuasum</reg> est Sardis se nihil
				Appio gratius esse facturos quam si de Scauri fama detraxerint; multorum etiam spe
				commodorum praemiorumque ducuntur; omnia consulem putant posse, praesertim ultro
				pollicentem. <reg>de</reg> quo plura iam non dicam. <milestone n="37" unit="section"
					/><reg>quamquam</reg> ea quae dixi non secus dixi quam si eius frater essem, non
				is qui et est et qui<note><lemma>et qui</lemma> et inique <hi rend="italics"
						>Francken</hi>: <hi rend="italics">fort. excidit</hi> parum fraterne</note>
				multa dixit, sed is qui ego esse in meum consuevi. <reg>generi</reg> igitur
					toti<note>toti <hi rend="italics">Müller</hi>: totius <hi rend="italics"
					>A</hi></note> accusationis resistere, iudices, debetis, in quo nihil more,
				nihil modo<note>nihil modo <hi rend="italics">Niebuhr</hi>: nihil mode <hi
						rend="italics">A</hi>: <hi rend="italics">del. Francken</hi></note>, nihil
				considerate, nihil integre, contra improbe, turbide, festinanter,
						rapide<note><lemma>rapide</lemma> cupide <hi rend="italics"
					>Beier</hi></note> omnia<note>omnia, omnia <hi rend="italics">Cramer</hi></note>
				conspiratione, imperio, auctoritate, spe, minis videtis esse suscepta. <milestone
					n="38" unit="section"/></p>
			<p><reg>venio</reg> nunc ad testis, in quibus docebo non modo nullam fidem et
				auctoritatem sed ne speciem quidem esse aut imaginem testium. <reg>etenim</reg>
				fidem primum ipsa tollit consensio, quae patefacta est compromisso Sardorum et
				coniuratione recitata; deinde illa cupiditas quae suscepta est spe et
					pr<add>omissione</add><note>promissione <hi rend="italics">Mai</hi>: pr ... <hi
						rend="italics">A</hi></note> praemiorum; postremo ipsa natio, cuius tanta
				vanitas est ut libertatem a servitute nulla re alia nisi mentiendi licentia
				distinguendam putent. <milestone n="39" unit="section"/><reg>neque</reg>
						ego<note><lemma>ego</lemma> aio <hi rend="italics">Heinrich</hi></note>
				Sardorum querelis moveri nos numquam <add>dico</add><note>dico <hi rend="italics"
						>suppl. Beier</hi> (<hi rend="italics">fort.</hi> neque nego ... nos non
					numquam)</note> oportere. <reg>non</reg> sum aut tam inhumanus aut tam alienus a
				Sardis, praesertim cum frater meus nuper ab eis<note>iis <hi rend="italics"
						>Müller</hi>: his <hi rend="italics">A</hi></note> decesserit, cum rei
					<add>fr</add>u<add>mentariae</add><note>frumentariae <hi rend="italics"
					>Mai</hi>: .. u ... <hi rend="italics">A</hi></note> Cn. Pompei missu
				praefuisset, qui et ipse illis pro sua fide et humanitate consuluit et eis vicissim
				percarus et iucundus fuit. <milestone n="40" unit="section"/><reg>pateat</reg> vero
				hoc perfugium dolori, pateat iustis querelis, coniurationi<note>coniuratiovi <hi
						rend="italics">A</hi>: <hi rend="italics">corr. Beier</hi></note> via
				intercludatur, obsaepiatur<note>obsaepiatur <hi rend="italics">Peyron</hi>:
					obsidiatur <hi rend="italics">A</hi></note> insidiis, neque hoc in Sardis magis
				quam in Gallis, in Afris, in Hispanis. <reg>damnatus</reg> est T. Albucius<note>T.
						<hi rend="italics">Beier</hi>: L. <hi rend="italics">A</hi></note>, C.
						Megaboccus<note><lemma>C.</lemma> et C. <hi rend="italics"
					>Mai</hi></note><note>Megabocchus <hi rend="italics">Heinrich, cf. Att.</hi> ii.
					7. 3 (<foreign xml:lang="grc">Mega/bakxon</foreign>
					<hi rend="italics">quendam nominat Plutarch. Crass.</hi> 25)</note> ex Sardinia
				non nullis etiam laudantibus Sardis. <reg>ita</reg> fidem maiorem varietas ipsa
				faciebat. <reg>testibus</reg> enim aequis, tabulis incorruptis tenebantur.
					<milestone n="41" unit="section"/><reg>nunc</reg> est una vox, una mens non
				expressa dolore, sed simulata, neque huius iniuriis, sed promissis aliorum et
				praemiis excitata. <reg>at</reg> creditum est aliquando Sardis. <reg>et</reg>
				fortasse credetur aliquando, si integri venerint, si incorrupti, si sua sponte, si
				non alicuius impulsu, si soluti, si liberi. <reg>quae</reg> si erunt,
						tamen<note><lemma>tamen</lemma> tum <hi rend="italics">Heinrich</hi></note>
				sibi credi gaudeant et mirentur. Cum vero omnia absint, tamen se non respicient, non
				gentis suae famam perhorrescent? <milestone n="42" unit="section"/></p>
			<p><reg>fallacissimum</reg> genus esse Phoenicum omnia monumenta vetustatis atque omnes
				historiae nobis prodiderunt. <reg>ab</reg> his orti Poeni multis
					Carthaginiensium<note>Carthaginiensium <hi rend="italics">del.
					Müller</hi></note> rebellionibus, multis violatis fractisque foederibus nihil se
				degenerasse docuerunt. A Poenis admixto Afrorum genere Sardi non deducti in
				Sardiniam atque ibi constituti, sed amandati<note>amendati <hi rend="italics"
					>A</hi>: <hi rend="italics">corr. Mai</hi></note> et repudiati coloni.
					<milestone n="43" unit="section"/><reg>qua</reg> re cum integri nihil fuerit in
				hac gente <add>pestilentiae</add><note>pestilentiae <hi rend="italics"
					>supplevi</hi></note> plena<note><lemma>plena</lemma> pura <hi rend="italics"
						>Heinrich</hi>: Poena <hi rend="italics">Francken</hi></note>, quam valde
				eam putamus tot transfusionibus coacuisse? <reg>hic</reg> mihi ignoscet Cn. Domitius
				Sincaius, vir ornatissimus, hospes et familiaris meus, ignoscent denique
					omnes<note>denique omnes <hi rend="italics">Beier</hi>: d ... ones <hi
						rend="italics">A</hi></note> ab eodem Cn. Pompeio civitate donati, quorum
				tamen omnium laudatione utimur, ignoscent alii viri boni ex Sardinia; credo enim
				esse quosdam. <milestone n="44" unit="section"/><reg>neque</reg> ego, cum de vitiis
				gentis loquor, neminem excipio; sed a me<note>sed a me <hi rend="italics">Mai</hi>:
					sedamen <hi rend="italics">A</hi></note> est de universo genere dicendum, in quo
				fortasse aliqui suis moribus et humanitate stirpis ipsius et gentis vitia vicerunt.
					<reg>magnam</reg> quidem esse partem sine fide, sine societate et coniunctione
				nominis nostri res ipsa declarat. <reg>quae</reg> est enim praeter Sardiniam
				provincia quae nullam habeat amicam populo Romano ac liberam civitatem? <milestone
					n="45a" unit="section"/>Africa ipsa parens illa Sardiniae, quae plurima et
				acerbissima cum maioribus nostris bella gessit, non solum fidelissimis regnis sed
				etiam in ipsa provincia se a societate Punicorum bellorum Vtica teste defendit.
				Hispania ulterior Scipionum int<add>eritu</add><note>interitu <hi rend="italics"
						>Beier</hi>: int <hi rend="italics">A</hi></note>. <milestone n="45b"
					unit="section"/></p>
			<p><reg>copiis</reg> inops, gente fallax. <milestone n="45c" unit="section"/></p>
			<p><reg>inventi</reg> sunt qui etiam fratres populi Romani vocarentur. <milestone
					n="45d" unit="section"/></p>
			<p><reg>hoc</reg> nomine audito quod per omnis gentis pervagatum est. <milestone n="45f"
					unit="section"/></p>
			<p><reg>nam</reg> cum ex multis unus ei restaret Dolabella paternus inimicus, qui cum Q.
				Caepione propinquo suo contra Scaurum patrem suum<note>suum <hi rend="italics">del.
						Halm</hi></note> subsignaverat<note>obsignaverat <foreign xml:lang="grc"
						>S</foreign>: <hi rend="italics">corr. Mommsen</hi></note>, eas<note>eas <hi
						rend="italics">Kreyssig</hi>: ceteras (steteras <hi rend="italics">PM</hi>)
					eas <foreign xml:lang="grc">S</foreign> (ceteras <hi rend="italics">ex</hi> et
					cetera <hi rend="italics">geminatum</hi>)</note> sibi<note>sibi <hi
						rend="italics">om. S</hi></note> inimicitias non susceptas sed
					relictas<note>relicatas <hi rend="italics">Beier</hi>: relatas <foreign
						xml:lang="grc">S</foreign></note>. <milestone n="45g" unit="section"/></p>
			<p><reg>quae</reg>, malum, est ista ratio? <milestone n="45h" unit="section"/></p>
			<p><reg>quem</reg> purpura regalis non commovit, eum Sardorum mastruca mutavit?
					<milestone n="45k" unit="section"/></p>
			<p><reg>praesertim</reg> cum propinquitas et celebritas loci suspicionem desidiae tollat
				aut cupiditatis. <milestone n="45l" unit="section"/></p>
			<p><reg>ego</reg> porro, qui Albanas habeo columnas, clitellis eas adportavi. <milestone
					n="45m" unit="section"/></p>
			<p><reg>domus</reg> tibi deerat? <reg>at</reg> habebas. <reg>pecunia</reg> superabat?
					<reg>at</reg> egebas. <reg>incurristi</reg> amens in columnas, in alienos
				insanus insanisti, depressam, caecam, iacentem domum pluris quam te et fortunas tuas
				aestimasti. <milestone n="45n" unit="section"/></p>
			<p><reg>haec</reg> cum tu effugere<note>effugere <hi rend="italics">P</hi>: effigere <hi
						rend="italics">SM</hi></note> non potuisses, contendes tamen et
					postulabis<note>postulas <hi rend="italics">S</hi></note> ut M. Aemilius cum sua
				dignitate omni, cum patris memoria, cum avi gloria, sordidissimae, vanissimae,
					levissimae<note>levissimae <hi rend="italics">hoc loco hab. S, ante</hi> vaniss.
						<hi rend="italics">P</hi>: <hi rend="italics">om. M</hi></note> genti ac
				prope dicam pellitis testibus condonetur? <milestone n="46" unit="section"/></p>
			<p>Vndique mihi suppeditat quod pro M. Scauro dicam, quocumque non modo mens verum etiam
				oculi inciderunt<note>inciderint <foreign xml:lang="grc">S</foreign>: <hi
						rend="italics">corr. Halm</hi></note>. Curia illa vos de gravissimo
				principatu patris fortissimoque testatur, L. ipse Metellus, avus huius, sanctissimos
				deos illo constituisse templo<note>in templo <hi rend="italics">P</hi></note>
				videtur in vestro conspectu, iudices, ut salutem a vobis nepotis sui
					deprecarentur<note>deprecarentur <hi rend="italics">TS</hi>: deprecaretur <hi
						rend="italics">PM</hi></note>, quod ipsi saepe multis laborantibus atque
				implorantibus ope sua<note>opem suam <hi rend="italics">Beier</hi></note>
				subvenissent. Capitolium illud templis tribus inlustratum, <milestone n="47"
					unit="section"/>paternis atque etiam huius amplissimis donis ornati aditus Iovis
				optimi maximi, Iunonis Reginae, Minervae M. Scaurum apud <gap/> illius L. <milestone
					n="48" unit="section"/>Metelli, pontificis maximi, qui, cum templum illud
				arderet, in medios se iniecit ignis et eripuit flamma Palladium illud quod quasi
				pignus nostrae salutis atque imperi custodiis<note>custodis <hi rend="italics"
						>T</hi>: <hi rend="italics">corr. Beier</hi></note> Vestae continetur.
					<reg>qui</reg> utinam posset parumper exsistere! <reg>eriperet</reg> ex hac
				flamma stirpem profecto suam, qui eripuisset ex illo incendio di <gap/>
				<milestone n="49" unit="section"/>
				<gap/> tum. <reg>te</reg> vero, M. Scaure, equidem video, video<note>vidivideo <hi
						rend="italics">T</hi>: <hi rend="italics">corr. Beier</hi></note>, inquam,
				non cogito solum, nec vero sine magno animi maerore ac dolore, cum tui fili
				squalorem aspexi, de te recordor. <reg>atque</reg> utinam, sicut mihi tota in hac
				causa versatus ante oculos <add>es</add><note>es <hi rend="italics">suppl.
						Beier</hi></note>, sic nunc horum te offeras mentibus et in horum animis
				adhaerescas! <reg>species</reg> me dius <gap/> etiam si forte non nosset, tamen
				principem civitatis esse diceret. <milestone n="50" unit="section"/></p>
			<p><reg>quo</reg> te nunc modo appellem? ut hominem? <reg>at</reg> non es inter nos. Vt
				mortuum? <reg>at</reg> vivis et viges, at in omnium animis atque ore versaris, atque
				divinus animus mortale nihil habuit, neque tuorum quicquam potuit emori praeter
				corpus. <reg>quocumque</reg> igitur te mo<add>do</add><note>modo <hi rend="italics"
						>Beier</hi>: mo <hi rend="italics">T</hi></note>
				<gap/>
				<milestone n="51" unit="section"/></p>
			<p>Vniverse </p>
		</body>
	</text>

</TEI>
